,job384_scenario0_742,
in27,0.1371653786967555,
B14,0.1968698752300131,
B11,0.14453400405408712,
cn12,0.0,
B54,0.3069827843206865,
B51,0.2887410267780027,
os4,0.1869736639189472,
