,job83_scenario3_159,job96_scenario1_180,
in27,0.468862503884806,0.22884426308132721,
B14,0.9875332929918037,0.5573050966070376,
B11,0.3488533834830666,0.0,
cn12,0.3034285365145519,0.19727773540181948,
B54,0.5573050966070376,0.5573050966070376,
B51,0.6071133818292292,0.5888716242865455,
os4,0.8675241725900643,0.5888716242865455,
