,job401_scenario4_787,job402_scenario4_793,
in27,0.2786525483035188,0.038634307500040044,
B14,0.19020995558128723,0.34885338348306666,
B11,0.22884426308132724,0.2786525483035188,
cn12,0.0,0.13195430903317928,
B54,0.19020995558128723,0.19020995558128723,
B51,0.46886250388480605,0.2786525483035188,
os4,0.024775988211033106,0.05369915824217836,
