,job325_scenario2_607,
in27,0.3906073530938051,
B14,0.22884426308132721,
B11,0.09688995404814793,
cn12,0.29598065431772014,
B54,0.0,
B51,0.31523787848318496,
os4,0.8057706987364328,
