,job164_scenario3_312,job167_scenario2_316,job168_scenario1_317,
in27,0.5888716242865455,0.34885338348306666,0.3719725498366582,
B14,0.4484699539274498,0.4137265194473966,0.4484699539274498,
B11,0.4919816702383975,0.3719725498366582,0.39866166870525827,
cn12,0.4484699539274498,0.34885338348306666,0.34885338348306666,
B54,0.0,0.31021907598302656,0.31021907598302656,
B51,0.638679909508737,0.430228196384766,0.430228196384766,
os4,0.638679909508737,0.4919816702383975,0.39866166870525827,
