,job215_scenario3_398,
in27,0.45691731525336615,
B14,0.4071090300311746,
B11,0.4071090300311746,
cn12,0.2484656021293951,
B54,0.00844736132591628,
B51,0.0,
os4,0.4071090300311746,
