,job101_scenario3_195,
in27,0.25508309154561715,
B14,0.011173977722151562,
B11,0.1129413405812072,
cn12,0.21332912193487874,
B54,0.0,
B51,0.04980828522219172,
os4,0.24001824080347883,
