,job1029_scenario0_3071,
in27,0.2303970677756133,
B14,0.3369081948516267,
B11,0.32846083352571054,
cn12,0.17826476694984728,
B54,0.0,
B51,0.4404156383159967,
os4,0.38671648007381837,
