,job151_scenario2_293,
in27,0.011173977722151562,
B14,0.2898265260256704,
B11,0.011173977722151562,
cn12,0.0,
B54,0.2898265260256704,
B51,0.06487313596432992,
os4,0.14312828675533085,
