,job322_scenario0_603,job324_scenario3_606,
in27,0.41785603697500084,0.5856947174859998,
B14,0.33798025129771425,0.6408307019234092,
B11,0.0,0.4506207463421221,
cn12,0.3235438461198503,0.5319955592438215,
B54,0.5208215815216699,0.620438151966053,
B51,0.6906389871456009,0.6639498682770006,
os4,0.5208215815216699,0.8106481075473402,
