,job155_scenario1_301,
in27,0.0,
B14,0.49389480089596455,
B11,0.20406827487029416,
cn12,0.1569866060443379,
B54,0.32407739527203355,
B51,0.21524225259244573,
os4,0.32407739527203355,
