,job308_scenario1_578,job310_scenario1_580,
in27,0.0,0.12937013325613822,
B14,0.3195800888374255,0.2928909699688253,
B11,0.2311374961151938,0.43958920923916484,
cn12,0.12000912040173939,0.07956184803394661,
B54,0.07956184803394672,0.07956184803394672,
B51,0.19957096843568606,0.2928909699688253,
os4,0.21463581917782437,0.26977180361523384,
