,job809_scenario0_1906,
in27,0.1869736639189472,
B14,0.16873190637626323,
B11,0.10440066932963432,
cn12,0.0,
B54,0.243316179809488,
B51,0.06696454351720782,
os4,0.028330236017167665,
