,job819_scenario3_1942,job820_scenario0_1943,
in27,0.47014027029589167,0.3600273612052183,
B14,0.5136519866068394,0.3600273612052183,
B11,0.5403411054754396,0.32344203102555225,
cn12,0.45189851275320786,0.17324596444968898,
B54,0.15362462540162114,0.0,
B51,0.6105419406549873,0.3600273612052183,
os4,0.5403411054754396,0.4064736657846932,
