,job231_scenario2_427,job234_scenario3_432,
in27,0.47014027029589167,0.5136519866068394,
B14,0.660350225877179,0.6105419406549873,
B11,0.34077013703975345,0.5719076331549473,
cn12,0.39364286620510003,0.4203319850737001,
B54,0.5136519866068394,0.5403411054754396,
B51,0.0,0.3003228646719608,
os4,0.4905328202532479,0.27363374580336053,
