,job431_scenario2_842,
in27,0.0,
B14,0.5004290315643138,
B11,0.3349950641940597,
cn12,0.26041079076083495,
B54,0.26041079076083495,
B51,0.3349950641940597,
os4,0.6590724594660933,
