,job345_scenario2_650,job346_scenario3_652,job347_scenario0_653,
in27,0.2637727714035516,0.4440865156737729,0.18367572491293782,
B14,0.4440865156737729,0.4756530433532806,0.23563480254980174,
B11,0.3102190759830265,0.7543055916567994,0.21143690022762562,
cn12,0.21143690022762562,0.373885680494225,0.07356281582226443,
B54,0.08405915446855461,0.10717832082214607,0.0,
B51,0.22718744122388557,0.5640956360755123,0.3556439229515412,
os4,0.3942782304515812,0.4756530433532806,0.22718744122388557,
