,job83_scenario3_159,job86_scenario1_162,
in27,0.24001824080347878,0.0,
B14,0.4596439316496014,0.339634811247862,
B11,0.7200547224104364,0.42490049716954814,
cn12,0.3959773271384029,0.3213930537051781,
B54,0.600045602008697,0.7200547224104364,
B51,0.339634811247862,0.27596820673666345,
os4,0.600045602008697,0.4098356464274098,
