,job60_scenario3_118,job61_scenario0_119,
in27,0.538713214449858,0.3769501244373801,
B14,0.11112837571345446,0.0,
B11,0.4969592448391195,0.29099874826157246,
cn12,0.6436574841094591,0.2569410040356406,
B54,0.7636666045111984,0.47384007848552806,
B51,0.8338674396907463,0.5097900444187127,
os4,0.7636666045111984,0.4633437398392378,
