,job638_scenario4_1344,job639_scenario0_1348,job640_scenario0_1350,
in27,0.3369081948516269,0.08639361540185786,0.15406686462767127,
B14,0.2817722104142174,0.1782647669498474,0.20640273580359725,
B11,0.29827388735158683,0.13963045944980745,0.16981740562393122,
cn12,0.2817722104142174,0.006296568911244083,0.0,
B54,0.31651564489427064,0.2667073596720791,0.240018240803479,
B51,0.29827388735158683,0.29827388735158683,0.22807305217203905,
os4,0.5067256004755578,0.2667073596720791,0.21689907444988749,
