,job98_scenario0_185,
in27,0.4491345864628803,
B14,0.5443677186535867,
B11,0.0,
cn12,0.33591600552961554,
B54,0.5443677186535867,
B51,0.49455943343139497,
os4,0.09763784533145115,
