,job348_scenario4_658,job353_scenario1_664,
in27,0.4151633456426277,0.29515422524088825,
B14,0.3182733915944797,0.3449625104630799,
B11,0.22495339006134046,0.24001824080347878,
cn12,0.21109507077233353,0.11231289501693265,
B54,0.5351724660443671,0.4151633456426277,
B51,0.29515422524088825,0.0,
os4,0.10494426965960113,0.01650167693736937,
