,job14_scenario2_33,job19_scenario2_43,
in27,0.09332000153313935,0.19020995558128723,
B14,0.2715847684829866,0.5502373167865054,
B11,0.01506485074213837,0.19020995558128723,
cn12,0.007368625357331626,0.0,
B54,0.2715847684829866,0.15157564808124718,
B51,0.0597044965332576,0.09332000153313935,
os4,0.5502373167865054,0.21332912193487868,
