,job361_scenario2_677,
in27,0.29904509826087505,
B14,0.5390633390643539,
B11,0.32216426461446657,
cn12,0.3102190759830266,
B54,0.363918234225205,
B51,0.0,
os4,0.5888716242865455,
