,job234_scenario3_432,job235_scenario2_435,
in27,0.38583086912566494,0.27865254830351877,
B14,0.48272082317381293,0.38583086912566494,
B11,0.4440865156737729,0.32407739527203344,
cn12,0.2925108675925257,0.17987037254811789,
B54,0.41251998799426515,0.34231915281471725,
B51,0.25387656009248566,0.0,
os4,0.38583086912566494,0.4440865156737729,
