,job56_scenario1_108,job58_scenario3_111,
in27,0.1119548047902863,0.28709990962943516,
B14,0.3369081948516267,0.3804199111625744,
B11,0.4071090300311746,0.4773098652107224,
cn12,0.16002300940716352,0.2732415903404282,
B54,0.0,0.07020083517954778,
B51,0.3804199111625744,0.7173281060142012,
os4,0.1172825040055041,0.047081668825956324,
