,job350_scenario1_654,job351_scenario3_655,job352_scenario1_656,job353_scenario1_657,
in27,0.04175396961073852,0.14669823927033943,0.058255646548107776,0.0,
B14,0.4639850950738984,0.3439759746721589,0.31728685580355875,0.31728685580355875,
B11,0.42535078757385825,0.5839942154756377,0.443592545116542,0.4088491106364889,
cn12,0.47904994581603666,0.6155607431551455,0.4713537204312299,0.47904994581603666,
B54,0.3404060221571502,0.3986616687052581,0.5573050966070376,0.3404060221571502,
