,job183_scenario1_324,job186_scenario0_333,job191_scenario0_342,job192_scenario0_343,job193_scenario0_345,job194_scenario2_346,job195_scenario3_348,job196_scenario1_350,
in27,0.426991904722426,0.2999150045001542,0.2865902343633302,0.28029366545208634,0.28029366545208634,0.37718361950023427,0.5470010251241654,0.426991904722426,
B14,0.7372109807054525,0.5673935750815216,0.5470010251241654,0.5568972364352313,0.5673935750815216,0.7372109807054525,0.9274209362867397,0.8572201011071918,
B11,0.38835759722238583,0.1918510727298547,0.2501067192779626,0.22590881695578635,0.2336050423405932,0.3246909927111874,0.5785675528036731,0.3536141627423326,
cn12,0.1869736639189471,0.0,0.0,0.0066599196487258094,0.003297939006009276,0.23048538022989473,0.32737533427804266,0.15223022943889386,
B54,0.7687775083849603,0.590512741435113,0.590512741435113,0.617201860303713,0.590512741435113,0.7372109807054525,0.7372109807054525,0.7372109807054525,
