,job615_scenario3_1247,
in27,0.24001824080347867,
B14,0.0,
B11,0.16352083671268697,
cn12,0.24001824080347867,
B54,0.24001824080347867,
