,job351_scenario3_655,job355_scenario1_662,job359_scenario1_670,job360_scenario1_674,job361_scenario3_675,job362_scenario0_676,
in27,0.4038727383688345,0.2700052986780882,0.2571744990984949,0.31543014564660277,0.4038727383688345,0.16385449756535564,
B14,0.7140918143518611,0.6438909791723132,0.7140918143518611,0.7456583420313688,0.6642835291296694,0.5442744087279301,
B11,0.7842926495314089,0.6642835291296694,0.5940826939501216,0.60914754469226,0.9043017699331483,0.4814421989057138,
cn12,0.2887410267780026,0.1869736639189471,0.1371653786967555,0.17761265106454815,0.27223934984063325,0.0,
B54,0.7456583420313688,0.6642835291296694,0.6874026954832608,0.7842926495314089,0.7140918143518611,0.5802243746611147,
