,job433_scenario3_836,job434_scenario3_838,
in27,0.4440865156737729,0.4440865156737729,
B14,0.07020083517954767,0.0,
B11,0.5640956360755123,0.4756530433532806,
cn12,0.16543396737025395,0.028923170031145196,
B54,0.5142873508533207,0.5640956360755123,
