,job351_scenario3_655,job355_scenario1_662,job359_scenario1_670,job360_scenario1_674,job361_scenario3_675,
in27,0.26313740715707024,0.12926996746632402,0.1164391678867307,0.17469481443483859,0.26313740715707024,
B14,0.600045602008697,0.5298447668291492,0.600045602008697,0.6316121296882048,0.5502373167865053,
B11,0.5502373167865053,0.430228196384766,0.3600273612052183,0.37509221194735654,0.6702464371882448,
cn12,0.15157564808124713,0.049808285222191606,0.0,0.040447272367792664,0.13507397114387776,
B54,0.6316121296882048,0.5502373167865053,0.5733564831400968,0.6702464371882448,0.600045602008697,
