,job430_scenario2_830,job431_scenario4_831,
in27,0.1842046172902081,0.21894805177026133,
B14,0.8393862037363146,0.5789754129754795,
B11,0.5442319784954263,0.8393862037363146,
cn12,0.0,0.03361550499988175,
B54,0.2891488869498091,0.2393406017276175,
