,job329_scenario0_610,job340_scenario3_632,job341_scenario0_634,job346_scenario4_642,job347_scenario0_646,job348_scenario1_648,
in27,0.4846784905680539,0.7875289411937489,0.4569173152533661,0.6288855132919695,0.4773098652107223,0.5706298667438616,
B14,0.4071090300311746,0.7173281060142012,0.38041991116257434,0.5973189856124617,0.46345154592171534,0.5706298667438616,
B11,0.3646693701663145,0.6675198207920094,0.38041991116257434,0.5973189856124617,0.3646693701663145,0.5706298667438616,
cn12,0.016822597442347487,0.26041079076083495,0.0,0.26041079076083495,0.016822597442347487,0.16352083671268702,
B54,0.5834606663234547,0.6471272708346533,0.5706298667438616,0.7488946336937089,0.5973189856124617,0.8373372264159404,
