,job436_scenario1_845,job438_scenario0_849,
in27,0.6297991648204522,0.4893974944613566,
B14,0.42134745169648113,0.36309180514837336,
B11,0.13507397114387798,0.0,
cn12,0.5413565720982205,0.3693883740596172,
B54,0.7813748129016994,0.6159408455314452,
