,job485_scenario4_940,job487_scenario0_952,
in27,0.23264961544614715,0.0,
B14,0.8326952174548441,0.5323723527828835,
B11,0.47266785624962604,0.22558183562561485,
cn12,0.5926769766513653,0.3388004165588796,
B54,0.8326952174548441,0.5788186573623584,
