,job633_scenario2_1301,job634_scenario0_1302,job635_scenario1_1306,
in27,0.12654335107008874,0.0,0.1719681980386033,
B14,0.8373372264159404,0.527118150432914,0.6123838363546,
B11,0.15546652110123405,0.02776117531468769,0.26041079076083495,
cn12,0.5004290315643138,0.34344242551997595,0.4702420853901901,
B54,0.6675198207920094,0.6123838363546,0.9075380615954883,
