,job925_scenario2_2130,job929_scenario3_2144,
in27,0.31021907598302656,0.46384370138464764,
B14,0.5220993479327556,0.5220993479327556,
B11,0.3705236998515084,0.6105419406549872,
cn12,0.0,0.15362462540162103,
B54,0.49053282025324785,0.49053282025324785,
