,job914_scenario2_2102,job915_scenario1_2103,job916_scenario2_2104,
in27,0.3665615918735674,0.47373991269571364,0.38041991116257445,
B14,0.7404472723677926,0.5319955592438215,0.652004679645561,
B11,0.5004290315643138,0.5502373167865053,0.5706298667438616,
cn12,0.0,0.009896211311065994,0.0,
B54,0.652004679645561,0.6204381519660532,0.652004679645561,
