,job686_scenario3_1438,job687_scenario1_1440,
in27,0.5004290315643138,0.42217388077331286,
B14,0.5271181504329139,0.40710903003117455,
B11,0.3684747225311345,0.1600230094071634,
cn12,0.08526568592168615,0.0,
B54,0.31866643730894284,0.35730074480898294,
