,job167_scenario0_300,job170_scenario1_306,job178_scenario1_318,job183_scenario1_324,job186_scenario0_333,
in27,0.0,0.16176309001247802,0.1328399199813327,0.14669823927033965,0.019621339048067954,
B14,0.3369081948516268,0.49555162275340625,0.545359907975598,0.545359907975598,0.37554250235166686,
B11,0.19270117212771132,0.3551499523943107,0.3053416671721191,0.3551499523943107,0.15864342790177954,
cn12,0.051465107079633476,0.20845171312397115,0.2351408319925713,0.2351408319925713,0.0481671680736242,
B54,0.3369081948516268,0.5382921281550657,0.41828300775332616,0.5382921281550657,0.3600273612052184,
