,job329_scenario0_610,job340_scenario3_632,job341_scenario0_634,job343_scenario2_639,job344_scenario2_640,job345_scenario4_641,
in27,0.3175877013403581,0.6204381519660531,0.2898265260256704,0.4035390775161657,0.416369877095759,0.48003648160695744,
B14,0.48003648160695755,0.790255557589984,0.4533473627383573,0.7018129648677525,0.7404472723677924,0.7018129648677525,
B11,0.22914510861812631,0.5319955592438214,0.24489564961438626,0.3915938888847258,0.3417856036625342,0.5319955592438214,
cn12,0.016822597442347265,0.26041079076083484,0.0,0.19020995558128706,0.18084894272688812,0.26041079076083484,
B54,0.32792728437352725,0.3915938888847258,0.31509648479393404,0.43510560519567343,0.5319955592438214,0.581803844466013,
