,job555_scenario2_1117,job562_scenario1_1129,job569_scenario0_1147,job570_scenario0_1148,job572_scenario0_1150,job574_scenario0_1152,job575_scenario3_1153,job576_scenario0_1157,
in27,0.6432363978146667,0.6320624200925151,0.554793805092435,0.554793805092435,0.541469034955611,0.5618615849129672,0.7751907068478459,0.554793805092435,
B14,0.4649716308648193,0.44185246451122784,0.33301732183164,0.2590111342872723,0.33301732183164,0.29208978129773333,0.6818707053147066,0.32184334410948845,
B11,0.7520715404942544,0.7520715404942544,0.5618615849129672,0.554793805092435,0.554793805092435,0.5849807512665588,0.9920897812977333,0.5849807512665588,
cn12,0.18714551163813242,0.1617630900124779,0.0031196621106985845,0.0,0.009532860573584045,0.0031196621106985845,0.3867164800738184,0.026689118868600037,
B54,0.7520715404942544,0.8018798257164461,0.6432363978146667,0.696935556056845,0.6551815864461066,0.6818707053147066,0.7520715404942544,0.7316789905368982,
