,job381_scenario3_710,job382_scenario0_712,job383_scenario0_713,job386_scenario1_719,job387_scenario0_720,job388_scenario0_722,job389_scenario0_723,job390_scenario2_724,job391_scenario3_725,
in27,0.49719273990197355,0.29123224332442654,0.2838636179670949,0.4038727383688343,0.2838636179670949,0.2989284687092333,0.2767958381465626,0.4189375891109727,0.49719273990197355,
B14,0.9541100551553396,0.6438909791723132,0.6537871904833791,0.9541100551553396,0.6091475446922598,0.6438909791723132,0.6438909791723132,0.8341009347536004,0.7842926495314086,
B11,0.7140918143518609,0.46021525425937515,0.4814421989057137,0.6091475446922598,0.46021525425937515,0.4740735735483821,0.4536810235910259,0.6091475446922598,0.9043017699331481,
cn12,0.25717449909849477,0.0,0.01358630578000719,0.16028454505034684,0.010088478474483686,0.0066599196487258094,0.0066599196487258094,0.186973663918947,0.350494500631634,
B54,0.8656674624331081,0.7002334950628539,0.7002334950628539,0.8656674624331081,0.6874026954832608,0.6537871904833791,0.7002334950628539,0.8656674624331081,0.7842926495314086,
