,job823_scenario0_1846,job824_scenario1_1848,
in27,0.0,0.08405915446855461,
B14,0.5325291083960045,0.6729307787551,
B11,0.29251086759252554,0.4275848387364034,
cn12,0.35221536412578325,0.5231680955416056,
B54,0.6342964712550601,0.9129490195585789,
