,job628_scenario0_1282,
in27,0.2334007513872567,
B14,0.25164250892994067,
B11,0.20183422370774895,
cn12,0.06796678401700262,
B54,0.0,
