,job255_scenario0_462,job256_scenario1_464,job261_scenario0_478,job263_scenario1_481,job265_scenario0_484,job267_scenario1_488,
in27,0.0,0.12000912040173939,0.04600293285737167,0.20845171312397104,0.024775988211033217,0.20845171312397104,
B14,0.5502373167865053,0.7088807446882848,0.5888716242865455,0.7586890299104765,0.600045602008697,0.6884881947309286,
B11,0.16137004429801471,0.2315708794775625,0.11785832798706697,0.2196256908461226,0.16137004429801471,0.30806828356835414,
cn12,0.37197254983665795,0.5684790743291893,0.3915938888847259,0.5417899554605892,0.37826911874790203,0.5888716242865455,
B54,0.611990790640137,0.7586890299104765,0.62482159021973,0.8288898650900243,0.638679909508737,0.8786981503122158,
