,job387_scenario0_720,job388_scenario0_722,job394_scenario0_734,job395_scenario0_745,
in27,0.007067779820532305,0.022132630562670785,0.007067779820532305,0.0,
B14,0.26215087136614956,0.2968943058462028,0.35323682173674364,0.3067905171572688,
B11,0.016328626885117048,0.030186946174123763,0.030186946174123763,0.05330611252771533,
cn12,0.3600273612052183,0.3565988023794604,0.3565988023794604,0.3404060221571503,
B54,0.20000435179805487,0.166388846798173,0.25825999834616276,0.21283515137764797,
