,job580_scenario0_1164,job594_scenario1_1190,job596_scenario2_1194,job598_scenario3_1196,job600_scenario3_1199,
in27,0.08236700222371063,0.25020568273470956,0.20845171312397104,0.42535078757385847,0.3551499523943107,
B14,0.0,0.10350744346437013,0.27865254830351893,0.20845171312397104,0.2400182408034789,
B11,0.4404156383159967,0.5769264356551056,0.5453599079755977,0.6653690283773372,0.8555789839586244,
cn12,0.29148334788311203,0.46579805994165113,0.4751590727960501,0.5604247587177361,0.5951681931977894,
B54,0.5315015886865908,0.8555789839586244,0.9755881043603638,0.6653690283773372,0.6155607431551455,
