,job905_scenario1_2075,job909_scenario2_2084,
in27,0.0,0.011173977722151562,
B14,0.399648204496179,0.457903851044287,
B11,0.2978808416371235,0.23421423712592504,
cn12,0.015422940968784604,0.048501587979245864,
B54,0.8249989920700374,0.6783007527996978,
