,job491_scenario1_961,job492_scenario1_966,
in27,0.638679909508737,0.5804242629606292,
B14,0.9173324578122559,0.7973233374105164,
B11,0.32001347219979415,0.21506920254019313,
cn12,0.0,0.0,
B54,1.1573506986157347,0.8786981503122159,
