,job232_scenario0_420,job244_scenario1_441,job246_scenario1_443,job247_scenario1_448,job248_scenario1_449,job249_scenario3_450,job250_scenario1_453,
in27,0.0,0.1270769002222717,0.11321858093326487,0.1270769002222717,0.1270769002222717,0.31728685580355886,0.14214175096441006,
B14,0.48710426142748997,0.6071133818292292,0.6773142170087771,0.5888716242865455,0.5888716242865455,0.7475150521883249,0.7088807446882849,
B11,0.08463724035741171,0.22884426308132721,0.22884426308132721,0.24708602062401108,0.22884426308132721,0.5074968113848461,0.2905977369349587,
cn12,0.2937173990456572,0.5434467773180307,0.4446646015626299,0.468862503884806,0.4604151425588898,0.6275059317865854,0.4604151425588898,
B54,0.38748769098310665,0.5306159777384376,0.5573050966070376,0.6773142170087771,0.5306159777384376,0.5306159777384376,0.5573050966070376,
