,job550_scenario2_1107,job554_scenario1_1116,job555_scenario2_1117,job557_scenario3_1121,job558_scenario1_1122,job559_scenario4_1125,job561_scenario1_1128,job562_scenario1_1129,job563_scenario1_1130,job564_scenario1_1131,
in27,0.5863804077401216,0.5632612413865301,0.5744352191086817,0.7063895281418608,0.5863804077401216,0.6832703617882694,0.6446360542882295,0.5632612413865301,0.6446360542882295,0.62813437735086,
B14,0.8032794821900089,0.6832703617882694,0.7063895281418608,0.8530877674122004,0.6832703617882694,0.7330786470104611,0.6832703617882694,0.6832703617882694,0.6832703617882694,0.7330786470104611,
B11,0.42285957102743454,0.47266785624962593,0.4930604062069823,0.6628778118309132,0.4379244217695728,0.5744352191086817,0.45442609870694217,0.4930604062069823,0.5161795725605738,0.42285957102743454,
cn12,0.07400618754436783,0.0424396598648602,0.03307864701046115,0.18284133022395566,0.007696225384806743,0.11264049504440787,0.015750540996259943,0.007696225384806743,0.0,0.024197902322176112,
B54,0.7646451746899688,0.7646451746899688,0.6832703617882694,0.7063895281418608,0.7330786470104611,0.7063895281418608,0.7646451746899688,0.7330786470104611,0.8032794821900089,0.7646451746899688,
