,job208_scenario0_373,job216_scenario1_386,job218_scenario1_388,job219_scenario4_395,job221_scenario1_400,
in27,0.5021691121696283,0.6221782325713677,0.5932550625402224,0.6773142170087771,0.5932550625402224,
B14,0.5573050966070379,0.7004333833623686,0.6773142170087771,0.7973233374105166,0.7004333833623686,
B11,0.3042629312035344,0.43196827699008056,0.40304510695893525,0.7271225022309689,0.43196827699008056,
cn12,0.0,0.16752417259006447,0.15019606657586326,0.2968943058462028,0.14214175096441017,
B54,0.20000435179805487,0.3467025910683944,0.3467025910683944,0.4169034262479422,0.4667117114701337,
