,job232_scenario0_420,job238_scenario0_433,job239_scenario4_434,job241_scenario1_438,job242_scenario0_439,job243_scenario2_440,job244_scenario1_441,
in27,0.5351724660443671,0.5155511269962991,0.7822584866683782,0.6622493662666387,0.5496088712222309,0.6483910469776317,0.6622493662666387,
B14,0.592048531087091,0.6124410810444472,0.7555693677997779,0.8138250143478859,0.6019447423981569,0.9022676070701174,0.7120576514888303,
B11,0.5496088712222309,0.5573050966070376,0.7822584866683782,0.7120576514888303,0.5496088712222309,0.6622493662666387,0.6938158939461465,
cn12,0.0,0.006413198462885461,0.2368985786927803,0.15094720251697258,0.009711137468894737,0.2368985786927803,0.24972937827237351,
B54,0.6124410810444472,0.6938158939461465,1.0924775626514047,0.8524593218479259,0.6124410810444472,0.7822584866683782,0.7555693677997779,
