,job350_scenario1_654,job351_scenario3_655,job352_scenario1_656,job353_scenario1_657,job354_scenario4_658,
in27,0.041753969610738406,0.14669823927033965,0.058255646548108,0.0,0.14669823927033965,
B14,0.4800364816069578,0.3600273612052183,0.33333824233661813,0.33333824233661813,0.31021907598302667,
B11,0.48848384293287395,0.6471272708346534,0.5067256004755578,0.4719821659955046,0.7671363912363929,
cn12,0.4719821659955046,0.6084929633346134,0.46428594061069783,0.4719821659955046,0.5769264356551056,
B54,0.3600273612052183,0.41828300775332616,0.5769264356551056,0.3600273612052183,0.3600273612052183,
