,job261_scenario0_478,job271_scenario2_494,job275_scenario2_504,job278_scenario1_510,job279_scenario2_512,
in27,0.4242720516052737,0.4982782391496414,0.4982782391496414,0.5684790743291892,0.5519773973918198,
B14,0.24708602062401108,0.39021430737934193,0.39021430737934193,0.36709514102575047,0.48710426142748986,
B11,0.5867208318718731,0.7586890299104765,0.7004333833623686,0.7586890299104765,0.742187352973107,
cn12,0.0,0.1768851854444633,0.15864342790177943,0.1768851854444633,0.1768851854444633,
B54,0.7132641829419617,0.8471316226327081,0.8471316226327081,0.7973233374105164,0.8786981503122159,
