,job988_scenario0_2478,job990_scenario0_2480,job995_scenario0_2494,job996_scenario0_2496,job998_scenario3_2511,
in27,0.3519730455937651,0.3298404150310945,0.31651564489427053,0.3369081948516267,0.5769264356551056,
B14,0.4182830077533261,0.40710903003117455,0.3966126913848843,0.3867164800738184,0.5769264356551056,
B11,0.023119166353591458,0.0,0.0,0.007368625357331626,0.430228196384766,
