,job840_scenario0_1884,job848_scenario0_1905,job849_scenario0_1908,job850_scenario1_1914,job851_scenario1_1915,
in27,0.16137004429801471,0.1817625942553709,0.18913121961270252,0.31683656539924865,0.3017717146571103,
B14,0.5591180614747904,0.600045602008697,0.5684790743291893,0.7319999110418762,0.6884881947309286,
B11,0.007368625357331515,0.0,0.007368625357331515,0.13507397114387776,0.13507397114387776,
