,job1056_scenario1_2789,
in27,0.0,
B14,0.016501676937369425,
B11,0.03474343448005324,
