,job725_scenario0_1542,job726_scenario0_1545,job729_scenario0_1555,job733_scenario0_1564,job734_scenario2_1570,job735_scenario1_1571,
in27,0.018906390078114343,0.0,0.006075590498521022,0.018906390078114343,0.13891551047985373,0.20258211499105216,
B14,0.39006545417610405,0.39006545417610405,0.4012394318982556,0.37956911552981387,0.6300836949795829,0.6300836949795829,
B11,0.21590688512787604,0.23034329030573997,0.2460938313019998,0.21590688512787604,0.39279207057233934,0.4131846205296955,
