,job761_scenario0_1650,job764_scenario0_1660,job765_scenario0_1663,job766_scenario0_1665,job771_scenario1_1678,job774_scenario0_1684,job775_scenario0_1687,job776_scenario1_1689,
in27,0.20845171312397104,0.20138393330343884,0.20138393330343884,0.1817625942553709,0.31460251423670355,0.20138393330343884,0.18805916316661486,0.31460251423670355,
B14,0.008880744688284925,0.028137968853749862,0.038634307500040044,0.028137968853749862,0.12000912040173939,0.0,0.018241757542683867,0.13825087794442326,
B11,0.21582033848130266,0.2488989854917638,0.21582033848130266,0.20138393330343884,0.31460251423670355,0.24001824080347878,0.20138393330343884,0.3600273612052182,
