,job417_scenario0_822,job420_scenario1_826,job423_scenario0_834,job425_scenario0_838,job426_scenario3_839,job428_scenario1_841,job429_scenario1_843,job430_scenario2_847,job431_scenario4_848,
in27,0.3591929665162358,0.4792020869179752,0.3659835059847105,0.3730512858052427,0.7330786470104609,0.5632612413865299,0.5632612413865299,0.5081252569491205,0.5863804077401213,
B14,0.44325212098479055,0.5863804077401213,0.42285957102743443,0.4327557823385003,0.6832703617882694,0.52462693388649,0.6130695266087216,0.6446360542882293,0.6446360542882293,
B11,0.007696225384806632,0.11264049504440776,0.0,0.007696225384806632,0.23264961544614715,0.1442070227239155,0.11264049504440776,0.12770534578654602,0.18284133022395554,
