,job1126_scenario4_3189,job1127_scenario1_3190,
in27,0.07649740409079175,0.0,
B14,0.47515907279604996,0.38671648007381837,
B11,0.6155607431551456,0.47515907279604996,
