,job396_scenario1_757,job399_scenario1_764,job402_scenario1_774,
in27,0.0,0.04175396961073852,0.026689118868600148,
B14,0.430228196384766,0.430228196384766,0.3519730455937651,
B11,0.1119548047902863,0.14669823927033954,0.14669823927033954,
