,job569_scenario0_1136,job576_scenario4_1161,job577_scenario0_1162,job578_scenario3_1163,
in27,0.013324770136823982,0.19020995558128717,0.0,0.23372167189223492,
B14,0.45062074634212235,0.6723972296029173,0.49413246265307,0.6723972296029173,
B11,0.39374468129939844,0.7110315371029573,0.415877311862069,0.7608398223251489,
