,job413_scenario2_811,job414_scenario2_813,job416_scenario1_819,job417_scenario0_822,job418_scenario4_824,
in27,0.12000912040173939,0.14893229043288458,0.09523313219070617,0.0,0.204068274870294,
B14,0.6342964712550601,0.8743147120585388,0.6574156376086515,0.5142873508533206,0.7156712841567594,
B11,0.5791604868176505,0.6139039212977038,0.5956621637550199,0.45915136641591114,0.8743147120585388,
