,job528_scenario0_1045,job529_scenario0_1046,job531_scenario0_1053,job536_scenario0_1065,job540_scenario0_1071,job541_scenario1_1077,job542_scenario0_1078,
in27,0.07649740409079175,0.08982217422761574,0.09688995404814793,0.047081668825956324,0.09688995404814793,0.2030407551608805,0.06412524468102665,
B14,0.0,0.047081668825956324,0.03658533017966603,0.017328106014201206,0.00844736132591628,0.19020995558128717,0.047081668825956324,
B11,0.37554250235166675,0.37554250235166675,0.3906073530938051,0.37554250235166675,0.37554250235166675,0.48169330346439926,0.4071090300311745,
