,job903_scenario0_2087,job905_scenario1_2096,job907_scenario0_2101,job908_scenario0_2103,
in27,0.0,0.10717832082214607,0.013858319289006826,0.006790539468474521,
B14,0.17045276987041236,0.30095822891844193,0.15119554570494742,0.16055655855934636,
B11,0.34369873432010134,0.5023421622218807,0.34369873432010134,0.3738856804942251,
