,job704_scenario1_1499,job714_scenario0_1517,job720_scenario1_1534,job721_scenario0_1535,job722_scenario1_1537,job723_scenario2_1538,
in27,0.49053282025324785,0.3773142393199832,0.49053282025324785,0.39944686988265377,0.5194559902843932,0.5043911395422549,
B14,0.694601095123542,0.5448384119100476,0.7759759080252414,0.5745919747218027,0.6742085451661858,0.8146102155252815,
B11,0.12000912040173939,0.028923170031145196,0.2040682748702941,0.0,0.13386743969074644,0.13386743969074644,
