,job837_scenario1_1873,job838_scenario1_1878,job839_scenario0_1880,
in27,0.3488533834830667,0.33499506419405967,0.20215514421272707,
B14,0.05369915824217841,0.13195430903317928,0.0,
B11,0.5004290315643138,0.48392735462694436,0.3719725498366582,
