,job417_scenario0_822,job420_scenario1_826,job423_scenario0_834,job425_scenario0_838,job428_scenario1_841,job429_scenario1_843,job430_scenario2_847,job431_scenario4_848,job432_scenario3_849,job434_scenario1_853,job435_scenario0_854,job436_scenario0_855,
in27,0.11321858093326465,0.2332277013350041,0.12000912040173939,0.12707690022227158,0.3172868558035588,0.3172868558035588,0.26215087136614934,0.34040602215715027,0.3986616687052582,0.27865254830351877,0.09431219085515041,0.14214175096440995,
B14,0.19727773540181942,0.34040602215715027,0.1768851854444633,0.18678139675552918,0.27865254830351877,0.36709514102575047,0.3986616687052582,0.3986616687052582,0.34040602215715027,0.43729597620529825,0.24708602062401103,0.20845171312397098,
B11,0.022132630562670563,0.1270769002222717,0.01443640517786382,0.022132630562670563,0.15864342790177932,0.1270769002222717,0.14214175096440995,0.19727773540181942,0.5573050966070376,0.15864342790177932,0.030186946174123652,0.0,
