,job1053_scenario0_2778,
in27,0.3295395694942951,
B14,0.42285957102743443,
B11,0.0,
