,job3_scenario1_8,job5_scenario0_11,job7_scenario4_17,
in27,0.14214175096440995,0.0,0.24708602062401097,
B14,0.47593028370533824,0.3454248246573086,0.4990494500589297,
B11,0.455537733747982,0.3088394944776426,0.5573050966070376,
