,job721_scenario0_1535,job725_scenario0_1542,job726_scenario0_1545,job729_scenario0_1555,job730_scenario2_1559,job731_scenario1_1561,job732_scenario1_1562,
in27,0.04782956010925965,0.018906390078114454,0.0,0.006075590498521133,0.15277382976886067,0.13891551047985384,0.09246920590037877,
B14,0.4629929057518873,0.4629929057518873,0.4629929057518873,0.47416688347403885,0.7528194317775576,0.6061211925072181,0.5830020261536266,
B11,0.13891551047985384,0.14570604994832836,0.1601424551261923,0.17589299612245213,0.2589246308815931,0.32259123539279166,0.34298378535014784,
