,job686_scenario0_1442,job689_scenario0_1452,job693_scenario4_1465,
in27,0.05287272916534658,0.03901440987633975,0.2662018511002252,
B14,0.0,0.04092754053390668,0.1995709684356861,
B11,0.3971495493743049,0.41290009037056485,0.7498082852221915,
