,job156_scenario0_329,job159_scenario0_333,job160_scenario0_334,job162_scenario1_336,job163_scenario1_338,job164_scenario0_339,job166_scenario0_345,job171_scenario3_352,job172_scenario0_354,job174_scenario0_359,job175_scenario1_362,
in27,0.10630755672585357,0.085080612079515,0.09187115154798975,0.2340129025123997,0.1922589329016613,0.11400378211066031,0.09187115154798975,0.45896629257374016,0.09893893136852194,0.07854638141116577,0.25051457944976907,
B14,0.010496338646290293,0.010496338646290293,0.021670316368441855,0.15362462540162114,0.13050545904802968,0.0,0.010496338646290293,0.1101129090906735,0.0,0.010496338646290293,0.15362462540162114,
B11,0.21188027194972914,0.22631667712759296,0.2420672181238529,0.32509885288299384,0.3705236998515085,0.19225893290166118,0.2420672181238529,0.5789754129754796,0.2050897324812544,0.21894805177026133,0.3705236998515085,
