,job441_scenario1_867,job442_scenario0_868,job448_scenario0_878,job450_scenario0_881,job452_scenario0_884,job459_scenario0_899,job460_scenario1_903,job461_scenario0_905,
in27,0.14893229043288458,0.0,0.006790539468474521,0.0,0.036977485642598285,0.006790539468474521,0.13386743969074621,0.021226944646338453,
B14,0.2742691100498418,0.13386743969074621,0.17737915600169396,0.16543396737025395,0.1542599896481024,0.12450642683634727,0.3240773952720335,0.16543396737025395,
B11,0.47565304335328057,0.34719656162562496,0.31021907598302645,0.34719656162562496,0.331446020629365,0.34719656162562496,0.4938948008959644,0.34719656162562496,
