,job5_scenario0_11,job11_scenario2_23,job12_scenario0_24,
in27,0.0,0.14214175096440995,0.01443640517786382,
B14,0.0667722763537898,0.31728685580355886,0.10038778135367155,
B11,0.030186946174123763,0.14214175096440995,0.0,
