,job700_scenario0_1478,job704_scenario1_1499,job705_scenario1_1500,job710_scenario3_1507,job711_scenario1_1508,job712_scenario4_1509,job713_scenario3_1512,
in27,0.1574452462141661,0.2963607566940198,0.34178560366253447,0.4617947240642739,0.34178560366253447,0.40353907751616597,0.5502373167865056,
B14,0.23065722794908006,0.3804199111625745,0.3600273612052183,0.40353907751616597,0.43022819638476617,0.43022819638476617,0.4617947240642739,
B11,0.0,0.10615080111273256,0.169817405623931,0.2715847684829867,0.15157564808124724,0.4302281963847661,0.4302281963847661,
