,job725_scenario0_1542,job726_scenario0_1545,job729_scenario0_1555,job733_scenario0_1564,job734_scenario2_1570,job735_scenario1_1571,job736_scenario0_1573,job737_scenario0_1576,
in27,0.018906390078114343,0.0,0.006075590498521244,0.018906390078114343,0.13891551047985373,0.20258211499105216,0.025696929546588976,0.018906390078114343,
B14,0.5470520602204421,0.5470520602204421,0.5582260379425936,0.5365557215741518,0.7870703010239208,0.7870703010239208,0.5266595102630859,0.5582260379425936,
B11,0.469783445220362,0.4842198503982258,0.49997039139448574,0.469783445220362,0.6466686306648252,0.6670611806221813,0.47685122504089417,0.4842198503982258,
