,job13_scenario1_34,job15_scenario0_37,job16_scenario1_38,job17_scenario2_42,job18_scenario2_43,job21_scenario3_48,job23_scenario1_51,job25_scenario1_55,job26_scenario1_56,job28_scenario3_58,job29_scenario1_60,job31_scenario1_63,job32_scenario0_64,job33_scenario4_65,
in27,0.1489322904328847,0.0,0.13386743969074644,0.09523313219070628,0.16543396737025406,0.32407739527203355,0.10717832082214629,0.12000912040173939,0.09523313219070628,0.22718744122388562,0.16543396737025406,0.16543396737025406,0.0,0.20406827487029416,
B14,0.347196561625625,0.25387656009248577,0.2854430877719935,0.3738856804942252,0.3738856804942252,0.5640956360755124,0.347196561625625,0.3738856804942252,0.3036848453146773,0.40545220817373295,0.32407739527203355,0.2854430877719935,0.1743147120585391,0.3738856804942252,
B11,0.2689414108346241,0.13386743969074633,0.2689414108346241,0.25387656009248577,0.2854430877719935,0.444086515673773,0.2689414108346241,0.2854430877719935,0.2689414108346241,0.40545220817373295,0.347196561625625,0.2689414108346241,0.13386743969074633,0.49389480089596455,
