,job939_scenario1_2241,
in27,0.03951991844819336,
B14,0.0,
B11,0.22972987402948059,
