,job764_scenario0_1660,job765_scenario0_1663,job766_scenario0_1665,job774_scenario0_1684,job775_scenario0_1687,job777_scenario4_1691,job779_scenario4_1696,
in27,0.019621339048067954,0.019621339048067954,0.0,0.019621339048067954,0.006296568911244194,0.2400182408034789,0.2400182408034789,
B14,0.15659445058140553,0.16709078922769582,0.15659445058140553,0.12845648172765578,0.14669823927033965,0.2870999096294352,0.36847472253113456,
B11,0.3071546320398717,0.27407598502941066,0.25963957985154673,0.2982738873515868,0.25963957985154673,0.5382921281550657,0.5067256004755579,
