,job330_scenario0_628,job333_scenario0_631,job334_scenario2_635,job338_scenario0_645,job340_scenario1_648,job342_scenario1_652,job346_scenario3_660,job347_scenario1_662,job348_scenario1_664,job349_scenario2_666,
in27,0.12770534578654613,0.09878217575540083,0.19401530794610716,0.12000912040173939,0.21879129615714027,0.19401530794610716,0.32596961697928645,0.2326496154461472,0.26421614312565495,0.2326496154461472,
B14,0.1828413302239556,0.17234499157766536,0.32596961697928645,0.1828413302239556,0.3842252635273944,0.302850450625695,0.42285957102743443,0.32596961697928645,0.32596961697928645,0.42285957102743443,
B11,0.015750540996259832,0.0,0.16244878026659937,0.0,0.08595137617580773,0.1828413302239556,0.26421614312565495,0.1442070227239155,0.16244878026659937,0.11264049504440787,
