,job653_scenario0_1363,job654_scenario4_1366,job658_scenario3_1385,job659_scenario1_1386,job660_scenario0_1389,job661_scenario4_1390,
in27,0.0,0.21689907444988732,0.24001824080347878,0.10806393177029949,0.0,0.17826476694984728,
B14,0.34578893953991174,0.5769264356551056,0.5769264356551056,0.47515907279604996,0.3986616687052583,0.6155607431551455,
B11,0.025252292673369037,0.25020568273470956,0.37021480313644894,0.20039739751251795,0.010187441931230556,0.25020568273470956,
