,job119_scenario0_253,job122_scenario1_261,job124_scenario0_263,job126_scenario0_268,job130_scenario0_274,job132_scenario0_276,job133_scenario2_278,job135_scenario1_281,job136_scenario1_283,job138_scenario0_285,job139_scenario1_286,job140_scenario2_289,
in27,0.2468087802719534,0.32407739527203344,0.23348401013512943,0.23348401013512943,0.22718744122388546,0.2769957264460772,0.3600273612052181,0.32407739527203344,0.335251372994185,0.2538765600924856,0.34719656162562496,0.34719656162562496,
B14,0.21524225259244556,0.2538765600924857,0.19357193622400382,0.21524225259244556,0.24001824080347867,0.18367572491293793,0.32407739527203344,0.37388568049422505,0.32407739527203344,0.22718744122388557,0.32407739527203344,0.49389480089596444,
B11,0.0,0.12000912040173928,0.021226944646338453,0.028923170031145196,0.036977485642598285,0.021226944646338453,0.10717832082214618,0.16543396737025395,0.10717832082214618,0.013858319289006826,0.18367572491293782,0.13386743969074621,
