,job569_scenario0_1136,job576_scenario4_1161,job577_scenario0_1162,job579_scenario3_1171,
in27,0.01332477013682376,0.19020995558128706,0.0,0.26041079076083495,
B14,0.38041991116257434,0.6021963944233693,0.423931627473522,0.8808489427268881,
B11,0.32354384611985043,0.6408307019234093,0.345676476682521,0.6408307019234093,
