,job543_scenario0_1082,job547_scenario2_1091,job548_scenario0_1092,job549_scenario0_1093,job550_scenario0_1095,job553_scenario1_1098,job555_scenario1_1102,job556_scenario0_1103,job558_scenario3_1109,job559_scenario0_1112,job560_scenario0_1114,
in27,0.3167533066513757,0.45062074634212207,0.3167533066513757,0.3039225070717825,0.3306116259403826,0.423931627473522,0.4821872740216298,0.31021907598302645,0.5439407478752614,0.32354384611985043,0.345676476682521,
B14,0.38041991116257434,0.6021963944233693,0.40081246111993046,0.3903161224736402,0.3903161224736402,0.4821872740216298,0.4821872740216298,0.3710588983081754,0.6906389871456009,0.3710588983081754,0.36217815361989036,
B11,0.02776117531468769,0.1719681980386032,0.020392549957356065,0.02776117531468769,0.01332477013682376,0.21060250553864324,0.15546652110123382,0.02776117531468769,0.2337216718922347,0.0,0.006534230668349239,
