,job849_scenario0_1908,job851_scenario1_1915,job856_scenario0_1926,job858_scenario0_1931,job859_scenario0_1934,job861_scenario0_1940,job863_scenario4_1945,job864_scenario3_1947,
in27,0.021226944646338453,0.13386743969074621,0.0,0.0,0.013858319289006826,0.013858319289006826,0.204068274870294,0.3240773952720334,
B14,0.040547438157606974,0.16055655855934636,0.05044364946867286,0.05044364946867286,0.031186425303208032,0.013858319289006826,0.2623239214184019,0.5409764697219208,
B11,0.0479160635149386,0.17562140930148473,0.07211396583711471,0.0479160635149386,0.055612288899745344,0.06366660451119843,0.40057479936282525,0.35076651414063365,
