,job592_scenario0_1204,job593_scenario0_1207,job594_scenario1_1211,job595_scenario1_1215,job596_scenario2_1216,job597_scenario2_1217,job599_scenario3_1222,job601_scenario3_1226,job602_scenario1_1229,job603_scenario3_1232,
in27,0.0,0.021226944646338564,0.13386743969074638,0.13386743969074638,0.1489322904328847,0.12000912040173944,0.3240773952720336,0.20406827487029416,0.16543396737025412,0.3240773952720336,
B14,0.05430559165679971,0.05430559165679971,0.22718744122388562,0.18367572491293793,0.3240773952720336,0.22718744122388562,0.3240773952720336,0.37388568049422516,0.16543396737025412,0.22718744122388562,
B11,0.021226944646338564,0.05430559165679971,0.18367572491293793,0.1489322904328847,0.12000912040173944,0.13386743969074638,0.5640956360755124,0.3240773952720336,0.10717832082214629,0.444086515673773,
