,job1123_scenario4_3170,job1124_scenario0_3176,
in27,0.3295395694942952,0.11264049504440787,
B14,0.6628778118309133,0.5092531864292922,
B11,0.16244878026659948,0.0,
