,job442_scenario0_868,job448_scenario0_878,job450_scenario0_881,job452_scenario0_884,job459_scenario0_899,job460_scenario1_903,job461_scenario0_905,job462_scenario0_907,job463_scenario0_908,
in27,0.19020995558128717,0.19700049504976191,0.19020995558128717,0.22718744122388568,0.19700049504976191,0.3240773952720337,0.21143690022762585,0.21143690022762585,0.19020995558128717,
B14,0.4440865156737731,0.48759823198472074,0.4756530433532808,0.46447906563112923,0.43472550281937417,0.6342964712550603,0.4756530433532808,0.4756530433532808,0.453982726984839,
B11,0.03697748564259851,0.0,0.03697748564259851,0.021226944646338675,0.03697748564259851,0.18367572491293793,0.03697748564259851,0.006790539468474743,0.04542484696851479,
