,job884_scenario2_2025,
in27,0.0,
B14,0.33690819485162665,
B11,0.3165156448942704,
