,job511_scenario0_1003,job523_scenario0_1035,job524_scenario0_1036,job525_scenario0_1039,
in27,0.03433677178489791,0.05825564654810789,0.05825564654810789,0.07864819650546395,
B14,0.1874833391850519,0.1874833391850519,0.1769870005387617,0.19865731690720345,
B11,0.020392549957356287,0.01332477013682376,0.0,0.01332477013682376,
