,job678_scenario0_1417,job680_scenario0_1422,job681_scenario2_1423,job686_scenario0_1442,job687_scenario2_1445,job688_scenario2_1450,
in27,0.36709514102575047,0.38533689856843434,0.4871042614274899,0.4057294485257905,0.5573050966070376,0.5118802496385231,
B14,0.47593028370533835,0.43729597620529825,0.5959394041070778,0.4461767208935833,0.6773142170087771,0.6190585704606693,
B11,0.030186946174123763,0.0,0.1270769002222717,0.01443640517786382,0.11321858093326476,0.1270769002222717,
