,job1048_scenario3_2751,
in27,0.42535078757385836,
B14,0.0,
B11,0.2168990744498872,
