,job830_scenario2_1851,job831_scenario3_1855,job833_scenario0_1859,
in27,0.5232272774129272,0.8720806608959938,0.4569173152533661,
B14,0.8018798257164459,0.7134372329942144,0.5015569610444853,
B11,0.19650652449253103,0.29827388735158666,0.0,
