,job370_scenario1_707,job373_scenario1_710,job376_scenario2_713,job377_scenario2_715,job381_scenario1_722,job383_scenario0_725,job385_scenario4_731,job386_scenario4_733,job387_scenario1_739,job388_scenario2_743,
in27,0.34885338348306666,0.3349950641940597,0.34885338348306666,0.32216426461446657,0.34885338348306666,0.22177648326079502,0.4688625038848061,0.4688625038848061,0.34885338348306666,0.363918234225205,
B14,0.16352083671268702,0.16352083671268702,0.16352083671268702,0.12000912040173939,0.12000912040173939,0.0,0.22177648326079502,0.22177648326079502,0.16352083671268702,0.26041079076083495,
B11,0.363918234225205,0.3986616687052582,0.3804199111625744,0.3349950641940597,0.4421733850162059,0.22884426308132721,0.5390633390643539,0.5004290315643138,0.41905421866261444,0.41905421866261444,
