,job417_scenario0_822,job420_scenario1_826,job423_scenario0_834,job425_scenario0_838,job428_scenario1_841,job429_scenario1_843,job430_scenario2_847,job431_scenario4_848,job432_scenario3_849,job434_scenario1_853,
in27,0.2187912961571402,0.33880041655887966,0.22558183562561496,0.23264961544614715,0.4228595710274344,0.4228595710274344,0.3677235865900249,0.44597873738102584,0.5042343839291338,0.38422526352739433,
B14,0.302850450625695,0.44597873738102584,0.28245790066833887,0.29235411197940475,0.38422526352739433,0.47266785624962604,0.5042343839291338,0.5042343839291338,0.44597873738102584,0.5428686914291738,
B11,0.007696225384806743,0.11264049504440776,0.0,0.007696225384806743,0.1442070227239155,0.11264049504440776,0.12770534578654613,0.18284133022395554,0.5428686914291738,0.1442070227239155,
