,job5_scenario0_11,job10_scenario2_21,job11_scenario2_23,job12_scenario0_24,
in27,0.0,0.1270769002222718,0.14214175096441006,0.014436405177863931,
B14,0.2569822319350771,0.6275059317865855,0.5074968113848461,0.29059773693495883,
B11,0.22039690175541105,0.29059773693495883,0.33235170654569723,0.19020995558128728,
