,job130_scenario0_274,job132_scenario0_276,job136_scenario1_283,job138_scenario0_285,job141_scenario1_290,job142_scenario0_295,job144_scenario3_299,job145_scenario1_302,job147_scenario1_310,job149_scenario1_312,
in27,0.22718744122388546,0.2769957264460772,0.335251372994185,0.2538765600924856,0.34719656162562496,0.2468087802719534,0.4672056820273643,0.37388568049422505,0.335251372994185,0.37388568049422505,
B14,0.3600273612052181,0.3036848453146773,0.44408651567377283,0.34719656162562496,0.4672056820273643,0.28544308777199334,0.4938948008959645,0.4672056820273643,0.4236939657164166,0.5254613285754722,
B11,0.036977485642598285,0.021226944646338453,0.10717832082214618,0.013858319289006826,0.18367572491293782,0.0,0.2538765600924857,0.16543396737025395,0.204068274870294,0.18367572491293782,
