,job450_scenario0_881,job452_scenario0_884,job459_scenario0_899,job461_scenario0_905,job462_scenario0_907,job463_scenario0_908,job464_scenario3_909,job466_scenario3_914,job467_scenario1_915,job469_scenario2_917,job470_scenario2_920,
in27,0.0,0.03697748564259851,0.006790539468474743,0.021226944646338675,0.021226944646338675,0.0,0.2538765600924858,0.20406827487029422,0.13386743969074644,0.0952331321907064,0.1489322904328847,
B14,0.4756530433532808,0.46447906563112923,0.43472550281937417,0.4756530433532808,0.4756530433532808,0.453982726984839,0.7543055916567996,0.6342964712550603,0.6342964712550603,0.7543055916567996,0.60760735238646,
B11,0.41739739680517296,0.401646855808913,0.41739739680517296,0.41739739680517296,0.3872104506310492,0.42584475813108913,0.7543055916567996,0.7044973064346081,0.4756530433532808,0.5844881860328686,0.5640956360755124,
