,job577_scenario0_1162,job584_scenario2_1183,job588_scenario0_1191,job589_scenario4_1197,job590_scenario0_1200,
in27,0.01824175754268398,0.13195430903317928,0.03156652767950774,0.22884426308132721,0.0,
B14,0.44217338501620596,0.6204381519660532,0.430228196384766,0.5888716242865455,0.41905421866261444,
B11,0.363918234225205,0.48392735462694436,0.363918234225205,0.6590724594660933,0.35622200884039823,
