,job25_scenario1_55,job26_scenario1_56,job31_scenario1_63,job32_scenario0_64,job34_scenario1_68,job37_scenario1_77,job38_scenario0_78,job40_scenario2_81,job43_scenario4_85,job44_scenario1_89,job45_scenario2_90,job46_scenario3_91,job47_scenario3_92,
in27,0.2963607566940198,0.2715847684829867,0.34178560366253447,0.17635163629228034,0.2963607566940198,0.2715847684829867,0.1831421757607551,0.34178560366253447,0.3804199111625745,0.3102190759830267,0.3102190759830267,0.43022819638476617,0.3600273612052183,
B14,0.43022819638476617,0.3600273612052183,0.34178560366253447,0.23065722794908006,0.43022819638476617,0.3600273612052183,0.24991445211454488,0.43022819638476617,0.40353907751616597,0.4617947240642739,0.40353907751616597,0.40353907751616597,0.500429031564314,
B11,0.15157564808124724,0.13507397114387787,0.13507397114387787,0.0,0.1902099555812874,0.1902099555812874,0.01506485074213848,0.13507397114387787,0.2715847684829867,0.15157564808124724,0.15157564808124724,0.3600273612052183,0.3600273612052183,
