,job764_scenario0_1660,job765_scenario0_1663,job766_scenario0_1665,job771_scenario1_1678,job774_scenario0_1684,job775_scenario0_1687,job777_scenario4_1691,job778_scenario1_1693,
in27,0.2400182408034789,0.2400182408034789,0.22039690175541093,0.3532368217367436,0.2400182408034789,0.2266934706666549,0.46041514255888977,0.3532368217367436,
B14,0.3067905171572687,0.3172868558035589,0.3067905171572687,0.39866166870525827,0.2786525483035188,0.2968943058462028,0.4372959762052983,0.4169034262479421,
B11,0.04751505218832497,0.014436405177863931,0.0,0.11321858093326476,0.038634307500040044,0.0,0.2786525483035188,0.15864342790177943,
