,job459_scenario0_899,job461_scenario0_905,job462_scenario0_907,job463_scenario0_908,job467_scenario1_915,job470_scenario2_920,job471_scenario0_922,job474_scenario2_930,job475_scenario1_933,job476_scenario1_934,job477_scenario3_935,
in27,0.013324770136823982,0.027761175314687914,0.027761175314687914,0.006534230668349239,0.1404016703590958,0.15546652110123405,0.0,0.1404016703590958,0.15546652110123405,0.12654335107008874,0.4506207463421223,
B14,0.25104977790643623,0.29197731844034286,0.29197731844034286,0.27030700207190106,0.45062074634212235,0.42393162747352214,0.2604107907608352,0.4008124611199307,0.38041991116257445,0.3456764766825212,0.45062074634212235,
B11,0.23372167189223503,0.23372167189223503,0.20353472571811126,0.2421690332181512,0.29197731844034286,0.38041991116257445,0.2421690332181512,0.31675330665137597,0.36217815361989064,0.3306116259403829,0.5208215815216701,
