,job900_scenario2_2083,job902_scenario2_2085,job903_scenario0_2087,job904_scenario1_2090,
in27,0.08405915446855483,0.13386743969074644,0.0,0.18367572491293793,
B14,0.665862998934568,0.9445155472380868,0.453982726984839,0.5458538785328286,
B11,0.5458538785328286,0.5458538785328286,0.3872104506310492,0.5640956360755124,
