,job811_scenario1_1778,job814_scenario0_1794,job816_scenario2_1800,job817_scenario0_1803,
in27,0.2786525483035189,0.17058861653321933,0.33235170654569723,0.18341941611281254,
B14,0.34885338348306666,0.303428536514552,0.5074968113848461,0.29059773693495883,
B11,0.14214175096441006,0.0,0.1768851854444632,0.014436405177863931,
