,job1157_scenario0_3372,job1158_scenario2_3375,
in27,0.0,0.16543396737025412,
B14,0.09523313219070634,0.28544308777199356,
B11,0.028923170031145307,0.1489322904328847,
