,job956_scenario4_2311,job957_scenario1_2314,
in27,0.0,0.0,
B14,0.07020083517954778,0.09332000153313924,
B11,0.1902099555812872,0.015064850742138314,
