,job523_scenario0_1035,job524_scenario0_1036,job525_scenario0_1039,job526_scenario4_1040,job527_scenario3_1043,job528_scenario0_1045,job529_scenario0_1046,job530_scenario1_1047,job531_scenario0_1053,job532_scenario0_1054,
in27,0.31021907598302645,0.31021907598302645,0.3306116259403826,0.5004290315643136,0.6408307019234093,0.31021907598302645,0.32354384611985043,0.43676242705311513,0.3306116259403826,0.32354384611985043,
B14,0.40081246111993046,0.3903161224736402,0.411986438842082,0.5439407478752614,0.6021963944233693,0.3537307922939742,0.40081246111993046,0.5208215815216699,0.3903161224736402,0.423931627473522,
B11,0.01332477013682376,0.0,0.01332477013682376,0.45062074634212207,0.33061162594038274,0.020392549957356065,0.020392549957356065,0.1719681980386032,0.035457400699494435,0.020392549957356065,
