,job733_scenario0_1564,job735_scenario1_1571,job736_scenario0_1573,job737_scenario0_1576,job739_scenario0_1587,job740_scenario2_1589,
in27,0.40837280617415284,0.5920485310870908,0.4151633456426276,0.40837280617415284,0.4018385755058036,0.5920485310870908,
B14,0.4819356219964174,0.7324502014461864,0.4720394106853515,0.5036059383648592,0.5036059383648592,0.6622493662666387,
B11,0.0,0.19727773540181937,0.007067779820531972,0.01443640517786371,0.01443640517786371,0.14214175096440984,
