,job1083_scenario0_2905,job1084_scenario4_2908,job1085_scenario4_2910,
in27,0.0,0.20596049657754711,0.11264049504440787,
B14,0.4891695331869954,0.5980046758665833,0.5776121259092271,
B11,0.11264049504440787,0.4576030055074878,0.31090476623714813,
