,job940_scenario4_2242,job942_scenario0_2247,
in27,0.21060250553864335,0.0,
B14,0.7475150521883248,0.6710176480975332,
B11,0.7910267684992724,0.2558543024549055,
