,job340_scenario3_632,
in27,0.16352083671268697,
B14,0.2217764832607949,
B11,0.26041079076083495,
cn12,0.07020083517954773,
B54,0.0,
B51,0.3102190759830265,
os4,0.1404016703590955,
in4,0.19020995558128717,
B33,0.2217764832607949,
