,job937_scenario2_2196,
in27,0.0,
B14,0.4569173152533661,
B11,0.0,
cn12,0.0,
B54,0.05825564654810783,
B51,0.026689118868600092,
os4,0.14669823927033954,
in4,0.0,
B33,0.14669823927033954,
