,job880_scenario3_1998,job881_scenario3_2000,
in27,0.3794484544975436,0.17826476694984733,
B14,0.35275933562894335,0.21689907444988737,
B11,0.35275933562894335,0.24001824080347883,
cn12,0.35275933562894335,0.2982738873515868,
B54,0.3092476193179957,0.38671648007381837,
B51,0.18923849891625644,0.04980828522219172,
os4,0.2594393340958041,0.0,
in4,0.41101498217705135,0.5769264356551056,
B33,0.3794484544975436,0.2982738873515868,
