,job78_scenario1_144,job79_scenario0_148,
in27,0.589079503371156,0.2231956433611313,
B14,0.4423812641008164,0.0,
B11,0.6388877885933475,0.2509568186758191,
cn12,0.4841352337115549,0.12357907291674808,
B54,0.7792894589524432,0.2933964785406792,
B51,0.562390384502556,0.3635973137202269,
os4,0.7792894589524432,0.3786621644623652,
in4,0.550445195871116,0.23652041349795527,
B33,0.6206460310506637,0.3137890284980353,
