,job682_scenario4_1430,
in27,0.2667073596720789,
B14,0.3102190759830266,
B11,0.45691731525336615,
cn12,0.21689907444988737,
B54,0.36847472253113456,
B51,0.0,
os4,0.6471272708346534,
in4,0.6471272708346534,
B33,0.19020995558128728,
