,job1087_scenario2_3009,job1088_scenario0_3012,
in27,0.45734295589212814,0.08844259272223165,
B14,0.4391011983494443,0.22884426308132727,
B11,0.4391011983494443,0.10883514267958783,
cn12,0.3025904010103355,0.0,
B54,0.40753467066993654,0.22884426308132727,
B51,0.40753467066993654,0.16853963921284543,
os4,0.5977446262512238,0.19020995558128723,
in4,0.4225995214120749,0.16853963921284543,
B33,0.7177537466529632,0.20215514421272718,
