,job278_scenario1_510,
in27,0.29515422524088825,
B14,0.3337885327409283,
B11,0.2786525483035188,
cn12,0.16669774351323263,
B54,0.4151633456426277,
B51,0.2786525483035188,
os4,0.3337885327409283,
in4,0.2137794123391889,
B33,0.0,
