,job84_scenario1_165,
in27,0.028137968853749862,
B14,0.10350744346437002,
B11,0.12000912040173944,
cn12,0.0,
B54,0.10350744346437002,
B51,0.10350744346437002,
os4,0.12000912040173944,
in4,0.0,
B33,0.028137968853749862,
