,job542_scenario1_1092,job548_scenario0_1102,
in27,0.6931842476580138,0.2800321298089029,
B14,0.4714077643972189,0.09688995404814793,
B11,0.831435125602437,0.3468044061626927,
cn12,0.6847368863320976,0.14669823927033954,
B54,0.8131933680597532,0.30216476037157347,
B51,0.3409023053491891,0.0,
os4,0.8518276755597933,0.30216476037157347,
in4,0.42159947917502727,0.026689118868600148,
B33,1.091845916363272,0.31021907598302667,
