,job927_scenario2_2133,job928_scenario2_2136,
in27,0.23503292347915006,0.07020083517954773,
B14,0.26395609351029536,0.3102190759830265,
B11,0.26395609351029536,0.10176736285905547,
cn12,0.15200128872000918,0.08526568592168604,
B54,0.2986995279903486,0.2217764832607949,
B51,0.21025693526811695,0.043511716310947635,
os4,0.3190920779477048,0.3102190759830265,
in4,0.21025693526811695,0.0,
B33,0.4391011983494442,0.2217764832607949,
