,job299_scenario4_556,job301_scenario2_559,
in27,0.4391011983494443,0.46886250388480605,
B14,0.45734295589212814,0.38041991116257445,
B11,0.5977446262512238,0.22884426308132727,
cn12,0.34723004680145475,0.17903597785913566,
B54,0.8377628670547026,0.3221642646144665,
B51,0.7177537466529632,0.22884426308132727,
os4,0.5977446262512238,0.3221642646144665,
in4,0.40753467066993654,0.0,
B33,0.3689003631698965,0.46886250388480605,
