,job539_scenario4_1086,job540_scenario2_1087,
in27,0.6155607431551456,0.305341667172119,
B14,0.3551499523943106,0.5453599079755977,
B11,0.42535078757385847,0.27865254830351893,
cn12,0.305341667172119,0.1782647669498474,
B54,0.6155607431551456,0.4569173152533662,
B51,0.15864342790177943,0.08038827711077856,
os4,0.3755425023516668,0.6155607431551456,
in4,0.735569863556885,0.24503704330363718,
B33,0.0,0.0617534738536315,
