,job838_scenario0_1882,
in27,0.04980828522219172,
B14,0.0,
B11,0.10615080111273245,
cn12,0.0036451149051038856,
B54,0.2013839333034388,
B51,0.3333382423366181,
os4,0.2261599215144719,
in4,0.16045639276953216,
B33,0.3333382423366181,
