,job638_scenario0_1313,
in27,0.19537859501235955,
B14,0.1876823696275528,
B11,0.005168639431072375,
cn12,0.043148365573465686,
B54,0.22076101663801395,
B51,0.2616885571719206,
os4,0.31538771541409893,
in4,0.19537859501235955,
B33,0.0,
