,job108_scenario1_209,job109_scenario3_211,
in27,0.12770534578654613,0.061120714788918534,
B14,0.1828413302239556,0.09975502228895858,
B11,0.20596049657754706,0.061120714788918534,
cn12,0.0,0.04461903785154911,
B54,0.16244878026659937,0.3397732630924374,
B51,0.09878217575540088,0.2695724279128896,
os4,0.1828413302239556,0.14956330751115024,
in4,0.09878217575540088,0.2695724279128896,
B33,0.09878217575540088,0.219764142690698,
