,job132_scenario0_249,job133_scenario3_251,
in27,0.13432607986057454,0.3645687703852578,
B14,0.0,0.033957144444874854,
B11,0.2267952857609533,0.4845778907869972,
cn12,0.017328106014201206,0.20592534248347832,
B54,0.24846560212939506,0.20592534248347832,
B51,0.2870999096294351,0.41437705560744936,
os4,0.12845648172765567,0.10415797962442275,
in4,0.18215563996983408,0.4845778907869972,
B33,0.27324159034042816,0.4845778907869972,
