,job831_scenario0_1871,job833_scenario1_1873,job834_scenario1_1876,
in27,0.26856725499208106,0.3441243749588634,0.09523313219070634,
B14,0.35700984771431266,0.36236613250154726,0.1489322904328847,
B11,0.17069076515301224,0.20761357761975463,0.0,
cn12,0.1320564576529722,0.224115254557124,0.028923170031145307,
B54,0.3689550363457526,0.36236613250154726,0.18367572491293793,
B51,0.3956441552143527,0.2739235397793156,0.10717832082214629,
os4,0.307201562492121,0.36236613250154726,0.28544308777199356,
in4,0.31608230718040603,0.25225322341087386,0.09523313219070634,
B33,0.3956441552143527,0.38275868245890343,0.3240773952720336,
