,job389_scenario0_723,job390_scenario2_724,
in27,0.48461304488106594,0.5815029989292138,
B14,0.19790618096609391,0.5428686914291738,
B11,0.35654960886787335,0.4614938785274745,
cn12,0.32762643883672804,0.521198375060732,
B54,0.6517038341087615,0.733078647010461,
B51,0.3912930433479267,0.4614938785274745,
os4,0.5815029989292138,0.674823000462353,
in4,0.0,0.07400618754436772,
B33,0.25742560365718037,0.5113021637496661,
