,job752_scenario2_1636,job753_scenario1_1639,
in27,0.23503292347915006,0.02039254995735612,
B14,0.5591103187511837,0.08526568592168604,
B11,0.28045777044766473,0.1404016703590955,
cn12,0.248891242768157,0.043511716310947635,
B54,0.4889094835716358,0.1404016703590955,
B51,0.28045777044766473,0.0,
os4,0.5591103187511837,0.1404016703590955,
in4,0.248891242768157,0.08526568592168604,
B33,0.4889094835716358,0.07020083517954773,
