,job422_scenario1_805,job423_scenario3_808,job425_scenario3_812,
in27,0.4916493723155798,0.830855490874844,0.24534594001869664,
B14,0.6116584927173192,0.6406455352935567,0.2951542252408883,
B11,0.41208752428163314,0.47082812966962573,0.2684651063722881,
cn12,0.43134474844709797,0.4321938221695857,0.17514510483914886,
B54,0.3716402519138405,0.30373734044193007,0.0,
B51,0.584969373848719,0.7108463704731045,0.32672075292039604,
os4,0.681859327896867,0.7108463704731045,0.32672075292039604,
in4,0.4777910530265729,0.5908372500713651,0.2684651063722881,
B33,0.4916493723155798,0.47082812966962573,0.4853641808221755,
