,job67_scenario2_124,job71_scenario1_129,
in27,0.5727274083659551,0.26846510637228815,
B14,0.6799057291881013,0.4853641808221755,
B11,0.6567865628345099,0.326720752920396,
cn12,0.5262811037864803,0.22495339006134052,
B54,0.41144062281581323,0.19020995558128717,
B51,0.3261749368941271,0.13651079733910876,
os4,0.3616323375936216,0.0,
in4,0.547951420154922,0.326720752920396,
B33,1.016813924039728,0.26846510637228815,
