,job312_scenario0_576,
in27,0.0,
B14,0.05317026586490803,
B11,0.39700484684781656,
cn12,0.23348401013512943,
B54,0.5089596516381028,
B51,0.4335901770274826,
os4,0.373885680494225,
in4,0.40545220817373273,
B33,0.16543396737025395,
