,job355_scenario1_662,
in27,0.03156652767950768,
B14,0.19020995558128717,
B11,0.12000912040173928,
cn12,0.03156652767950768,
B54,0.38041991116257434,
B51,0.07020083517954773,
os4,0.10176736285905547,
in4,0.0,
B33,0.05634251589054079,
