,job838_scenario0_1882,job841_scenario1_1891,
in27,0.33698826521986247,0.03594996593318467,
B14,0.3573808151772186,0.049808285222191606,
B11,0.2733216607086638,0.08137481290169934,
cn12,0.17081597450103525,0.03594996593318467,
B54,0.36855479289937015,0.3600273612052182,
B51,0.5005091019325494,0.03594996593318467,
os4,0.39333078111040326,0.049808285222191606,
in4,0.32762725236546353,0.0,
B33,0.5005091019325494,0.09961657044438316,
