,job532_scenario4_1070,
in27,0.23113749611519382,
B14,0.09462669877608498,
B11,0.38978092401697323,
cn12,0.11112837571345435,
B54,0.3195800888374254,
B51,0.14976268321349442,
os4,0.38978092401697323,
in4,0.26977180361523384,
B33,0.0,
