,job441_scenario0_854,job444_scenario2_857,
in27,0.39657601782941754,0.31827339159447976,
B14,0.0751829641242393,0.0,
B11,0.10718287516611569,0.03962084329096083,
cn12,0.26006522049030867,0.2654006624291332,
B54,0.2569455583796103,0.15475255488179263,
B51,0.6436620384534286,0.36002736120521817,
os4,0.4738446328294975,0.49653815854432704,
in4,0.4850186105516491,0.41516334564262763,
B33,0.5097945987626822,0.49653815854432704,
