,job668_scenario2_1392,job670_scenario1_1396,
in27,0.5072544000651462,0.3165156448942704,
B14,0.1285922356027811,0.0,
B11,0.478331230034001,0.2982738873515866,
cn12,0.3721804289212685,0.169817405623931,
B54,0.6437651974042551,0.41828300775332605,
B51,0.3583221096322616,0.21689907444988726,
os4,0.6437651974042551,0.3600273612052181,
in4,0.40374695660077625,0.26670735967207887,
B33,0.5623903845025557,0.09688995404814782,
