,job524_scenario3_1043,job525_scenario0_1044,
in27,0.6498538872308885,0.3396348112478621,
B14,0.8400638428121758,0.27596820673666345,
B11,0.5298447668291493,0.3213930537051781,
cn12,0.600045602008697,0.14312828675533074,
B54,0.561411294508657,0.3396348112478621,
B51,0.5298447668291493,0.38314652755880974,
os4,0.24001824080347878,0.0,
in4,0.6498538872308885,0.31294569237926195,
B33,0.4098356464274098,0.169817405623931,
