,job624_scenario2_1275,job625_scenario3_1276,
in27,0.06175347385363161,0.27865254830351893,
B14,0.3986616687052583,0.13825087794442326,
B11,0.27865254830351893,0.3284608335257105,
cn12,0.0,0.07458427343322477,
B54,0.12000912040173944,0.0884425927222317,
B51,0.06175347385363161,0.27865254830351893,
os4,0.27865254830351893,0.3986616687052583,
in4,0.07458427343322477,0.2400182408034789,
B33,0.2400182408034789,0.3986616687052583,
