,job626_scenario1_1290,job628_scenario1_1292,job630_scenario0_1294,job631_scenario0_1295,job632_scenario1_1305,job633_scenario3_1307,job634_scenario0_1311,job635_scenario0_1313,job636_scenario3_1314,
in27,1.1811384310234632,1.1555566708443439,1.0155048628877577,1.0268945488475876,1.0126281911236459,1.1660096251486753,0.7776274015902556,0.6243290249860398,0.8808489427268881,
B14,1.1247959151329223,1.0622366693112046,0.9282604518531395,0.9319177254570067,0.9312533782219466,0.9757996695673881,0.6298571058738285,0.468862503884806,0.8492824150473803,
B11,1.1065541575902382,1.0938031969907123,0.9356290772104712,0.9358085984769935,0.9463182289640849,1.0460005047469358,0.6576182811885163,0.4966236791994937,0.7292732946456408,
cn12,0.6134937513832562,0.6084390161685369,0.44224168967331734,0.4380229245610422,0.4774557250792789,0.5771380008621299,0.1546980330777783,0.0,0.2919773184403426,
B54,1.15636244281243,1.0418441193538484,0.9642104177863242,0.9102474090885649,1.0126281911236459,1.0144339770674282,0.673368822184776,0.5390633390643538,0.5706298667438614,
