,job1153_scenario0_3560,
in27,0.14357857715964112,
B14,0.20328307369289872,
B11,0.11688945829104097,
cn12,0.0,
B54,0.2786525483035189,
