,job1020_scenario4_2703,
in27,0.0,
B14,0.0,
B11,0.4484699539274499,
cn12,0.22351656386610946,
B54,0.5186707891069977,
