,job207_scenario0_406,job213_scenario0_416,job220_scenario0_430,job221_scenario0_431,job225_scenario3_438,job226_scenario1_447,job227_scenario2_451,job228_scenario1_455,job229_scenario0_456,job230_scenario4_458,job231_scenario2_459,job232_scenario2_461,
in27,0.4672399189987345,0.42500211288915224,0.39001027325307236,0.3852051345074664,0.5231532209811285,0.3867369669810561,0.3663522834828539,0.2497400869686982,0.12263424795917499,0.26817292281116883,0.0887454849796756,0.0,
B14,0.5624730511894409,0.49213850412554505,0.46727888825315245,0.4624737495075465,0.5435457709384848,0.5206044066718025,0.5414973883220028,0.34663004101684625,0.22302202931284654,0.26817292281116883,0.3554528446517546,0.2538765600924857,
B11,0.504217404641333,0.4446234519372201,0.3832197337845976,0.37841459503899166,0.5666649372920762,0.4707961214496109,0.3374291134517086,0.32623749105948985,0.13707065313703892,0.41487116208150826,0.13049945459041412,0.028923170031145307,
cn12,0.5408027348209992,0.5080337476482932,0.44688633829579627,0.4453174912125304,0.733755726519772,0.5206044066718025,0.5414973883220028,0.3697492073704377,0.1795103130018989,0.4352637120388645,0.2453399355610812,0.16543396737025412,
B54,0.7774589949817612,0.761910307740779,0.6686628215565913,0.7024919903110254,0.7835640117419636,0.6841252433844895,0.634817389855142,0.586648281820325,0.39011281854054225,0.5166385249405638,0.3989645609627023,0.3240773952720336,
