,job9_scenario2_23,job10_scenario2_24,job11_scenario3_26,
in27,0.5982905781943209,0.5886805459867589,0.6071133818292295,
B14,0.9085096541773475,0.6904479088458144,0.5888716242865455,
B11,0.47295375857736355,0.33703803705681834,0.5723699473491761,
cn12,0.13430548312042245,0.041271660690787026,0.0,
B54,0.989884467079047,0.8988996219697856,0.8288898650900244,
