,job583_scenario3_1213,job584_scenario1_1214,job586_scenario0_1220,job588_scenario1_1224,job589_scenario0_1225,
in27,0.613036448392674,0.4690585448015215,0.28089963038553944,0.29933246622801,0.13009759887622324,
B14,0.6832372835722218,0.5762368656236676,0.3742196319186788,0.39265246776114926,0.21854019159845484,
B11,0.7330455687944134,0.4562277452219283,0.304018796739131,0.3143973169701484,0.1233070594077485,
cn12,0.5863473295240739,0.3944742713682967,0.13732105322589838,0.17225556600573844,0.0,
B54,0.4543930204908946,0.3629077436887891,0.19684047591698473,0.26069815872797,0.08202939425934602,
