,job504_scenario3_1025,job506_scenario4_1031,job507_scenario4_1032,job508_scenario1_1035,job509_scenario0_1039,
in27,0.7787811462700923,0.6581387254668026,0.5185614338090438,0.37829767395768654,0.061432553348653496,
B14,1.1388085074753105,0.9683578014498293,1.0372322229160416,0.7302707195514516,0.46224501446858396,
B11,0.6352025691104511,0.6416370485294333,0.622068877273414,0.30004252316668567,0.0,
cn12,0.9689911018513795,0.8167821533685822,0.7585796746125227,0.6653975835871216,0.26846510637228804,
B54,0.5618820718202049,0.626572197787295,0.48699490612953616,0.37829767395768654,0.08182510330600956,
