,job189_scenario0_368,job193_scenario0_378,job194_scenario0_380,job198_scenario0_387,job199_scenario1_388,job203_scenario1_394,job204_scenario0_399,job205_scenario1_401,job207_scenario0_406,job209_scenario1_408,job210_scenario1_410,job211_scenario2_414,job212_scenario3_415,job213_scenario0_416,job214_scenario3_417,job215_scenario1_422,job216_scenario1_423,job217_scenario1_424,
in27,0.505830381631039,0.4837942860291188,0.4515832350799027,0.44509776299681225,0.5610917390297674,0.5215428817943226,0.39443704278479935,0.5092949016921215,0.3395063340687591,0.5494334249924062,0.42268693291424064,0.4023022494160385,0.5620074447815239,0.20783889962965862,0.4549780880457182,0.13752625049245337,0.023119166353591458,0.0,
B14,0.9703094472621683,0.9117292493800182,0.8963343832891062,0.932695994981533,1.0486899710144881,0.9784601970476887,0.8223720061356987,1.0097239332564354,0.8151593774220399,0.9881089827030887,0.8871659985453699,0.887666430238214,0.8722265207645505,0.6553952020286259,0.785589713986101,0.5633710086235426,0.6204381519660532,0.48003648160695755,
B11,0.48758862408835524,0.504186835986475,0.45903840708380794,0.4638334910967269,0.5717731515182289,0.5299902431202389,0.3832630650626478,0.49105314414943774,0.3582420621686738,0.43787166591658316,0.4183034946605638,0.41880392635340796,0.54376568723884,0.2092184811350426,0.5567454509047738,0.18295109746096816,0.10176736285905552,0.08137481290169934,
cn12,0.4560220964088476,0.42719546133845265,0.4206813399358257,0.39528947777462087,0.5567083007760906,0.5215428817943226,0.33130398742578404,0.49105314414943774,0.29306002948928433,0.41367376359440705,0.40985613333464754,0.3971336099849662,0.45706317512192285,0.17086141398706034,0.4051698028235266,0.1717771197388166,0.023119166353591458,0.03156652767950774,
B54,0.644575230132693,0.5940782786938562,0.5980604959375195,0.6086185997094995,0.7384708950314615,0.7433193650551175,0.5047210354495368,0.6461266195362085,0.5030271707814464,0.6512007878514618,0.5502578036937431,0.582324763066095,0.5668848535924315,0.3980488552109458,0.5300563320361735,0.3464719341736552,0.24489564961438637,0.2835299571144264,
