,job265_scenario0_519,job267_scenario0_522,job270_scenario0_528,job272_scenario1_531,job273_scenario1_532,job274_scenario0_534,job278_scenario0_538,job279_scenario1_540,job281_scenario2_542,job285_scenario1_548,job286_scenario0_550,job287_scenario2_554,job288_scenario2_557,job289_scenario1_558,job290_scenario1_560,job291_scenario4_561,job292_scenario2_562,job293_scenario4_563,job294_scenario4_564,job295_scenario0_566,job296_scenario3_567,
in27,0.8211763003185835,0.8046508131424381,0.7640589610172283,0.8723383347222077,0.8810408725194451,0.7335026632224212,0.7402644402165517,0.807061201239101,0.8317330189900976,0.8204392251290564,0.6619980689602354,0.6999543130763537,0.7815156291254814,0.6460665992500785,0.6323572440474121,0.7880322151237635,0.6097385093866649,0.6268465348349542,0.628200284016387,0.2538765600924855,0.4236939657164165,
B14,1.0710907524331283,1.0517368337664492,1.0307663206893074,1.1594382443516429,1.2051182677914787,1.0062856133930214,1.007743010797919,1.0786459697220876,1.187376941941639,1.045392615190397,0.9090840895842466,1.1799907946833113,1.2117438255102475,0.9794048415866965,0.8990646037194909,1.0666847634272825,0.9515241130491991,1.0072664459975287,0.7748985232867263,0.5037910122070304,0.804113876878991,
B11,1.0113862558998707,1.0092971739015892,0.9809580354671156,1.1208039368516027,1.116675675069247,0.9715421789129679,0.9375421756183712,1.0203903231739797,1.0358012938603918,1.0106491807103435,0.8454174850730479,1.0101733890593803,0.9513330347494124,0.9358931252757489,0.8643211692394377,1.1368855986068302,0.8497567501901435,0.8872573255957894,0.9651084788680135,0.4756530433532805,0.804113876878991,
cn12,0.5740902796945725,0.5612040135132015,0.5303372891249936,0.659009212787329,0.686447478684481,0.5026796750281619,0.49681764058731503,0.6666595308800054,0.6553813826978172,0.6250606301166969,0.40547815121938724,0.5799451926746142,0.5310010496757125,0.5155611402020489,0.45947539448032615,0.516447446640777,0.41952855380537757,0.506837414433215,0.4850719972610559,0.0,0.3036848453146772,
B54,1.09276106880157,1.0721293837238055,1.074278037000255,1.2794473647533824,1.2366847954709863,1.037852141072529,1.0891178236996184,1.1403994435757192,1.155810414262131,1.045392615190397,0.9792849247637943,1.1301825094611198,0.9948447510603601,1.0376604881348044,1.0008319665785466,0.9782421707050508,0.9199575853696914,0.9574581607753372,1.0353093140475613,0.5502373167865053,0.7543055916567994,
