,job204_scenario0_399,job207_scenario0_406,job213_scenario0_416,job220_scenario0_430,job221_scenario0_431,job225_scenario3_438,job226_scenario1_447,job227_scenario2_451,job228_scenario1_455,job229_scenario0_456,job230_scenario4_458,job231_scenario2_459,
in27,0.49961221864632843,0.47464255720342186,0.4311706924158121,0.39306787859092684,0.3879254701866534,0.5226526885016014,0.3769779706871535,0.34648282328854496,0.20315256911853774,0.060606820635351055,0.12000912040173928,0.0,
B14,0.5471272708346534,0.5698756893941281,0.498307083652205,0.4703364935910068,0.4651940851867334,0.5430452384589577,0.5108454103778997,0.5216279281276938,0.30004252316668556,0.1609946019890226,0.12000912040173928,0.26670735967207887,
B11,0.5066799984668606,0.5116200428460203,0.45079203146388,0.3862773391224521,0.38113493071817867,0.5661644048125491,0.4610371251557081,0.31755965325739977,0.2796499732093294,0.07504322581321465,0.26670735967207887,0.041753969610738406,
cn12,0.6449308764112839,0.636647965747918,0.6026449198971847,0.5383865363558823,0.536480419613949,0.8216977867624765,0.5992880031001315,0.6100705208499255,0.4116042822425088,0.2059254784003065,0.3755425023516667,0.24503704330363707,
B54,0.845037043303637,0.8733042259086801,0.8565214799896705,0.7601630196166773,0.7936549187124439,0.8715060719846681,0.7628088398128184,0.7033905223830648,0.6285033566923961,0.41652798393894985,0.4569173152533661,0.39866166870525815,
