,job437_scenario1_873,job438_scenario1_876,job439_scenario1_878,job440_scenario2_880,job441_scenario3_881,
in27,0.2670002320940986,0.2435490542772466,0.12326598040531467,0.02593798292749061,0.12770534578654624,
B14,0.8160310174274727,0.676954157462558,0.5384293260479424,0.484613044881066,0.6313112841514055,
B11,0.4875701839017622,0.4186941591163954,0.3438359322129782,0.13741648325544098,0.46149387852747453,
cn12,0.3378075006882678,0.2435490542772466,0.16869082737382946,0.0,0.16244878026659948,
B54,1.0062409730087598,0.7471549926421059,0.8625067213199759,0.484613044881066,0.5113021637496662,
