,job449_scenario0_901,job464_scenario2_935,job465_scenario0_936,job466_scenario1_938,job467_scenario1_940,job468_scenario3_943,
in27,0.27614680048709217,0.10334492037436782,0.013575913938800643,0.11584370849070036,0.024483804649913732,0.0,
B14,0.7561832820940498,0.8233996427848043,0.4669232766771582,0.6078253787290978,0.489455435514733,0.3719725498366581,
B11,0.37683542737756304,0.26153805787183704,0.10689591547193988,0.24779801752387964,0.1729397906204625,0.181762594255371,
cn12,0.5725075571811118,0.5131805668017777,0.31672721010129495,0.43494352916201195,0.33470288063294035,0.2937173990456572,
B54,0.8263841172735975,0.893600477964352,0.5788780814674443,0.7545236179994373,0.5596562706942809,0.3986616687052583,
