,job572_scenario4_1192,job573_scenario0_1196,
in27,0.6016841937752117,0.23075739373889415,
B14,0.7381949911143205,0.2623239214184019,
B11,0.8968384190161,0.24582224448103251,
cn12,0.6364276282552649,0.09688995404814782,
B54,0.5599302241644731,0.0,
