,job498_scenario0_1016,job503_scenario2_1024,job504_scenario3_1025,job505_scenario2_1029,job506_scenario4_1031,
in27,0.23550338044313224,0.2225988077388582,0.40407728673565646,0.014238421665306533,0.102872092687325,
B14,0.5545466112911372,0.5733653218794919,0.7205929316299269,0.6297991648204522,0.36957945235940387,
B11,0.18263065127778566,0.2151509255420262,0.31257025007026984,0.0,0.13844195624420996,
cn12,0.16105358201695108,0.24275369593910912,0.3605655704247087,0.04092754053390668,0.027793848696869516,
B54,0.7912028714518993,0.9333926830847099,0.7641046479408746,0.8200091204017393,0.6482320006629227,
