,job311_scenario2_593,job312_scenario0_595,job315_scenario2_600,job324_scenario0_619,job326_scenario3_622,job327_scenario1_623,job328_scenario1_625,job329_scenario1_627,job330_scenario2_630,job331_scenario2_631,job332_scenario3_632,job334_scenario3_635,job335_scenario2_636,job336_scenario0_637,job337_scenario0_638,job338_scenario0_639,job339_scenario4_642,
in27,0.5487827749088359,0.468914061530738,0.5657819713581433,0.370298354472043,0.7042239276023532,0.48895500382188894,0.45778673636640277,0.4264224804198535,0.34816187349043587,0.3732517902468847,0.6153986036426105,0.3482872464517548,0.33102689615151626,0.149695634883019,0.14672717805759117,0.1270769002222717,0.144376003970348,
B14,0.6189836100883837,0.5113537213955981,0.6857910917598827,0.4127380143369031,0.6544156423801617,0.5507084776755204,0.5129227208038123,0.5197424819529928,0.5881801142939147,0.4573109447154394,0.4687003643722709,0.48479804379086366,0.4359711658111174,0.23608925028487676,0.21349945441138096,0.1867813967555293,0.2328185966925797,
B11,0.587417082408876,0.44768711688439944,0.6591019728912826,0.38604889546830295,0.6544156423801617,0.48895500382188894,0.45778673636640277,0.5464316008215929,0.447778443934819,0.40217496027802996,0.4953894832408711,0.5732406365130953,0.33102689615151626,0.17638475375161916,0.17691412423171493,0.1270769002222717,0.35282771709431904,
cn12,0.4824728127492749,0.3344685359511347,0.4773393786359116,0.2257643504179559,0.4792705375410128,0.35244420648278013,0.35427929290203275,0.31378198537544566,0.33766553484414563,0.3268054856674098,0.4069468905186394,0.3647889233891242,0.22751945268714624,0.0328061765919781,0.01662957918136787,0.0,0.1626177615130318,
B54,0.6807370839420153,0.5317462713529542,0.7173576194393905,0.49800370025858914,0.5842148072006139,0.5507084776755204,0.5942975337055116,0.5464316008215929,0.447778443934819,0.507119229937631,0.4251886480613232,0.38303068093180803,0.5559802862128567,0.28253555486435167,0.2738040782798628,0.1972777354018195,0.26438512437208744,
