,job488_scenario3_1000,job491_scenario3_1005,job492_scenario2_1006,job493_scenario3_1007,
in27,0.7807123051751934,0.6785027202143745,0.3986616687052583,0.47515907279604996,
B14,0.6403106348160978,0.6469361925348667,0.3551499523943107,0.32846083352571054,
B11,0.8305205903973851,0.6469361925348667,0.5186707891069977,0.735569863556885,
cn12,0.37360327514401886,0.2215854049610082,0.0,0.15864342790177943,
B54,0.3864340747236122,0.09790540720149254,0.1328399199813327,0.01283079957959321,
