,job241_scenario0_478,job248_scenario1_488,job260_scenario1_509,job262_scenario2_514,job264_scenario1_516,job265_scenario0_519,job266_scenario2_520,job267_scenario0_522,job268_scenario2_523,job269_scenario1_526,job270_scenario0_528,job271_scenario2_530,job272_scenario1_531,job273_scenario1_532,job274_scenario0_534,job275_scenario3_535,job276_scenario3_536,job277_scenario4_537,
in27,0.7303769443239161,0.8103396056470533,0.7283314923438038,0.6875596686419689,0.7128626440828888,0.5702637278076534,0.655207529491761,0.5364778903312697,0.6036360414309434,0.6679118554023047,0.4419983243797845,0.5518680420938662,0.5025891273517703,0.48870186927551174,0.2749281318922409,0.4616036457644871,0.3600273612052182,0.33690819485162676,
B14,0.43889359644080406,0.5703213648435744,0.5114324178939165,0.48260578282352146,0.5275300973125092,0.2930600294892843,0.49656410158998143,0.25644576052236673,0.46811177988275543,0.2962602260706248,0.18158753361894953,0.4051698028235266,0.2625708865482914,0.28566111411463135,0.020592931629927036,0.2713936901832,0.12000912040173939,0.0,
B11,0.5192818735515826,0.6468187689343662,0.5465688980884329,0.48617573533853015,0.4461552844108099,0.3302454870041747,0.47344493523639,0.3108960547056547,0.4284909365917946,0.37808532937663436,0.22866920244490585,0.3434163289698951,0.3208265330963993,0.29410847544054763,0.08273945119802162,0.43848447941089563,0.21689907444988737,0.17826476694984728,
cn12,0.6038335932538275,0.7767241006471716,0.6754587631784572,0.6559931409624613,0.6630543588606972,0.4431868275853818,0.6116958131808133,0.41304021110377226,0.6036360414309434,0.5479027350005654,0.32828577288928906,0.48166720691431847,0.40926912581863095,0.414117595842287,0.16411426409972096,0.36828364423134785,0.266707359672079,0.3600273612052182,
B54,0.5469575282111035,0.7099518242933818,0.5963771833106244,0.5675505482402294,0.5857857438606171,0.372985992405834,0.5548197481380894,0.3350939570278308,0.5650017339309034,0.5296609774578815,0.28335489647800516,0.3932246141920867,0.4408356534981387,0.3754832883422471,0.11041510585754255,0.13943938115002052,0.03786309659075171,0.17826476694984728,
