,job701_scenario0_1545,
in27,0.0,
B14,0.29738827640343357,
B11,0.19700049504976203,
cn12,0.06690289617353873,
B54,0.3102190759830267,
