,job495_scenario0_1011,job496_scenario2_1013,job497_scenario2_1014,job498_scenario0_1016,job499_scenario2_1017,job500_scenario0_1019,
in27,0.7528220140661943,0.8383693927232253,0.8463947695474269,0.6090877623774102,0.6938764676715722,0.4268662157420492,
B14,0.7770199163883704,1.0135144975623742,1.1068055603082618,0.6614236335533363,0.8138855880733116,0.510925370210604,
B11,0.7383856088883305,0.784670234481047,0.866787319504783,0.6090877623774102,0.6623099399920644,0.4638437013846477,
cn12,0.3013668730350899,0.43352361796411365,0.4260627844737269,0.147921483877411,0.24714659434943675,0.0,
B54,0.838773390242002,0.9748801900623342,0.9867964399065225,0.7078699381328112,0.7823190603938039,0.5340445365641955,
