,job171_scenario0_346,job179_scenario0_356,job183_scenario1_360,job186_scenario0_365,job189_scenario0_368,job191_scenario4_371,job192_scenario1_377,job193_scenario0_378,job194_scenario0_380,job195_scenario1_384,job196_scenario2_385,job197_scenario3_386,job198_scenario0_387,job199_scenario1_388,job200_scenario1_390,
in27,0.730462372489176,0.7267369103360868,0.8361003983158132,0.6743083695160836,0.6417168875095004,0.8243013612051846,0.7918087514704032,0.5596821030182324,0.5072671158157918,0.6167492463607429,0.5735295117675218,0.6773400493327286,0.34973899443121986,0.41032979740320563,0.2728035469107521,
B14,0.34068144847220283,0.32215546625864677,0.45743823385344795,0.2671993394849092,0.268858726724689,0.4873931663535579,0.2913797199060894,0.15027983995319127,0.11468103760905457,0.19846623860741675,0.19486734730515654,0.13904792117766307,0.0,0.0605908029719856,0.017270164960824785,
B11,0.6300745911355046,0.6309256922565235,0.7712272623514833,0.5542992491143444,0.521707767107761,0.7856670537051444,0.6282879147577161,0.4783072901165329,0.4129549249606413,0.4967401259590034,0.4882638258458356,0.5959652364310292,0.26670735967207887,0.3192438470326115,0.2728035469107521,
cn12,0.6232840516670298,0.5922913847564835,0.7508347123941271,0.5276101302457441,0.521707767107761,0.8474205275587761,0.5935444802776628,0.4328824431480182,0.40616438549216655,0.5149818835016874,0.5086563758031918,0.6190844027846206,0.22972987402948042,0.33574552396998086,0.21766756247334262,
B54,0.4286906578320657,0.44071573667523634,0.5156938804015558,0.4272223488920726,0.3382883509949485,0.5954570981238573,0.4198362016337451,0.22779271066676388,0.2115709916572024,0.4967401259590034,0.47002206830315174,0.17691101776841478,0.07108644612770099,0.14553556838869364,0.017270164960824674,
