,job628_scenario1_1292,job630_scenario0_1294,job635_scenario0_1313,job638_scenario1_1326,job640_scenario0_1328,
in27,0.6388543245870781,0.5043934138377857,0.43230483158095656,0.273544482597872,0.0,
B14,0.8375116414942816,0.7091263212435103,0.5688156289200654,0.4139461529569676,0.18186440934966908,
B11,1.0073290471182126,0.8547458245452652,0.7348276821791766,0.5837635585808987,0.33798025129771425,
cn12,1.061028205360391,0.9004217760724652,0.7772673420440366,0.6722061513031303,0.37412334225133015,
B54,1.2157807602421835,1.1437379558819531,1.0376781328048716,0.8624161068844176,0.6269723826344022,
