,job447_scenario3_896,job449_scenario0_901,job450_scenario2_903,job451_scenario2_904,job453_scenario2_907,job454_scenario0_908,job455_scenario1_909,
in27,0.7753689792901883,0.5140109595823873,0.5651729939860116,0.5802089059408982,0.3922332033655491,0.1954237866155739,0.360857753985828,
B14,1.3892729005878923,1.007905760478352,1.3461677045114113,1.2492488116760117,1.0651639821206493,0.7466886231114931,0.8231860272022847,
B11,1.0523647057362655,0.6285579057618652,0.6990404336767578,0.645633257152306,0.569612359367243,0.3569076990945197,0.486277832350658,
cn12,0.7327846168988399,0.3144399911467013,0.44659673607572525,0.4292396912742724,0.2767213893984176,0.0,0.15864342790177943,
B54,1.1225655409158133,0.9580974752561604,1.1061494637079323,1.0407970985520407,0.9451548617189098,0.6266795027097537,0.7733777419800931,
