,job648_scenario1_1352,job650_scenario0_1359,job651_scenario1_1360,job652_scenario1_1361,job653_scenario3_1362,job654_scenario1_1365,job655_scenario2_1366,
in27,0.7302626512489049,0.49361239554575825,0.5771734007849949,0.5643136624181503,0.6831890507254953,0.3146025142367035,0.3435256842678488,
B14,0.9054077560880538,0.6451880436270054,0.8043608420088806,0.7341310680420812,0.7716316434477271,0.5417899554605892,0.600045602008697,
B11,0.4200435752658783,0.19076194492006338,0.3306209293131669,0.269159437177262,0.4116042822425088,0.11156175907582311,0.018241757542683867,
cn12,0.3867369669810561,0.11001557758263825,0.29070885540204117,0.23585282889243975,0.2915951618407694,0.008880744688284925,0.0,
B54,0.568499561236427,0.3580881339975702,0.46745264715725376,0.53762454354955,0.43472344859610024,0.20488176060896235,0.3017717146571103,
