,job561_scenario4_1170,job563_scenario1_1172,job564_scenario4_1173,job565_scenario2_1174,
in27,0.42565367983130253,0.21396448618136021,0.24289366067012103,0.1726928254905733,
B14,0.14508800087021678,0.0,0.08863367102201847,0.2788436266033057,
B11,0.6860644705921375,0.44408651567377305,0.5327201866957914,0.3425102311145042,
cn12,0.5660553501903981,0.2973882764034336,0.30776679663445095,0.19581199184416476,
B54,0.40741192228861867,0.3058356377293498,0.1726928254905733,0.20425935317008093,
