,job40_scenario0_87,job43_scenario0_94,job44_scenario1_95,job47_scenario0_98,job48_scenario3_99,job49_scenario0_101,job50_scenario1_103,job51_scenario1_106,job52_scenario1_107,job53_scenario0_108,job54_scenario3_109,
in27,0.9716432841743007,0.9223087594569346,1.0392751957788,0.8700669996150319,1.0832873437825918,0.8301901822532789,0.8764748078459954,0.8450993584662743,0.6839136781774651,0.5121365584386484,0.7023465140199355,
B14,0.91530076828376,0.8591757040979191,1.0392751957788,0.8452910114039986,1.1801772978307399,0.798623654573771,0.9466756430255432,0.8135328307867665,0.7856810410365206,0.4938948008959645,0.7725473491994834,
B11,0.9784338236427754,0.9524957056310583,1.0890834810009915,0.8989901696461771,1.2299855830529314,0.8446265874311427,0.964917400568227,0.8135328307867665,0.7691793640991511,0.5398977337533362,0.9627573047807706,
cn12,0.44326135759840835,0.39354949187545296,0.5610516790395951,0.3581867499765088,0.6063705242863326,0.3080908343205233,0.4280048539185455,0.3545665382130263,0.2758909966178078,0.0,0.24001824080347878,
B54,1.0259488758311004,1.0355273403901992,1.1325951973119393,0.977245320437178,1.1415429903306997,0.9572670824755505,1.0666847634272827,0.8837336659663143,0.8243153485365606,0.638679909508737,0.6841047564772518,
