,job650_scenario0_1359,job665_scenario0_1394,job668_scenario2_1404,job669_scenario1_1405,job670_scenario0_1407,
in27,0.9444833597263322,0.7530605373045545,0.728388177070544,0.6303355521407503,0.3701158396797021,
B14,0.97604988740584,0.8463805388376939,0.8483972974722834,0.7503446725424898,0.40030278585382584,
B11,0.9518519850836639,0.7459927574840224,0.7079956271131878,0.6920890259943818,0.37718361950023427,
cn12,0.5608865417632124,0.3825368374530461,0.3578644772190357,0.27030819093553204,0.0,
B54,0.8356482170467444,0.6561705832564066,0.5177856715319005,0.5987690244612426,0.29312446503167955,
