,job198_scenario0_387,job204_scenario0_399,job207_scenario0_406,job210_scenario1_410,job213_scenario0_416,job215_scenario1_422,job216_scenario1_423,job218_scenario2_426,job219_scenario1_429,job220_scenario0_430,job221_scenario0_431,job222_scenario1_432,job224_scenario1_435,job225_scenario3_438,job226_scenario1_447,
in27,0.951496741131429,0.9255870208260017,0.8956969680935968,1.0006627789985356,0.8418947957381729,0.9432115193180479,0.9243985176204045,0.9315194652329852,0.8950713500704824,0.7734765692881859,0.7645924188369793,0.8972764624457761,0.864576202671874,0.8571616700224121,0.4715058615331685,
B14,1.0586750619535752,0.9731020730143267,0.9909301002843032,1.0847219334670903,0.9090311869745659,0.9886363662865626,1.1412975920702917,1.0515285856347247,1.0289387897612288,0.8507451842882658,0.8418610338370592,0.9524124468831855,0.9695204723314752,0.8775542199797683,0.6053733012239149,
B11,0.7982642711927402,0.7424448450652467,0.742464498154908,0.8243111427062554,0.6713061792049536,0.8166681682479591,0.8310785160872652,0.702675202151658,0.7337845645203405,0.5764760742384238,0.5675919237872171,0.741809941344542,0.6908679240279563,0.7104634307520726,0.3653550604204361,
cn12,0.4163242750870618,0.3770897846448107,0.36388648269194657,0.5024677985967669,0.31955312927339896,0.4920982077422356,0.439034336798229,0.4461552844108098,0.4142044756829151,0.2249793331069948,0.21933147431812827,0.3701583120128622,0.3845397210649164,0.46239087433714066,0.0,
B54,1.0715058615331685,0.9923592971797915,1.0157060884953362,1.0847219334670903,0.9885930350085126,1.108645486688302,1.1026632845702518,1.0248394667661245,1.0022496708926285,0.8619191620104174,0.8916693190592508,1.033787259784885,0.9695204723314752,0.92736250520196,0.5786841823553146,
