,job939_scenario0_2317,job940_scenario2_2318,
in27,0.0,0.12874846344538216,
B14,0.5319955592438215,0.7839300498914885,
B11,0.48218727402162975,0.5439118090880097,
cn12,0.30704216918248095,0.49410352386581813,
B54,0.5567715474548545,0.7839300498914885,
