,job665_scenario0_1394,job670_scenario0_1407,job671_scenario1_1409,job672_scenario2_1410,
in27,0.19478043946540624,0.0,0.052218673318854325,0.02436688356860839,
B14,0.7978904854172584,0.5399769905928364,0.6322095529171149,0.6541660483890606,
B11,0.5774935836618476,0.3968487038375055,0.49180788255801927,0.41414780758558173,
cn12,0.5740650248360895,0.3796924455424894,0.46511876368941923,0.42302855227386676,
B54,0.7978904854172584,0.6230086253519773,0.6820178381393065,0.6541660483890606,
