,job43_scenario0_94,job53_scenario0_108,job58_scenario3_116,job66_scenario0_131,job67_scenario1_133,job68_scenario4_141,
in27,0.8300409045278253,0.7674082808616539,1.0599902014548774,0.638303115969675,0.7392904041003694,0.5585735596453392,
B14,0.47175362392792153,0.45401229807808186,0.5746260206327019,0.23889031132330718,0.4606378557968506,0.19321849922490308,
B11,0.6700178951206618,0.6049595005950545,0.8311459383735501,0.407959825663935,0.5838238829991353,0.44973841696575134,
cn12,0.20941048539835416,0.1634005708750158,0.37924742562034236,0.0,0.15413088507103678,0.04764818943473492,
B54,0.9432594854610901,0.8939516319317427,1.0213558939548373,0.7011353257918912,0.8442346737599706,0.7283909652692702,
