,job488_scenario3_1000,job489_scenario3_1001,
in27,0.3240773952720335,0.3240773952720335,
B14,0.18367572491293782,0.21524225259244556,
B11,0.5640956360755123,0.6841047564772516,
cn12,0.0,0.03156652767950763,
B54,0.28544308777199334,0.1970004950497617,
