,job300_scenario0_574,job304_scenario0_582,job311_scenario2_593,job312_scenario0_595,job315_scenario2_600,job321_scenario1_614,job322_scenario1_615,job324_scenario0_619,job325_scenario2_621,job326_scenario3_622,job327_scenario1_623,job328_scenario1_625,job329_scenario1_627,job330_scenario2_630,job331_scenario2_631,job332_scenario3_632,
in27,0.48181336357060245,0.46713114123141597,0.5120955315823097,0.43037474170996615,0.5217397420853512,0.45248865856845927,0.4441124587194274,0.2770947420489194,0.36525452979704115,0.5913056735441944,0.36741405094655977,0.3140838524529326,0.24971114818144668,0.06562631862608415,0.0,0.2538765600924857,
B14,0.9472473086296506,0.9156010951588659,0.9809580354671157,0.8714760702800846,1.0404105311923488,0.9294054780647184,0.9210292782156866,0.7181960706190378,0.9154918465835467,0.940159057027261,0.8278291935054496,0.7678815055956002,0.7416928184198441,0.7043062281348212,0.482720823173813,0.5058399895274044,
B11,0.8949114374537246,0.8889119762902657,0.9493915077876081,0.8078094657688859,1.0137214123237488,0.9294054780647184,0.7890749691825072,0.6915069517504375,0.7639161985022994,0.940159057027261,0.766075719651818,0.7127455211581908,0.7683819372884444,0.5639045577757256,0.4275848387364035,0.5325291083960046,
cn12,0.4270555443280182,0.3983791560370178,0.5075390432763802,0.35768268998399433,0.4950506232167511,0.4196154336460057,0.43049645796243863,0.19431421184846376,0.37719971842848105,0.4281057573364854,0.2926567274610825,0.27232988284219406,0.19882412699067042,0.11688345383342535,0.01530716927415654,0.10717832082214618,
B54,1.0226167832402706,0.9858019303384136,1.0427115093207473,0.8918686202374406,1.0719770588718567,0.9876611246128264,0.9792849247637945,0.8034617565407238,0.9541261540835866,0.8699582218477133,0.8278291935054496,0.8492563184972997,0.7683819372884444,0.5639045577757256,0.5325291083960046,0.46232827321645675,
