,job635_scenario0_1313,job640_scenario0_1328,job642_scenario3_1333,job643_scenario4_1336,job644_scenario0_1338,job645_scenario0_1343,job646_scenario3_1344,
in27,0.8390091195577922,0.7066280029090359,0.9121298659408298,0.8654625091106021,0.5832863011776082,0.30032286467196057,0.6309344906123433,
B14,0.6568534795879581,0.5698259749497623,0.7654316266704901,0.6218743157921146,0.42609172326097833,0.1635208367126869,0.37540110866241594,
B11,0.9513220145747249,0.8543982986254632,1.063705514022077,1.0556724646918894,0.7183602723214859,0.4268662157420492,0.8709527314158222,
cn12,0.49333264287527123,0.3901123580147654,0.6721116251373509,0.5552434331275755,0.25920890590557477,0.0,0.26557943019190733,
B54,1.0639625096191327,0.9531804743808641,1.0321389863425692,1.1054807499140809,0.80944622269208,0.510925370210604,0.680742775834535,
