,job612_scenario2_1268,job615_scenario2_1275,job616_scenario2_1276,job617_scenario3_1278,job618_scenario3_1279,job619_scenario1_1281,job620_scenario2_1283,job621_scenario1_1284,job622_scenario1_1285,
in27,0.475493912556764,0.3977337373201906,0.39735867858866525,0.49704095437151613,0.3726837956389647,0.2785220437291579,0.13519178955915068,0.0,0.021670316368441744,
B14,1.0860358532117513,1.0784765131547256,0.9661466496329141,0.9293181280766561,0.9334174510717606,0.9055656613215146,0.7724228490827381,0.7024130922029769,0.6708465645234691,
B11,0.8460176124082724,0.768257437171699,0.7843840553775431,0.9061989617230647,0.813408330670021,0.6655474205180357,0.5639711359587669,0.5010291588995381,0.4041392048513902,
cn12,0.5175567788825619,0.46793457249973813,0.46299100167236495,0.49103561608043705,0.46844582020694125,0.30552005931281756,0.27852804818677346,0.10236749019427982,0.12060924773696369,
B54,1.156236688391299,1.128284798376917,0.9430274832793226,0.9293181280766561,0.8449748583495289,0.9055656613215146,0.8426236842622857,0.7024130922029769,0.7410473997030169,
