,job369_scenario0_699,job371_scenario0_708,job374_scenario2_712,job378_scenario0_719,job382_scenario0_733,job383_scenario0_736,job386_scenario2_746,job387_scenario3_748,job388_scenario2_751,job389_scenario0_752,job390_scenario4_753,job391_scenario3_754,
in27,0.5135684051629364,0.5012405860806682,0.5476137505548057,0.4541234165451643,0.37926518964174716,0.33705405472018324,0.3510573398420085,0.4427668124032398,0.20732308815322442,0.056818820352876664,0.15350680698634822,0.25039676103449615,
B14,0.9923983553167629,0.9761084282565536,1.1430908404676547,0.946555377187872,0.8828711280066064,0.8386110157646687,0.9702889603549303,0.9281309932254151,0.9465638290678857,0.5067256004755577,0.5686701526289759,0.6655601066771237,
B11,0.9499586954519028,0.9395230980768875,1.072890005288107,0.8837231673656558,0.7687316057377858,0.7862751445887428,0.7533898859050431,0.8894966857253752,0.6363447530848592,0.44305899596435905,0.6655601066771237,0.9055783474806026,
cn12,0.4985035544207984,0.4657831853811739,0.624420051360657,0.42573379566620206,0.34151455590838586,0.33818198420035483,0.40955530492213477,0.4979027968406492,0.2658210532333507,0.0,0.25845107664594924,0.19669760279231774,
B54,1.15591919202945,1.1714870232689132,1.2946664885489019,1.1025144635227961,1.056579406650524,1.0504912877143977,1.020097245577122,0.9779392784476069,0.8496738750197378,0.6583012485568048,0.7855692270788632,0.6269257991770838,
