,job30_scenario0_70,job34_scenario3_79,job35_scenario0_80,job36_scenario3_81,
in27,0.7644942843911564,0.7473239738885382,0.37904032965719037,0.7159485245088171,
B14,0.7571256590338247,0.7971322591107297,0.428848614879382,0.5488577352811215,
B11,0.40446692318593813,0.5775065682646072,0.04570208732057224,0.4759302837053383,
cn12,0.35489403781355766,0.3984705904054715,0.0,0.2786525483035188,
B54,1.012208750579442,0.7971322591107297,0.6071133818292294,0.7657568097310088,
