,job419_scenario2_817,job435_scenario2_869,job436_scenario2_872,
in27,0.587249039400474,0.18768372085762275,0.0,
B14,1.2259289489092111,0.9463727507680991,0.5951681931977894,
B11,1.1824172325982634,0.7063545099646203,0.5769264356551056,
cn12,0.6258833469005141,0.1609946019890225,0.008880744688285036,
B54,0.9157098729261844,0.6796653910960202,0.2786525483035188,
