,job171_scenario0_346,job173_scenario0_349,job175_scenario0_351,job176_scenario1_352,job177_scenario3_353,job178_scenario1_355,job179_scenario0_356,job180_scenario4_357,job181_scenario2_358,job182_scenario3_359,job183_scenario1_360,job184_scenario4_361,job185_scenario4_364,job186_scenario0_365,job187_scenario1_366,job188_scenario2_367,
in27,0.3178898809829408,0.30813088468903815,0.2843363037204506,0.38859114785533266,0.6451880436270054,0.3825800069500308,0.25718855130609686,0.4260627844737269,0.39023032504270727,0.5133716451015643,0.3186583690063961,0.4010128427925014,0.24962827301104096,0.0,0.018432835842470574,0.04999936352197831,
B14,0.4734688649415653,0.4806326318798246,0.4633722815795861,0.5535311446683562,0.6136215159474977,0.5412234348518103,0.3979670152042546,0.5376245435495501,0.6688828733462262,0.601814237823796,0.4853561125196287,0.6094645559164725,0.41944567863497195,0.13825087794442326,0.20019543009784146,0.3468936693681811,
B11,0.6659720535567191,0.6504500375037554,0.6482545379456555,0.7753076279291511,0.9736488771527159,0.7812416756552891,0.6098472871539835,0.8745327384011768,0.6550245540572192,0.7716316434477271,0.7022551869695162,0.7027845574496118,0.6980982269384908,0.3284608335257103,0.37846019704768874,0.3967019545903725,
cn12,0.41916327328476577,0.3900392467429207,0.386103666579506,0.5535311446683562,0.7069415174806369,0.5208308848944541,0.3311947388504647,0.6576336639512894,0.4786729177649389,0.5631799303237559,0.441844396208681,0.5045202862568714,0.4029440016976026,0.06175347385363139,0.13844195624420996,0.13844195624420996,
B54,0.9334506241380864,0.9606691134867822,0.9047744556865036,1.0855267039121776,1.0438497123322636,0.9945707975901678,0.8884998354575024,0.9678527399343161,0.9791019493292528,0.9120333138068226,0.9155843089043947,1.1098935874807863,0.8496738750197379,0.6702464371882448,0.6886792730307154,0.7771218657529471,
