,job419_scenario2_817,job429_scenario2_858,job431_scenario2_860,job432_scenario2_861,
in27,0.7296938844657208,0.3628288256967716,0.1751451048391489,0.1751451048391489,
B14,0.9697121252691996,0.7930570220815375,0.5120532996907756,0.44185246451122784,
B11,0.5892922141066251,0.19573803646907573,0.0,0.0,
cn12,0.8265838385138686,0.40327609806456427,0.2334007513872567,0.25164250892994067,
B54,0.8061912885565126,0.4126371109189632,0.20183422370774906,0.22495339006134052,
