,job34_scenario3_79,job35_scenario0_80,job38_scenario2_83,job40_scenario0_87,job41_scenario2_89,job42_scenario1_90,
in27,0.5100396384098136,0.22936518168140918,0.30993667063282027,0.06576146979831632,0.024775988211033106,0.0,
B14,1.1398388032302658,0.8591643465018612,0.9851606824217871,0.6392181187282275,0.73863430750004,0.6417443534518921,
B11,0.8731314435581868,0.4289361501170953,0.469987720620313,0.2454338588338768,0.211516157067126,0.18482703819852586,
cn12,0.9496288476489785,0.6387674447464502,0.7732804104720581,0.44583125634639476,0.47822351673920505,0.4515343978706049,
B54,0.7594188920676912,0.6570092022891341,0.7949507268404999,0.4396471502925413,0.6684334723204921,0.5484243519187528,
