,job40_scenario0_87,job43_scenario0_94,job44_scenario1_95,job45_scenario1_96,job46_scenario4_97,job47_scenario0_98,job48_scenario3_99,job49_scenario0_101,
in27,0.6437857770991745,0.5490000320083801,0.653487136357156,0.6418339294434428,0.6873888204605416,0.418043412107141,0.5858125359012727,0.26383934958659294,
B14,0.6688180741103329,0.567241789551064,0.7348619492588554,0.7397104192825115,0.6754436318291017,0.47464223679780715,0.7640773028511201,0.31364763480878455,
B11,1.0106036777728673,0.9392143393877221,1.063322782784566,1.0183629675860304,1.2643152561156472,0.8069939433435043,1.0925381363768305,0.638303115969675,
cn12,0.3736638488694446,0.27850076277306135,0.43352361796411376,0.41616657316266115,0.4536671485683068,0.16442316081478037,0.36715571475117625,0.0,
B54,1.0581187299611923,1.022245974146863,1.1068344990955135,1.1770063954878098,1.2643152561156472,0.8852490941345053,1.0040955436545989,0.7509436110140828,
