,job612_scenario2_1268,job615_scenario2_1275,job616_scenario2_1276,job617_scenario3_1278,job618_scenario3_1279,job619_scenario1_1281,job620_scenario2_1283,job621_scenario1_1284,job622_scenario1_1285,job623_scenario3_1287,
in27,0.3685467168334643,0.30120519404833157,0.30351908419094387,0.41062287500006345,0.2915951618407694,0.21469376023120101,0.11352147319070882,0.03774800106131182,0.0,0.03037802447391047,
B14,0.9574183411200098,0.9602776535144247,0.8506367388667507,0.8212297323367617,0.8306585009051233,0.8200670614551159,0.7290822163458545,0.7184907768958471,0.6275059317865856,0.5259296472273167,
B11,0.8374092207182704,0.7700676979331376,0.7888832650131192,0.9181196863849096,0.8306585009051233,0.7000579410533765,0.6406396236236227,0.6371159639941476,0.48080769251624605,0.645938767629056,
cn12,0.4387475520130121,0.39954399808162916,0.39728937612839327,0.4327555055627341,0.4154951552624956,0.2698297446686104,0.2849957006720816,0.1682534601093415,0.1270769002222717,0.1890214523756899,
B54,1.0276191762995575,1.0100859387366163,0.8275175725131593,0.8212297323367617,0.7422159081828916,0.8200670614551159,0.7992830515254021,0.7184907768958471,0.6977067669661333,0.47612136200512506,
