,job156_scenario1_316,job157_scenario0_317,job158_scenario0_319,job163_scenario1_326,job164_scenario1_329,job165_scenario1_331,job166_scenario2_333,job167_scenario3_334,job168_scenario2_336,job169_scenario1_339,job170_scenario2_340,job171_scenario0_346,
in27,1.1438941644179428,0.9606613419719626,0.976878606863032,1.084475846988189,1.029093209985986,1.0258162029213045,0.951146531601984,0.9931159431474024,0.9513330347494124,0.8852062844304841,0.8626164885569882,0.46720568202736423,
B14,1.1621359219606266,1.0575512960201106,1.0266868920852237,1.0679741700508196,1.0789014952081775,1.0605596374013577,1.1413564871832713,1.1682610479865514,1.261552110732439,0.9141294544616294,1.0280504559272425,0.5343420732637572,
B11,0.8652416161144239,0.7160665378943755,0.6982260585595133,0.7603984517161556,0.8002489469046586,0.7636653315551549,0.7609365760206968,0.9394167849052241,0.6726804864458935,0.6519785830954798,0.6128871102846147,0.20817447277191337,
cn12,0.6554103214850688,0.4934556599445984,0.4897743454355421,0.6133201100695164,0.5564253537363599,0.5622813982517163,0.5911191703967658,0.7380328516017853,0.5414973883220027,0.4688364073347251,0.42800485391854537,0.0,
B54,0.9923185163366957,0.8824061911809618,0.8182351789612525,0.9644667265864496,0.9406506172637542,0.8907422317774267,0.8697717187002847,0.8313528531349246,0.9513330347494124,0.8106220109972593,0.7880322151237635,0.3240773952720334,
