,job24_scenario1_57,job25_scenario4_58,job26_scenario0_59,job27_scenario3_61,job28_scenario2_64,job29_scenario1_67,
in27,0.32287551041677337,0.34169107749675504,0.1433836229920611,0.38346631338875903,0.2096460189437912,0.07536947461062027,
B14,0.6913502329479079,0.8372427002501612,0.5446230548903168,0.7905753434199336,0.7715076038567583,0.5874227743013959,
B11,0.6597837052684001,0.7986083927501213,0.5204251525681407,0.7203745082403858,0.5465542137954179,0.44702110394230027,
cn12,0.2179312407571723,0.3101245498172473,0.035746662000086804,0.2950237206665274,0.08963689854205181,0.0,
B54,0.8998019460718789,0.7986083927501213,0.5727610237440666,0.7905753434199336,0.7216993186345668,0.5874227743013959,
