,job594_scenario1_1235,job597_scenario3_1243,job598_scenario1_1247,job599_scenario2_1248,job600_scenario4_1249,
in27,0.3218638310167262,0.48752427660963193,0.10157628455926881,0.0,0.01650167693736948,
B14,0.4129497813873204,0.33859198617674735,0.17759738418772475,0.1462219348080036,0.1462219348080036,
B11,0.628192033979766,0.6626693814487807,0.34303135155797876,0.20988853931920226,0.32989765972094165,
cn12,0.7166346267019977,0.7826785018505202,0.3816656590580188,0.35029020967829777,0.4000984949004894,
B54,0.8801554634146846,0.7124776666709723,0.6918847350410454,0.710317570883516,0.5516741429817366,
