,job401_scenario1_783,job415_scenario1_807,job416_scenario4_811,job417_scenario0_815,job418_scenario2_816,job419_scenario2_817,job420_scenario0_820,
in27,1.1288234165362232,0.9699139016234053,0.9495870570045168,0.74163577557339,0.8532727663219981,0.8093232971531594,0.6471272708346533,
B14,0.7891886052883612,0.6446299748982403,0.709568816201038,0.4819961957218432,0.6132545255185192,0.5693050563496805,0.3573007448089829,
B11,1.1105816589935393,0.9699139016234053,1.0695961774062561,0.7487035553939221,0.8532727663219981,0.8858207012439511,0.6702464371882448,
cn12,0.49902425171577114,0.3659774265947213,0.467399782982887,0.11110914513285297,0.2826428995781366,0.2857750992352541,0.0,
B54,1.199024251715771,1.145059006462554,1.0695961774062561,0.9002792034751693,0.9465927678551374,0.956021536423499,0.717328106014201,
