,job240_scenario0_477,job241_scenario0_478,job245_scenario0_483,job248_scenario1_488,job259_scenario1_508,job260_scenario1_509,job262_scenario2_514,job263_scenario1_515,job264_scenario1_516,job265_scenario0_519,job266_scenario2_520,job267_scenario0_522,job268_scenario2_523,job269_scenario1_526,
in27,0.9436734961856166,0.9338613320996654,0.917741404691119,1.0068048911476755,0.939059370843766,0.8889292013839958,0.825941895171834,0.8668900928144863,0.8378581450160224,0.6655805935843615,0.7363107992440051,0.5765047004605799,0.6116153483311447,0.5502373167865053,
B14,0.9240521571375487,0.8592770586664407,0.8712951001116441,0.983685724794084,0.8355519273793961,0.8889292013839958,0.8378870838032739,0.7318161216706087,0.8694246726955301,0.6052759697158798,0.7945664457921129,0.5133716451015644,0.6929901612328441,0.3954847619047127,
B11,0.4892473974786744,0.4939219982460047,0.4627372200953198,0.6144397913536612,0.48669854389632944,0.47832234404729757,0.3957136987870681,0.3980275889296804,0.34230652226261615,0.1967180896995554,0.3257039419073069,0.12207860175363772,0.2076259804106687,0.03156652767950774,
cn12,0.39000762057335314,0.3770897846448108,0.3609698572362644,0.5429611897630279,0.39687636966871376,0.40582827583388315,0.36414717110756023,0.35139621050803427,0.35782166340906485,0.10827549697732375,0.2625708865482914,0.022838824848316452,0.18138715194637867,0.0,
B54,1.0440612775392881,1.0290944642903717,1.083175372061373,1.1850696580975228,1.114204475682915,1.0356274406543353,0.9845853230736135,1.1620443180553746,0.9894337930972696,0.746955406486061,0.9145755661938524,0.6537733154606599,0.8516335891346235,0.690638987145601,
