,job558_scenario0_1152,job560_scenario4_1163,job561_scenario4_1170,
in27,0.49161553130218943,0.6136215159474978,0.25825999834616264,
B14,0.462199796037354,0.5638132307253061,0.18176259425537095,
B11,0.5193767066168773,0.6838223511270455,0.3986616687052583,
cn12,0.13812240076532067,0.32379498992182726,0.038634307500040044,
B54,0.24530072158746669,0.32379498992182726,0.0,
