,job583_scenario3_1213,job584_scenario1_1214,job585_scenario2_1218,job586_scenario0_1220,job587_scenario3_1223,
in27,0.9200586906310244,0.7707513414666145,0.6598389781699759,0.5036059383648595,0.6528304123588635,
B14,0.9902595258105721,0.8779296622887607,1.0086923616530425,0.5969259398979987,0.7728395327606029,
B11,1.0400678110327637,0.7579205418870213,0.7482815708922076,0.5267251047184509,0.6528304123588635,
cn12,0.5333422105572059,0.3361397068281715,0.2781413005963159,0.0,0.15240138079454968,
B54,0.5915978571053138,0.49478313472995095,0.43176592599793706,0.24972937827237374,0.17279393075190586,
