,job387_scenario1_739,job393_scenario3_750,job394_scenario2_754,job395_scenario1_755,job396_scenario1_757,job397_scenario4_760,job398_scenario4_762,job399_scenario1_764,job400_scenario4_767,
in27,0.23452801849825877,0.26612188164586353,0.09202759916800496,0.11909341464998291,0.08669444381437041,0.10960933388945637,0.16864492008169896,0.026872128865840006,0.0,
B14,0.8465188091383957,0.8816826248010091,0.8120823215784414,0.7449425245791268,0.7253743533231074,0.6900335968500856,0.6873157091886967,0.6237980687638386,0.600045602008697,
B11,0.8233996427848043,0.8114817896214614,0.7307075086767421,0.701430808268179,0.6471192025321065,0.7167227157186857,0.7575165443682444,0.580286352452891,0.5417899554605891,
cn12,0.2843363037204504,0.3261176087992858,0.20988592715507215,0.1827600191611815,0.1720725925934471,0.24786021183387968,0.21845320530389056,0.089753532199643,0.16137004429801471,
B54,0.9047744556865036,0.7847926707528612,0.8120823215784414,0.8418324786272747,0.8222643073712554,0.7869235508982335,0.807324829590436,0.5166197479416924,0.600045602008697,
