,job829_scenario1_1850,job831_scenario3_1855,
in27,0.29760630274607125,0.2786525483035189,
B14,0.20428630121293198,0.12000912040173944,
B11,0.29760630274607125,0.12000912040173944,
cn12,0.10739634716478413,0.0,
B54,0.3242954216146714,0.0884425927222317,
