,job138_scenario0_285,job139_scenario1_286,job142_scenario0_295,job143_scenario1_297,job144_scenario3_299,job145_scenario1_302,job147_scenario1_310,job148_scenario1_311,job149_scenario1_312,job150_scenario1_314,job151_scenario3_315,job152_scenario3_318,
in27,0.2021717365140302,0.290982348346457,0.14219976066637113,0.2875118565090304,0.33459873984454513,0.21609518265578825,0.07588459059647934,0.09495072684050004,0.07236093096700424,0.02800746427938894,0.16099460198902255,0.0,
B14,0.6323999328987963,0.7247804972462317,0.5177422630180379,0.6861735252142886,0.6981960535647721,0.6463233790405543,0.5012353781703377,0.46342544937163455,0.5608447738998782,0.3996590936110689,0.5477110820628409,0.24001824080347883,
B11,0.5390799313656569,0.7043879472888754,0.4723174160495232,0.6244200513606571,0.6981960535647721,0.5845699051869228,0.5216279281276939,0.583434569773374,0.45907741104082256,0.36491565913101565,0.3778936764389099,0.38671648007381837,
cn12,0.2150025360936233,0.41456142126320505,0.16209834006649654,0.3324427329203145,0.38797697758174554,0.25784915226652677,0.14120801696511942,0.14475901206269165,0.158754546368862,0.08007900477364338,0.1672911709002664,0.0062965689112438605,
B54,0.6741539025095347,0.7043879472888754,0.5458802318717877,0.7444291717623965,0.6981960535647721,0.6730124979091545,0.5447470944812853,0.622068877273414,0.7194882018016576,0.5400607639701644,0.3778936764389099,0.26670735967207904,
