,job692_scenario0_1462,job694_scenario1_1466,job704_scenario1_1499,job705_scenario1_1500,job706_scenario3_1502,job707_scenario1_1503,
in27,0.48633762612852305,0.5495494674227234,0.23637591865548713,0.2396427984944866,0.16709078922769582,0.07864819650546406,
B14,0.43702190614002145,0.4674034436117356,0.18003340276494628,0.11748288567807474,0.21689907444988732,0.0,
B11,0.7186596415471951,0.8864576622743501,0.4763941594589659,0.49790279684064925,0.3804199111625744,0.30216476037157347,
cn12,0.5708893458307679,0.7366949790608556,0.393362524699825,0.37789367643891,0.3369081948516267,0.21689907444988743,
B54,0.4010719402068369,0.5558460363339672,0.2298416879871379,0.18768372085762275,0.026689118868600148,0.05825564654810789,
