,job209_scenario0_415,job214_scenario0_429,job218_scenario0_434,job220_scenario0_438,job221_scenario0_439,job222_scenario0_440,job226_scenario1_447,job227_scenario0_448,job229_scenario0_451,job232_scenario1_455,job233_scenario2_457,job234_scenario1_459,job235_scenario0_460,job236_scenario3_461,job237_scenario2_464,job238_scenario3_465,job239_scenario1_467,job240_scenario0_468,job241_scenario0_469,
in27,1.1905879731078979,1.1466095651518078,1.1421062446379269,1.1092567367678985,1.0973838182017603,1.0790909925688035,1.165151178761597,1.0521831669923711,1.0157350518298685,1.0860848510957568,1.1052490248329996,1.078530967177148,0.9430819373017449,1.2209758122423946,0.9232555243757006,1.119399527683126,0.8591798152220775,0.6133965079388931,0.5732631732144403,
B14,1.450998763868733,1.3866278059552868,1.3769558460103333,1.3591711888824434,1.3879815551367192,1.3395017833296388,1.60923769443537,1.3237679354753578,1.2795078232334203,1.3527922107678356,1.3737141312052876,1.3238769071958445,1.1779315386741513,1.372551460323642,1.342309743038315,1.2394086480848652,1.169398891205104,0.8664386733423965,0.889557839695988,
B11,1.3958627794313236,1.3599386870866865,1.3172513494770757,1.2994666923491858,1.3020301789609114,1.3047583488495853,1.3692194536318911,1.2353253427531263,1.2271719520574942,1.3180487762877826,1.3302024148943399,1.268740922758435,1.1182270421408937,1.4609940530458734,1.1520997874570278,1.4296186036661525,1.017823243123857,0.8036064635201803,0.8036064635201803,
cn12,0.5845600905263365,0.5310488219966623,0.5146003128513413,0.49681565572345143,0.4920105169778455,0.48392279937101434,0.6399461589862503,0.4528152040595357,0.4268634275433232,0.5312709710351431,0.5715133849838636,0.5150417645162568,0.32528714298405426,0.5769682035184398,0.4134654799569879,0.5305279033965803,0.2791889356238171,0.0,0.0,
B54,1.5710078842704724,1.4568286411348343,1.398626162378775,1.3808415052508851,1.3648623887831277,1.3830134996405863,1.4625394551650304,1.362402242975398,1.2696116119223544,1.4229930459473836,1.4706040852534357,1.4052517200975438,1.2382361625426332,1.270784097464586,1.2721089078587673,1.2127195292162651,1.1378323635255965,0.9313118093067264,0.9313118093067264,
