,job825_scenario4_1824,
in27,0.0,
B14,0.5973189856124618,
B11,0.7173281060142012,
cn12,0.42217388077331286,
B54,0.3684747225311345,
