,job657_scenario1_1383,job660_scenario0_1389,job661_scenario4_1390,job663_scenario1_1392,job664_scenario0_1393,job665_scenario1_1395,job666_scenario2_1396,job667_scenario3_1397,job668_scenario2_1398,job669_scenario1_1399,job670_scenario0_1400,job671_scenario0_1401,
in27,0.481462930635813,0.2880973345352459,0.45690439412948,0.3905090340838234,0.24593936740573075,0.32728524152017846,0.3655444902886934,0.4847949373275636,0.3136511179902971,0.2643722032482012,0.13047582477020347,0.07886917491818712,
B14,1.0001337197428106,0.8769689588217913,1.0844103259160656,0.943430692437184,0.7819382625269296,0.9049828880845724,0.9393512638331005,0.8722826283106704,0.9727235774563904,0.8301246611811552,0.663004933166208,0.6506972233496621,
B11,1.0001337197428106,0.783648957288652,1.0142094907365178,0.8882947079997745,0.7646101565127283,0.8845903381272162,0.819342143431361,1.1123008691141492,0.7975784726172415,0.7914903536811151,0.663004933166208,0.5878650135274459,
cn12,0.396518165219105,0.18632997167619048,0.4523479058235506,0.3278699492820384,0.1609946019890226,0.2652242426072505,0.29222399299844715,0.3602293286198949,0.24603445858779038,0.24270188687975958,0.019113953993894817,0.0,
B54,1.1019010826018663,0.8538497924681998,1.0457760184160254,0.9665498587907755,0.8765649613030146,0.9863577009862718,0.9709177915126083,0.8722826283106704,0.9025227422768427,0.8532438275347467,0.7193474490567487,0.7320720362513614,
