,job209_scenario0_415,job214_scenario0_429,job218_scenario0_434,job220_scenario0_438,job221_scenario0_439,job222_scenario0_440,job227_scenario0_448,job229_scenario0_451,job232_scenario1_455,job233_scenario2_457,job234_scenario1_459,job235_scenario0_460,job236_scenario3_461,job237_scenario2_464,job238_scenario3_465,job239_scenario1_467,job240_scenario0_468,job241_scenario0_469,job242_scenario1_470,job243_scenario0_472,
in27,1.3893732499298634,1.3480697668656996,1.3450197832422481,1.313655527295699,1.3022129867246726,1.284378826887136,1.262613409714977,1.2291869191699507,1.3053992442695694,1.328811356073488,1.307840842996346,1.1761019758978466,1.4585052405392087,1.182993620627654,1.3922697124529617,1.1843184310218349,1.0074111485240174,0.9251198466700492,0.9917862401405562,0.783031634759141,
B14,1.4595740851094114,1.3978780520878913,1.3896594290333675,1.3733600238289565,1.402600768078344,1.354579662066684,1.3439882226166764,1.3027497349922152,1.381896648360361,1.407066506864489,1.3629768274337555,1.2207416216889657,1.4198709330391688,1.4118378837089811,1.322068877273414,1.3043275514235741,1.0702433583462334,1.0512045575703097,1.1117953605422954,0.8373372264159407,
B11,1.404438100672002,1.371188933219291,1.3299549325001099,1.313655527295699,1.3166493919025362,1.3198362275866304,1.2555456298944447,1.2504138638162894,1.3471532138803077,1.3635547905535412,1.307840842996346,1.1610371251557081,1.5083135257614004,1.2216279281276938,1.5122788328547012,1.152751903342327,1.0074111485240174,0.965253181394502,1.050041886688664,0.8200091204017395,
cn12,0.6050806003984546,0.5542442567607064,0.5392490845058151,0.5229496793014041,0.51857491855091,0.5109458667394992,0.48498067983229387,0.46205052793355805,0.5723205972591082,0.6168109492745046,0.5660868733856075,0.3800424146303085,0.6362328648654063,0.49493880925909384,0.6251333212165688,0.42606278447372703,0.21574987363527653,0.1735919065057614,0.2917862401405562,0.0,
B54,1.5795832055111507,1.4680788872674388,1.4113297454018092,1.3950303401973982,1.3794816017247524,1.3980913783776314,1.3826225301167165,1.2928535236811494,1.4520974835399088,1.5039564609126368,1.4443516403354548,1.2810462455574476,1.3181035701801131,1.3416370485294333,1.2953797584048137,1.2727610237440665,1.1351164943105634,1.0929585271810482,1.1384844794108957,0.8565944505814055,
