,job325_scenario0_619,job330_scenario0_628,job333_scenario0_631,job338_scenario0_645,job344_scenario4_656,job346_scenario3_660,job347_scenario1_662,job348_scenario1_664,job349_scenario2_666,job350_scenario1_667,job351_scenario3_668,job353_scenario0_670,job354_scenario0_675,job355_scenario1_678,
in27,0.9077561003256102,0.9056336488898457,0.867643034322302,0.8370462936579472,0.8902684712726014,0.9541814662757515,0.8436011144423737,0.8555994708658621,0.8014431473128586,0.7886921867133325,0.8680450911901462,0.6220157094813654,0.4644231385035745,0.4372959762052983,
B14,0.9745283766794,0.9607696333272551,0.9412058501445666,0.8998785034801635,0.9835884728057407,1.0510714203238996,0.936921115975513,0.9173529447194937,0.9916531028941458,0.8820121882464718,0.9263007377382542,0.681720206014623,0.5716014593257208,0.5074968113848461,
B11,0.9379430464997339,0.9136879645012989,0.8888699789686406,0.8370462936579472,1.0804784268538885,1.0124371128238594,0.8751676421218815,0.873841228408546,0.8014431473128586,0.7886921867133325,1.0849441656400336,0.6370805602235038,0.4782814577925814,0.46886250388480605,
cn12,0.4740993451150862,0.44318434346792523,0.43411689893152694,0.3790569219584936,0.6298576805117664,0.6004506739817772,0.42074154341493936,0.40886959754372676,0.4414157861076404,0.35139621050803427,0.4645060136739803,0.17792919380759264,0.012328880604739578,0.0,
B54,0.8059887374665545,0.7936788440995594,0.7726662109317212,0.759476833121068,0.8902684712726014,0.740852344340873,0.7467111603942258,0.8240329431863544,0.7045531932647107,0.7886921867133325,0.677835135608859,0.566879725043956,0.35827233739084197,0.34040602215715043,
