,job24_scenario2_52,job29_scenario1_60,job34_scenario1_68,job37_scenario1_77,
in27,0.8001664913105899,0.7254083646713088,0.586783432992557,0.24001824080347883,
B14,0.9019338541696456,0.7640426721713487,0.7206508726833034,0.3284608335257104,
B11,0.781924733767906,0.7871618385249401,0.6708425874611117,0.34885338348306666,
cn12,0.48058640247316436,0.43343104623096607,0.3135418426521288,0.0,
B54,0.6534682520402504,0.6938418369918009,0.48063263187982463,0.2786525483035189,
