,job946_scenario1_2255,job947_scenario4_2257,
in27,0.4754619650534939,0.4938948008959645,
B14,0.3287637257831543,0.37388568049422505,
B11,0.461603645764487,0.6841047564772517,
cn12,0.04523376866872786,0.0,
B54,0.4368276575534539,0.3036848453146773,
