,job368_scenario0_702,job382_scenario1_723,job383_scenario0_725,job387_scenario1_739,job391_scenario2_748,job392_scenario3_749,job393_scenario3_750,job394_scenario2_754,job395_scenario1_755,job396_scenario1_757,job397_scenario4_760,job398_scenario4_762,
in27,0.9160886741159454,1.0207988744202872,0.8709425211279015,0.928349120354736,0.828910351997262,0.9149402568686741,0.9263296765255056,0.723783072340421,0.7401648670175863,0.6780262139086457,0.6020053161235827,0.5888716242865455,
B14,0.8885487596145848,1.005734023678149,0.807809465768886,0.9016600014861359,0.8871659985453699,0.9149402568686741,0.9032105101719141,0.8051578852421204,0.7273340674379931,0.6780262139086456,0.5437496695754748,0.46886250388480605,
B11,0.9719725498366582,1.0555423089003404,0.8780103009484337,0.9985499555342838,0.8555994708658621,1.084757662492605,0.9530187953941058,0.8437921927421603,0.8038314715287849,0.7197801835193841,0.6904479088458144,0.6590724594660933,
cn12,0.3048457747591117,0.4351041569342874,0.2371795990250244,0.33947749606819055,0.2756085912676016,0.33045207083580563,0.34764549417019097,0.20296149081875114,0.16515156202004766,0.12472445317898528,0.10157628455926881,0.0,
B54,1.042173385016206,1.0990540252112881,0.9841611020611662,1.0799247684359832,1.0956177116693409,0.9647485420908657,0.9263296765255056,0.9251670056438598,0.9442331418878804,0.894925288358533,0.7606487440253621,0.7088807446882848,
