,job891_scenario1_2053,job892_scenario1_2054,
in27,0.14845598597054876,0.14845598597054876,
B14,0.2684651063722881,0.24534594001869664,
B11,0.055135984437409524,0.0,
cn12,0.10494426965960113,0.10494426965960113,
B54,0.3653550604204361,0.32672075292039604,
