,job1138_scenario1_3247,
in27,0.03594996593318467,
B14,0.14312828675533085,
B11,0.06487313596432992,
cn12,0.0,
B54,0.14312828675533085,
