,job461_scenario0_905,job463_scenario0_908,job471_scenario0_922,job476_scenario1_934,job478_scenario3_936,job479_scenario3_939,job480_scenario2_940,job481_scenario0_942,job482_scenario2_943,job483_scenario0_945,job484_scenario2_946,job485_scenario0_948,
in27,1.031027948750069,0.9996905402033243,0.9337379921052213,0.9782732298720604,1.0427642130845958,1.0572317418337656,0.9232555243757006,0.7634783643795269,0.8860519440879175,0.6812775694573361,0.7622898611739296,0.5535352557925144,
B14,0.7063724675891785,0.6745916873203305,0.6052771585795109,0.6085347311979474,0.7254773572810369,0.690136600808015,0.7646120964739211,0.4123317478625935,0.6625353802218081,0.35281673593162566,0.6303355521407502,0.25010671927796246,
B11,1.046778489746329,1.045115387171839,0.9856970697420853,0.9921315491610674,1.1627733334863353,1.0887982695132734,0.9934563595552484,0.7779147695573907,0.9207953785679708,0.742117391782485,0.7889789800425296,0.5673935750815213,
cn12,0.4436684437944768,0.4429189927484697,0.3867369669810561,0.4650133987281535,0.5921434667424736,0.5220592757893985,0.43272270412245284,0.20981248876726344,0.3804542730925313,0.12786334587028514,0.2984461597892819,0.0,
B54,0.9969702045241373,0.9996905402033243,0.9691953928047159,1.0623323843406152,0.945874259036448,0.9372226214320262,0.8965664055071004,0.731911836700019,0.844297974477179,0.6878118001256853,0.8205455077220374,0.5535352557925144,
