,job514_scenario0_1008,job517_scenario0_1021,job523_scenario0_1035,job524_scenario0_1036,job525_scenario0_1039,job526_scenario4_1040,job527_scenario3_1043,job528_scenario0_1045,job529_scenario0_1046,
in27,0.5241842337636768,0.4943914407761023,0.3607572233624332,0.3467901263061077,0.3149142452335423,0.46214185498397753,0.5009672407838042,0.009361012854399053,0.022685782991222814,
B14,1.162864143272414,1.0798345062368897,0.9700213976063348,0.9455579619037189,0.9149598472422393,1.0243243604019228,0.981003722390762,0.5715435182723443,0.6186251870983006,
B11,1.096554181112853,1.020130009703632,0.8927527826062547,0.8654609154131052,0.8265172545200077,1.2412234348518103,1.0196380298908019,0.5484243519187527,0.5484243519187527,
cn12,0.5489602219747101,0.4943914407761023,0.3706534346734991,0.35332435697445685,0.3113442927185335,0.563909217843033,0.5823420536855035,0.0,0.01589524352274818,
B54,1.1516901655502625,1.1134500112367716,1.0348945335706647,1.020927436514339,0.9037858695200878,1.1710225996722623,0.8996289094890625,0.6545751530314852,0.6545751530314852,
