,job138_scenario0_285,job139_scenario1_286,job142_scenario0_295,job143_scenario1_297,job147_scenario1_310,job150_scenario1_314,job151_scenario3_315,job152_scenario3_318,job153_scenario3_320,job154_scenario3_322,
in27,0.28211011901705924,0.3717199577732951,0.2328843720670119,0.38141733606838507,0.21975068022997463,0.2279986180987249,0.3891766258815482,0.3369081948516268,0.21739950614273154,0.14254127923931437,
B14,0.1354118797467198,0.22859167101796413,0.03150043876357306,0.20315256911853774,0.06817503214872744,0.022723811775299363,0.198966670300261,0.0,0.16759122092053988,0.21274211441886212,
B11,0.16210099861531985,0.32820824146234734,0.10608471219679777,0.2614082156666456,0.20857670250782306,0.10798949769698551,0.1491583850780694,0.266707359672079,0.21739950614273149,0.0927329940171227,
cn12,0.1482426793263129,0.34860079141970357,0.10608471219679777,0.2796499732093296,0.13837586732827523,0.13337191932263992,0.24877495552245255,0.19650652449253114,0.16759122092053988,0.05409868651708266,
B54,0.417184090160937,0.4482173618640867,0.2996566484208017,0.5014264564701245,0.3517049892631539,0.4031437229378738,0.2691675054798088,0.26670735967207904,0.12895691342049984,0.1741078069188221,
