,job643_scenario0_1337,job646_scenario0_1342,job651_scenario1_1358,job652_scenario1_1361,job653_scenario0_1363,job654_scenario4_1366,
in27,0.20444982582593296,0.18317433115691018,0.20160716699938086,0.14448982769802554,0.0,0.17023171761965972,
B14,0.76586112033459,0.7036580851316606,0.7518444837858862,0.7010237133957749,0.5471728728433505,0.7316430121283167,
B11,0.29319326408496393,0.279613994800748,0.33279026512327176,0.26761861021046335,0.12312878251243786,0.30141481574355067,
cn12,0.3538746814925078,0.3358354784858252,0.39454373897690326,0.356061202932695,0.1637418151254102,0.38985740846578243,
B54,0.7441908039661482,0.7565308142970072,0.7749636501394777,0.8027910762548305,0.6128764015882903,0.7702773196283568,
