,job774_scenario0_1684,job775_scenario0_1687,job777_scenario4_1691,job778_scenario1_1693,job779_scenario4_1696,job780_scenario0_1697,
in27,0.49665507962563216,0.45063004971490606,0.6249334041773873,0.47559711622572587,0.48119915248860323,0.20138393330343873,
B14,0.5063662170945269,0.49190771486330886,0.5728910677926506,0.5103405507057791,0.5105316290055659,0.2026477094464172,
B11,0.9504527327682997,0.8791181654943578,1.098352396368123,0.9361853088368683,0.9230516169998311,0.6236150587665985,
cn12,0.318840603080095,0.2790725634856608,0.4983067943594258,0.3450204515164562,0.3932068501706818,0.0,
B54,1.0704618531700392,0.9675607582165894,1.1867949890903544,1.0561944292386078,0.8732433317776395,0.704989871668298,
