,job488_scenario0_954,job489_scenario0_956,job494_scenario0_969,job498_scenario0_974,job502_scenario0_983,job506_scenario3_994,job510_scenario2_1001,job511_scenario0_1003,job513_scenario1_1006,job514_scenario0_1008,job515_scenario3_1011,
in27,0.9551955667904914,0.9566760689979729,0.8998351626647149,0.9149226121986069,0.8764748078459953,1.022868908232836,0.9120156691367554,0.6711687811364067,0.8330291804509824,0.5752696137976638,0.6494447825884639,
B14,1.0457889519273955,1.0407352234665277,1.0259198735649755,0.9962974251003063,0.9578496207476948,1.0811245547809438,0.9555273854477031,0.7856810410365206,0.8330291804509824,0.6952787341994032,0.7512121454475196,
B11,0.9829567421051792,0.9779030136443114,0.932599872031836,0.9299874629407453,0.8838434332033269,1.1695671475031755,0.9324082190941116,0.7154802058569727,0.87654089676193,0.6289687720398422,0.7898464529475596,
cn12,0.36168419545014374,0.3599924476319927,0.30586515115453883,0.3043806715436198,0.2625708865482914,0.49932071031493064,0.29372830958537466,0.11186465133326706,0.21474182089960148,0.0,0.09291089689071463,
B54,1.068908118280987,1.1056083594308577,1.0526089924335755,1.0082426137317464,0.9578496207476948,0.9997497418792445,0.9822165043163034,0.8088002073901122,1.0232391360322697,0.6841047564772517,0.6312030250457802,
