,job753_scenario0_1623,job754_scenario0_1628,job760_scenario3_1648,job761_scenario0_1650,
in27,0.5988374493894912,0.5410649631750388,0.570088663829579,0.10848501806509181,
B14,1.2080161029782261,1.1464382643989537,1.1754619650534939,0.6841047564772518,
B11,1.1127829707875196,1.1039986045340937,1.0554528446517546,0.6510261094667906,
cn12,0.49327217274106583,0.46683081435631,0.4256536798313023,0.0,
B54,1.246650410478266,1.1563344757100196,1.0168185371517144,0.7138583192890069,
