,job414_scenario2_813,
in27,0.0,
B14,0.710317570883516,
B11,0.11299858527105422,
cn12,0.32989765972094165,
B54,0.5516741429817366,
