,job366_scenario0_699,job368_scenario0_702,job382_scenario1_723,job383_scenario0_725,job384_scenario1_726,job386_scenario4_733,job387_scenario1_739,job388_scenario2_743,job389_scenario2_744,job390_scenario4_745,job391_scenario2_748,job392_scenario3_749,job393_scenario3_750,job394_scenario2_754,
in27,0.6686238523021735,0.6347073702779684,0.7267454180524465,0.5748304728462978,0.6829066453752891,0.7746161179365203,0.6052991440054334,0.5749127743741436,0.4960725413534881,0.6237609186351554,0.4443334808036624,0.5145053771959586,0.504924283775648,0.1586434279017795,
B14,0.7353961286559633,0.7271765761783472,0.8316896877120477,0.6317065378890218,0.8167740850660354,0.8061826456160281,0.6986191455385726,0.7500578792132925,0.8560999025587064,0.6820165651832634,0.6225982477535097,0.634514497597698,0.6018142378237961,0.3600273612052183,
B11,0.39703908381918684,0.4119386976951622,0.48283630422898094,0.3032457043633112,0.48831325154032496,0.5275300973125092,0.3968474308814623,0.3513962105080342,0.3872373986739002,0.3717974892002367,0.19237005136874363,0.40567023451637074,0.25296085434072935,0.0,
cn12,0.4121039345613252,0.40388438208370914,0.5214706117290211,0.3214874619059951,0.48831325154032496,0.5661644048125491,0.3968474308814623,0.39003051800807426,0.39918258730534023,0.4806326318798246,0.27145163123657645,0.31043710232566446,0.30666001258290776,0.01824175754268398,
B54,0.7818424332354381,0.7607920811782289,0.8050005688434474,0.6880490537795625,0.8167740850660354,0.8061826456160281,0.7568747920866805,0.7114235717132524,0.697456474656927,0.9606691134867822,0.7110408404757413,0.5643136624181503,0.504924283775648,0.3600273612052183,
