,job787_scenario1_1710,job797_scenario1_1742,job798_scenario1_1745,
in27,0.36966891660798973,0.1468812492675795,0.0,
B14,0.5830982043326828,0.3811956521833188,0.2991875388800693,
B11,0.6892490054454152,0.5012047725850581,0.4191966592818086,
cn12,0.6329064895548745,0.35450653331471865,0.28094578133738546,
B54,0.9635181154952572,0.7616155633458932,0.7996165704443831,
