,job29_scenario1_60,job38_scenario0_78,job40_scenario2_81,job41_scenario4_82,job43_scenario4_85,
in27,0.5660474837312439,0.25651991774084826,0.36289491461270623,0.35854687628189424,0.2773631416799816,
B14,0.6046817912312841,0.32329219409463805,0.45133750733493794,0.34030511873921043,0.30048230803357306,
B11,0.6278009575848755,0.2786525483035188,0.3463932376753368,0.4603142391409499,0.358737954581681,
cn12,0.3442710004704491,0.0,0.09867877148705129,0.20379432140010162,0.13696147132088599,
B54,0.7246909116330235,0.3337885327409283,0.4829040350144457,0.49894854664098987,0.32717142690217327,
