,job692_scenario0_1462,job694_scenario1_1466,job704_scenario1_1499,job705_scenario1_1500,job706_scenario3_1502,job707_scenario1_1503,job708_scenario1_1504,
in27,0.5192847034012694,0.5828732636741535,0.29849191369422456,0.31121650088883723,0.2980828090518001,0.10806393177029949,0.09156225483293012,
B14,0.4405532481479326,0.4713115045983304,0.2127336625388483,0.1596408528075901,0.31847535900915624,0.0,0.05825564654810789,
B11,0.7017984335977498,0.8699731733035887,0.48870186927551174,0.5196682140128083,0.4616036457644871,0.2817722104142173,0.31651564489427053,
cn12,0.5540281378813227,0.7202104900900942,0.40567023451637085,0.399659093611069,0.4180919294535394,0.19650652449253125,0.1617630900124779,
B54,0.40460328221474784,0.559754097320562,0.2625419477610399,0.2298416879871379,0.12826540342786896,0.05825564654810789,0.09688995404814793,
