,job1161_scenario4_3406,job1162_scenario0_3408,
in27,0.4256536798313024,0.14123606504807795,
B14,0.4487728461848939,0.20406827487029416,
B11,0.5070284927330018,0.14123606504807795,
cn12,0.37051769539389295,0.0,
B54,0.5954710854552334,0.24001824080347883,
