,job1173_scenario2_3450,
in27,0.07956184803394664,
B14,0.5097900444187127,
B11,0.17288184956708588,
cn12,0.0,
B54,0.23113749611519382,
