,job267_scenario0_509,job275_scenario0_520,job277_scenario1_525,job279_scenario0_530,job281_scenario1_532,job283_scenario1_538,job285_scenario1_542,job286_scenario3_545,job287_scenario3_546,job288_scenario1_547,job289_scenario2_549,job290_scenario0_552,job291_scenario0_556,
in27,0.7993553298003213,0.773607375225978,0.864913037248997,0.7125940343561603,0.8145768391498959,0.7852496715999738,0.7622794693327228,0.8785143609409483,1.1431998121881415,0.697531706329712,0.6003985609049722,0.4382934011111089,0.24846560212939517,
B14,0.9130678812908168,0.8122416827260179,0.878771356538004,0.7480514350556549,0.9928416060997431,0.89242799242212,0.8120877545549144,0.8785143609409483,0.9529898566068542,0.8175408267314513,0.7540231863065933,0.5400607639701644,0.3257342171294752,
B11,0.5410953314541587,0.4949548269224592,0.6499270934566767,0.46939888675213604,0.6328142448945249,0.5355202933276002,0.4697686017401972,0.6384961201374693,0.7445381434828832,0.4339440087683314,0.4136171641494429,0.19509825350708465,0.0,
cn12,0.6858804400669312,0.6535982548242385,0.7903287638157722,0.6059096840912448,0.7141890577962243,0.7022180368408328,0.6422703489309834,0.7971395480392488,0.7445381434828832,0.6090891136074802,0.5638132307253061,0.3215205723717096,0.10883514267958772,
B54,0.5299213537320071,0.6108577494225792,0.6120639968659249,0.4791100242210309,0.6012477172150171,0.5906562777650097,0.5924620637087918,0.46023135318762204,0.4027525398203488,0.4890799932057408,0.45225147164948293,0.21866771026498633,0.030579991888586955,
