,job502_scenario0_983,job506_scenario3_994,job510_scenario2_1001,job514_scenario0_1008,job516_scenario0_1014,job517_scenario0_1021,job518_scenario4_1022,job520_scenario4_1027,
in27,0.3643388240452847,0.5355099788506482,0.45706065240623295,0.20264443081136585,0.1718086429340262,0.06529315114647194,0.21546027893508357,0.0,
B14,0.8443753056522423,0.9924272941040144,0.8992340374224388,0.7213152199183634,0.6904794320410238,0.53072709620552,0.7545236179994375,0.37826911874790203,
B11,0.7703691181078746,1.080869886826246,0.8761148710688473,0.6550052577588025,0.5993934816704296,0.47102259967226245,0.804331903221629,0.48003648160695767,
cn12,0.5091239326580573,0.7706508108432194,0.5974623227653285,0.3860638469241785,0.32391784016745634,0.22393657904825137,0.4443045420164109,0.24001824080347878,
B54,0.41414710926747633,0.480824284817549,0.495694959906273,0.27991304581144594,0.2602512356562579,0.13411440482063575,0.3242954216146714,0.13825087794442337,
