,job872_scenario0_1971,job874_scenario1_1979,
in27,0.27696767836311875,0.07400618754436777,
B14,0.21779838028652831,0.04243965986485998,
B11,0.3204793946740665,0.14420702272391556,
cn12,0.16685476927244536,0.0,
B54,0.4324341994643527,0.1828413302239556,
