,job923_scenario0_2174,
in27,0.1586434279017795,
B14,0.1840258495274339,
B11,0.12972025787063418,
cn12,0.0,
B54,0.3133959827835721,
