,job452_scenario0_884,job460_scenario1_903,job461_scenario0_905,job462_scenario0_907,job463_scenario0_908,job464_scenario3_909,job465_scenario2_910,job466_scenario3_914,job467_scenario1_915,
in27,0.8890597233120021,0.8468679942813732,0.7075094415811136,0.6748091818072116,0.6340140659048537,0.8653008301238437,0.6799393445662125,0.5529216583533607,0.4827208231738129,
B14,0.6961231513344796,0.7268588738796338,0.5414973883220027,0.5087971285481006,0.46755864092363947,0.7452917097221043,0.5283636964849654,0.36271170277207354,0.36271170277207354,
B11,0.4292226666419693,0.4525897638297917,0.2791734669036007,0.2162862609555748,0.23535239719959555,0.5412234348518101,0.2744871363924798,0.2288442630813271,0.0,
cn12,0.7320731172676642,0.7499780402332252,0.5503781330102875,0.5238619792902389,0.507470714834765,0.8386117112552436,0.639011804032306,0.5142873508533206,0.4031589751398662,
B54,0.6618722820881165,0.6882245663795936,0.48324174177389473,0.4274223156464012,0.44380411032356665,0.625282589320365,0.5985645316645133,0.24270258237033404,0.3240773952720334,
