,job177_scenario0_364,job185_scenario0_374,job189_scenario0_384,job193_scenario0_392,job194_scenario1_393,job195_scenario1_394,job196_scenario0_395,job197_scenario1_397,job198_scenario3_398,job199_scenario1_402,job200_scenario0_404,job201_scenario0_407,job202_scenario4_408,job203_scenario1_409,job204_scenario3_410,job205_scenario2_411,job206_scenario2_412,job207_scenario1_413,job209_scenario0_415,job210_scenario2_417,job211_scenario2_420,
in27,0.7182442027329512,0.70274233779938,0.6738889896872963,0.6444290934883701,0.7378818236705136,0.7195204204874418,0.6278214997329246,0.7433078042045211,0.9119387876410432,0.6536875180297268,0.5411940355387821,0.5042315844376777,0.6827117933222047,0.6517190751799948,0.726194570845901,0.5768872216814911,0.5236769054480678,0.5400587001252333,0.3846000454831532,0.3799426537592838,0.24206721812385268,
B14,1.0804223563528415,1.0604764659707318,1.0245553380381156,0.9877268164818578,1.1819683393442866,1.0714934660812068,0.9711192227264123,1.070028557124917,1.1021487432223303,1.072741736692341,0.9466462437125148,0.9050440455576081,1.133332539664327,1.023691625016653,1.0679801745084352,1.0525402650347717,1.0739142222345732,0.9343369305768144,0.7650199566457275,0.9301799705457892,1.0092036093602454,
B11,1.0417880488528017,1.0273978189602704,0.9914766910276545,0.9472795441140649,1.1117675041647386,1.1062369005612602,0.9380405757159511,1.1086628646249572,1.2221578636240698,1.0176057522549318,0.8968379584903232,0.8579623767316518,1.3733507804678058,0.945436474225652,1.1564227672306668,0.8871062976645177,0.9335125518754775,0.8374469765286665,0.7098839722083181,0.7715365426440097,0.5940402637176178,
cn12,0.4179213380609904,0.3797336901361964,0.35970780572632854,0.3262412648127875,0.49186455065535273,0.4774532023635891,0.2997374597462761,0.45103925514401366,0.556479938531673,0.46219979603735384,0.23757323186081214,0.21723348990254054,0.46765461457193025,0.369637968050718,0.4960725413534879,0.360623511478085,0.3328668225315563,0.303402439964471,0.0671209225161764,0.2227480758426541,0.0,
B54,1.1839297998172116,1.1261799947156714,1.0543089008498707,1.0286543570157645,1.0770240696846853,1.1266294505186163,1.0239919518917588,1.1086628646249572,1.1021487432223303,1.0958609030459328,0.9714222319235479,0.9409940114907928,1.1831408248865185,1.1703898642869923,1.0679801745084352,1.0911745725348116,1.035279914734533,0.9574560969304059,0.8850290770474669,1.0501890909475287,0.6989845333772189,
