,job612_scenario0_1260,job621_scenario0_1283,job623_scenario0_1288,job624_scenario1_1290,job626_scenario1_1296,job627_scenario0_1301,
in27,0.8943313768563199,0.7940891883888224,0.7464006176558287,0.8569938815034204,0.7414504998878259,0.36345592003097615,
B14,0.984924761993224,0.8874091899219616,0.8061051141890863,0.9352490322944212,0.7761939343678791,0.43022819638476595,
B11,0.7395788219745273,0.6038792328075351,0.5877571897540492,0.6832856028595025,0.5361756935644004,0.19537859501235955,
cn12,0.5408382463194511,0.4169055688885881,0.3692169981555944,0.5521025047356116,0.3814231386826077,0.0,
B54,1.0347330472154155,0.9002399895015548,0.9162180232797597,0.9619381511630214,0.9664038899491663,0.4905328202532478,
