,job680_scenario0_1422,job686_scenario0_1442,job689_scenario0_1452,job692_scenario0_1462,job694_scenario1_1466,job695_scenario4_1468,job696_scenario1_1469,job697_scenario1_1470,job699_scenario0_1472,job700_scenario0_1478,
in27,0.6235409015481171,0.5845151340757196,0.5284988476571976,0.4980037002585892,0.5435585912756882,0.6208803740678166,0.5548843404536714,0.48945543551473303,0.38136256495718196,0.2143213112568899,
B14,0.6754999791849811,0.6249624064435124,0.623731979847904,0.5890896506291834,0.601814237823796,0.7408894944695561,0.5713860173910408,0.5431545937569113,0.48751336606991447,0.28753329299180386,
B11,0.6368656716849411,0.5918837594330513,0.5654763332997961,0.49030747487378246,0.640448545323836,0.7408894944695561,0.6100203248910808,0.5431545937569113,0.3887311903145136,0.24708602062401108,
cn12,0.39341887205570436,0.3209274365143392,0.27876946938482405,0.22252805875561588,0.37067674170860215,0.4457352692286678,0.3148660996501926,0.3694463151129936,0.11777486739580151,0.0,
B54,0.7036379480387309,0.704524254477459,0.6623662873479439,0.5531396846959986,0.6902568305460277,0.6439995404214081,0.7798377305150118,0.6480988634165126,0.4746825664903213,0.35323682173674353,
