,job401_scenario1_773,job402_scenario1_774,job403_scenario2_777,job404_scenario3_785,job405_scenario1_787,
in27,0.4365452522032477,0.37587691780432025,0.27712448958322683,0.22158540496100837,0.0,
B14,0.4183034946605638,0.3523074610464186,0.41880392635340796,0.13314281223877655,0.0546856940330992,
B11,0.5565543726049871,0.5456943234282512,0.4574382338534481,0.4117953605422955,0.169817405623931,
cn12,0.4365452522032478,0.42568520302651197,0.3971336099849662,0.4117953605422955,0.03156652767950774,
B54,0.7467643281862744,0.6657034438299907,0.7290230023364346,0.37316105304225544,0.4800364816069576,
