,job540_scenario0_1071,job542_scenario0_1078,job543_scenario0_1082,job545_scenario3_1086,job546_scenario2_1090,job547_scenario2_1091,job548_scenario0_1092,job549_scenario0_1093,job550_scenario0_1095,job551_scenario4_1096,job553_scenario1_1098,job554_scenario3_1101,job555_scenario1_1102,job556_scenario0_1103,job557_scenario2_1107,job558_scenario3_1109,
in27,0.32245316954053427,0.2598523359077882,0.2585136777666331,0.4186922131824334,0.3559508561251432,0.33296280002762574,0.19071916048784754,0.16900421045704772,0.17612515806962847,0.3554750644741798,0.2341044031297459,0.3341352855698577,0.2261245215916068,0.03156652767950763,0.02603844679171896,0.002717313023451018,
B14,0.7526813659253002,0.7614795491597155,0.7208419509830899,0.8608655981986393,0.8911233221695103,0.8832001168141312,0.6734399836616605,0.6540594945641636,0.6344913233081443,0.8741458535811775,0.691021718383112,0.6829886690529243,0.624786190296865,0.4910680187099148,0.7198543407378655,0.5480772209990488,
B11,0.7211148382457925,0.7228452416596755,0.6784022911182299,1.197773793050266,0.809748509267811,0.7631909964123917,0.6032391484821127,0.6017236233882377,0.5677190469543545,0.8741458535811775,0.729656025883152,0.8029977894546638,0.6082845133594956,0.45798937169945364,0.4247001154969772,0.4013789817287093,
cn12,0.29825526721835816,0.2505541789491116,0.22041291941877628,0.5506465222156127,0.3795203128830449,0.3611007688813756,0.1591526328083399,0.14055734488823846,0.13406229174383055,0.3737168220168637,0.2523461606724297,0.4541444059715971,0.18611063258618277,0.0,0.039111564903330454,0.06804073939209121,
B54,0.8272656393585249,0.7614795491597155,0.7524084786625976,1.0075638374689788,0.9297576296695503,0.8516335891346234,0.684613961383812,0.6757298109326054,0.668106828308026,0.8355115460811375,0.7794643111053436,0.8029977894546638,0.7447953106986045,0.6021963944233693,0.5296443851565784,0.5480772209990488,
