,job887_scenario0_2035,job889_scenario1_2039,
in27,0.20315256911853774,0.18367572491293793,
B14,0.37746728117707684,0.2689414108346241,
B11,0.12856829568531303,0.0,
cn12,0.193441431649643,0.1489322904328847,
B54,0.4720939799531618,0.347196561625625,
