,job1129_scenario2_3197,
in27,0.5769264356551055,
B14,0.7173281060142012,
B11,0.0,
cn12,0.4569173152533662,
B54,0.7173281060142012,
