,job235_scenario0_460,job240_scenario0_468,job241_scenario0_469,job243_scenario0_472,job245_scenario0_479,job246_scenario0_480,job251_scenario0_485,job252_scenario1_486,job258_scenario0_495,job259_scenario0_496,job260_scenario1_497,job263_scenario2_501,job265_scenario4_504,job267_scenario0_509,job268_scenario1_511,job269_scenario3_512,job270_scenario1_514,job271_scenario1_515,job272_scenario1_516,job273_scenario1_518,job274_scenario4_519,
in27,1.0416235400163565,1.0125741809662707,0.9695388979086619,0.9793778434503778,0.9696033475018809,0.989012351078569,0.9457872381791855,1.0227872903303907,0.9021137459557954,0.8814405015810325,1.033569808080185,1.0041628015501958,0.9774447438943441,0.7460582284259871,0.8270705201425805,0.9043923029347091,0.8346918994480054,0.7254942355833117,0.725090238064535,0.5351724660443671,0.6690399057351135,
B14,0.8462449450039969,0.8353881499850082,0.8556053680054436,0.7936651943036986,0.7611516343779099,0.7855794404547563,0.7654734939089644,0.8712116422491436,0.7144313763282426,0.6982983258202775,0.8321858747767461,0.8841536811484563,0.825869095813097,0.6197525391130039,0.6288062489498402,0.7141823473534219,0.5946736586445266,0.5619733988706246,0.5198154317411094,0.340579072209403,0.49922250011118247,
B11,1.0265586892742182,1.0125741809662707,1.0096722326331147,1.0163553290929763,0.955745028212874,0.9658931847249774,0.9387194583586533,1.1112298830526224,0.9098099713406022,0.903573132143703,1.0722041155802249,0.972596273870688,1.0974538642960836,0.7664507783833432,0.8853261666906884,1.07420970855864,0.8346918994480054,0.845503355985051,0.8033453888555359,0.6192316205129218,0.6423507868665133,
cn12,0.4486047339096988,0.42395366123841083,0.42105171290525467,0.39938696385211747,0.37575414861461365,0.37822809189156337,0.36453534380865715,0.5204451281085101,0.31025693456559533,0.3072563870310363,0.4783549166929575,0.4489479101629683,0.5168565512832017,0.18849682301882398,0.3493684994689258,0.4603057872609362,0.25235450582980923,0.22853499074419215,0.14592975124688423,0.0,0.10494426965960124,
B54,0.9563578540946704,0.9500695711715298,0.9471676228383736,0.8627307036913552,0.8994025123223333,0.8818340302564227,0.8257781177774461,0.9912207626508831,0.8245442854189161,0.8498739739015246,0.9633689729006372,0.9023954386911404,0.9072439087147963,0.6464416579816039,0.8537596390111806,0.7639906325756136,0.9048927346275532,0.6819825192723641,0.639824552142849,0.47882995015382634,0.5988390705555656,
