,job152_scenario3_318,job156_scenario0_329,job157_scenario2_331,job159_scenario0_333,job160_scenario0_334,job162_scenario1_336,job164_scenario0_339,job166_scenario0_345,job167_scenario4_346,job168_scenario1_349,job169_scenario3_350,
in27,0.6842330590886245,0.31965647007739506,0.36782208938149463,0.2674635297085288,0.26536991872579685,0.3879434984341874,0.2325936215594261,0.09491760938116112,0.20435910057166906,0.0177082083905008,0.22615992151447184,
B14,1.0314296207142495,0.8265751955733842,1.0132925383587064,0.7956091998508565,0.7978990271218014,0.9102851648989614,0.7213197830243183,0.6162727400550141,0.8733990063067825,0.5235481979179053,0.5004290315643138,
B11,1.178127859984589,0.7493065805733041,0.8767817410195974,0.7327769900286403,0.7396433805736935,0.8031068440768152,0.6349261676224607,0.5691910712290579,0.7533898859050432,0.48003648160695755,0.6204381519660532,
cn12,0.6074979932407274,0.2454489901832323,0.42099235524640266,0.2144829944607045,0.19570263269843202,0.33160098254364656,0.14402999663173077,0.015889310499397458,0.2680257050828676,0.0,0.06487313596432986,
B54,1.0581187395828497,0.8265751955733842,0.9817260106791985,0.8067831775730081,0.7867250493996498,1.0071751189471092,0.813190934572308,0.6660810252772057,0.8733990063067825,0.5004290315643138,0.5004290315643138,
