,job502_scenario0_983,job514_scenario0_1008,job517_scenario0_1021,job521_scenario2_1028,job523_scenario0_1035,job524_scenario0_1036,job525_scenario0_1039,job526_scenario4_1040,
in27,0.8395693165057267,0.7163331359203153,0.671506934696172,0.7045531932647107,0.46254629955909465,0.42984603978519265,0.24708602062401108,0.4169034262479421,
B14,0.6107250534243995,0.5261231803390282,0.4280601350669352,0.5410323565520236,0.24292060871297205,0.19972401029277986,0.018241757542683867,0.15019606657586315,
B11,0.6069197010595796,0.530014053359015,0.43855647371322537,0.5227905990093398,0.23585282889243975,0.18982779898171387,0.0,0.4372959762052983,
cn12,0.7057018768149804,0.621100003729609,0.5514978142944325,0.6814340269111192,0.35243339046842126,0.3163711500518025,0.123506947707263,0.39866166870525827,
B54,0.9209441294074261,0.8251682785999033,0.7718947160498435,0.8512514325350502,0.6180128206603286,0.5853125608864266,0.3172868558035589,0.6071133818292294,
