,job330_scenario0_628,job333_scenario0_631,job338_scenario0_645,job344_scenario4_656,job347_scenario1_662,job350_scenario1_667,job353_scenario0_670,job354_scenario0_675,job355_scenario1_678,job356_scenario1_683,
in27,0.508993888609473,0.47185116610071176,0.44711360227615415,0.5096729248356677,0.47284440327940985,0.43299425710567546,0.2825569162711809,0.19755053285566038,0.2625419477610398,0.0,
B14,0.613938158269074,0.5952222671451678,0.5597540973205619,0.6528012115909987,0.6159726900347409,0.5761225438610065,0.3920696980266301,0.35453713889999805,0.3825510681627793,0.12630568931298314,
B11,0.757066445024405,0.733096351550529,0.6871318430796329,0.9399011212204337,0.7444291717623964,0.6730124979091543,0.537640007816798,0.451427092948146,0.5341267162440263,0.3600273612052181,
cn12,0.596781899974058,0.5885623474964419,0.5393615473632057,0.799499450861338,0.6002221490384809,0.5459355976868827,0.38870771738391335,0.29569359174333076,0.375483288342247,0.1617630900124778,
B54,0.6370573246226655,0.6168925835136095,0.6095623825427536,0.7496911656391465,0.6159726900347409,0.6730124979091543,0.46743917263725027,0.3314179725464066,0.40567023451637074,0.3165156448942704,
