,job753_scenario0_1623,job754_scenario0_1628,job755_scenario1_1631,job756_scenario3_1632,job757_scenario0_1638,
in27,0.8190511808108685,0.7318716880664271,0.8350697781377396,0.9489907796033525,0.39444257461471854,
B14,1.2032764443382629,1.1122915992290014,1.281799651459875,1.2592098555863793,0.7481733669086927,
B11,1.1080433121475566,1.0698519393641415,1.1617905310581356,1.4178532834881588,0.7481733669086927,
cn12,0.40377381701274384,0.34792545209799886,0.4307309922119551,0.5628937512202521,0.0,
B54,1.001892511034824,0.8821695697365886,0.9604065977546967,0.9174242519238448,0.5783559612847617,
