,job82_scenario0_168,job83_scenario2_169,job84_scenario0_170,job85_scenario0_171,job86_scenario1_174,job87_scenario2_175,
in27,0.3842236862851769,0.46706218113421283,0.30446121174113483,0.292533632691678,0.0745842734332246,0.16645542498121424,
B14,0.8348444326272991,0.9111486968079856,0.7315041515598374,0.6979858408654109,0.5291671277532879,0.6989845333772189,
B11,0.7518127978681581,0.8676369804970379,0.6686719417376212,0.6239796533210432,0.5087745777959316,0.5087745777959316,
cn12,0.22766447261502853,0.35886240270110625,0.15361423783202566,0.11558186906417345,0.02813796885374975,0.0,
B54,0.9837767230601838,1.128047771257873,0.8626872496837283,0.8716941195093287,0.6989845333772189,0.8189936537789582,
