,job386_scenario4_733,job389_scenario2_744,job390_scenario4_745,job391_scenario2_748,
in27,0.6890798582838793,0.2545346894381195,0.34004459520699015,0.0,
B14,1.1508745823481532,1.0447902470281036,0.8285284381398641,0.6084929633346133,
B11,0.8139663874965263,0.5176720965951898,0.46005371560872954,0.12000912040173939,
cn12,0.8406555063651264,0.5176720965951898,0.5569436696568776,0.1871455116381322,
B54,1.1508745823481532,0.8861468191263243,1.107180986443383,0.6969355560568449,
