,job741_scenario0_1593,
in27,0.31221146348009376,
B14,0.10814318860979988,
B11,0.0,
cn12,0.1817060044320643,
B54,0.6085722201741135,
