,job1058_scenario2_2797,
in27,0.12507951519865596,
B14,0.03663692247642425,
B11,0.1748878004208475,
cn12,0.05487868001910823,
B54,0.3152894707799432,
