,job717_scenario4_1525,job718_scenario1_1527,
in27,0.6303752147718844,0.4599817591965211,
B14,0.6690095222719243,0.530182594376069,
B11,0.20902776307540327,0.0,
cn12,0.6486169723145682,0.38041991116257445,
B54,0.413476140321997,0.24308268474663375,
