,job359_scenario4_690,job361_scenario1_692,job362_scenario1_695,job364_scenario2_697,job365_scenario3_698,job366_scenario0_699,job367_scenario3_701,job368_scenario0_702,
in27,0.7002714455880139,0.6290117526151435,0.557575139853565,0.4612616546881426,0.5820033336418187,0.24573240435183963,0.3429837853501478,0.0,
B14,0.8904814011693012,0.8743576926338401,0.7642867723722215,0.9755490055414634,0.7139576426749981,0.5027146362869167,0.46299290575188723,0.28267916148166594,
B11,0.960682236348849,0.7543485722321007,0.6277759750331128,0.5768873368362051,0.6908384763214066,0.3230010193519197,0.4629929057518872,0.1260847109002604,
cn12,0.8904814011693012,0.7157142647320607,0.6442776519704821,0.5684399755102889,0.6522041688213664,0.29943156259401804,0.39279207057233934,0.07939608778876728,
B54,1.0308830715283968,0.8974768589874316,0.7825285299149054,0.758649931091576,0.7139576426749981,0.5491609408663917,0.41318462052969557,0.3162946664815477,
