,job459_scenario0_899,job462_scenario0_907,job463_scenario0_908,job464_scenario3_909,
in27,0.533667140317559,0.22575740128713373,0.06570352874493979,0.3195800888374255,
B14,0.9798438612111422,0.6984252575367598,0.5379280132724625,0.8382508779444231,
B11,0.4527257107782281,0.10019262039581556,0.0,0.3284608335257104,
cn12,0.4920121341635675,0.1632527914923928,0.02760277039708292,0.381333562691057,
B54,1.045547389956082,0.6872512798146082,0.5843743178519374,0.7884425927222316,
