,job447_scenario2_877,job450_scenario0_881,job451_scenario2_883,job452_scenario0_884,job455_scenario3_888,job456_scenario3_891,job457_scenario4_894,job458_scenario2_896,
in27,1.072827652165766,0.9183042237415061,0.9737024371298544,0.9105894209675267,0.9760791133284707,0.9521453090287412,0.7419369738477075,0.5097900444187127,
B14,1.099516771034366,0.893528235530473,1.1435198427537854,0.8376619693917435,1.0462799485080185,0.7823279034048101,0.621927853445968,0.6297991648204522,
B11,0.7776734269248777,0.6183735145324778,0.6866025275004193,0.55793068511964,0.6826826347877917,0.6854379493566621,0.5019187330442286,0.22269013478927757,
cn12,0.5897267266156534,0.3680669069550009,0.5230816907877323,0.323374618538423,0.4960426317215132,0.4721088274217835,0.24995530360930995,0.0,
B54,1.2195258914361056,1.0521716634322524,1.2635289631555249,0.9936210557266676,1.0778464761875264,0.8637027163065094,0.8388269278958554,0.7498082852221915,
