,job729_scenario0_1555,job732_scenario1_1562,job733_scenario0_1564,
in27,0.6703901400682881,0.554175347380654,0.3417856036625341,
B14,1.0571066201421067,0.9633333547322025,0.6940009677883174,
B11,0.661942778742372,0.6264251598805758,0.2903204965829008,
cn12,0.3317241985164523,0.3323988641198592,0.0,
B54,1.1273074553216542,1.2033515955356813,0.7543055916567993,
