,job29_scenario1_60,job34_scenario1_68,job37_scenario1_77,job38_scenario0_78,job39_scenario3_79,
in27,0.8848809518565417,0.7299916421535764,0.36378031795719595,0.13651079733910887,0.5036059383648592,
B14,0.9235152593565816,0.8638590818443228,0.45222291067942755,0.20328307369289866,0.38359681796311995,
B11,0.9466344257101731,0.8140507966221311,0.4726154606367838,0.15864342790177943,0.5036059383648592,
cn12,0.7831135889974862,0.6469600073944355,0.3139720327350043,0.0,0.2786525483035188,
B54,1.0435243797583211,0.8140507966221311,0.5926245810385232,0.2137794123391889,0.31339598278357206,
