,job691_scenario1_1461,job693_scenario4_1465,
in27,0.2545346894381195,0.0,
B14,0.29239778602887123,0.08494476541670803,
B11,0.7114520046914856,0.6036155545237056,
cn12,0.5363068998523368,0.4337981488997747,
B54,0.7612602899136773,0.5151729618014741,
