,job797_scenario1_1742,
in27,0.0,
B14,0.5618615849129671,
B11,0.047574234059646225,
cn12,0.3449625104630798,
B54,0.32184334410948834,
