,job463_scenario0_908,job466_scenario3_914,job467_scenario1_915,job468_scenario2_916,job469_scenario2_917,job470_scenario2_920,job471_scenario0_922,
in27,0.7933576162529334,0.8853432875723726,0.7883981280478243,0.7188897639063245,0.6823735054135072,0.5525534473432521,0.25825999834616264,
B14,0.588267883771679,0.6564990244910452,0.6297547001460448,0.7188897639063245,0.6823735054135072,0.3521560498307341,0.049808285222191606,
B11,0.5285633872384216,0.6951333319910854,0.4395447445647577,0.46236984616547633,0.48098957211006843,0.27707780584027875,0.0,
cn12,0.6668142651828448,0.8467089800723324,0.7088362800138777,0.707715786184173,0.6711995276913556,0.5107994777325137,0.14148716960676333,
B54,0.9133667366546729,0.8853432875723726,0.9399737761290715,0.8508440729395038,0.8725834609947944,0.6076894317806616,0.4137265194473966,
