,job196_scenario0_395,job200_scenario0_404,job201_scenario0_407,job202_scenario4_408,job203_scenario1_409,job204_scenario3_410,
in27,0.6199510795504192,0.4152049185916473,0.26984376002744237,0.37884516869933427,0.2217764832607949,0.31021907598302656,
B14,0.8699288010107676,0.7273371252322407,0.5773362196142336,0.7361459135083173,0.5004290315643138,0.5586846781124217,
B11,0.678206726098527,0.5188854121082698,0.3716111228864979,0.8175207264100166,0.2635304528715334,0.4884838429328739,
cn12,0.3521716634322527,0.17188873878215927,0.043150289360787464,0.22409261381754175,0.0,0.14040167035909557,
B54,0.7059024557262268,0.5352140389933866,0.3963871110975311,0.5690551242806215,0.43022819638476606,0.3417856036625343,
