,job1057_scenario1_2793,job1058_scenario2_2797,
in27,0.5647537654211461,0.28709990962943516,
B14,0.6145620506433377,0.43867555771068234,
B11,0.3211655721026586,0.0,
cn12,0.47631117269891443,0.21689907444988743,
B54,0.9949819618059121,0.4773098652107224,
