,job758_scenario1_1643,job761_scenario0_1650,job762_scenario3_1652,
in27,0.5551205818071319,0.13386743969074633,0.23505875259836972,
B14,0.6253214169866796,0.1743147120585391,0.23505875259836972,
B11,0.5412622625181249,0.14123606504807795,0.4252687081796569,
cn12,0.4501763121475308,0.0,0.18525046737617806,
B54,0.7951388226106106,0.20406827487029416,0.26662528027787746,
