,job1161_scenario4_3406,job1163_scenario0_3410,
in27,0.8545802914468166,0.3728581607848114,
B14,0.4207821425470418,0.0,
B11,0.9359551043485159,0.3728581607848114,
cn12,0.799444307009407,0.252849040383072,
B54,1.0243976970707476,0.4464209766070759,
