,job514_scenario0_1008,job515_scenario3_1011,job516_scenario0_1014,
in27,0.7708488415431882,0.8404736267713038,0.4367624270531151,
B14,0.44677144627115495,0.4981544739565865,0.11268503178108158,
B11,0.8245479997853666,0.9808752971303994,0.4656855970842604,
cn12,0.3653966333694556,0.45375714669748546,0.0,
B54,0.8796839842227762,0.82223186922862,0.5567715474548545,
