,job677_scenario2_1416,job678_scenario0_1417,job679_scenario3_1421,job681_scenario2_1423,job682_scenario0_1424,job684_scenario1_1428,
in27,0.4976893305969618,0.30655398523728505,0.46799161013356705,0.2686469859661107,0.13551210482730103,0.0,
B14,1.1455022916857367,0.9582578193460467,1.0108603015627409,0.9203508200748722,0.7352568612991988,0.5980046758665833,
B11,0.6885849764323706,0.6009570745370638,0.7975311796278622,0.5399309089122979,0.4250377853161721,0.2877855998835567,
cn12,0.9128526762395894,0.7508916054697434,1.0108603015627409,0.7705881368613778,0.541869998917366,0.44824199265308884,
B54,0.9868588637839573,0.7911670301183509,0.8473394648500538,0.8115156773952845,0.5885586220288591,0.43091388663888763,
