,job338_scenario0_645,job344_scenario4_656,job345_scenario2_658,job346_scenario3_660,job347_scenario1_662,
in27,0.7334619623983606,0.6375149510046252,0.5296172852266298,0.5107994777325136,0.2786525483035189,
B14,0.7962941722205767,0.7308349525377644,0.8665254800782565,0.6076894317806616,0.3719725498366581,
B11,0.42324288641533403,0.5175058306028859,0.29589561333439485,0.2588360482975949,0.0,
cn12,0.5856916666819334,0.6873232362268167,0.46786381137299815,0.4672877614215659,0.16601205325911106,
B54,0.7260933370410291,0.707715786184173,0.5563064040952299,0.36767119097718276,0.25196342943491873,
