,job82_scenario0_168,job84_scenario0_170,job85_scenario0_171,job86_scenario1_174,job87_scenario2_175,job89_scenario1_177,job90_scenario3_179,job91_scenario2_180,
in27,0.4976893305969618,0.44880091269437944,0.46046349956785776,0.43895944919172,0.4943143422468923,0.3755019959064847,0.26041079076083495,0.11371255149049542,
B14,0.9842600428722686,0.9117938184462667,0.9018656736747753,0.9294922694449679,1.0627934165760815,0.9106744619508518,0.8106481075473404,0.690638987145601,
B11,0.7812192877113882,0.7289524882223111,0.7078503657286681,0.7890905990858723,0.752574340593055,0.6320219136473328,0.5319955592438215,0.4506207463421222,
cn12,0.31737558632674057,0.2741994081851974,0.25975720534028024,0.36875861401217225,0.30410438666560513,0.18529204032519753,0.12000912040173939,0.0,
B54,1.013183212903414,0.9229677961684183,0.9555648319169536,0.9793005546671596,1.0627934165760815,0.9106744619508518,0.5937490330974531,0.6204381519660532,
