,job832_scenario2_1857,job834_scenario1_1860,
in27,0.5218071894623612,0.3284608335257105,
B14,0.18846894712574302,0.0,
B11,0.5346379890419544,0.37826911874790203,
cn12,0.4689344602970146,0.24001824080347878,
B54,0.8587153843139879,0.4484699539274499,
