,job642_scenario0_1334,job643_scenario0_1337,job644_scenario3_1338,job645_scenario0_1340,job646_scenario0_1342,
in27,0.41648078368756647,0.322346144208289,0.5492386242746975,0.13175914807532318,0.0,
B14,0.518248146546622,0.4352874847894961,0.5808051519542052,0.22020174079755483,0.0720138000473004,
B11,0.8782755077518402,0.7599429659503866,1.067909413381695,0.5486625743232653,0.4452930471269043,
cn12,0.5928324199798468,0.49216354983222,0.7576903373986685,0.31188062518212656,0.17305369728627107,
B54,0.9667181004740719,0.8122788371263125,0.9794668206594636,0.6504299371823208,0.5235481979179053,
