,job125_scenario1_266,job128_scenario1_272,job129_scenario2_273,job132_scenario0_276,job133_scenario2_278,job134_scenario2_279,job135_scenario1_281,
in27,0.5921899042357314,0.4631901159640932,0.41648078368756647,0.2752644753823327,0.2559854407384353,0.1184343779384992,0.0,
B14,1.1273623702800983,0.9281617468289123,1.0014615349541252,0.6469161047140127,0.6850071056700701,0.7736159643846057,0.5147799160870109,
B11,0.7437655523169785,0.7032083567675718,0.636106474533689,0.3795230547878121,0.3631637615605817,0.3402108611992942,0.20138393330343873,
cn12,1.0147218752356906,0.9281617468289123,0.962827227454085,0.6602408748508365,0.7348153908922617,0.6739993939402225,0.5246761273980768,
B54,1.437581446263125,1.1450608212787996,1.3116806109371517,0.9388934231543553,1.0450344668752882,0.8438167995641536,0.6783007527996978,
