,job961_scenario1_2345,
in27,0.11195480479028619,
B14,0.16709078922769566,
B11,0.09688995404814787,
cn12,0.0,
B54,0.24846560212939506,
