,job534_scenario2_1060,job540_scenario0_1071,job542_scenario0_1078,
in27,0.9266825133805735,0.6313702941040501,0.20886912539436275,
B14,1.5792207421783175,1.061598490488816,0.7104963386462901,
B11,0.8453077004788743,0.5499954812023506,0.19182554953929243,
cn12,0.7796041717339344,0.40760142334618776,0.0,
B54,1.4907781494560859,1.1361827639220408,0.7104963386462901,
