,job765_scenario0_1663,
in27,0.32139305370517823,
B14,0.0,
B11,0.025610382900015494,
cn12,0.19129545482895494,
B54,0.02941573526483543,
