,job67_scenario2_145,job68_scenario0_148,
in27,0.47199890424016955,0.1447851086127725,
B14,0.5484963083309612,0.21834792443503703,
B11,0.3235429182696208,0.0,
cn12,0.4488797378865781,0.018241757542683867,
B54,0.6502636711900168,0.26479422901451194,
