,job506_scenario3_994,job508_scenario3_996,job509_scenario4_998,job510_scenario2_1001,job511_scenario0_1003,job512_scenario4_1005,
in27,0.8369869587387535,0.8936855985162002,0.7233419878465253,0.590866834338314,0.23791107609796136,0.313212978546603,
B14,1.015251725688601,0.9750604114178996,0.9247259211499641,0.7543876710510011,0.47243245639981474,0.6234320545296297,
B11,0.983685198009093,0.9434938837383918,0.773150273068717,0.6112593842956702,0.2822225008185275,0.6936328897091775,
cn12,0.6348318145260263,0.6381522165662727,0.6145068451669374,0.2939725284921113,0.0,0.15456955064482358,
B54,0.9338769127869014,0.8550512910161602,1.203378469453483,0.7810767899196013,0.49555162275340625,0.6936328897091775,
