,job167_scenario4_346,job168_scenario1_349,job169_scenario3_350,job170_scenario1_351,job171_scenario3_352,job172_scenario0_354,job173_scenario3_355,job174_scenario0_359,
in27,0.9827151779353348,0.9545245664561263,1.1455492128643383,0.8597526614152011,1.105357898593637,0.6949960471204834,0.8543319460603108,0.4236939657164166,
B14,1.2076685679966752,1.0162780403097578,0.9757318072404073,1.0064509006855407,0.9151479430123499,0.754700543653741,0.9743410664620502,0.5142873508533206,
B11,1.087659447594936,0.97276632399881,1.0957409276421468,0.9362500655059929,1.105357898593637,0.6811377278314764,1.0943501868637897,0.4440865156737728,
cn12,0.6724961019523082,0.5629306775714003,0.6103767468199712,0.49666085626682793,0.5701854325492701,0.24437530077836134,0.5672320364308756,0.0,
B54,1.2076685679966752,0.9931588739561663,0.9757318072404073,1.0064509006855407,1.0169153058714056,0.7448043323426751,0.9743410664620502,0.5640956360755123,
