,job737_scenario0_1576,job739_scenario0_1587,job740_scenario2_1589,
in27,0.5014371011075666,0.12000912040173939,0.17139214808717107,
B14,0.9335784281498996,0.5586846781124217,0.5785011781183457,
B11,0.8595722406055317,0.4846784905680539,0.47355690845874454,
cn12,0.3882185201743016,0.0,0.061279238996497565,
B54,0.9583544163609325,0.6123838363546,0.6487020132978935,
