,job443_scenario3_869,job447_scenario2_877,job450_scenario0_881,job451_scenario2_883,job452_scenario0_884,job453_scenario1_886,job454_scenario4_887,
in27,1.4429242227908976,1.0584920577166061,0.8490030674914217,0.8518536750505812,0.7471536252381646,0.6101497851920548,0.814218060062349,
B14,0.9393182844260383,0.7900269513443181,0.5290728540395004,0.7265168554336239,0.3790719484214933,0.24041128651794186,0.2586530440606256,
B11,1.114463389265187,0.8602277865238659,0.6459623123305414,0.6616437194692939,0.4913848434384259,0.4337981488997745,0.4541906988571307,
cn12,0.6908526822966432,0.47850117811834547,0.20187579665676836,0.304342974660311,0.06304886876091287,0.0,0.058255646548107776,
B54,0.9424951912265838,0.8247703858243713,0.6024505960195936,0.761260289913677,0.44976534883473107,0.31378902849803514,0.4337981488997745,
