,job60_scenario1_128,job61_scenario1_130,job62_scenario4_133,
in27,0.2586795396970905,0.14353807071445915,0.14040167035909565,
B14,0.5125560997895762,0.2200354748052508,0.0702008351795479,
B11,0.28760270972823576,0.2200354748052508,0.10176736285905563,
cn12,0.16759358932649637,0.09066534154911254,0.0,
B54,0.3925469793878369,0.41024543038653805,0.10176736285905563,
