,job812_scenario1_1783,
in27,0.40710903003117455,
B14,0.4457433375312146,
B11,0.42535078757385836,
cn12,0.0,
B54,0.4955516227534062,
