,job26_scenario1_56,job30_scenario1_62,job31_scenario1_63,job32_scenario0_64,job33_scenario4_65,job34_scenario1_68,
in27,0.5769264356551056,0.5382921281550657,0.5382921281550657,0.41828300775332616,0.7285020837363528,0.5382921281550657,
B14,0.6471272708346534,0.6969355560568451,0.6084929633346134,0.4569173152533662,0.8169446764585844,0.7285020837363528,
B11,0.6969355560568451,0.6267347208772972,0.5382921281550657,0.43652476529601003,0.8871455116381323,0.5630681163660987,
cn12,0.15406686462767127,0.1698174056239311,0.13963045944980734,0.0,0.2817722104142174,0.26670735967207904,
B54,0.6969355560568451,0.7285020837363528,0.6084929633346134,0.591991286397244,0.8169446764585844,0.8169446764585844,
