,job658_scenario3_1385,job660_scenario0_1389,job664_scenario0_1393,job670_scenario0_1400,job671_scenario0_1401,job674_scenario2_1409,job677_scenario2_1416,job678_scenario0_1417,
in27,0.7557791032135124,0.5473273900895412,0.5308257131521719,0.5157608624100335,0.5019025431210266,0.7059708179913207,0.6673365104912807,0.47712655490999345,
B14,0.7059708179913207,0.5562081347778263,0.5655691476322252,0.5859616975895814,0.6357699828117729,0.7059708179913207,0.7873456308930201,0.5859616975895814,
B11,0.4455600272304858,0.2286609527805984,0.20554178642700693,0.19847400660647463,0.21291041178433856,0.37535919205093793,0.3406157575708847,0.2459890587947996,
cn12,0.3459434567861025,0.03572438080307583,0.0029596714359547693,0.018568122508059837,0.0,0.2259343363843631,0.20554178642700693,0.021866061514069113,
B54,0.6508348335539113,0.597135675311733,0.6357699828117729,0.6673365104912807,0.5754653589432911,0.7557791032135124,0.7873456308930201,0.6673365104912807,
