,job393_scenario3_750,job395_scenario1_755,job397_scenario4_760,job398_scenario4_762,
in27,0.15864342790177943,0.011945188631440007,0.13195430903317928,0.0,
B14,0.3874876909831067,0.3874876909831067,0.6275059317865855,0.7475150521883249,
B11,0.1972777354018196,0.007067779820532305,0.2470860206240112,0.43729597620529836,
cn12,0.3874876909831067,0.2046463607591511,0.43729597620529836,0.41060685733669816,
B54,0.33235170654569723,0.7475150521883249,0.6275059317865855,0.34885338348306666,
