,job128_scenario1_272,job132_scenario0_276,job135_scenario1_281,job136_scenario1_283,job138_scenario0_285,job140_scenario2_289,job141_scenario1_290,job142_scenario0_295,
in27,0.09411970994275787,0.07587795240007389,0.16432054512230554,0.1376314262537054,0.0,0.19588707280181328,0.09411970994275787,0.05168005007789778,
B14,0.5598053070270183,0.49493217106268833,0.5598053070270183,0.6963161043661271,0.4844358324163981,0.6963161043661271,0.5763069839643877,0.44785050223673206,
B11,0.5763069839643877,0.3197870662235395,0.43979618662527886,0.4247313358831406,0.29086389619239417,0.3749230506609489,0.41087301659413356,0.26608790798136106,
cn12,0.4176635560626083,0.2942258768351109,0.4176635560626083,0.4320999612404721,0.28115275872349943,0.49493217106268833,0.45629786356264823,0.3047222154814011,
B54,0.7847586970883587,0.5763069839643877,0.6380604578180191,0.6149412914644277,0.5598053070270183,0.6963161043661271,0.6149412914644277,0.4844358324163981,
