,job193_scenario0_392,job196_scenario0_395,job200_scenario0_404,job203_scenario1_409,job208_scenario3_414,job209_scenario0_415,job211_scenario2_420,job212_scenario3_423,
in27,0.5618615849129672,0.5480032656239603,0.5480032656239603,0.60230885728076,0.8720806608959939,0.5351724660443671,0.7751907068478459,0.6818707053147066,
B14,0.32184334410948845,0.2590111342872723,0.3449625104630799,0.49166074973341956,0.5618615849129673,0.2832090366094484,0.4649716308648193,0.5618615849129673,
B11,0.03167899053689838,0.03167899053689838,0.019306831127133384,0.158222341606987,0.3236563089772412,0.03167899053689838,0.18714551163813242,0.4120989016994727,
cn12,0.0062965689112439716,0.019621339048067954,0.016192780222310077,0.1698174056239311,0.21689907444988743,0.0,0.15406686462767116,0.3867164800738184,
B54,0.60230885728076,0.6320624200925151,0.7134372329942145,0.696935556056845,0.696935556056845,0.6551815864461066,1.1120989016994727,0.7520715404942544,
