,job742_scenario1_1596,job744_scenario1_1598,
in27,0.23322770133500403,0.31728685580355886,
B14,0.23220624372404375,0.23220624372404375,
B11,0.7613733714773316,0.8813824918790711,
cn12,0.0,0.007067779820532083,
B54,0.5325291083960044,0.6027299435755522,
