,job138_scenario0_285,job152_scenario3_318,job158_scenario4_332,job160_scenario0_334,job161_scenario4_335,job162_scenario1_336,
in27,0.0,0.28432966552404493,0.28432966552404493,0.04431142472056604,0.23452138030185332,0.23452138030185332,
B14,0.19245851397605518,0.5629822138275637,0.3727722582462766,0.20295485262234558,0.3727722582462766,0.23890481855553014,
B11,0.22066306101284638,0.7847586970883588,0.50610614878484,0.2495862310439917,0.7847586970883588,0.6647495766866194,
cn12,0.05937627546270452,0.6331830490071115,0.39316480820363275,0.050181022853485135,0.3727722582462766,0.22607401897593704,
B54,0.3113397048976232,0.5362930949589637,0.38959485568862406,0.2962748541554848,0.5362930949589637,0.32784138183499256,
