,job698_scenario2_1471,job700_scenario0_1478,job701_scenario1_1483,job702_scenario3_1484,job703_scenario1_1487,
in27,0.3778357353855334,0.3115257732259723,0.44803657056508117,0.5097900444187127,0.5364791632873128,
B14,0.3021647603715736,0.21689907444988732,0.26041079076083506,0.5271181504329139,0.38041991116257434,
B11,0.7,0.6630225143574014,0.7702008351795477,1.2271181504329138,0.7702008351795477,
cn12,0.28483665435737227,0.0,0.19020995558128706,0.3399726387947817,0.16482753395563288,
B54,0.890209955581287,0.8284564817276556,0.9168990744498873,0.8284564817276556,0.8466982392703394,
