,job461_scenario0_905,job463_scenario0_908,job480_scenario2_940,job482_scenario2_943,job483_scenario0_945,job485_scenario0_948,
in27,0.043511716310947524,0.07020083517954756,0.20527480632342543,0.12990533171280516,0.06313305535901526,0.09332000153313913,
B14,0.6092641742439016,0.5706298667438614,0.7790815798678326,0.8106481075473403,0.632383340597493,0.6092641742439016,
B11,0.5987678355976113,0.5888716242865454,0.6741373102082314,0.7088807446882847,0.5123742201957535,0.632383340597493,
cn12,0.01332477013682376,0.006534230668349128,0.26041079076083484,0.2337216718922347,0.0,0.006534230668349128,
B54,0.5252050197753467,0.468862503884806,0.659072459466093,0.6092641742439016,0.45950149103040705,0.5004290315643136,
