,job121_scenario2_260,
in27,0.0,
B14,0.7640167291256943,
B11,0.4271085342740676,
cn12,0.38359681796311995,
B54,0.365355060420436,
