,job330_scenario0_628,job338_scenario0_645,job342_scenario1_652,job344_scenario4_656,job346_scenario3_660,job347_scenario1_662,job348_scenario1_664,
in27,0.4080955658220954,0.4649716308648193,0.5213141467553601,0.6053733012239149,0.6867481141256142,0.5084833471757669,0.6551815864461065,
B14,0.31021907598302656,0.19020995558128717,0.3449625104630798,0.31021907598302656,0.38847422677402743,0.32672075292039593,0.4467298733221353,
B11,0.0,0.01650167693736937,0.06630996215956098,0.15475255488179263,0.13651079733910876,0.03474343448005324,0.13651079733910876,
cn12,0.2715847684829865,0.2880864454203559,0.43828251199621915,0.8453915420273936,0.5351724660443671,0.45561061801042035,0.4649716308648193,
B54,0.496538158544327,0.4748678421758852,0.7253824216256543,0.5667389937238747,0.6551815864461065,0.8453915420273936,0.5849807512665586,
