,job290_scenario0_552,job298_scenario0_571,job299_scenario0_572,job306_scenario0_584,job308_scenario2_587,job310_scenario2_591,job311_scenario0_592,job312_scenario2_593,job313_scenario2_594,
in27,0.5260394144643292,0.5888716242865455,0.533735639849136,0.5048124698179907,0.7319999110418762,0.600045602008697,0.5048124698179907,0.611990790640137,0.5888716242865455,
B14,0.611990790640137,0.5417899554605892,0.62482159021973,0.5684790743291893,0.8288898650900243,0.7902555575899842,0.600045602008697,1.068908105893503,0.7319999110418762,
B11,0.5048124698179907,0.5417899554605892,0.533735639849136,0.5591180614747904,0.638679909508737,0.7088807446882848,0.5186707891069976,0.5888716242865455,0.6702464371882448,
cn12,0.03156652767950763,0.03863430750003993,0.015064850742138258,0.024775988211033217,0.2937173990456572,0.2519634294349187,0.0,0.21834792443503692,0.15864342790177943,
B54,0.49198167023839756,0.533735639849136,0.5502373167865053,0.4484699539274499,0.638679909508737,0.5888716242865455,0.4484699539274499,0.9488989854917637,0.8288898650900243,
