,job622_scenario2_1287,job623_scenario0_1288,job624_scenario1_1290,job625_scenario2_1291,
in27,0.4121278325313329,0.33203078604071923,0.48749730714195305,0.4724324563998147,
B14,0.7328432471606496,0.6777072627232402,0.7559624135142411,0.8528523675623891,
B11,0.7440172248828012,0.6555746321605697,0.7687932130938343,0.9026606527845806,
cn12,0.18328356945000568,0.0,0.1733873581389398,0.16402634528454074,
B54,0.6738163897032534,0.48360643412196624,0.6155607431551455,0.5924415768015541,
