,job791_scenario4_1726,
in27,0.0,
B14,0.1250279229018978,
B11,0.09688995404814793,
cn12,0.37554250235166686,
B54,0.2555333819499274,
