,job930_scenario1_2199,
in27,0.070200835179548,
B14,0.45062074634212235,
B11,0.0,
cn12,0.06083982232514906,
B54,0.15546652110123405,
