,job461_scenario0_905,job463_scenario0_908,job470_scenario2_920,job471_scenario0_922,job473_scenario1_929,job474_scenario2_930,job475_scenario1_933,
in27,0.24001824080347878,0.2667073596720789,0.37285816078481143,0.27407598502941055,0.38671648007381837,0.3480821725737783,0.45691731525336615,
B14,0.33690819485162676,0.29827388735158666,0.5067256004755578,0.4017813308159567,0.4365247652960099,0.5067256004755578,0.4800364816069576,
B11,0.3264118562053365,0.31651564489427064,0.4182830077533261,0.23394265030495776,0.3480821725737783,0.4800364816069576,0.5067256004755578,
cn12,0.019621339048067843,0.012830799579593322,0.17826476694984728,0.0,0.169817405623931,0.20640273580359714,0.1871455116381323,
B54,0.37285816078481143,0.31651564489427064,0.5067256004755578,0.38671648007381837,0.5382921281550656,0.6267347208772971,0.8169446764585844,
