,job722_scenario1_1537,
in27,0.013466163826074573,
B14,0.2253464357758036,
B11,0.2751547209979952,
cn12,0.0,
B54,0.18671212827576356,
