,job589_scenario4_1197,job591_scenario1_1203,
in27,0.5055976709953861,0.5607336554327955,
B14,0.15157564808124702,0.0,
B11,0.6105419406549872,0.4905328202532478,
cn12,0.6105419406549872,0.4109709722193011,
B54,0.9207610166380138,0.5220993479327556,
