,job658_scenario3_1385,job660_scenario0_1389,job664_scenario0_1393,job671_scenario0_1401,job678_scenario0_1417,job679_scenario3_1421,job680_scenario0_1422,job681_scenario2_1423,
in27,0.3374960954601861,0.12904438233621507,0.1125427053988457,0.0836195353677005,0.058843547156667286,0.24905350273795446,0.09041007483617503,0.17885266755840667,
B14,0.5045868846878818,0.3548242014743874,0.36418521432878637,0.43438604950833415,0.38457776428614243,0.5543951699100735,0.37408142563985225,0.5543951699100735,
B11,0.48419433473052576,0.2672952602806383,0.24417609392704676,0.2515447192843785,0.28462336629483953,0.43438604950833415,0.2672952602806383,0.4575052158619256,
cn12,0.3459434567861024,0.03572438080307583,0.0029596714359547693,0.0,0.02186606151406889,0.2757426216065546,0.012154924045174043,0.2618843023175478,
B54,0.2325518258005851,0.17885266755840667,0.21748697505844672,0.15718235118996482,0.24905350273795446,0.36906262313969385,0.2672952602806383,0.4575052158619256,
