,job193_scenario0_392,job196_scenario0_395,job203_scenario1_409,job209_scenario0_415,job213_scenario1_428,job214_scenario0_429,job216_scenario1_432,job217_scenario1_433,job218_scenario0_434,job220_scenario0_438,job221_scenario0_439,job222_scenario0_440,
in27,0.14669823927033954,0.1328399199813327,0.1871455116381322,0.12000912040173939,0.3369081948516267,0.14669823927033954,0.2817722104142173,0.2817722104142173,0.12000912040173939,0.13963045944980723,0.13963045944980723,0.14669823927033954,
B14,0.45691731525336615,0.39408510543114994,0.6267347208772972,0.41828300775332605,0.4928672811865508,0.4098356464274099,0.6267347208772972,0.696935556056845,0.39408510543114994,0.43652476529601003,0.43652476529601003,0.4098356464274099,
B11,0.08767138181294332,0.08767138181294332,0.21421473288303206,0.08767138181294332,0.3796487002532861,0.1009961519497673,0.2778813373942305,0.21421473288303206,0.08767138181294332,0.11543255712763101,0.09420561248129256,0.13118309812389095,
cn12,0.0062965689112439716,0.019621339048067843,0.169817405623931,0.0,0.169817405623931,0.016192780222309966,0.1871455116381322,0.21689907444988732,0.016192780222309966,0.034057744225931774,0.012830799579593322,0.019621339048067843,
B54,0.4271637524416111,0.45691731525336615,0.5217904512176961,0.48003648160695767,0.5217904512176961,0.48003648160695767,0.696935556056845,0.5565338856977493,0.4928672811865508,0.4464209766070759,0.5217904512176961,0.4928672811865508,
