,job688_scenario2_1450,job689_scenario0_1452,job692_scenario0_1462,
in27,0.46902274134452215,0.34194584112225046,0.3805801486222905,
B14,0.6325435780572092,0.612151028099853,0.47390015015542974,
B11,0.6907992246053171,0.4801967190666737,0.5321557967035376,
cn12,0.20968400702977474,0.0,0.011419735837034484,
B54,0.8606166302292482,0.6704066746479609,0.5939092705571692,
