,job987_scenario0_2477,job989_scenario0_2479,
in27,0.5048124698179907,0.5186707891069976,
B14,0.600045602008697,0.533735639849136,
B11,0.023119166353591458,0.0,
cn12,0.3915938888847259,0.3848033494162513,
B54,0.638679909508737,0.638679909508737,
