,job542_scenario0_1078,job556_scenario0_1103,job560_scenario0_1114,job561_scenario0_1117,job562_scenario1_1119,job563_scenario2_1123,job564_scenario1_1126,job566_scenario1_1132,job567_scenario1_1133,job568_scenario4_1134,job569_scenario0_1136,
in27,0.04600293285737167,0.018241757542683867,0.011945188631439896,0.024775988211033106,0.08844259272223176,0.1319543090331794,0.1447851086127725,0.09833880403329764,0.22884426308132727,0.20845171312397104,0.038634307500040044,
B14,0.22884426308132727,0.1990907002695722,0.22884426308132727,0.20845171312397115,0.3284608335257104,0.34885338348306666,0.4688625038848061,0.34885338348306666,0.4688625038848061,0.4688625038848061,0.22884426308132727,
B11,0.1737082786439178,0.16601205325911106,0.1990907002695722,0.19020995558128717,0.2519634294349188,0.2937173990456572,0.34885338348306666,0.3102190759830266,0.3284608335257104,0.5888716242865455,0.15157564808124724,
cn12,0.01506485074213837,0.018241757542683867,0.0,0.008880744688284925,0.15157564808124724,0.20845171312397115,0.26479422901451194,0.1990907002695722,0.181762594255371,0.2519634294349188,0.024775988211033106,
B54,0.21834792443503703,0.22884426308132727,0.21834792443503703,0.26479422901451194,0.34885338348306666,0.2786525483035189,0.4688625038848061,0.34885338348306666,0.7088807446882849,0.3986616687052583,0.22884426308132727,
