,job909_scenario1_2106,job910_scenario0_2110,
in27,0.10494426965960102,0.0,
B14,0.16128678555014186,0.10494426965960102,
B11,0.5888716242865454,0.4537976531426676,
cn12,0.46116627849999925,0.3199302134519213,
B54,0.8138250143478858,0.5599484542554001,
