,job160_scenario0_334,job164_scenario0_339,job166_scenario0_345,job168_scenario1_349,job176_scenario1_363,
in27,0.013858319289006937,0.006790539468474632,0.0,0.16543396737025406,0.1200091204017395,
B14,0.2040682748702941,0.1935719362240037,0.24001824080347867,0.3738856804942251,0.3036848453146772,
B11,0.529352201595459,0.5458538785328284,0.5142873508533207,0.6841047564772517,0.5844881860328686,
cn12,0.3615135210844602,0.3771219721565652,0.3942782304515813,0.4875982319847205,0.5142873508533207,
B54,0.444086515673773,0.43022819638476595,0.34719656162562496,0.6342964712550601,0.5374065172069122,
