,job209_scenario0_415,job214_scenario0_429,job218_scenario0_434,job220_scenario0_438,job222_scenario0_440,job227_scenario0_448,job229_scenario0_451,job235_scenario0_460,job238_scenario3_465,job239_scenario1_467,job241_scenario0_469,job242_scenario1_470,job243_scenario0_472,
in27,0.08844259272223187,0.11513171159083191,0.08844259272223187,0.1080639317702996,0.11513171159083191,0.08844259272223187,0.12250033694816342,0.12250033694816342,0.32846083352571054,0.20845171312397115,0.1080639317702996,0.25020568273470967,0.1748362081240895,
B14,0.6471272708346534,0.6386799095087372,0.6229293685124773,0.6653690283773374,0.6386799095087372,0.708880744688285,0.6155607431551456,0.6653690283773374,0.8288898650900243,0.7853781487790766,0.708880744688285,0.8871455116381323,0.6969355560568451,
B11,0.5951681931977895,0.6084929633346134,0.5951681931977895,0.6229293685124773,0.6386799095087372,0.5951681931977895,0.6229293685124773,0.6471272708346534,0.8555789839586245,0.7853781487790766,0.6471272708346534,0.708880744688285,0.630625593897284,
cn12,0.0,0.016192780222310077,0.016192780222310077,0.034057744225931774,0.019621339048067954,0.012830799579593322,0.03786309659075182,0.034057744225931774,0.2982738873515868,0.15406686462767127,0.019621339048067954,0.1698174056239311,0.016192780222310077,
B54,0.708880744688285,0.708880744688285,0.7217115442678781,0.6752652396884032,0.7217115442678781,0.6969355560568451,0.6969355560568451,0.6752652396884032,0.8871455116381323,0.8555789839586245,0.7217115442678781,0.8288898650900243,0.6752652396884032,
