,job138_scenario0_285,job152_scenario3_318,job158_scenario4_332,job159_scenario0_333,
in27,0.0,0.28432966552404504,0.28432966552404504,0.030453105431559324,
B14,0.17421675643337164,0.5447404562848801,0.3545305007035928,0.17421675643337164,
B11,0.170854775790655,0.7349504118661672,0.45629786356264834,0.21627962275916957,
cn12,0.020741967962664365,0.5945487415070716,0.3545305007035928,0.023918874763209974,
B54,0.6798144274287578,0.9047678174900982,0.7580695782197586,0.6963161043661272,
