,job138_scenario0_285,job142_scenario0_295,job145_scenario1_302,job148_scenario1_311,job149_scenario1_312,job150_scenario1_314,job151_scenario3_315,
in27,0.25791058034085446,0.30959063041875223,0.43729597620529836,0.4720394106853516,0.4222311254631601,0.38359681796311995,0.5422402458648994,
B14,0.4819356219964176,0.44535029181675156,0.592048531087091,0.7324502014461867,0.7324502014461867,0.6622493662666389,0.6938158939461466,
B11,0.21816285059286578,0.19338686238183278,0.2724684422496655,0.38359681796311995,0.3670951410257506,0.4018385755058037,0.5422402458648994,
cn12,0.0,0.023569456757901786,0.1751451048391489,0.20328307369289866,0.1751451048391489,0.19338686238183278,0.27865254830351893,
B54,0.5573050966070378,0.4819356219964176,0.6938158939461466,0.6938158939461466,0.7324502014461867,0.592048531087091,0.7324502014461867,
