,job350_scenario1_667,job356_scenario1_683,job357_scenario1_687,job359_scenario4_690,job360_scenario1_691,
in27,0.12845648172765578,0.11195480479028641,0.0,0.12845648172765578,0.047081668825956435,
B14,0.6702464371882448,0.5630681163660987,0.7285020837363528,0.5630681163660987,0.5769264356551056,
B11,0.591991286397244,0.6267347208772972,0.6471272708346534,0.7285020837363528,0.591991286397244,
cn12,0.04980828522219172,0.03156652767950785,0.03156652767950785,0.27158476848298674,0.04980828522219172,
B54,0.7285020837363528,0.8871455116381323,0.8871455116381323,0.6969355560568451,0.7285020837363528,
