,job350_scenario1_667,job356_scenario1_683,job357_scenario1_687,job359_scenario4_690,job360_scenario1_691,job361_scenario1_692,
in27,0.12845648172765567,0.1119548047902863,0.0,0.12845648172765567,0.047081668825956324,0.047081668825956324,
B14,0.6590724594660933,0.5518941386439471,0.7173281060142012,0.5518941386439471,0.565752457932954,0.6590724594660933,
B11,0.5808173086750923,0.6155607431551455,0.6359532931125018,0.7173281060142012,0.5808173086750923,0.565752457932954,
cn12,0.051465107079633365,0.03322334953694939,0.03322334953694939,0.2732415903404283,0.051465107079633365,0.0016568218574415372,
B54,0.7173281060142012,0.8759715339159806,0.8759715339159806,0.6857615783346934,0.7173281060142012,0.5518941386439471,
