,job430_scenario2_847,job434_scenario1_853,job436_scenario0_855,
in27,0.24216903321815098,0.21060250553864324,0.14040167035909545,
B14,0.19020995558128706,0.07020083517954767,0.0,
B11,0.41198643884208197,0.5208215815216699,0.3537307922939741,
cn12,0.4008124611199304,0.33798025129771425,0.20353472571811093,
B54,0.8808489427268881,0.7608398223251487,0.5567715474548545,
