,job556_scenario0_1103,job572_scenario2_1148,job574_scenario1_1154,job576_scenario4_1161,
in27,0.31827339159447987,0.4448167426645686,0.39837043808509354,0.4319859430849753,
B14,0.7160214087712555,1.1058023327882287,0.9471589048864494,0.9155923772069416,
B11,0.6829427617607944,0.7457749715830106,0.9857932123864894,1.2258114531899682,
cn12,0.0,0.19020995558128728,0.1477702957164273,0.38041991116257456,
B54,0.6257658511812711,0.7688941379366021,0.9155923772069416,0.8657840919847499,
