,job808_scenario1_1772,job810_scenario3_1776,
in27,0.4884838429328739,0.8373372264159405,
B14,0.6786937985141611,0.5973189856124617,
B11,0.26041079076083495,0.3417856036625343,
cn12,0.0,0.12845648172765567,
B54,0.3369081948516268,0.3867164800738182,
