,job606_scenario2_1236,job607_scenario0_1239,
in27,0.32407739527203344,0.19562091354437783,
B14,0.5325291083960044,0.22231003241297798,
B11,0.307575718334664,0.17987037254811789,
cn12,0.17987037254811789,0.02580350792044661,
B54,0.045424846968514565,0.0,
