,job169_scenario0_320,job171_scenario1_322,job172_scenario2_324,job175_scenario0_329,job177_scenario1_332,job178_scenario1_333,
in27,0.373885680494225,0.4800364816069575,0.5089596516381028,0.36002736120521805,0.5254613285754721,0.5089596516381028,
B14,0.4335901770274826,0.5640956360755123,0.6841047564772517,0.40545220817373273,0.6139039212977039,0.543703086118156,
B11,0.0,0.13386743969074621,0.16543396737025395,0.013858319289006826,0.12000912040173939,0.14893229043288458,
cn12,0.049808285222191384,0.22412299728073048,0.26505053781463717,0.04651034621618233,0.23348401013512954,0.2538765600924856,
B54,0.1987405756550762,0.2538765600924856,0.33525137299418495,0.15698660604433767,0.23348401013512943,0.3036848453146773,
