,job569_scenario4_1167,job571_scenario0_1172,
in27,0.15864342790177943,0.0,
B14,0.6506250981401769,0.49700047273855585,
B11,0.23322770133500426,0.000578085888856994,
cn12,0.5573050966070376,0.2937173990456572,
B54,0.7475150521883249,0.49700047273855585,
