,job69_scenario3_139,job70_scenario1_141,job71_scenario1_142,job72_scenario3_144,job74_scenario1_147,job75_scenario4_148,job76_scenario1_150,
in27,0.5113021637496662,0.39129304334792675,0.3774347240589198,0.484613044881066,0.40635789409006506,0.484613044881066,0.36460392447932666,
B14,0.581502998929214,0.5113021637496662,0.5113021637496662,0.5428686914291739,0.5428686914291739,0.5113021637496662,0.4411013285701183,
B11,0.581502998929214,0.4411013285701183,0.484613044881066,0.6313112841514055,0.40635789409006506,0.7015121193309534,0.3774347240589198,
cn12,0.18284133022395566,0.03307864701046126,0.052335871175925974,0.20596049657754711,0.0,0.1442070227239156,0.03307864701046126,
B54,0.5428686914291739,0.581502998929214,0.5113021637496662,0.4411013285701183,0.484613044881066,0.6313112841514055,0.4411013285701183,
