,job127_scenario2_242,job131_scenario0_249,job133_scenario2_254,job134_scenario1_256,
in27,0.15864342790177943,0.0,0.1270769002222717,0.11321858093326476,
B14,0.7973233374105165,0.5854430654607875,0.8359576449105566,0.7390676908624085,
B11,0.6955559745514609,0.5573050966070376,0.6608125400714077,0.6608125400714077,
cn12,0.4169034262479421,0.20502315429821316,0.428848614879382,0.39523310987950033,
B54,0.38533689856843434,0.2386386592980948,0.5755468541497215,0.5053460189701736,
