,job611_scenario1_1281,
in27,0.22972987402948059,
B14,0.0,
B11,0.27515472099799526,
cn12,0.1733873581389398,
B54,0.0,
