,job595_scenario0_1227,job597_scenario1_1232,job598_scenario2_1233,
in27,0.5844881860328685,0.6778081875660078,0.7195621571767462,
B14,0.6342964712550602,0.8560729545158551,0.8560729545158551,
B11,0.5844881860328685,0.7044973064346078,0.7195621571767462,
cn12,0.0,0.14040167035909545,0.21060250553864346,
B54,0.5995530367750068,0.7044973064346078,0.8947072620158951,
