,job105_scenario0_202,job106_scenario1_203,job107_scenario0_204,job109_scenario2_206,job110_scenario2_207,job111_scenario2_208,job112_scenario2_211,job113_scenario0_212,job114_scenario0_213,job115_scenario1_217,
in27,0.6841047564772517,0.8495387238475058,0.6841047564772517,0.817972196167998,0.7681639109458065,0.8495387238475058,0.8495387238475058,0.6979630757662586,0.6979630757662586,0.817972196167998,
B14,0.6376584518977768,0.791283077299398,0.6010731217181107,1.0081821517492853,1.0081821517492853,1.0081821517492853,0.8495387238475058,0.6593287682662186,0.6277622405867109,0.817972196167998,
B11,0.713027926508397,0.9379813165697375,0.6979630757662586,0.817972196167998,0.817972196167998,0.804113876878991,0.8677804813901896,0.6979630757662586,0.6979630757662586,0.804113876878991,
cn12,0.0,0.16543396737025406,0.0,0.21524225259244578,0.1569866060443379,0.19357193622400382,0.19357193622400382,0.0033619806427165333,0.0,0.14123606504807795,
B54,0.804113876878991,0.9695478442492452,0.7681639109458065,0.8495387238475058,1.0081821517492853,1.0081821517492853,1.0579904369714768,0.804113876878991,0.791283077299398,1.0579904369714768,
