,job265_scenario0_489,job273_scenario1_506,job274_scenario2_508,job275_scenario1_509,
in27,0.2042730490666842,0.3381404887574305,0.2883322035352389,0.2995061812573905,
B14,0.5564884131924676,0.6869938722404971,0.8568112778644281,0.7368021574626888,
B11,0.32969312743151424,0.4265830814796623,0.47639136670185367,0.4581496091591699,
cn12,0.0,0.16617229071882733,0.20968400702977485,0.1163640054966355,
B54,0.6167930370609493,0.7683686851421966,0.8070029926422366,0.7368021574626888,
