,job484_scenario2_952,job486_scenario3_954,job487_scenario3_955,job490_scenario0_967,job491_scenario2_968,
in27,0.13891551047985384,0.22297466494840845,0.27278295017060006,0.0,0.11413952226882063,
B14,0.9430293873588449,0.5830020261536266,0.6328103113758183,0.45249656710559705,0.7030111465553661,
B11,0.14744613055364275,0.5626094761962704,0.2839569278927516,0.03549132576335656,0.14744613055364275,
cn12,0.20258211499105228,0.32259123539279166,0.34298378535014784,0.0222683707208311,0.20258211499105228,
B54,0.2878478009127384,0.2878478009127384,0.129204373010959,0.07094872646285122,0.24921349341269838,
