,job325_scenario2_607,job328_scenario1_615,job329_scenario1_619,
in27,0.2040682748702941,0.17250174719078637,0.15864342790177954,
B14,0.5325291083960046,0.385830869125665,0.385830869125665,
B11,0.07254734919948347,0.1160590655104311,0.07254734919948347,
cn12,0.04980828522219172,0.0,0.01824175754268398,
B54,0.8427481843790312,0.652538228797744,0.6027299435755524,
