,job118_scenario1_220,job122_scenario0_231,job124_scenario1_238,job125_scenario1_239,job126_scenario3_240,
in27,0.4537976531426677,0.33378853274092823,0.4537976531426677,0.4537976531426677,0.5738067735444071,
B14,0.33378853274092835,0.18402584952743373,0.33378853274092835,0.31339598278357195,0.4537976531426677,
B11,0.24972937827237351,0.1509472025169727,0.31339598278357195,0.31339598278357195,0.6938158939461465,
cn12,0.18402584952743373,0.0,0.20328307369289866,0.15864342790177943,0.2951542252408882,
B54,0.5036059383648592,0.43993933385366074,0.5738067735444071,0.5036059383648592,0.468862503884806,
