,job254_scenario2_473,job255_scenario1_474,job257_scenario2_476,job260_scenario0_481,job261_scenario0_484,job262_scenario1_485,job263_scenario2_486,job264_scenario2_488,job265_scenario0_489,
in27,0.4151633456426276,0.4151633456426276,0.32329219409463805,0.24972937827237351,0.24972937827237351,0.3697384986741129,0.3569076990945198,0.3697384986741129,0.24972937827237351,
B14,0.573806773544407,0.8138250143478859,0.6551815864461065,0.4769168194962592,0.4537976531426677,0.573806773544407,0.6551815864461065,0.743624179168338,0.44330131449637744,
B11,0.24001824080347878,0.25651991774084815,0.24001824080347878,0.10494426965960102,0.09787648983906883,0.24001824080347878,0.3449625104630798,0.1751451048391488,0.12806343601319248,
cn12,0.18402584952743373,0.15864342790177943,0.18402584952743373,0.006413198462885572,0.0,0.1509472025169727,0.16669774351323252,0.1751451048391488,0.02721457166300545,
B54,0.6236150587665987,0.4537976531426677,0.6236150587665987,0.32329219409463805,0.3697384986741129,0.4537976531426677,0.5036059383648592,0.4537976531426677,0.38359681796311995,
