,job429_scenario2_838,job431_scenario2_842,
in27,0.37509221194735654,0.37509221194735654,
B14,0.0,0.03156652767950774,
B11,0.07292745157578306,0.03818401709572983,
cn12,0.1095127817554492,0.09025555758998427,
B54,0.6702464371882448,0.5502373167865054,
