,job515_scenario4_1030,job516_scenario0_1032,job519_scenario0_1035,job520_scenario1_1042,
in27,0.14040167035909568,0.0,0.00653423066834935,0.11371255149049542,
B14,0.4432521209847906,0.25304216540350344,0.2965538817144511,0.393443835762599,
B11,0.8348460098695166,0.5494029220975231,0.5783260921286684,0.6832703617882694,
cn12,0.7534711969678172,0.4293938016957837,0.4396821684697819,0.6130695266087217,
B54,0.8734803173695567,0.6832703617882694,0.6446360542882295,0.9934894377712961,
