,job1088_scenario2_3488,
in27,0.0,
B14,0.391593888884726,
B11,0.03156652767950774,
cn12,0.14312828675533096,
B54,0.3333382423366181,
