,job374_scenario2_717,
in27,0.22039690175541105,
B14,0.3986616687052583,
B11,0.0,
cn12,0.19727773540181953,
B54,0.1200091204017395,
