,job133_scenario2_254,job136_scenario0_262,job138_scenario2_267,job139_scenario1_268,job140_scenario3_269,job141_scenario1_271,
in27,0.28544308777199356,0.16543396737025418,0.28544308777199356,0.27158476848298674,0.4370187358532408,0.3170096154515013,
B14,0.7543055916567997,0.5037910122070306,0.7543055916567997,0.613903921297704,0.7156712841567596,0.613903921297704,
B11,0.13507397114387776,0.0,0.21332912193487885,0.13507397114387776,0.31021907598302667,0.13507397114387776,
cn12,0.29738827640343357,0.060489697710653156,0.2538765600924858,0.24451554723808688,0.4440865156737731,0.22718744122388568,
B54,0.8743147120585391,0.5374065172069123,0.7156712841567596,0.6841047564772519,0.6574156376086517,0.6841047564772519,
