,job306_scenario3_576,job307_scenario0_577,job310_scenario1_580,job311_scenario1_581,
in27,0.6648475323117871,0.09421766556792543,0.20793021705842096,0.24968418666915948,
B14,0.8146102155252815,0.6841047564772519,0.8377293818788729,0.8146102155252815,
B11,0.604007709986638,0.2301220294924129,0.3373003503145592,0.45730947071629857,
cn12,0.25387656009248594,0.0,0.19357193622400404,0.1569866060443379,
B54,0.8377293818788729,0.7444093803457337,0.8959850284269809,0.934619335927021,
