,job524_scenario0_1053,job525_scenario2_1055,job527_scenario3_1057,job528_scenario0_1059,job529_scenario0_1061,
in27,0.5657524579329539,0.6590724594660933,0.7790815798678326,0.5657524579329539,0.5518941386439471,
B14,0.8288898650900243,1.0457889395399116,1.2359988951211986,0.8555789839586244,0.8759715339159806,
B11,0.32573421712947503,0.5159441727107623,0.6359532931125017,0.3407990678716135,0.33310284248680677,
cn12,0.0062965689112439716,0.19650652449253125,0.31651564489427053,0.012830799579593322,0.0,
B54,0.7919123794474258,0.9573463468176799,0.9573463468176799,0.7671363912363927,0.8057706987364328,
