,job218_scenario1_403,job219_scenario4_404,job222_scenario1_409,job223_scenario1_411,
in27,0.0,0.14669823927033954,0.041753969610738295,0.026689118868600148,
B14,0.3240773952720334,0.3823330418201413,0.28056567896108575,0.2623239214184019,
B11,0.22368961391836184,0.6223512826236202,0.1423148010166625,0.2623239214184019,
cn12,0.3823330418201413,0.470775634542373,0.41047101067389113,0.35076651414063353,
B54,0.204068274870294,0.35076651414063365,0.35076651414063365,0.30095822891844193,
