,job1043_scenario0_3164,job1044_scenario2_3166,
in27,0.5049692254311116,0.6176097204755193,
B14,0.5474088852959716,0.7376188408772588,
B11,0.0,0.14214175096440984,
cn12,0.35719892971468437,0.5909206016069193,
B54,0.6037514011865124,0.6491762481550272,
