,job109_scenario2_206,job110_scenario2_207,job111_scenario2_208,job113_scenario0_212,job114_scenario0_213,job116_scenario1_218,job118_scenario1_220,job119_scenario1_225,
in27,0.6342964712550601,0.5844881860328683,0.6658629989345677,0.5142873508533206,0.5142873508533206,0.6493613219971983,0.6342964712550601,0.620438151966053,
B14,1.064524667639826,1.064524667639826,1.064524667639826,0.7156712841567594,0.6841047564772517,0.9058812397380466,0.8245064268363471,0.8245064268363471,
B11,0.7543055916567993,0.7543055916567993,0.7404472723677924,0.63429647125506,0.63429647125506,0.7693704423989377,0.7404472723677924,0.7543055916567993,
cn12,0.21524225259244556,0.15698660604433767,0.19357193622400382,0.0033619806427165333,0.0,0.16543396737025384,0.17431471205853888,0.18367572491293793,
B54,0.7858721193363072,0.9445155472380866,0.9445155472380866,0.7404472723677924,0.7276164727881993,0.9058812397380466,0.8041138768789909,0.7858721193363072,
