,job342_scenario3_645,job345_scenario2_650,job347_scenario0_653,job348_scenario4_658,job349_scenario1_659,job351_scenario1_661,job352_scenario2_663,
in27,0.4576728214537804,0.36435281992064117,0.2239511495615456,0.43455365510018895,0.35049450063163434,0.3959193476001489,0.35049450063163434,
B14,0.9616718055331028,0.8416626851313636,0.5630101368278446,0.7714618499518158,0.7012610147722679,0.8416626851313636,0.9616718055331028,
B11,1.2016900463365816,0.864781851484955,0.7714618499518157,1.0114800907552945,0.9412792555757467,0.9847909718866943,0.9230374980330629,
cn12,0.28874102677800284,0.16873190637626334,0.0,0.3273753342780429,0.1869736639189472,0.1371653786967555,0.1869736639189472,
B54,1.0114800907552945,1.1314892111570338,0.8416626851313636,1.0114800907552945,1.0114800907552945,1.2016900463365816,1.0816809259348423,
