,job328_scenario1_615,job329_scenario1_619,job330_scenario4_620,job331_scenario3_621,job332_scenario1_622,
in27,0.22807305217203888,0.21421473288303206,0.2778813373942305,0.41828300775332605,0.22807305217203888,
B14,0.600045602008697,0.600045602008697,0.6583012485568049,0.600045602008697,0.5769264356551056,
B11,0.12000912040173939,0.07649740409079175,0.21689907444988732,0.45691731525336615,0.0,
cn12,0.019621339048067843,0.03786309659075171,0.13963045944980723,0.10806393177029949,0.03786309659075171,
B54,0.6267347208772972,0.5769264356551056,0.6267347208772972,0.600045602008697,0.6583012485568049,
