,job496_scenario4_980,
in27,0.3221642646144665,
B14,0.0,
B11,0.5390633390643539,
cn12,0.08526568592168615,
B54,0.34885338348306666,
