,job373_scenario1_711,
in27,0.3954847619047127,
B14,0.2337216718922348,
B11,0.0,
cn12,0.2919773184403427,
B54,0.4506207463421222,
