,job614_scenario0_1285,job617_scenario0_1289,
in27,0.15157564808124724,0.16601205325911106,
B14,0.028137968853749862,0.0,
B11,0.04600293285737167,0.0617534738536315,
cn12,0.035064354985031354,0.018241757542683867,
B54,0.24001824080347883,0.20845171312397115,
