,job385_scenario2_752,
in27,0.18488225636606936,
B14,0.4098356464274098,
B11,0.2631374071570703,
cn12,0.1095127817554492,
B54,0.0,
