,job100_scenario0_194,job101_scenario3_195,job102_scenario0_198,job103_scenario0_199,job104_scenario1_200,
in27,0.3023478767956924,0.5877909645676858,0.2895170772160991,0.3091384162641668,0.43621531648643863,
B14,0.8447731965027628,1.0250869407729841,0.8664435128712047,0.8912195010822377,0.9983978219043839,
B11,0.7924373253268369,1.2152968963542712,0.8001335507116436,0.778000920148973,0.9548861055934362,
cn12,0.013858319289006937,0.28544308777199334,0.0033619806427167553,0.0,0.16543396737025406,
B54,0.7712103806804983,0.9050778203712446,0.7583795811009052,0.8348769851916968,1.095287775952532,
