,job367_scenario2_695,job368_scenario3_701,job369_scenario1_702,
in27,0.045424846968514676,0.2623239214184019,0.022305680614923107,
B14,0.5907847549441123,0.47077563454237303,0.5023421622218808,
B11,0.0,0.13386743969074621,0.045424846968514565,
cn12,0.2623239214184019,0.38233304182014133,0.2712046661066869,
B54,0.5023421622218808,0.42096734932018137,0.5409764697219208,
