,job245_scenario0_479,job246_scenario0_480,job250_scenario1_484,job251_scenario0_485,job252_scenario1_486,job253_scenario3_487,job254_scenario1_489,job257_scenario4_494,job258_scenario0_495,job259_scenario0_496,job260_scenario1_497,job262_scenario1_500,job263_scenario2_501,job264_scenario2_503,job265_scenario4_504,job266_scenario3_507,job267_scenario0_509,job268_scenario1_511,job269_scenario3_512,job270_scenario1_514,
in27,0.5467144553205295,0.5651187692805156,0.6732173383394198,0.5161275683524744,0.5917947423495518,0.744522935889799,0.5733617162694042,0.7272771459780143,0.4547180962826669,0.4314876025026432,0.5808341561827067,0.549254482703635,0.5372007455605996,0.4398283933811895,0.4945269307508104,0.6449651010021414,0.2098176378867424,0.24044388144224094,0.271384522727244,0.13825087794442326,
B14,0.5782809830000373,0.6017040994601817,0.7349708121930512,0.575832064885732,0.6802373350717833,0.7760894635693067,0.6821968589489922,0.7659114534780543,0.5070539674585929,0.4883636675453671,0.6194684636827468,0.6692636031053744,0.6572098659623391,0.7184809416847083,0.5829695234730421,0.524955980600402,0.32353018937723793,0.28219785105297934,0.3211928079494357,0.13825087794442326,
B11,0.5328561360315226,0.5419996029269241,0.6567156614020503,0.5090597885319422,0.6802373350717833,0.9347328914710862,0.6821968589489922,0.8859205738797937,0.46241432166747365,0.45362023306531374,0.6194684636827468,0.5674962402463187,0.5056342178810919,0.49352755162336787,0.6145360511525498,0.6449651010021414,0.23021018784409858,0.2986995279903487,0.441201928351175,0.13825087794442326,
cn12,0.39695177210703503,0.398421025767283,0.5532082179376803,0.37896218965571893,0.5335390958014439,0.744522935889799,0.5516913999009625,0.537067190396727,0.3069478005662397,0.3013900036264199,0.4697057804692523,0.4292453623018955,0.4260723698471452,0.42865441565903795,0.47802525381344096,0.47514769537821044,0.09634274815335225,0.20682837644235919,0.271384522727244,0.0,
B54,0.6667235757222689,0.6481504040396566,0.8318607662411992,0.5863284035320222,0.7504381702513312,0.744522935889799,0.7320051441711838,0.7659114534780543,0.5673585913270747,0.5901310304044225,0.7008432765844461,0.6110079565572664,0.6256433382828313,0.5984718212829689,0.6145360511525498,0.524955980600402,0.3004110230236464,0.4573429558921282,0.3211928079494357,0.3986616687052583,
