,job765_scenario0_1663,job768_scenario2_1668,job769_scenario4_1669,job772_scenario2_1679,job773_scenario1_1680,
in27,0.4372555790230658,0.5076800407039084,0.5868475531565072,0.08964912417536297,0.06487313596432998,
B14,0.9296875396657733,1.162861627150015,1.0989008528472828,0.7586890299104765,0.5684790743291892,
B11,0.8668553298435571,0.9544099140260438,1.1487091380694743,0.5502373167865053,0.533735639849136,
cn12,0.2920931294047041,0.3957252359136222,0.5282709861034212,0.018241757542683867,0.0,
B54,0.9408615173879249,1.2330624623295627,1.3389190936507616,0.5888716242865455,0.5888716242865455,
