,job189_scenario0_384,job192_scenario1_391,job193_scenario0_392,job195_scenario1_394,job196_scenario0_395,job197_scenario1_397,job199_scenario1_402,job200_scenario0_404,job201_scenario0_407,job203_scenario1_409,job204_scenario3_410,job205_scenario2_411,job206_scenario2_412,job207_scenario1_413,job208_scenario3_414,job209_scenario0_415,job210_scenario2_417,
in27,0.4985096805680592,0.5411066977064763,0.4607212212249965,0.5331104937902791,0.4399289931622462,0.5521320411388655,0.45164110083436715,0.3331324706903055,0.283924425212167,0.41959809737809295,0.486321673100362,0.32738146834725856,0.26177671552360626,0.2614321555841138,0.3485078132125403,0.04254025964591668,0.0,
B14,1.0487469973545647,1.2095401700269686,1.0035899126541703,1.0846545078197303,0.98279768459142,1.0784237624949475,1.0702662879326676,0.9381556472997244,0.8843078547677836,0.9911416156504372,1.0276782451985824,1.0026054801362254,1.0115850007457978,0.8552813544713812,0.9783069780329924,0.6225311392441772,0.7498082852221916,
B11,1.0156683503441037,1.121097577304737,0.9631426402863775,1.1193979422997833,0.9497190375809589,1.1170580699949875,1.0151303034952583,0.8883473620775328,0.8372261859418274,0.9128864648594364,1.116120837920814,0.8371715127659712,0.8711833303867023,0.7583914004232333,0.9284986928108008,0.5673951548067678,0.591164857320412,
cn12,0.5144049240908076,0.6168631933756031,0.4726098200331297,0.621119703150142,0.4419213806593135,0.5899399195620736,0.5902298063257101,0.35958809449605134,0.32700275816074587,0.46759341773253194,0.5862760710916648,0.4411941856275684,0.4010430600908105,0.35485232290706736,0.37826137602429544,0.055137564162655806,0.17288184956708597,
B54,1.0785005601663198,1.2411066977064764,1.044517453188077,1.1397904922571396,1.0356704137567667,1.1170580699949875,1.0933854542862593,0.9629316355107576,0.9202578207009684,1.1378398549207769,1.0276782451985824,1.0412397876362653,0.9729506932457579,0.8784005208249727,1.1685169336142796,0.7425402596459166,0.869817405623931,
