,job170_scenario1_351,job172_scenario0_354,job174_scenario0_359,job176_scenario1_363,job177_scenario0_364,job185_scenario0_374,job186_scenario0_376,job187_scenario1_379,job188_scenario4_382,job189_scenario0_384,job190_scenario3_385,job191_scenario1_388,job192_scenario1_391,
in27,0.61194518863144,0.5059446629815094,0.4619381112682672,0.5539316457588,0.43430385990677234,0.37238244305873563,0.352024530389984,0.4743734324190862,0.4662159578568064,0.2351294545747316,0.481641457995361,0.19063559622004933,0.0,
B14,0.9986616687052583,0.8056674003182458,0.7925497372086501,0.8704472906530705,0.726281178347115,0.6599157360505394,0.7506861990952423,0.8730351011243445,0.7560424838824769,0.5155949677460032,0.7602940062988799,0.5071512411143198,0.3986616687052583,
B11,0.6884425927222316,0.4920863436925026,0.4823306612256234,0.6304290498495917,0.4476286300435962,0.38681884823659957,0.3664609355678479,0.4161177858709784,0.5160242430789981,0.24249807993206324,0.481641457995361,0.267133000310841,0.07020083517954778,
cn12,0.7990907002695722,0.6055612334258926,0.5884814623383559,0.7321964127086472,0.5543129803085117,0.4697057804692522,0.455531973854354,0.6126243103635096,0.6510982142228758,0.34128025568746406,0.6198923359397843,0.3689003631698965,0.16601205325911106,
B54,0.9986616687052583,0.7957711890071799,0.8423580224308416,0.8704472906530705,0.829788621811485,0.7256192647954792,0.7506861990952423,0.8730351011243445,0.7876090115619847,0.5453485305577582,0.6900931711193321,0.5773520762938676,0.43022819638476606,
