,job635_scenario2_1316,job636_scenario0_1319,job637_scenario2_1320,job638_scenario1_1321,job639_scenario4_1324,job640_scenario4_1332,job641_scenario0_1333,job642_scenario0_1334,job643_scenario0_1337,job644_scenario3_1338,job645_scenario0_1340,job646_scenario0_1342,
in27,0.9923820254062452,0.8235083424257232,0.9501456576642444,0.9158900108762222,0.9490728923619729,0.9152222665619922,0.6847561494552612,0.6655986187544363,0.5891520498016489,0.8244422924119583,0.43304864928297504,0.32737533427804266,
B14,1.0706371761972462,0.8689331893942379,1.0434656591973837,0.9923874149670139,1.0690820127637124,1.0121122206101403,0.7549569846348091,0.7357994539339842,0.6705268627033484,0.8244422924119583,0.48992471432569895,0.36782260664583544,
B11,1.0088837023436146,0.8524315124568685,1.0203464928437922,1.01277996492437,1.1077163202637523,1.252130461413619,0.6708978301662543,0.6971651464339441,0.5965206751589807,0.91288488513419,0.41972387914615106,0.34244018502018103,
cn12,0.7268025952143379,0.5035781289738019,0.6996310782144755,0.6397286791191273,0.7974972442807259,0.6467571601897042,0.3606787541832277,0.34152122348240277,0.2585404238612661,0.5324649739716154,0.11274109482546457,0.0,
B54,1.0475180098436547,0.907567496894278,1.0434656591973837,1.0625882501465618,1.157524605485944,1.1321213410118798,0.7661309623569607,0.7856077391561758,0.6488565463349065,0.8244422924119583,0.5214912420052066,0.420695335811182,
