,job193_scenario0_392,job196_scenario0_395,job197_scenario1_397,job200_scenario0_404,job201_scenario0_407,job203_scenario1_409,job205_scenario2_411,job207_scenario1_413,job209_scenario0_415,job210_scenario2_417,job212_scenario3_423,job213_scenario1_428,job214_scenario0_429,job215_scenario4_430,
in27,0.9043673859597583,0.890991275529488,1.0091261540636038,0.821416067867437,0.7949404446514505,0.9521119903184064,0.8904084668896947,0.8723175040658189,0.7458087902843347,0.7927341275105271,0.9818732958537684,0.5242335631103162,0.3053416671721191,0.49555162275340625,
B14,1.0574551533719587,1.0440790429416884,1.1456369514027127,1.0366583204598827,1.0055429501900939,1.1338745845737774,1.1758515546616881,1.076385778936113,0.936018745865622,1.1527614887157451,1.1018824162555076,0.7079092880232539,0.4751590727960502,0.6653690283773374,
B11,1.2072178365854533,1.2012103515125145,1.37448121448404,1.1770599908189783,1.1486712369454248,1.2458293893640637,1.200627542872721,1.1697057804692523,1.0710927170094997,1.184328016395253,1.3622932070163427,0.8798774860618573,0.6386799095087372,0.8871455116381323,
cn12,0.6078498736526177,0.5845775519112815,0.7385279213715382,0.5394655805579088,0.5296126664847555,0.6917011995575715,0.6958150730547304,0.6573315602734986,0.44999998368579974,0.6572098659623391,0.6765316286816492,0.29100586177531196,0.0,0.2982738873515868,
B54,1.2885926494871527,1.2871617276883223,1.37448121448404,1.251644264252203,1.2317028717045657,1.470782779425404,1.4046958177430153,1.2897149008709916,1.2462378218486485,1.462980564698772,1.1453941325664552,0.9185117935618974,0.735569863556885,0.8871455116381323,
