,job448_scenario0_878,job450_scenario0_881,job452_scenario0_884,job453_scenario1_886,job456_scenario3_891,job457_scenario4_894,job458_scenario2_896,job459_scenario0_899,job460_scenario1_903,
in27,0.6133756052748284,0.5857928377436034,0.5989251190065825,0.6638657909418477,0.7410807920911653,0.6675998911602452,0.5334033419263183,0.3153043638785448,0.21689907444988737,
B14,0.7137633866284999,0.6810259699343097,0.6460067878325388,0.7092906379103624,0.6912725068689736,0.6675998911602452,0.7734215827297971,0.3628194160668698,0.3369081948516268,
B11,0.6065850658063536,0.6227703233862019,0.5831745780103226,0.7275323954530462,0.811281627270713,0.7644898452083931,0.5832116271485099,0.3454913100526686,0.2667073596720789,
cn12,0.3632688859968657,0.3457745969401247,0.32192939256050535,0.4608250357809673,0.5712633864672342,0.48583729690487426,0.3338323734906323,0.0651976446005822,0.0,
B54,0.40354431064547325,0.4094412014513231,0.37173767778269695,0.4377058694273758,0.3424191233859069,0.45427076922536663,0.4632025067467706,0.11830386882878297,0.05825564654810789,
