,job1076_scenario2_2878,job1077_scenario1_2879,job1079_scenario3_2882,
in27,0.11830386882878285,0.04673609855543004,0.0,
B14,0.774270656452285,0.6257115115309095,0.7074318947031353,
B11,0.6377598591131761,0.6074697539882257,0.5874227743013959,
cn12,0.534252415648806,0.4874606335864863,0.5172219391218481,
B54,0.3977416183096973,0.45589410590697865,0.27720369831836933,
