,job684_scenario1_1428,job690_scenario2_1459,job691_scenario1_1461,job692_scenario0_1462,job693_scenario4_1465,job694_scenario1_1466,
in27,0.6334110630410461,0.37475991402453884,0.35866666957175425,0.14722703885992827,0.12000912040173939,0.0,
B14,0.643122200509941,0.4879784949578036,0.29284927264588323,0.19288814226200757,0.10127339230182497,0.01283079957959321,
B11,1.0872087161837138,0.7916633402724809,0.7573283382770125,0.5381924821803796,0.6653690283773372,0.4955516227534062,
cn12,0.6272269569871927,0.36143514388771497,0.27196415745483715,0.0802031104809261,0.18533254677037958,0.03556986355688507,
B54,0.9201179269560181,0.8618641754520288,0.6169266679179171,0.41081473642130867,0.38671648007381837,0.3551499523943107,
