,job627_scenario0_1301,job630_scenario1_1307,job633_scenario0_1312,job634_scenario1_1314,job635_scenario2_1316,job636_scenario0_1319,job637_scenario2_1320,
in27,0.8465642920591457,0.9119168188354345,0.6925468077938723,0.759467577222048,0.7352722340696418,0.360857753985828,0.4947251936765744,
B14,1.0333456888146748,1.1021267744167216,0.9262684796861074,0.9763666516719354,0.9335365052623821,0.526291721356082,0.7080543156114529,
B11,0.478915998604843,0.4954467759498611,0.3382232844763937,0.4461840572958664,0.3619929869900378,0.0,0.1751451048391488,
cn12,0.8431357332333878,0.9617251040576262,0.689369900993327,0.8359649813128398,0.7799118798607609,0.35114661651693324,0.5544296902098319,
B54,0.7834312367001302,0.8417159836558867,0.6427385225716808,0.6457550257315525,0.6001982629257641,0.2547069528730955,0.3978352396284264,
