,job38_scenario0_78,job43_scenario4_85,job44_scenario1_89,job47_scenario3_92,job48_scenario2_94,job49_scenario1_95,
in27,0.3476064548477024,0.45857696481762555,0.30528982170308067,0.24235701209980776,0.06366660451119843,0.0,
B14,0.751286926053119,0.8186043260228437,0.7937736646359546,0.7196668773105301,0.5023421622218808,0.42096734932018137,
B11,0.7066472802619999,0.8768599725709517,0.6737645442342152,0.7694751625327216,0.3240773952720335,0.38233304182014133,
cn12,0.5480038523602204,0.7750926097118961,0.5453080625065596,0.5996577569087906,0.28056567896108586,0.28056567896108586,
B54,0.5715733091181221,0.6550834893101568,0.5719971813751596,0.5294569217292429,0.40057479936282514,0.3507665141406336,
