,job436_scenario0_855,job437_scenario3_856,job442_scenario0_868,job443_scenario3_869,job446_scenario3_876,job447_scenario2_877,job448_scenario0_878,job449_scenario1_879,job450_scenario0_881,job451_scenario2_883,
in27,0.48685047268995063,0.7058886283897589,0.3564079686436609,0.719071888327566,0.5178882007798697,0.3145506687676654,0.18450810052352629,0.30685700255262843,0.028681940356909852,0.0,
B14,0.8318129831530305,1.174751132274565,0.6987271214583783,0.9092818439088531,0.7649742214038808,0.7399014563415238,0.5635484301807168,0.6241438583561874,0.40256762085113496,0.5684790743291892,
B11,0.7433703904307989,1.0161077043727855,0.6720380025897783,0.9092818439088531,0.7965407490833887,0.6349571866819226,0.4563701093585704,0.6037513083988311,0.3443119743030272,0.3284608335257105,
cn12,0.4932636711528362,0.8378429374229381,0.3917443371376918,0.6527619261680049,0.5110976613113951,0.42032136750409826,0.21305392954908253,0.3289896331152991,0.06731624785695,0.13825087794442337,
B54,0.8855121413952088,0.9143403415137299,0.7550696373489192,0.8777153162293454,0.6600299517442798,0.7399014563415238,0.5635484301807168,0.6472630247097788,0.441201928351175,0.5684790743291892,
