,job398_scenario4_762,job399_scenario1_764,job401_scenario1_773,
in27,0.6686726564625167,0.5310890938211363,0.20845171312397093,
B14,0.5802300637402851,0.5209016518899057,0.14040167035909557,
B11,0.6890652064198729,0.5160242430789981,0.15864342790177943,
cn12,0.49178747101805337,0.3672770264882845,0.0,
B54,0.8588826120438039,0.5723667589695389,0.34885338348306666,
