,job24_scenario2_52,job29_scenario1_60,job34_scenario1_68,job37_scenario1_77,job38_scenario0_78,
in27,0.9633378231696362,0.8852852556453108,0.744256309023184,0.34496251046307985,0.25651991774084826,
B14,1.065105186028692,0.9239195631453507,0.8781237487139303,0.43340510318531145,0.32329219409463805,
B11,0.9450960656269525,0.9470387294989422,0.8283154634917387,0.4537976531426677,0.2786525483035188,
cn12,0.7139585695117586,0.6635087723845159,0.5412155538623035,0.1751451048391488,0.0,
B54,0.8868404190788446,0.9239195631453507,0.7083063430899992,0.4537976531426677,0.21377941233918885,
