,job481_scenario0_942,job482_scenario2_943,job483_scenario0_945,job485_scenario0_948,job486_scenario1_952,job487_scenario2_953,job488_scenario0_954,job489_scenario0_956,job490_scenario1_957,job491_scenario1_958,job492_scenario1_966,job493_scenario2_968,job494_scenario0_969,
in27,1.1197881978894082,1.2557914460723152,1.0873058970517593,1.072121110720146,1.1716189111268194,1.1478999353587034,1.0108593280989722,0.9941180608139659,1.1465330002648981,1.0741248646362498,0.939292568156653,0.7258587260879904,0.5580200455769915,
B14,1.1673032500777332,1.430936550911464,1.1575067322313073,1.1673542429108523,1.2916280315285589,1.2817673750494496,1.1014527132358762,1.0781772152825206,1.1149664725853905,1.1710148186843976,0.9045491336765997,0.9508121161493308,0.684104756477252,
B11,1.1342246030672722,1.2905348805523684,1.1481457193769082,1.0859794300091528,1.2031854388063272,1.1768231053898486,1.03862050341366,1.0153450054603044,1.2082864741185297,1.1506222687270415,0.9210508106139691,0.7606021605680436,0.5907847549441126,
cn12,0.5522640029881379,0.736335455787922,0.5200333541757015,0.5047275356386245,0.6306424414048986,0.6678634537517458,0.453297922691809,0.4333844053811702,0.5739900028634697,0.5865266326515293,0.36583591922674175,0.16981740562393133,0.0,
B54,1.2082307906116398,1.3340465968633162,1.2138492481218481,1.1921302311218853,1.2649389126599586,1.2817673750494496,1.1245718795894677,1.1430503512468506,1.1851673077649383,1.3408322243083286,0.9596851181140091,0.8041138768789913,0.710793875345852,
