,job775_scenario0_1687,job785_scenario3_1707,job787_scenario1_1710,
in27,0.09377488046681093,0.30567338377508985,0.0,
B14,0.6208930308997249,0.592773293404525,0.5409764697219208,
B11,0.564016965857001,0.7127824138062644,0.4569173152533661,
cn12,0.4440078454552615,0.554138985904485,0.4005747993628253,
B54,0.6524595585792325,0.592773293404525,0.5409764697219208,
