,job428_scenario1_841,job429_scenario1_843,job430_scenario2_847,
in27,0.846996518415797,0.7810472056526523,0.5004290315643137,
B14,0.5683439701122781,0.5908372500713652,0.3969215880999437,
B11,0.30793317935144326,0.21041733890879066,0.0,
cn12,0.4981431349327304,0.41569214523221626,0.21559237720694147,
B54,0.65678656283451,0.5908372500713652,0.4853641808221754,
