,job94_scenario0_188,job105_scenario0_211,job106_scenario1_220,
in27,0.2657231357206814,0.08508051929183347,0.0,
B14,0.4778457262024288,0.2701218354420484,0.25651991774084815,
B11,0.32764965962656556,0.1921755813661069,0.1253368196169572,
cn12,0.44086824055983054,0.27355039426780625,0.2348496013724064,
B54,0.9498278921979333,0.733965536826696,0.7253824216256541,
