,job845_scenario3_1898,job846_scenario3_1901,job847_scenario1_1902,
in27,0.5357012656339557,0.2898265260256704,0.2898265260256704,
B14,0.617076078535655,0.43022819638476606,0.3333382423366181,
B11,0.6557103860356951,0.15157564808124713,0.0,
cn12,0.49706695813391566,0.27158476848298657,0.15157564808124713,
B54,0.5357012656339557,0.3333382423366181,0.391593888884726,
