,job160_scenario0_334,job166_scenario0_345,job167_scenario4_346,job168_scenario1_349,job169_scenario3_350,job170_scenario1_351,job172_scenario0_354,job173_scenario3_355,job174_scenario0_359,job175_scenario1_362,
in27,0.45734921676994833,0.3761877954235556,0.5084688899088565,0.4911978127032279,0.6866304979078772,0.4057706491552577,0.2606538239395143,0.4291447625208387,0.08072839709437385,0.07400618754436772,
B14,0.8560108854752065,0.7636754864066622,1.0436413559532236,0.863170362539886,0.8270321682669728,0.8626879644086238,0.6305773964557984,0.8593729589056047,0.48154085821430426,0.44597873738102584,
B11,0.9177643593288382,0.8366029379824453,1.0436413559532236,0.9396677666306776,1.0670504090704516,0.9124962496308153,0.6770237010352733,1.0993911997090835,0.5313491434364959,0.5042343839291337,
cn12,0.39421616141093285,0.3036937272101411,0.5786697250884043,0.4800238349810763,0.5318779430260845,0.4230987551694589,0.19045298875996652,0.5224647640539779,0.03745434254053148,0.0,
B54,0.6279378333031677,0.5965846971789666,0.8267422815033363,0.6231521217364071,0.6101330938170855,0.6457888899587365,0.4037821106948451,0.6424738844557174,0.31445006898660854,0.3259696169792864,
