,job273_scenario1_518,job275_scenario0_520,job276_scenario1_522,job277_scenario1_525,job279_scenario0_530,job280_scenario4_531,job281_scenario1_532,job282_scenario1_533,job283_scenario1_538,job284_scenario3_541,job285_scenario1_542,
in27,0.5465670890869437,0.4191960190731383,0.5623371491649908,0.4904784328029081,0.3072826431913904,0.41967350518093866,0.39134040779141843,0.3870342121991594,0.25513558667286995,0.13683171784408688,0.043511716310947635,
B14,0.49867193452231906,0.3645103250400391,0.45251547069448217,0.4110167505587757,0.24942004235774573,0.5304217785180934,0.47628517320812647,0.49778248553631416,0.26899390596187667,0.07020083517954778,0.0,
B11,0.9675344384071252,0.7561042139247651,0.8676788163371099,0.8910532321657332,0.6796482387425118,1.0104582601250511,0.8251385566911931,0.7693672540193007,0.6209669515556417,0.5319955592438216,0.36656159187356746,
cn12,0.7923893335679763,0.6360950935230256,0.7881169683031631,0.75280235422131,0.5375064877781017,0.80200654700108,0.6278608212893737,0.6675998911602452,0.5090121467653557,0.5319955592438216,0.26041079076083495,
B54,1.0173427236293167,0.9533819493265845,1.019254464418357,0.9345649484766809,0.7707341891131059,1.080659095304599,0.8749468419133848,0.9778189671432718,0.7574777488947506,0.6204381519660531,0.5706298667438616,
