,job704_scenario1_1499,job710_scenario3_1507,job712_scenario4_1509,job713_scenario3_1512,
in27,0.03714244748239026,0.09913219424889552,0.0,0.05567616144483778,
B14,0.2678998412212845,0.18757478697112728,0.1733873581389398,0.11393180799294561,
B11,0.3740506423340169,0.43604038910052234,0.5538072693015141,0.46278519147601227,
cn12,0.291019007574876,0.29952959176141347,0.20495388581844748,0.2023744007151772,
B54,0.38790896162302385,0.3160312686987829,0.43379814889977475,0.10275783027079405,
