,job1116_scenario2_3127,
in27,0.0216703163684418,
B14,0.3003228646719606,
B11,0.060304623868481844,
cn12,0.0,
B54,0.37052369985150846,
