,job605_scenario3_1235,job606_scenario2_1236,job607_scenario0_1239,
in27,0.5677180837177735,0.5005337516980977,0.12533681961695708,
B14,1.2063979932265108,1.2796153315659302,0.7205050128147467,
B11,1.2063979932265108,1.0009627832624115,0.6857615783346933,
cn12,0.5823898887454488,0.36271625711604294,0.0,
B54,1.136197158046963,1.0894053759846432,0.7768475287052874,
