,job521_scenario2_1028,job523_scenario0_1035,job525_scenario0_1039,job527_scenario3_1043,job528_scenario0_1045,job529_scenario0_1046,job530_scenario1_1047,job531_scenario0_1053,job532_scenario0_1054,
in27,0.8071661081875073,0.64243683531753,0.6243805097822588,0.8841525708120677,0.5209016518899057,0.5150688913259047,0.6065684552592068,0.1839133866700431,0.176845606849511,
B14,1.410781662711213,1.1899475357078002,1.1626726379373244,1.3024355785653938,1.0213306834542195,1.0492548215793507,1.1475449249811276,0.7005351984566669,0.7341507034565486,
B11,0.8036682808819836,0.5940081316007224,0.5555592561080951,0.822399096958436,0.47954072799363034,0.4603831972928054,0.5902398283740897,0.13722476355854996,0.1221599128164117,
cn12,0.7405352255229681,0.4888122099159089,0.4572897205545632,0.80200654700108,0.3480198023228196,0.34475751514474307,0.49735321020331913,0.0,0.003236291662340074,
B54,1.2205717071299258,1.064610716090843,0.9612887046338856,1.0308508100824072,0.9141523626320731,0.8949948319312482,1.1271523750237713,0.5439407478752614,0.5567715474548546,
