,job704_scenario1_1499,job705_scenario1_1500,job706_scenario3_1502,job708_scenario1_1504,
in27,0.23285354549246096,0.2419838665882983,0.21768536448506548,0.0,
B14,0.8267027443797283,0.7700156685496948,0.9176853644850654,0.6463008417578214,
B11,0.7426435899111736,0.7700156685496948,0.700786290035178,0.5445334788987658,
cn12,0.4694019995707454,0.45979659256666844,0.4670646181429431,0.199570968435686,
B54,0.6364927887984413,0.6001982629257641,0.4874571681002995,0.44491690845438264,
