,job587_scenario4_1187,
in27,0.0,
B14,0.4228595710274344,
B11,0.7330786470104609,
cn12,0.5428686914291736,
B54,0.45442609870694206,
