,job461_scenario0_905,job462_scenario0_907,job463_scenario0_908,job470_scenario2_920,job471_scenario0_922,job473_scenario1_929,job474_scenario2_930,job475_scenario1_933,job476_scenario1_934,job477_scenario3_935,
in27,0.6188324898431197,0.6076107290327994,0.5804685500249288,0.6337967408042013,0.45505472174961187,0.5195045545861128,0.4400414824734536,0.3060707125174502,0.16440644766084045,0.4884838429328739,
B14,0.7812812701097192,0.7700595092993989,0.742473958569425,0.800494484317434,0.6136981496513914,0.6079471473083442,0.5986849103752332,0.429256739719735,0.2817722104142173,0.3867164800738184,
B11,0.9132355791428985,0.8718268721584546,0.9045459452969623,0.9471927235877733,0.7856663476899945,0.8683579380691795,0.7048357114879655,0.6012249377583384,0.45691731525336615,0.6471272708346534,
cn12,0.3803263683705942,0.3752887136141274,0.37255038605314084,0.5106679582917635,0.25690708010851315,0.29987886373999006,0.3088583843495627,0.08962192847187311,0.0,0.12845648172765567,
B54,0.9834364143224463,0.9490954871585346,0.9791302187301871,0.9675852735451296,0.8891737911543647,0.8683579380691795,0.8702696788582196,0.759868365660118,0.6471272708346534,0.5502373167865053,
