,job818_scenario0_1808,job819_scenario1_1809,job820_scenario3_1810,
in27,0.47324594213848303,0.46768316813516475,0.6143814074055043,
B14,0.5468087579607476,0.5645731221833126,0.5441805722259564,
B11,0.0,0.014335805396807233,0.254354046200286,
cn12,0.3635251885107419,0.40592969428153314,0.5094371377459032,
B54,0.6071133818292294,0.587692288536904,0.6143814074055043,
