,job775_scenario0_1687,job779_scenario4_1696,job780_scenario0_1697,job781_scenario4_1701,
in27,0.4923831672235054,0.558636192337451,0.30194476470936293,0.2968594768138447,
B14,0.8412365507065721,0.8955443871890778,0.6107842591870056,0.5523928587637721,
B11,0.7843604856638482,0.8639778595095702,0.587665092833414,0.9124202199689904,
cn12,0.22026484958833592,0.3700830586136057,0.0,0.06967203558995916,
B54,0.632784837582601,0.5741513334838997,0.42902166493163457,0.39374943086199266,
