,job419_scenario2_825,job420_scenario1_826,job421_scenario2_828,
in27,0.3574326606462568,0.29148334788311203,0.1539662648466144,
B14,0.2126475520334843,0.0,0.033957144444874965,
B11,0.4210992651574553,0.30534166717211897,0.3126096927483939,
cn12,0.3214826947130721,0.20845171312397115,0.17874225305764752,
B54,0.46461098146840296,0.3551499523943106,0.3126096927483939,
