,job489_scenario0_956,job494_scenario0_969,job497_scenario1_973,job498_scenario0_974,job500_scenario2_980,job501_scenario4_981,job502_scenario0_983,job503_scenario2_984,job504_scenario4_985,job505_scenario3_989,
in27,0.5512062939280831,0.4508482932768969,0.5406384783044803,0.4368212205816984,0.4470549141798407,0.5247873375271637,0.2877855998835566,0.36428161410582155,0.4934210556033984,0.18656405305076995,
B14,0.8752836892001166,0.8169512449806363,0.8571541231987507,0.7582142742868766,0.8337713942536591,0.8848146987323818,0.6091786535887348,0.8083681297795945,0.6751836498587693,0.5963996994781797,
B11,0.2772790133335332,0.18845877740312977,0.2872382226743304,0.15673184608294854,0.21015633548706036,0.2794413975084671,0.0,0.15318654333348802,0.1667003026830025,0.01141894821162115,
cn12,0.5545682745707997,0.45692388377541804,0.6077748695408731,0.42632488193540824,0.5235523182706325,0.5607373034603482,0.27392728059454985,0.44834076857437627,0.5116628131460823,0.2514371890150999,
B54,0.9401568251644464,0.8436403638492365,1.047364078780038,0.7701594629183166,0.8653379219331667,0.8461803912323418,0.6091786535887348,0.9283772501813339,1.0120918447103961,0.5079571067559482,
