,job599_scenario3_1222,job600_scenario2_1223,job602_scenario1_1229,
in27,1.0079429630316503,0.8077250931301445,0.53279526765344,
B14,1.1981529186129376,1.1730801535505806,0.7230052232347273,
B11,1.4381711594164164,0.9690118786802864,0.6647495766866194,
cn12,0.5067142230577182,0.2914315024140739,0.0,
B54,1.1012629645647896,1.222888438772772,0.7847586970883587,
