,job9_scenario1_19,job10_scenario2_21,
in27,0.5607776653905457,0.4164700428855735,
B14,0.5994119728905858,0.7266891188686001,
B11,0.5607776653905457,0.3897809240169734,
cn12,0.11274109482546457,0.0,
B54,0.5790194229332296,0.6564882836890522,
