,job1145_scenario0_3276,job1146_scenario0_3278,
in27,0.2901202508271584,0.19020995558128706,
B14,0.3666176549179503,0.2637727714035516,
B11,0.33187422043789694,0.1970004950497618,
cn12,0.17964399099900308,0.07356281582226443,
B54,0.1265994141144714,0.0,
