,job622_scenario2_1287,job623_scenario0_1288,job624_scenario1_1290,job625_scenario2_1291,
in27,0.8869683073144412,0.720167404850382,0.6765509684056504,0.6614861176635121,
B14,0.6398822866904301,0.3812102326783813,0.3561444504913931,0.5028426897617326,
B11,0.44624377228338474,0.261201112276642,0.20251982508977195,0.2207615826324557,
cn12,0.2337654459812668,0.0,0.02867580628769395,0.008283256330337663,
B54,0.6265575165536061,0.5095648993117385,0.4010753269026771,0.5210844473044164,
