,job105_scenario0_211,job106_scenario1_220,job107_scenario1_225,
in27,0.27377884120066165,0.2467118647814679,0.0,
B14,0.4738850080930146,0.5182966332644545,0.2951542252408882,
B11,0.38749139269115696,0.3786661738146473,0.06175347385363161,
cn12,0.5657561596410042,0.5850689096182444,0.2867068639149719,
B54,0.5257422706355802,0.5751726983071783,0.19338686238183267,
