,job85_scenario0_171,job86_scenario1_174,job88_scenario4_176,job90_scenario3_179,job91_scenario2_180,job92_scenario0_181,job93_scenario1_182,job94_scenario0_188,job95_scenario3_189,job96_scenario1_190,job97_scenario3_192,
in27,0.283570804703118,0.3182025361740183,0.4526696308748145,0.4455859956004166,0.2858687284107553,0.1580036878397193,0.2979679111310264,0.0,0.20708477803016578,0.05269287254478938,0.14840349084329585,
B14,0.8920637680377312,0.975826145654962,1.1966868557576158,1.1629141016146178,1.0298859532935567,0.7652188847632471,0.9033412123549411,0.6342964712550601,1.0444220044461063,0.6415644968313348,0.5555125208744705,
B11,0.5394050321898445,0.6767810473940868,0.8478334722745491,0.7256181254093195,0.6312242845882983,0.4584283676059783,0.5464335132604214,0.2552561415978696,0.5755595005613002,0.30115847467418444,0.30842650025045937,
cn12,0.6801834960880022,0.8453206866069323,0.9015326305167275,0.9025033108537828,0.7694751625327216,0.5651127178708939,0.7304593627878553,0.4071090300311743,0.7075138095944795,0.4686826472642489,0.5288234020058702,
B54,0.8257538058781702,0.9056253104754142,0.9180343074540969,0.826005906762991,0.8396759977122694,0.6452097643615076,0.8415877385013097,0.5560413204640591,0.5257512153391086,0.6184453304777433,0.36530256529318317,
