,job437_scenario0_846,job441_scenario0_854,job445_scenario1_862,job446_scenario1_863,
in27,0.0,0.027761175314687914,0.12654335107008874,0.11371255149049564,
B14,0.504926337998922,0.5142873508533209,0.7360638341141158,0.6546890212124163,
B11,0.20089136806974872,0.18582651732761035,0.3374021654088575,0.2919773184403429,
cn12,0.05532105827958067,0.05532105827958067,0.24553101386086784,0.22627378969540313,
B54,0.5142873508533209,0.5706298667438616,0.8245064268363473,0.8245064268363473,
