,job569_scenario0_1147,job572_scenario0_1150,job580_scenario0_1164,job584_scenario0_1169,job593_scenario2_1188,job594_scenario1_1190,job595_scenario0_1193,job596_scenario2_1194,
in27,0.25651991774084826,0.24319514760402428,0.23082298819425917,0.2951542252408882,0.3569076990945198,0.3986616687052582,0.24319514760402428,0.3569076990945198,
B14,0.6236150587665987,0.6236150587665987,0.573806773544407,0.6236150587665987,0.9022676070701174,0.677314217008777,0.6019447423981569,0.8524593218479259,
B11,0.5422402458648993,0.5351724660443671,0.5573050966070376,0.5496088712222309,0.7324502014461864,0.6938158939461465,0.5653594122184908,0.6622493662666387,
cn12,0.0,0.006413198462885461,0.009711137468894737,0.01650167693736937,0.15094720251697258,0.18402584952743373,0.009711137468894737,0.19338686238183267,
B54,0.6236150587665987,0.6355602473980386,0.6483910469776317,0.6483910469776317,0.7822584866683782,0.9724684422496653,0.6236150587665987,1.0924775626514047,
