,job934_scenario4_2183,
in27,0.21689907444988737,
B14,0.2982738873515868,
B11,0.0,
cn12,0.1617630900124779,
B54,0.19650652449253114,
