,job325_scenario0_602,job339_scenario1_629,job340_scenario3_632,job341_scenario0_634,job342_scenario2_636,job343_scenario2_639,job344_scenario2_640,job345_scenario4_641,job346_scenario4_642,job347_scenario0_646,
in27,0.26041079076083495,0.43867555771068223,0.5973189856124617,0.2667073596720788,0.43867555771068223,0.38041991116257434,0.39325071074216755,0.456917315253366,0.43867555771068223,0.287099909629435,
B14,0.50887639289023,0.6471272708346533,0.8373372264159404,0.5004290315643138,0.7173281060142012,0.7488946336937089,0.7875289411937489,0.7488946336937089,0.7173281060142012,0.5834606663234547,
B11,0.22343330511823667,0.37236559555112125,0.5475107003902702,0.26041079076083495,0.4071090300311745,0.4071090300311745,0.3573007448089829,0.5475107003902702,0.4773098652107224,0.24466024976457512,
cn12,0.0,0.16352083671268702,0.26041079076083495,0.0,0.18084894272688823,0.19020995558128717,0.18084894272688823,0.26041079076083495,0.26041079076083495,0.016822597442347487,
B54,0.5475107003902702,0.7173281060142012,0.6471272708346533,0.5706298667438616,0.6471272708346533,0.6906389871456009,0.7875289411937489,0.8373372264159404,0.7488946336937089,0.5973189856124617,
