,job117_scenario0_226,job122_scenario0_234,job129_scenario0_244,job132_scenario0_249,job134_scenario1_253,job135_scenario0_254,job136_scenario1_255,job137_scenario2_256,job147_scenario3_273,job149_scenario4_275,job150_scenario2_276,job151_scenario1_277,job152_scenario0_278,
in27,0.022371275070288132,0.028446865568809265,0.06250460979474093,0.07020083517954778,0.19020995558128717,0.04806820461687722,0.16128678555014198,0.14845598597054876,0.365355060420436,0.2951542252408882,0.20671163251865654,0.19020995558128717,0.041277665148402476,
B14,0.4039893679204761,0.374235805108721,0.365355060420436,0.39349302927418583,0.5738067735444071,0.39349302927418583,0.5036059383648592,0.5738067735444071,0.6440076087239549,0.6440076087239549,0.5738067735444071,0.5036059383648592,0.38359681796311995,
B11,0.3488533834830666,0.32672075292039604,0.374235805108721,0.33378853274092823,0.5036059383648592,0.38359681796311995,0.4853641808221754,0.468862503884806,0.7640167291256943,0.7640167291256943,0.4853641808221754,0.43993933385366074,0.3488533834830666,
cn12,0.0,0.006413198462885572,0.003176906800545387,0.006413198462885572,0.1751451048391488,0.003176906800545387,0.18402584952743373,0.19338686238183278,0.38359681796311995,0.26358769756138056,0.20328307369289866,0.15864342790177943,0.003176906800545387,
B54,0.4271085342740676,0.43993933385366074,0.5036059383648592,0.4271085342740676,0.547117654675807,0.4537976531426677,0.5738067735444071,0.6053733012239149,0.547117654675807,0.6053733012239149,0.5036059383648592,0.6053733012239149,0.4537976531426677,
