,job543_scenario0_1093,job545_scenario0_1097,job558_scenario1_1122,job567_scenario1_1140,job568_scenario2_1146,job569_scenario0_1147,job571_scenario1_1149,job572_scenario0_1150,job573_scenario3_1151,job574_scenario0_1152,
in27,0.0128307995795931,0.0,0.12000912040173961,0.1782647669498474,0.09688995404814804,0.019621339048067954,0.14669823927033965,0.0062965689112439716,0.2400182408034789,0.026689118868600037,
B14,0.593428112592475,0.6320624200925151,0.7520715404942544,0.7751907068478459,0.8720806608959939,0.6432363978146667,0.8018798257164461,0.6432363978146667,0.9920897812977333,0.60230885728076,
B11,0.37165162933167994,0.3790202546890117,0.5067256004755578,0.5849807512665588,0.5067256004755578,0.37165162933167994,0.5232272774129272,0.36458384951114775,0.8018798257164461,0.3947707956852715,
cn12,0.4279941452222209,0.4279941452222209,0.5769264356551056,0.5618615849129672,0.6116698701351589,0.41828300775332616,0.5769264356551056,0.42469620621621174,0.6818707053147066,0.41828300775332616,
B54,0.37652903814258776,0.3534098717889962,0.5232272774129272,0.554793805092435,0.5232272774129272,0.36458384951114775,0.6432363978146667,0.37652903814258776,0.5232272774129272,0.4032181570111878,
