,job569_scenario0_1147,job572_scenario0_1150,job580_scenario0_1164,job594_scenario1_1190,job595_scenario0_1193,job596_scenario2_1194,job598_scenario3_1196,job600_scenario3_1199,
in27,0.391593888884726,0.37826911874790203,0.36589695933813704,0.533735639849136,0.37826911874790203,0.49198167023839756,0.7088807446882849,0.6386799095087371,
B14,0.049808285222191606,0.049808285222191606,0.0,0.10350744346437002,0.028137968853749862,0.2786525483035188,0.20845171312397104,0.24001824080347878,
B11,0.3986616687052582,0.391593888884726,0.4137265194473966,0.5502373167865053,0.4217808350588498,0.5186707891069977,0.6386799095087371,0.8288898650900243,
cn12,0.13507397114387776,0.14148716960676333,0.1447851086127726,0.3190998206713116,0.1447851086127726,0.32846083352571054,0.4137265194473966,0.4484699539274498,
B54,0.4800364816069576,0.49198167023839756,0.5048124698179908,0.8288898650900243,0.4800364816069576,0.9488989854917637,0.6386799095087371,0.5888716242865455,
