,job73_scenario0_134,job79_scenario0_148,job87_scenario2_172,job90_scenario1_178,job91_scenario2_182,job92_scenario1_184,job93_scenario1_185,job94_scenario3_186,
in27,0.0,0.006790539468474521,0.10717832082214607,0.13386743969074621,0.08405915446855461,0.12000912040173939,0.13386743969074621,0.22718744122388546,
B14,0.3036848453146773,0.28544308777199334,0.49389480089596444,0.44408651567377283,0.6841047564772517,0.38895053123636336,0.44408651567377283,0.5640956360755123,
B11,0.010288366773998137,0.02990970582206598,0.15698660604433767,0.1885531337238454,0.22718744122388546,0.1885531337238454,0.22718744122388546,0.27699572644607706,
cn12,0.23348401013512943,0.24338022144619542,0.40545220817373273,0.4335901770274826,0.4335901770274826,0.41433295286201777,0.3812543058515566,0.5089596516381028,
B54,0.2898265260256703,0.26505053781463717,0.4236939657164167,0.4236939657164167,0.4552604933959244,0.39700484684781656,0.543703086118156,0.49389480089596444,
