,job456_scenario0_887,job460_scenario4_892,job463_scenario0_901,job464_scenario3_902,job465_scenario1_905,
in27,0.012830799579593322,0.21689907444988732,0.0,0.4569173152533661,0.1328399199813327,
B14,0.6351820822032135,0.7938255101049929,0.5769264356551056,0.8640263452845407,0.8640263452845407,
B11,0.43379814889977464,0.6738163897032534,0.42673036907924244,0.6738163897032534,0.6036155545237056,
cn12,0.06327444904826618,0.2870999096294351,0.053378237737200296,0.38398986367758303,0.21689907444988732,
B54,0.6351820822032135,0.8640263452845407,0.6135117658347716,0.723624674925445,0.7938255101049929,
