,job437_scenario0_846,job439_scenario2_850,job440_scenario1_853,job441_scenario0_854,job442_scenario3_855,
in27,0.0,0.10176736285905552,0.19020995558128717,0.027761175314687803,0.26041079076083495,
B14,0.46794885235632344,0.6990863484715173,0.5790772280697778,0.4773098652107224,0.7377206559715572,
B11,0.5625755511324084,0.6825846715341478,0.7608398223251487,0.54751070039027,0.8190954688732567,
cn12,0.4170052413422405,0.5790772280697778,0.5706298667438616,0.4170052413422405,0.6825846715341478,
B54,0.5973189856124618,0.8577297763732967,0.7875289411937489,0.6536615015030025,0.7608398223251487,
