,job193_scenario0_345,job210_scenario0_375,job214_scenario3_381,job216_scenario1_386,job219_scenario4_395,job220_scenario0_398,job221_scenario1_400,
in27,0.011945188631439896,0.011945188631439896,0.2288442630813271,0.1737082786439177,0.2288442630813271,0.0,0.14478510861277238,
B14,0.21894805177026122,0.1891944889585061,0.36207633852559207,0.36207633852559207,0.45896629257374,0.20845171312397082,0.36207633852559207,
B11,0.354022022914139,0.34632579752933224,0.6105419406549872,0.47403114331587837,0.7691853685567667,0.34632579752933224,0.47403114331587837,
cn12,0.39529968806254145,0.3920017490565323,0.680742775834535,0.5696144001210806,0.6989845333772188,0.3887654573941922,0.5442319784954261,
B54,0.31226805330340046,0.3389571721720006,0.3887654573941922,0.4589662925737401,0.5291671277532879,0.354022022914139,0.5789754129754795,
