,job73_scenario0_134,job79_scenario0_148,job87_scenario2_172,job92_scenario1_184,job94_scenario3_186,job96_scenario0_189,job97_scenario3_191,job98_scenario1_192,
in27,0.5834606663234546,0.5902512057919294,0.6906389871456009,0.703469786725194,0.8106481075473402,0.5769264356551054,0.8106481075473402,0.7671363912363925,
B14,0.6471272708346533,0.6288855132919693,0.8373372264159404,0.7323929567563393,0.9075380615954882,0.6675198207920094,1.0275471819972275,0.7488946336937088,
B11,0.5706298667438614,0.5902512057919294,0.7173281060142009,0.7488946336937088,0.8373372264159404,0.6123838363545999,1.147556302398967,0.7875289411937487,
cn12,0.0,0.009896211311065883,0.1719681980386032,0.18084894272688823,0.2754756415029733,0.003236291662340074,0.3306116259403826,0.1635208367126869,
B54,0.703469786725194,0.678693798514161,0.8373372264159404,0.8106481075473402,0.9075380615954882,0.7323929567563393,0.8106481075473402,0.9573463468176797,
