,job383_scenario0_713,job387_scenario0_720,job398_scenario0_750,job399_scenario1_756,job400_scenario0_759,job401_scenario0_764,
in27,0.1620719867275373,0.1620719867275373,0.13538286785893727,0.25539198826067666,0.1620719867275373,0.155004206907005,
B14,0.690638987145601,0.6459993413544818,0.7011353257918913,0.8709527314158223,0.7123093035140429,0.690638987145601,
B11,0.39828487516619626,0.3770579305198578,0.39091624980886464,0.5607336554327956,0.44072453503105624,0.4224827774883724,
cn12,0.016822597442347487,0.01332477013682376,0.006534230668349128,0.16352083671268702,0.0,0.006534230668349128,
B54,0.7370852917250759,0.7242544921454828,0.7660084617562212,0.9411535665953701,0.7242544921454828,0.7825101386935907,
