,job414_scenario0_793,job417_scenario4_799,job418_scenario1_800,job419_scenario2_801,job420_scenario2_802,job421_scenario3_803,job422_scenario1_805,job423_scenario3_808,
in27,0.0,0.240018240803479,0.1902099555812874,0.10615080111273256,0.10615080111273256,0.21332912193487885,0.12000912040173961,0.169817405623931,
B14,0.24680878027195352,0.35564392295154135,0.3787630893051328,0.47565304335328074,0.5254613285754723,0.40545220817373295,0.40545220817373295,0.3787630893051328,
B11,0.4370187358532408,0.7543055916567997,0.613903921297704,0.613903921297704,0.613903921297704,0.7156712841567596,0.613903921297704,0.6841047564772519,
cn12,0.3069211369770175,0.5956621637550201,0.47565304335328074,0.5142873508533208,0.47565304335328074,0.5640956360755125,0.5142873508533208,0.6574156376086517,
B54,0.5374065172069123,0.8041138768789913,0.6841047564772519,0.6841047564772519,0.6574156376086517,0.6342964712550603,0.6574156376086517,0.6574156376086517,
