,job671_scenario1_1397,job675_scenario0_1409,job676_scenario1_1412,
in27,0.25651991774084837,0.0910859503705943,0.1863190825613007,
B14,0.5988390705555658,0.42902166493163474,0.5988390705555658,
B11,0.33842827979473067,0.18367572491293804,0.261930875703939,
cn12,0.17431471205853932,0.0,0.17431471205853932,
B54,0.8206155538163608,0.6551815864461066,0.7623599072682528,
