,job437_scenario0_846,job439_scenario2_850,job440_scenario1_853,job441_scenario0_854,
in27,0.0,0.10176736285905563,0.19020995558128717,0.027761175314687803,
B14,0.40580233278822875,0.6369398289034227,0.5169307085016832,0.4151633456426278,
B11,0.5706298667438616,0.690638987145601,0.7688941379366019,0.5555650160017233,
cn12,0.4250595569536937,0.587131543681231,0.5786841823553148,0.4250595569536937,
B54,0.605373301223915,0.8657840919847499,0.7955832568052021,0.6617158171144557,
