,job286_scenario3_528,job287_scenario1_532,job288_scenario1_536,job289_scenario1_538,job290_scenario1_540,job291_scenario0_541,job292_scenario1_543,
in27,0.22039690175541093,0.1768851854444634,0.14214175096441006,0.11321858093326487,0.14214175096441006,0.0,0.11321858093326487,
B14,0.8177158873678727,0.7475150521883249,0.677314217008777,0.7475150521883249,0.677314217008777,0.5672013079181036,0.7790815798678327,
B11,1.0577341281713515,0.6977067669661332,0.6977067669661332,0.677314217008777,0.6136476124975785,0.507496811384846,0.6425707825287238,
cn12,0.32216426461446646,0.1937077828868108,0.211035888901012,0.17058861653321933,0.22039690175541093,0.04008315748518965,0.17058861653321933,
B54,0.6590724594660933,0.7790815798678327,0.7475150521883249,0.7475150521883249,0.7475150521883249,0.5776976465643939,0.7475150521883249,
