,job1176_scenario2_3576,
in27,0.4955516227534062,
B14,0.4955516227534062,
B11,0.0,
cn12,0.4071090300311745,
B54,0.8057706987364328,
