,job629_scenario1_1294,job630_scenario0_1295,
in27,0.260410790760835,0.13333389053856337,
B14,0.3306116259403828,0.2106025055386434,
B11,0.29197731844034275,0.12654335107008863,
cn12,0.1719681980386033,0.0,
B54,0.4119864388420822,0.22177648326079497,
