,job504_scenario2_1003,job506_scenario0_1009,job507_scenario2_1012,job508_scenario0_1014,job509_scenario0_1016,job510_scenario1_1017,job511_scenario0_1023,
in27,0.6459023330763148,0.3920017174018616,0.5486635360607772,0.3718172203550826,0.316504267476431,0.45007493031585327,0.0,
B14,1.3049747925424082,0.8869338884645499,1.0877268751251312,0.8045730026935829,0.7444392308273304,0.9189374342006593,0.4576885261626545,
B11,0.7161031682558626,0.45670569207978395,0.618864371240325,0.45776859653089014,0.44358116769870265,0.6789191933971805,0.11771588736787275,
