,job836_scenario0_2022,job837_scenario0_2024,
in27,0.40471841326580726,0.33061162594038274,
B14,0.36197790786414796,0.35538761415141584,
B11,0.18294193000501235,0.0,
