,job858_scenario0_2094,job860_scenario0_2105,job862_scenario1_2117,job863_scenario1_2120,
in27,0.8819057655780899,0.784743943321174,0.7289277243751147,0.43022819638476606,
B14,0.717078231622457,0.657366197562103,0.685416008064167,0.3600273612052183,
B11,0.30695805503591644,0.21749245816380736,0.26006522049030867,0.0,
