,job9_scenario1_22,job11_scenario0_26,job12_scenario1_31,job14_scenario2_33,job15_scenario4_34,job17_scenario2_37,job18_scenario3_40,job19_scenario2_43,
in27,0.3547930047059447,0.2502225302423239,0.32011344277098364,0.27762785630092307,0.2604908611290707,0.1714223820123344,0.22849869281080087,0.0,
B14,0.6650120806889712,0.4310714729692122,0.5241817176412777,0.5759017436525098,0.5005091019325494,0.4345597891694047,0.6587268891955669,0.4800364816069576,
B11,0.5948112455094234,0.39062420060141945,0.45398088246173,0.3193818259116615,0.5973990559806974,0.2710389524567177,0.26006522049030867,0.12000912040173939,
