,job836_scenario0_2022,job842_scenario1_2046,job843_scenario0_2048,job844_scenario0_2049,job845_scenario4_2053,
in27,0.6391115966828975,0.5864253240142884,0.3801148089432466,0.3245889384493303,0.4617947240642738,
B14,0.6461793765034297,0.7948770371382594,0.4641739634118014,0.45027517607159584,0.5502373167865053,
B11,0.33596030052040315,0.2650322703091102,0.04131439238436707,0.03199216831826979,0.0,
