,job336_scenario0_632,job338_scenario0_637,job339_scenario0_640,job340_scenario3_642,job341_scenario0_643,job347_scenario0_653,job348_scenario4_658,job349_scenario1_659,job350_scenario2_660,job351_scenario1_661,job352_scenario2_663,job353_scenario1_664,job354_scenario1_665,job355_scenario0_666,
in27,0.8799798542246384,0.813974484925736,0.8085852682878436,0.9359679107276173,0.8164050510548941,0.695844173462379,0.9474874587202953,0.7506233368811837,0.6966274017876813,0.6808309341862208,0.7177537466529632,0.6019961486676267,0.3804199111625744,0.3064137236182066,
B14,0.6557121544174195,0.6382874811688861,0.6486640739749786,0.7892696714572778,0.5763868102514154,0.5077850102957642,0.6105792638686685,0.5271067730150742,0.6606774358544967,0.7510317693657685,0.40753467066993654,0.4117861930863397,0.6092641742439017,0.16517765857012867,
B11,0.6255252082432957,0.5996531736688461,0.5818917976211887,0.7773244828258379,0.5535030437476351,0.44495280047354785,0.4786249548354892,0.7671250138185531,0.5020340079527172,0.41724323662484025,0.3506586056272126,0.2682076159266985,0.19020995558128717,0.0,
