,job854_scenario0_2081,job858_scenario0_2094,job860_scenario0_2105,job861_scenario3_2109,
in27,0.4829144690533751,0.4551620167224818,0.31758770134035824,0.5746423375346326,
B14,0.1909371506130325,0.10012452718556175,0.0,0.14441414114986656,
B11,0.501156226596059,0.40733245661322226,0.27745436661590545,0.38443238195334534,
