,job639_scenario0_1348,job640_scenario0_1350,job643_scenario0_1357,job645_scenario0_1361,job646_scenario4_1362,job648_scenario1_1367,job649_scenario1_1368,job650_scenario0_1369,job651_scenario3_1378,job652_scenario1_1379,
in27,0.4812693384196801,0.5390819311663845,0.49156126272894274,0.4493441874577634,0.7268515053392521,0.5600506028751929,0.5488288420648728,0.33006347240318085,0.4335082621361381,0.24001824080347878,
B14,0.5731404899676696,0.5914178023423105,0.5512657592622003,0.5445773196484698,0.8152940980614838,0.5782923604178767,0.8274813903683916,0.46657426974228966,0.5535173825378774,0.45691731525336604,
B11,0.2944879416641508,0.31481423135916553,0.26660787266760233,0.1964951470746914,0.3850659016767177,0.3817858359253456,0.3270523588040778,0.14518121603711148,0.31349914173439863,0.0,
