,job74_scenario1_147,job76_scenario1_150,job77_scenario2_151,job78_scenario0_152,job79_scenario1_154,job80_scenario1_156,job82_scenario1_158,job84_scenario0_160,job85_scenario1_161,job86_scenario1_162,job87_scenario1_163,job88_scenario1_165,job89_scenario3_166,job90_scenario0_167,job91_scenario0_168,job92_scenario3_171,job93_scenario1_172,job94_scenario0_174,job95_scenario3_175,
in27,0.6739407661605393,0.6683385396599852,0.6488680010981822,0.5282330849793715,0.6399797836778128,0.5673585913270747,0.634533314424885,0.4791014306122557,0.5611996713350748,0.526026767838448,0.5943825528208255,0.45359939021690365,0.6093442446121373,0.36978981215590134,0.35513857497647106,0.4543264527322563,0.3523986862325271,0.0,0.31021907598302656,
B14,1.0424154886916739,0.9924159349320187,1.1057853163515485,0.9086529961419458,1.0573771804829855,0.9975867877118406,1.169705780469252,0.9408961546765294,0.9131727169288398,1.1962732050266929,1.0246107492055916,0.8433803142338769,0.8760516042842161,0.7684514808611597,0.7586776524926369,0.9343629343392139,0.6973611966956069,0.4085578800163242,0.5888716242865455,
B11,0.984159842143566,0.9924159349320187,1.0008410466919473,0.8384521609623979,0.9640571789498462,1.0410985040227883,1.0496966600675128,0.8124396729488739,0.8594735586866615,0.9011189797858046,0.8880999518664827,0.8931885994560685,1.1364623950450512,0.7186431956389681,0.6582898711389653,0.7876646950688744,0.6208637926048153,0.33499506419405967,0.6204381519660532,
