,job448_scenario0_883,job456_scenario2_898,job457_scenario0_901,job458_scenario2_906,job459_scenario0_907,job460_scenario1_908,job461_scenario1_909,job462_scenario2_911,job463_scenario0_912,job464_scenario1_913,job465_scenario0_914,job466_scenario0_916,job467_scenario4_918,job468_scenario0_919,
in27,0.599364681765517,0.6499472299468328,0.44798927944001243,0.5372007455605996,0.3624186276287999,0.48110605852959204,0.49452693075081033,0.42930923484698785,0.2747502978656924,0.3577414645736348,0.21394715541434683,0.1369364379778708,0.10494426965960102,0.0,
B14,0.9482180652485837,0.9601663059298594,0.815084420465763,1.0723732116049667,0.7695276576599744,0.8549917390238171,0.9412568040729458,0.8235874652985691,0.6432250203968268,0.7999148495898407,0.6067392259866862,0.5236529180516892,0.5351724660443671,0.41516334564262763,
B11,0.6067333071228486,0.5930711649041089,0.5016884376821908,0.5687672732401072,0.4704825593990994,0.5265309054981067,0.5110286076881797,0.5947432022172419,0.29437163691376034,0.45950882743269034,0.22847010723878403,0.21831125087957015,0.4467298733221354,0.01650167693736937,
