,job702_scenario4_1548,job704_scenario0_1550,job705_scenario4_1556,job706_scenario0_1557,job707_scenario1_1564,job708_scenario1_1565,job709_scenario0_1566,job710_scenario1_1567,job711_scenario3_1570,
in27,0.6403708184819064,0.29425689473159666,0.4468458573976001,0.23072384538427076,0.23883116233023066,0.17054206793972315,0.014238421665306422,0.11223174821575932,0.04071966144929606,
B14,0.5470508169487671,0.30270425605751294,0.3766450222180523,0.17438132949372975,0.2157119959766392,0.20917637543976308,0.0,0.047834916713765274,0.005655306464264709,
B11,1.0972881337352725,0.6311650895832234,0.8068732186028182,0.5676320402358974,0.5757393571818574,0.6162854054709377,0.35701621464985206,0.4780631130985312,0.2993727055099219,
