,job825_scenario4_1977,job830_scenario3_2004,
in27,0.6329611768139757,0.0,
B14,1.0427968232413856,0.5067256004755576,
B11,0.992988538019194,0.4569173152533661,
