,job628_scenario1_1317,job632_scenario0_1325,job635_scenario0_1335,job636_scenario0_1336,job637_scenario2_1341,job638_scenario4_1344,job639_scenario0_1348,job640_scenario0_1350,
in27,0.9758195457787816,0.7347753882765738,0.6821421857731362,0.6643861942944667,0.7190649982398785,0.7371748399452884,0.30796985290691004,0.262902007307259,
B14,1.1575821400341526,0.958800429932137,0.823378250821214,0.845235137021355,1.0045080860118718,0.8020479759096184,0.5198501248566391,0.43524699888492435,
B11,0.6157921845735634,0.5004342646936212,0.42471658211595575,0.41349482130563553,0.44041244993635953,0.41988798414172956,0.08255414865134081,0.0,
