,job397_scenario0_778,job403_scenario2_794,job405_scenario1_799,job406_scenario2_800,job410_scenario2_805,job411_scenario1_809,job412_scenario2_810,job413_scenario1_811,job414_scenario2_812,job415_scenario2_814,job416_scenario2_815,job417_scenario3_816,job418_scenario0_817,
in27,0.6690940144823834,0.6489068379165414,0.6727040249937354,0.5340370175158813,0.4867455918288513,0.4771387949562475,0.5190863824674832,0.37400449700338667,0.3878614264238669,0.4514733577592094,0.335715759773873,0.39279207057233956,0.0,
B14,1.0202406309993166,1.142801638812506,0.9562339821081619,1.0669462282881854,1.0102937897467565,0.9212253106300203,0.9493145788522492,0.9558083414693999,0.9647878620789724,0.8115007189644277,0.9357613617825701,0.5830020261536266,0.45249656710559705,
B11,0.7984641477385217,0.8143408052867953,0.813105695352831,0.6949736784515272,0.7471563825896863,0.5314443866130469,0.6390955028692227,0.7157901006659211,0.48475138047201477,0.7616924337422359,0.38552404499606463,0.4629929057518873,0.13891551047985384,
