,job193_scenario1_357,job194_scenario1_359,job196_scenario2_361,job197_scenario0_362,job199_scenario1_367,job201_scenario1_371,job202_scenario4_372,job204_scenario1_374,job205_scenario1_377,job206_scenario1_379,job207_scenario4_381,job208_scenario3_383,job209_scenario1_386,job210_scenario4_387,job211_scenario0_391,job212_scenario1_392,job213_scenario0_393,
in27,0.7028721252298871,0.6140134029742246,0.71528112220857,0.598988788381086,0.6997501256082558,0.7427794437879413,0.8054137510480669,0.4939808493469814,0.5709734997035976,0.549254482703635,0.6441908380430172,0.804746006733837,0.46807991555767814,0.39758230352680635,0.11274109482546457,0.13507397114387776,0.0,
B14,0.7344386529093949,0.725141778687679,0.7335228797512537,0.6646923171260257,0.8015174884673114,0.7427794437879413,0.6467703231462874,0.8389433598100613,0.5323391922035576,0.5990627679258265,0.5943825528208256,0.5647277659303582,0.6267233434594576,0.5630162708970605,0.28255850044939557,0.19020995558128723,0.007368625357331626,
B11,0.8228812456316266,0.6935752510081712,0.7335228797512537,0.5736063667554316,0.681508368065572,0.7427794437879413,0.7352129158685191,0.5989251190065825,0.6025400273831054,0.5990627679258265,0.714391673222565,0.6461025788320576,0.46807991555767814,0.72165969879884,0.15318836719325735,0.1061508011127325,0.02311916635359157,
