,job261_scenario0_484,job262_scenario1_485,job265_scenario0_489,job271_scenario1_501,job273_scenario1_506,job275_scenario1_509,job276_scenario0_511,job278_scenario1_513,job279_scenario1_514,job280_scenario1_516,job281_scenario0_519,job282_scenario2_521,job283_scenario1_522,job284_scenario2_524,
in27,0.7061508011127324,0.9292202750840874,0.6844317841127697,0.7998178534623579,0.710140150806162,0.6804853639156945,0.5233424262715927,0.6300383489624767,0.707856052685689,0.5080406901003247,0.36139328596798953,0.4685169336142797,0.3843258633084511,0.2261599215144719,
B14,0.7515756480812471,0.8359002735509482,0.7298566310812844,0.781576095919674,0.7599484360283535,0.6955502146578327,0.5603199119141911,0.7500474693642161,0.6847368863320975,0.5643832059908656,0.36792751663633877,0.5120286499252273,0.3843258633084511,0.43022819638476606,
B11,0.33329264032792105,0.47587291234573004,0.4084635773761063,0.4050470577770865,0.3651776403430821,0.352024530389984,0.20873991203488912,0.3015775154367662,0.30431697516952316,0.21821416407465427,0.02912710007745911,0.03199216831826979,0.007796825165863552,0.0,
