,job418_scenario0_817,job419_scenario3_819,job422_scenario1_824,job424_scenario4_830,job427_scenario2_835,job428_scenario0_836,job430_scenario1_840,job431_scenario2_842,job432_scenario0_843,job433_scenario1_844,job434_scenario4_846,job435_scenario2_850,job436_scenario1_851,job437_scenario4_853,job438_scenario3_854,
in27,0.1951898067440095,0.32554276035960245,0.2890979590241232,0.4020234441514649,0.2623411295725792,0.11933138853819653,0.21811083380939716,0.21289349374680383,0.03540578923351434,0.12956508213633888,0.09991029524587142,0.19508875426072164,0.0,0.0009728465335578362,0.01639834667211232,
B14,0.47786896822567543,0.7198209908111839,0.6962069890552978,0.6237999274122599,0.5890618824929752,0.37974217929903165,0.393255938648546,0.5231125697298304,0.3096748992833564,0.49803980466747344,0.3168093696957588,0.3270430632939009,0.3240773952720336,0.5512101633200631,0.07009750491429073,
B11,0.4043061524034109,0.6811866833111437,0.5761978686535584,0.5655442808641519,0.38767794918953646,0.28914879416212763,0.31369409061459935,0.3576786023595764,0.22561574481480162,0.49803980466747344,0.6270284456787854,0.30392389694030947,0.3240773952720336,0.36100020773877595,0.2950508949756312,
