,job39_scenario0_80,job42_scenario0_87,job43_scenario4_88,job47_scenario0_94,job48_scenario2_95,job50_scenario1_99,job51_scenario0_101,job52_scenario2_102,job53_scenario1_103,job54_scenario0_104,job55_scenario4_105,job56_scenario1_108,job57_scenario2_110,job58_scenario3_111,job59_scenario0_113,
in27,0.49834808357138843,0.4400389233036838,0.6173661316219413,0.4045182581874978,0.5337989310743815,0.4846579611552328,0.30373734044192996,0.439938323522627,0.37890827749011524,0.2895859253469999,0.45345208287214134,0.3719168663297683,0.4092954694199816,0.48111265840577244,0.06063284493903487,
B14,0.4064769320233989,0.40598117907775216,0.5787318241219013,0.38945340744535956,0.45242411817268213,0.3646488407534934,0.21778596426612234,0.439938323522627,0.3087074423105675,0.1766445847657927,0.4352103253294575,0.28665118040808213,0.2892863490182422,0.26421358395588507,0.025382421625654406,
B11,0.45292323660287376,0.3531084499124056,0.5471652964423935,0.2925634533972115,0.45242411817268213,0.4197848251909029,0.20334955908825852,0.41324920465402687,0.4602830903918146,0.19976375111938416,0.4036437976499498,0.35685201558762997,0.21103119822724126,0.361103538004033,0.0,
