,job258_scenario1_477,job259_scenario1_480,job260_scenario0_481,job261_scenario0_484,job262_scenario1_485,job263_scenario2_486,job265_scenario0_489,job270_scenario1_499,job271_scenario1_501,job272_scenario4_502,job273_scenario1_506,job275_scenario1_509,job276_scenario0_511,job277_scenario2_512,job278_scenario1_513,job279_scenario1_514,job280_scenario1_516,
in27,0.8478454621823882,0.8765804038738049,0.7230660916128098,0.7084905827400952,0.9305140658499513,0.7434181735189674,0.6808563313786004,0.6791729602160044,0.7689279566379261,1.1381261069901805,0.6531703586525899,0.5951568157799498,0.4065618241363788,0.5191995886965863,0.45734295589212814,0.48471364466212263,0.20845171312397115,
B14,0.9447354162305361,0.8228812456316266,0.8071252460813645,0.7539154297086099,0.8371940643168121,0.8469256169833375,0.726281178347115,0.8327975856176254,0.7506861990952423,1.018116986588441,0.7029786438747814,0.6102216665220881,0.4435393097789773,0.7441529787579267,0.5773520762938676,0.4615944783085312,0.26479422901451194,
B11,0.5691929138788694,0.5561738859595476,0.4582718625982979,0.4170072348569832,0.5585415160132933,0.5145739104376402,0.48626293754363625,0.47588988652310565,0.455531973854354,0.5492544827036349,0.3895826610912093,0.3480707951559387,0.1733341228013746,0.2254821896509291,0.21025693526811706,0.16254938004765618,0.0,
