,job801_scenario1_1886,job802_scenario0_1890,job803_scenario0_1892,job808_scenario1_1904,job809_scenario0_1906,job810_scenario3_1907,job811_scenario1_1909,
in27,0.5486256349367276,0.3836828664141366,0.4110167505587757,0.3502193082458379,0.14712387990910158,0.5816035987102706,0.0,
B14,1.0837981009810946,0.862512816567963,0.8648144037014434,0.8355834890680134,0.5440454680090453,0.9967669443528983,0.547117654675807,
B11,1.033989815758903,0.8200731567031029,0.7618488591547743,0.7306392194084124,0.4797142309624164,0.7567487035494194,0.43993933385366074,
