,job890_scenario4_2231,
in27,0.0,
B14,0.5186707891069977,
B11,0.4217808350588497,
