,job280_scenario1_516,job281_scenario0_519,job283_scenario1_522,job287_scenario2_534,job289_scenario2_543,job290_scenario3_544,job292_scenario0_547,job293_scenario0_550,job294_scenario1_551,job295_scenario4_553,job296_scenario0_554,
in27,0.6553236979415062,0.571746752331688,0.7291394414975769,0.6211263448652817,0.49719842898114414,0.6283943704415568,0.34542743750757626,0.24670913429726765,0.36236613250154726,0.22718744122388562,0.0,
B14,0.7116662138320471,0.5782809830000373,0.7291394414975769,0.772701992946529,0.7140975034310314,0.7484034908432962,0.3377312121227695,0.3207153218416354,0.7427860436641217,0.18367572491293793,0.07356281582226454,
B11,0.725524533121054,0.5995079276463758,0.7126377645602074,0.7411354652670212,0.555454075529252,0.6985952056211046,0.3900670832986955,0.2254821896509291,0.43256696768109515,0.2538765600924858,0.045424846968514676,
