,job664_scenario0_1425,job668_scenario0_1439,job669_scenario0_1444,job670_scenario3_1445,job671_scenario4_1446,job672_scenario0_1447,job673_scenario2_1452,
in27,0.3458612671845407,0.23351590024592223,0.1480133288951065,0.4569059378355266,0.36163233759362173,0.07156675994231915,0.0,
B14,0.47240461825462937,0.41719162515886016,0.1999724065319704,0.4569059378355266,0.33494321872502153,0.14176759512186704,0.10176736285905563,
B11,0.3978203448214046,0.24030643971439697,0.2386067140320105,0.38670510265597885,0.36163233759362173,0.09195930989967532,0.14040167035909565,
