,job731_scenario1_1630,job732_scenario4_1632,job733_scenario1_1634,job734_scenario0_1642,job735_scenario1_1656,job736_scenario1_1658,job737_scenario1_1660,job738_scenario1_1662,
in27,0.4752628814050911,0.623409053117228,0.4783198526161616,0.3325063502927428,0.2277648979028754,0.1489847855601374,0.03624369073467282,0.0,
B14,0.850805383756758,1.0803263683705941,0.8290863667567951,0.7357245073039305,0.6718514135766482,0.8228011752633908,0.47004183963444746,0.43867555771068234,
B11,0.8823719114362656,0.9603172479688549,0.8788946519789868,0.6404913751132242,0.539897104543469,0.544148626959872,0.5514166525361469,0.28709990962943516,
