,job786_scenario0_1831,job789_scenario0_1838,job790_scenario1_1840,job791_scenario4_1846,job792_scenario2_1848,job793_scenario3_1849,job794_scenario1_1850,job795_scenario3_1851,
in27,0.5454131912829272,0.4688625038848061,0.6195223788079122,0.6448431727141806,0.39666837489177426,0.46682050943980113,0.34987659282945444,0.473846431340608,
B14,0.08499804872403738,0.0,0.17105242488046235,0.17598066882937446,0.10811961527718944,0.11796712595673448,0.09289436089437736,0.1516821667261415,
B11,0.5296626502866673,0.5004290315643138,0.6399149287652683,0.5083323753750717,0.430283879891656,0.6752722225637722,0.48038205187748406,0.4120929574869765,
