,job74_scenario1_147,job76_scenario1_150,job77_scenario2_151,job78_scenario0_152,job79_scenario1_154,job80_scenario1_156,job82_scenario1_158,job84_scenario0_160,job85_scenario1_161,job87_scenario1_163,job88_scenario1_165,job89_scenario3_166,job90_scenario0_167,job91_scenario0_168,job92_scenario3_171,job93_scenario1_172,job94_scenario0_174,job95_scenario3_175,
in27,0.4338830676368958,0.43070248912114834,0.4121640506369331,0.2925362647849054,0.4065618241363788,0.33665720463531296,0.4071262381853517,0.25577359058127674,0.3402995035122562,0.37939761935953903,0.24655022664612197,0.40737833907017257,0.17396240939543994,0.16687770013543157,0.3052908320341146,0.22843583059674244,0.0,0.2739245501103494,
B14,0.612147834586743,0.5645699288118947,0.6788714103090121,0.4827462203661927,0.6337492653602644,0.5766754454387917,0.7520887486484316,0.5273583590642633,0.502062593524734,0.619415860163018,0.44612119508180803,0.48387574316096427,0.3824141225194109,0.3802068220703103,0.595117358059785,0.38318838547853507,0.21834792443503703,0.3623671428325811,
B11,0.5538921880386352,0.5645699288118947,0.5739271406494109,0.4125453851866448,0.5404292638271252,0.6201871617497393,0.6320796282466923,0.3989018773366077,0.4483634352825556,0.48290506282390905,0.4959294803039996,0.7442865339217993,0.33260583729721926,0.27981904071663877,0.44841911878944546,0.3066909813877434,0.1447851086127725,0.39393367051208883,
