,job20_scenario3_47,job22_scenario1_52,job23_scenario1_54,job24_scenario1_55,job25_scenario1_56,job26_scenario4_59,job27_scenario0_60,job28_scenario1_61,job29_scenario2_65,
in27,0.8687835787079413,0.7393558897733268,0.8090743268216123,0.6438093457981909,0.7212990494024236,0.7104857210766883,0.48355319878440134,0.6241438583561874,0.3804199111625744,
B14,0.38874709710098376,0.35893597861075227,0.33176446161088996,0.31626216380096306,0.17911604822737137,0.4500749303158534,0.03063921940841252,0.16722654310282115,0.0,
B11,0.9389844138874892,0.8158532938641183,0.858882612043804,0.7731794790543292,0.7062341986602853,1.0705130822819064,0.5221875062844412,0.5743355731339957,0.34885338348306666,
