,job961_scenario1_2664,
in27,0.41516334564262763,
B14,0.0,
B11,0.4537976531426677,
