,job2_scenario2_7,
in27,0.20527480632342554,
B14,0.0,
B11,0.1763516362922803,
