,job506_scenario0_1009,job508_scenario0_1014,job509_scenario0_1016,job511_scenario0_1023,job514_scenario1_1027,job516_scenario0_1032,job517_scenario0_1033,job518_scenario0_1034,job519_scenario0_1035,
in27,0.36986908683919095,0.3895540072264162,0.3603209496769051,0.29437163691376034,0.2965201500036597,0.13397076995600338,0.070987125214726,0.030491912063650206,0.01650167693736937,
B14,0.48438134673930494,0.4418898784023422,0.40783600186523006,0.37164025191384037,0.43692182036275523,0.17441804232379615,0.16787707926287398,0.1006927472431981,0.025382421625654406,
B11,0.3643722263375655,0.40530454822267614,0.417197014719629,0.3418866891020853,0.416529270405399,0.24012157106873588,0.13812351645111892,0.05825308737833801,0.0,
