,job783_scenario3_1826,job784_scenario0_1829,job786_scenario0_1831,job789_scenario0_1838,job790_scenario1_1840,job791_scenario4_1846,job792_scenario2_1848,job793_scenario3_1849,
in27,0.9353421150105459,0.6876563026870532,0.6785736231266541,0.5753526549293773,0.7125307675715291,0.6356077228419754,0.24503704330363707,0.33690819485162665,
B14,1.1255520705918332,0.7041579796244226,0.6870209844525703,0.5753526549293773,0.7329233175288853,0.6356077228419754,0.42535078757385836,0.4569173152533661,
B11,0.7268904018865747,0.3800805843523891,0.38417053382687527,0.32826663430536623,0.4542707692253664,0.22044437719934773,0.0,0.26670735967207887,
