,job900_scenario3_2281,job901_scenario4_2288,
in27,0.49476903442627823,0.17826476694984728,
B14,0.6534124623280577,0.17826476694984728,
B11,0.31650426747643096,0.0,
