,job786_scenario0_1831,job789_scenario0_1838,job792_scenario2_1848,job795_scenario3_1851,job796_scenario0_1858,job797_scenario1_1865,
in27,0.24456184869477143,0.190153198088787,0.191138506311125,0.322030709450594,0.0,0.1262033066901324,
B14,0.2530092100206876,0.190153198088787,0.3714522505813463,0.4687289487209335,0.10883514267958788,0.1262033066901324,
B11,0.2288113076985115,0.22171972576829474,0.22475401131100675,0.2602772355969625,0.07020083517954778,0.06444983283650091,
