,job74_scenario1_147,job76_scenario1_150,job77_scenario2_151,job78_scenario0_152,job79_scenario1_154,job80_scenario1_156,job82_scenario1_158,job84_scenario0_160,job85_scenario1_161,job87_scenario1_163,job88_scenario1_165,job90_scenario0_167,job91_scenario0_168,job92_scenario3_171,job93_scenario1_172,job94_scenario0_174,job95_scenario3_175,job96_scenario1_180,
in27,0.5918296821011986,0.5891581838708649,0.5708132623855737,0.45139307199045603,0.5658826859175095,0.4965211421076468,0.5676343389487923,0.41705806999498757,0.5020351649584345,0.5421998486826667,0.4107135603004606,0.3399230101587801,0.3339717620599906,0.477389935578958,0.4030964204407236,0.18259635973448596,0.4631606488270451,0.0,
B14,0.6500853286493065,0.6030165031598719,0.7175115016559133,0.521593907170004,0.6730610067396556,0.616530262509386,0.7925877290101327,0.5686337180762348,0.543789134569173,0.6622089690844061,0.49027540833440725,0.4283656028810117,0.4272917635931299,0.6472073412028889,0.4378398549207768,0.2809351637677836,0.43159412114753737,0.049808285222191606,
B11,0.5918296821011986,0.6030165031598719,0.612567231996312,0.45139307199045603,0.5797410052065164,0.6600419788203338,0.6725786086083934,0.44017723634857914,0.4900899763269946,0.5256981717452972,0.5400836935565988,0.37855731765882006,0.3269039822394584,0.5005091019325494,0.3613424508299852,0.20737234794551906,0.4631606488270451,0.011173977722151562,
