,job643_scenario0_1357,job645_scenario0_1361,job650_scenario0_1369,job653_scenario2_1384,job654_scenario2_1388,job655_scenario1_1390,job656_scenario0_1392,
in27,0.6049701018686373,0.5713723155928866,0.48154446186787825,0.5347298089689247,0.3721804289212687,0.41101498217705135,0.0,
B14,1.0544555224188683,1.0563863718005662,1.0078361832239602,0.9947115681654459,0.9135370010194891,0.8892384989162562,0.4395892092391649,
B11,1.1298249970294885,1.0683315604320058,1.0464704907240003,0.9680224492968459,0.8681121540509744,0.8007959061940245,0.5595983296409044,
