,job632_scenario0_1325,job635_scenario0_1335,job636_scenario0_1336,job638_scenario4_1344,job639_scenario0_1348,job640_scenario0_1350,job641_scenario3_1354,job642_scenario4_1355,job643_scenario0_1357,
in27,0.6381966383553647,0.6077054726440636,0.5936047140562922,0.7262041696887553,0.4158787802573449,0.4426754817823706,0.510822118472096,0.6617718801588386,0.11880258894860807,
B14,1.052431635592215,0.9391514932734286,0.9646636123644676,0.9812872612343726,0.817969007788361,0.8052304289413232,0.8210411944551226,0.8133475282400858,0.48872616146489223,
B11,0.5486406233851844,0.49506497759965573,0.4874984496802336,0.553702422497969,0.3352481846145481,0.3245585830878843,0.3769546787813498,0.31100536601820505,0.0,
