,job100_scenario0_194,job102_scenario0_198,job103_scenario0_199,job105_scenario0_202,job107_scenario0_204,job110_scenario2_207,job111_scenario2_208,job112_scenario2_211,job113_scenario0_212,job114_scenario0_213,job115_scenario1_217,job116_scenario1_218,job117_scenario1_219,job118_scenario1_220,job119_scenario1_225,job120_scenario1_226,job121_scenario4_227,job122_scenario0_231,job123_scenario2_233,
in27,0.5006489005567631,0.5042747954556696,0.49219131770473246,0.45677415315423775,0.47368790848761444,0.6387678626639126,0.6555077400803919,0.42875501544009464,0.3934273122059847,0.367249784772796,0.5046635375440366,0.5289097158344473,0.5611996713350749,0.44196761336989326,0.3270493067542421,0.38670510265597874,0.3798740951363055,0.046431132665903596,0.0,
B14,0.7047171754270574,0.6484818181795851,0.7183512392192044,0.6376230958811261,0.6796484050651616,0.8085852682878437,0.6683385396599852,0.754724632419381,0.5935334790983379,0.5663404850423682,0.702927808736777,0.7191196714157346,0.6376970754258665,0.7274107011418869,0.5901867139113124,0.7151659361816892,0.4998832155380449,0.23275021522720396,0.4688625038848061,
B11,0.5145072198457701,0.5373534424661307,0.49219131770473246,0.45677415315423775,0.5067665554980756,0.5418779086157648,0.6323885737268005,0.6115963456640503,0.5071398636964802,0.42094894301497443,0.6411743348831453,0.46524311132324875,0.5878887902036749,0.6460358882401874,0.44705842715598154,0.47514769537821044,0.4002666450936617,0.13751708303649768,0.1586434279017795,
