,job333_scenario0_623,job334_scenario1_626,job336_scenario0_632,job338_scenario0_637,job339_scenario0_640,job340_scenario3_642,job341_scenario0_643,job344_scenario3_648,job345_scenario2_650,job347_scenario0_653,job348_scenario4_658,job349_scenario1_659,job350_scenario2_660,
in27,0.4885373001278079,0.5376161646732471,0.44320428137195916,0.37107581695683384,0.3607155541044467,0.48398022929169005,0.3620428600255664,0.728249992511572,0.32807150576959604,0.18996091640634227,0.3168093696957587,0.02892317003114525,0.0,
B14,0.5513695099500241,0.527119826026957,0.4589548223682191,0.43540705400346275,0.4408126005950605,0.5773002308248293,0.3620428600255664,0.5696065646097925,0.5083852500398174,0.2419199940432062,0.21991941564761072,0.045424846968514676,0.20406827487029414,
B11,0.5042878411240679,0.6024893006375771,0.4674021836941353,0.43540705400346275,0.41267463174131064,0.6039893496934294,0.37779340102182635,0.48823175170809313,0.37451781034907095,0.21772209172103008,0.12659941411447145,0.32407739527203355,0.08405915446855472,
