,job380_scenario0_735,job384_scenario0_742,job386_scenario0_754,job387_scenario2_755,job388_scenario2_761,
in27,0.6442647231655381,0.6375594265066225,0.4680799155576782,0.5851489014597311,0.26479422901451194,
B14,0.8085852682878436,0.69726392303988,0.5155949677460032,0.5700840507175927,0.43022819638476606,
B11,0.4890051794504181,0.4049098110604753,0.25019430531687,0.3300658099141139,0.0,
