,job738_scenario1_1662,job739_scenario0_1666,job742_scenario1_1678,job743_scenario2_1684,job744_scenario1_1685,
in27,0.7454378228214285,0.5268691112579689,0.5996577569087906,0.3823330418201413,0.2848172013774888,
B14,0.8472051856804841,0.6405816627484644,0.5996577569087906,0.5907847549441123,0.4048263217792283,
B11,0.35872134274761014,0.2334726327172898,0.20761357761975446,0.0,0.0994846546071092,
