,job96_scenario1_180,job97_scenario0_182,job98_scenario0_185,job99_scenario0_190,job100_scenario0_194,job102_scenario0_198,job103_scenario0_199,job104_scenario1_200,job105_scenario0_202,job106_scenario1_203,job107_scenario0_204,job108_scenario1_205,job109_scenario2_206,job110_scenario2_207,job111_scenario2_208,job112_scenario2_211,job113_scenario0_212,job114_scenario0_213,
in27,0.9358392182546098,0.8965151881904246,0.8267072987236981,0.7970525118332304,0.768693755851058,0.7555510612133236,0.7383217793768829,0.8339753242999729,0.6841564752765288,0.8613474029384942,0.6847461335913543,0.9018934512275746,0.7963138633334905,0.8157906401327056,0.8171907894863344,0.5202082150832854,0.4456552577062779,0.3614641874004493,
B14,0.7069949551732826,0.6476162026986608,0.6432878826108855,0.5820665680409102,0.5741003620160939,0.501096415231981,0.5658200321860967,0.6891902156872003,0.46634374929815886,0.6030874045923316,0.4920449614636431,0.534798310201824,0.7963138633334905,0.5869463770513783,0.43135992036066945,0.44751616335731365,0.24709975589337274,0.16189321896476327,
B11,0.5318498503341338,0.42704625089099724,0.39263756300295616,0.41081233622174806,0.36738872949743717,0.37346636258115723,0.3231584337342551,0.46423682562585994,0.2689931296339011,0.5163848924754144,0.30266143495918774,0.38178583592534576,0.32289487114275517,0.30373734044193024,0.3789082774901153,0.2878861996646135,0.14420446355414585,0.0,
