,job903_scenario2_2293,
in27,0.2832090366094483,
B14,0.5618615849129671,
B11,0.0,
