,job955_scenario4_2629,
in27,0.26041079076083506,
B14,0.08526568592168615,
B11,0.0,
