,job9_scenario1_22,job11_scenario0_26,job12_scenario1_31,job13_scenario1_32,job14_scenario2_33,job15_scenario4_34,job16_scenario1_35,job17_scenario2_37,
in27,0.3480839409555027,0.2342496951538477,0.2818247055414699,0.2601056885415072,0.2222021238995569,0.19254733700908938,0.3029510504067517,0.020392549957356065,
B14,0.5382938965367898,0.29508951747899664,0.3658838600100246,0.32377229305270566,0.4004668908494042,0.3125564574108287,0.18294193000501224,0.16352083671268694,
B11,0.468093061357242,0.25464224511120387,0.2956830248304768,0.5139822486339929,0.14394697310855592,0.40944641145897664,0.3345175780862594,0.0,
