,job798_scenario1_1875,job799_scenario1_1877,job800_scenario0_1884,
in27,0.7378007263397931,0.6609742127058208,0.23563480254980196,
B14,0.6112573752697044,0.5205725423467251,0.0,
B11,0.8716681660305394,0.7605907831502039,0.24757999118124185,
