,job22_scenario1_52,job24_scenario1_55,job27_scenario0_60,job28_scenario1_61,job29_scenario2_65,job31_scenario0_67,job32_scenario2_68,job33_scenario4_69,job34_scenario3_70,job35_scenario0_72,job36_scenario1_73,job37_scenario1_74,job38_scenario1_78,job39_scenario0_80,job40_scenario3_82,
in27,0.39997675833002533,0.33109265106933816,0.25279719491403396,0.42276001573018174,0.3734429293556534,0.17708719958193037,0.27529047487312075,0.3967475277166575,0.44378141345444533,0.12673132995174546,0.23912219194129364,0.2690447410998813,0.14053358619636963,0.0,0.007268025576274928,
B14,0.7986384270352835,0.782627048939943,0.5789647954058778,0.7449242803446483,0.7721045980609117,0.5526297019335972,0.6423856158988712,0.7020891948887766,0.6908674340784564,0.4959772633921683,0.6249530610669586,0.565939046946084,0.4646109814684031,0.30679051715726874,0.5645731221833127,
B11,0.7551267107243358,0.7391153326289952,0.5700840507175927,0.6516042788115091,0.6205289499796645,0.5526297019335972,0.5787190113876728,0.8922991504700637,0.8810773896597436,0.4755847134348122,0.5316330595338193,0.48944164285529235,0.5263644553220346,0.35323682173674364,0.4943722870037648,
