,job947_scenario0_2586,
in27,0.19020995558128717,
B14,0.19020995558128717,
B11,0.0,
