,job709_scenario0_1566,job710_scenario1_1567,job715_scenario0_1581,job716_scenario0_1585,job717_scenario0_1589,job718_scenario1_1593,job719_scenario2_1595,job720_scenario2_1596,job721_scenario4_1597,job722_scenario1_1598,job723_scenario1_1599,
in27,0.33358557914139353,0.47365583536056055,0.3310060940381233,0.2245107329858983,0.18425318159192772,0.21353700101948925,0.22044437719934784,0.2072912672462497,0.1394302136940646,0.042830146409553294,0.0,
B14,0.91309619057354,1.0030080369560195,0.8518276755597931,0.7951405997297598,0.7687413676247962,0.7676651908259813,0.6671742505214832,0.7463546063106035,0.8300692008396656,0.7832774187773459,0.6204381519660531,
B11,0.4412225401333677,0.6043463682507613,0.36257262171763094,0.33281232651330295,0.2671141543728688,0.3855051990580925,0.307146889316265,0.3090586301053051,0.5514166525361468,0.2094706452329388,0.17826476694984728,
