,job563_scenario1_1172,job569_scenario2_1188,job570_scenario0_1189,job571_scenario4_1190,job573_scenario0_1196,job574_scenario1_1198,job575_scenario3_1199,job576_scenario1_1200,job577_scenario1_1201,job578_scenario0_1204,
in27,0.6500990895291805,0.5709734997035977,0.4600884621602836,0.6692636031053742,0.3649124033449938,0.41144062281581334,0.45828324001613746,0.35832210963226174,0.3569551745384566,0.0,
B14,0.7602119986198539,0.787872574153485,0.5169645272030075,0.6075101292517429,0.39647893102450155,0.46969626936392117,0.560050602875193,0.5623903845025559,0.3569551745384566,0.08639361540185775,
B11,0.7602119986198539,0.5976626185721978,0.4600884621602836,0.7661535571535223,0.3799772540871322,0.4242714223954065,0.560050602875193,0.4037469566007764,0.32538864685894886,0.019621339048067954,
