,job536_scenario0_1101,job538_scenario0_1105,job540_scenario0_1109,job541_scenario0_1110,job545_scenario1_1117,job547_scenario0_1120,job548_scenario2_1121,job549_scenario2_1129,job550_scenario1_1131,job551_scenario1_1134,job552_scenario1_1136,
in27,0.8885000589830637,0.897683762027465,0.8334594991692611,0.8540101152563582,0.9545690419581236,0.7546492246165354,0.8459193312859484,0.7467324638611968,0.6791741123287791,0.5070193252770457,0.45915136641591114,
B14,0.9428056506398634,0.9528197464648744,0.930349453217409,0.9137146117896158,1.0430116346803553,0.8811925756866241,1.0361292868672356,0.853910784683343,0.7991832327305184,0.5883941381787451,0.537406517206912,
B11,0.45120408277776547,0.45359724635369203,0.42343072772142,0.43304276593617685,0.5104825262843506,0.34602010964225693,0.44046712311221564,0.28981514860783086,0.33197755070315416,0.12780594556760272,0.0,
