,job1016_scenario0_2676,
in27,0.0,
B14,0.24853487060916069,
B11,0.11794384864223384,
