,job1055_scenario1_2864,job1056_scenario2_2868,
in27,0.42007558348589324,0.1586434279017795,
B14,0.504134737954448,0.5186707891069977,
B11,0.19391566197142135,0.0,
