,job81_scenario0_173,job82_scenario2_174,job83_scenario1_175,job84_scenario1_177,job85_scenario4_178,job86_scenario0_179,job87_scenario1_182,job88_scenario1_183,job89_scenario0_185,job90_scenario3_190,job91_scenario4_192,job92_scenario3_193,job93_scenario1_194,job94_scenario3_195,job95_scenario1_197,
in27,0.4165259107113314,0.5366804463052877,0.5294503218530625,0.45364340017465365,0.5206699682155815,0.36973412864901156,0.48222109272295416,0.4559344811704956,0.3037848158858668,0.43651338787817034,0.338274119614398,0.5623903845025557,0.19152120716820253,0.23275021522720396,0.0,
B14,0.6249776238353024,0.7268904018865748,0.6992677274769935,0.7539662648466143,0.8158241934564697,0.528377556550791,0.7773753179638423,0.7275192496534822,0.47130898847593133,0.6147781548280178,0.5017949563270852,0.46550043045440787,0.37519693208114047,0.4496492896770913,0.24001824080347878,
B11,0.8018628092797657,0.9504069657526842,0.9281119905583208,0.9276745434905321,1.0558424342599486,0.7754635771748021,0.8973844383655818,1.044806105457041,0.7245791151537957,0.9818732958537681,0.9973465790804914,0.8908512180282663,0.6742420303420155,0.7781101232028017,0.47515907279604996,
