,job818_scenario0_1920,job819_scenario0_1921,job822_scenario0_1926,job823_scenario0_1928,job825_scenario0_1931,job826_scenario3_1939,job828_scenario1_1949,job829_scenario4_1951,
in27,0.4069658679320461,0.3812400198990769,0.37197778296596545,0.36578430471277196,0.34305188245061985,0.5628160251413179,0.11274109482546452,0.0,
B14,0.44741314029983886,0.4514408550786248,0.4421786181455133,0.41812017588869793,0.40588409227283606,0.44280690473957846,0.13098285236814838,0.15864342790177946,
B11,0.4385323956115538,0.4090011952137647,0.37197778296596545,0.35134789953490814,0.3089941382246881,0.6828251455430573,0.09623941788809515,0.20845171312397104,
