,job782_scenario0_1821,job784_scenario0_1828,job785_scenario1_1834,job786_scenario1_1838,job788_scenario2_1842,job789_scenario3_1843,job790_scenario4_1844,job791_scenario3_1845,job792_scenario0_1846,job793_scenario0_1847,job794_scenario1_1849,
in27,0.8205384056498222,0.7533540736301462,0.8123390731678171,0.7282765532147175,0.6547607125321506,0.7833125728714146,0.6603377844478079,0.7756189066563779,0.45724235611107145,0.37743472405891976,0.3718719500556015,
B14,0.8703466908720139,0.8439474587670501,0.909229027215965,0.8383894623053909,1.1452935327853986,0.8415682194195226,0.7536577859809471,0.8640614993786094,0.5274431912906192,0.43174031571571947,0.6385793097276804,
B11,0.4292453623018955,0.36801717506171183,0.4554313740732973,0.4214860360574489,0.3314685184375126,0.4815408582143043,0.381685236144289,0.3769572379511195,0.06594931276314475,0.0,0.04970768544113491,
