,job443_scenario0_887,job445_scenario0_893,job446_scenario0_895,job448_scenario0_898,job449_scenario0_901,job452_scenario1_905,job453_scenario2_907,job454_scenario0_908,job455_scenario1_909,job456_scenario2_910,job457_scenario4_912,job458_scenario0_917,job459_scenario4_918,job460_scenario1_919,job461_scenario0_920,job462_scenario2_923,
in27,0.4696444238948829,0.42666486686759164,0.42197733672562066,0.4247712552918117,0.3966104018717299,0.4701219100026831,0.42618839109082507,0.3204580027104762,0.47467020927041015,0.3608491092683193,0.5554540755292519,0.1585915824327413,0.3254433200348048,0.21265139007133582,0.07253960647587687,0.0,
B14,0.8255655871984818,0.7854144616617242,0.7958630172198458,0.7774299911396984,0.7250712353974405,0.8124410628174005,0.9336852024756712,0.7062888718361413,0.7715645151166128,0.8030224942845252,0.8341066238327708,0.5453080625065596,0.6742967035178715,0.5330579079855933,0.4213929899589435,0.5325291083960046,
B11,0.6214973123281878,0.598633064906195,0.6175982502699985,0.5991652241898511,0.562622455130841,0.6576885079356078,0.6550326541721523,0.5334070222690552,0.6515553947148734,0.6830133738827857,0.802540096153263,0.37549065688262856,0.5858541107956399,0.4295504645212232,0.24624788511979467,0.14581262832218633,
