,job1012_scenario1_2664,job1015_scenario2_2673,
in27,0.26221416259139485,0.0,
B14,0.8826523145574481,0.5822541348703233,
B11,0.7893323130243088,0.4853641808221755,
