,job357_scenario0_677,job360_scenario0_681,job362_scenario0_683,job364_scenario0_690,job365_scenario1_692,job366_scenario3_693,job368_scenario2_696,job369_scenario0_699,job370_scenario1_706,job371_scenario0_708,job372_scenario2_710,job373_scenario1_711,job374_scenario2_712,job375_scenario1_714,job376_scenario3_716,job377_scenario4_717,
in27,0.36735038455385277,0.3161556451560687,0.31968957051394603,0.2821946626733421,0.43511083832498093,0.5484802197445107,0.36132723537429384,0.21624534991019734,0.28507583849939677,0.11736257437373976,0.19649514707469162,0.15756406272332746,0.08146297125338509,0.04482296789786294,0.03156652767950774,0.0,
B14,0.5204381519660533,0.5330547196059561,0.51326150673795,0.4565093747318812,0.5937542662267604,0.6102336935981422,0.6467703231462874,0.3999210748231354,0.40508495890113616,0.29707619130873675,0.5565225082799097,0.4114406228158133,0.38178583592534576,0.27201040912174856,0.430228196384766,0.1902099555812872,
B11,0.35998175919652114,0.33577698420413665,0.3833561750251447,0.296052981962349,0.4035443106454733,0.5871145272445507,0.36132723537429384,0.2374722945565359,0.2700109877572585,0.14048174072733122,0.19649514707469162,0.15756406272332746,0.19157588034405848,0.07374613792900825,0.07020083517954778,0.1902099555812872,
