,job854_scenario0_2017,job856_scenario4_2028,job857_scenario0_2029,job858_scenario3_2031,job859_scenario3_2037,job860_scenario0_2038,job861_scenario1_2044,job862_scenario0_2045,
in27,0.555844776416367,0.6445007606939053,0.4648226985908651,0.714688450073889,0.6236663722483873,0.3377312121227696,0.13386743969074644,0.0,
B14,0.8660638523993938,1.045313221813836,0.7849379858849578,0.9435327131552163,0.9227114705092623,0.6721481904279722,0.5458538785328286,0.3339736065830996,
B11,0.9362646875789414,1.1266880347155352,0.8452426097534396,1.253751789138243,1.0427205909110018,0.7107824979280124,0.5293522015954591,0.40934308119371976,
