,job757_scenario0_1749,job758_scenario2_1750,job759_scenario4_1755,job760_scenario4_1756,job761_scenario0_1758,job762_scenario1_1759,job763_scenario1_1763,job764_scenario0_1764,job765_scenario0_1765,
in27,0.47666130884844726,0.5665518340124762,0.5974924752974795,0.6617302930273266,0.3288764268861961,0.4303470128939275,0.2970814522738331,0.0,0.018906390078114343,
B14,0.7237473294724585,0.903460028864103,0.8108215972323582,0.7705654357069145,0.5892872176470312,0.7277352892973612,0.4707897309177509,0.3162946664815478,0.28267916148166616,
B11,0.6813076696075984,0.8536517436419115,0.8375107161009584,0.820373720929106,0.5468475577821712,0.6659818154437296,0.5259257153551604,0.22297466494840845,0.24609383130200002,
