,job378_scenario0_719,job382_scenario0_733,job383_scenario0_736,job385_scenario2_743,job386_scenario2_746,job387_scenario3_748,job388_scenario2_751,job389_scenario0_752,job390_scenario4_753,job391_scenario3_754,job392_scenario4_755,
in27,0.5535699918250633,0.4788265904597586,0.43748623441172796,0.5043768416299158,0.4651515874870182,0.5663797341959853,0.3665629817420942,0.24582224448103257,0.40779198980109566,0.45789016178692377,0.4417491342459706,
B14,0.7508477272268828,0.6872783035837295,0.6438889702153251,0.8782625221241409,0.7892289827590517,0.7565896897772725,0.8106494974158671,0.4005747993628253,0.527801110202835,0.5778992821886633,0.4150600153773705,
B11,0.3511073225530398,0.2362305864632822,0.2546449041877724,0.33290261414854316,0.23542171345753765,0.38104718742560567,0.1635222265812138,0.0,0.2877828693993562,0.4810093281405152,0.1750417745738917,
