,job1155_scenario0_3572,job1156_scenario2_3577,job1157_scenario4_3580,
in27,0.15995851752654638,0.16218873065123995,0.0,
B14,0.33822328447639366,0.5071512411143198,0.20845171312397115,
B11,0.3297759231504775,0.2986995279903487,0.27865254830351893,
