,job193_scenario0_378,job194_scenario0_380,job195_scenario1_384,job198_scenario0_387,job199_scenario1_388,job202_scenario1_392,job203_scenario1_394,job204_scenario0_399,job205_scenario1_401,job206_scenario1_402,job207_scenario0_406,job208_scenario2_407,job209_scenario1_408,job210_scenario1_410,job211_scenario2_414,job212_scenario3_415,
in27,0.530443410840485,0.4957079884107245,0.6603088788723488,0.4783198526161615,0.5924137386563687,0.5952570133583737,0.538706391375988,0.3940883142591344,0.49944619748144337,0.4487581528383679,0.29371421066602005,0.35861583443374984,0.48002510418911803,0.31811923141414716,0.08526568592168615,0.260410790760835,
B14,0.507757627849262,0.4898383902778056,0.6287423511928412,0.5152973382587599,0.6293912242989672,0.630000447838427,0.5450029602872317,0.37140253126791145,0.549254482703635,0.46699991038105165,0.31874650767717855,0.5284332400576809,0.46807991555767814,0.3319775507031542,0.1200091204017395,0.1200091204017395,
B11,0.4490685979387855,0.401395797555574,0.5402997584706094,0.3952882178570205,0.5013277882857746,0.5303838773940437,0.4453863898428486,0.2811469736779272,0.37943707707970387,0.3989498676161763,0.21068257590687905,0.3034798499963404,0.26669598225423935,0.2119684303014147,0.0,0.14040167035909562,
