,job735_scenario2_1682,job736_scenario1_1689,job738_scenario1_1699,job740_scenario3_1702,job741_scenario3_1705,job742_scenario0_1706,job743_scenario4_1710,job744_scenario0_1711,job745_scenario1_1712,
in27,0.6802851181599521,0.5984339201589192,0.5442685253811319,0.6918046661526298,0.5137820028782505,0.29143150241407384,0.31001883022728416,0.0,0.14214175096441006,
B14,1.0220707218224865,0.877086468462438,0.8277984824955583,0.7620055013321776,0.7853667713612371,0.538517523038085,0.5233479521621627,0.2674785705813673,0.4688625038848061,
B11,0.8855599244833775,0.8423430339823847,0.7495433317045574,0.843380314233877,0.7853667713612371,0.5037740885580317,0.6700461914325022,0.2046463607591511,0.303428536514552,
