,job974_scenario2_2494,
in27,0.0,
B14,0.4569173152533663,
B11,0.058255646548108,
