,job761_scenario0_1758,job764_scenario0_1764,job765_scenario0_1765,job766_scenario0_1768,job767_scenario1_1773,job769_scenario1_1777,job770_scenario0_1778,job772_scenario0_1781,job773_scenario3_1785,job774_scenario1_1786,job775_scenario1_1788,job776_scenario4_1791,
in27,0.30829972498677194,0.2632882725952277,0.27605615989183896,0.2561147673442017,0.365177640343082,0.32430109264229434,0.18454200971271273,0.12064125025658512,0.2647423835454735,0.14176759512186698,0.0319921683182699,0.0,
B14,0.7490242600178284,0.7598966833469968,0.720142675565612,0.7002012830179747,0.8139564909855914,0.7499607769312122,0.6178979193864376,0.5863980822987999,0.8521651578468694,0.6323004153751147,0.44426983778051665,0.30032286467196057,
B11,0.8265937205547077,0.7865858022155968,0.8035664657876853,0.7678745322437881,0.8267872905651845,0.8148339128955422,0.6677062046086291,0.6250323897988399,0.9721742782486089,0.6638669430546225,0.6425341089732569,0.680742775834535,
