,job805_scenario0_1887,job809_scenario0_1897,job810_scenario0_1899,job811_scenario0_1902,job812_scenario1_1904,job813_scenario1_1908,job815_scenario2_1910,
in27,0.20762348856822976,0.1384528920818902,0.15215272363907034,0.10142179258852929,0.19884390592033346,0.13082244872747467,0.0,
B14,0.31058903311489877,0.1967085386299981,0.16790326463533028,0.1582978576312532,0.26904474109988125,0.30596755356662353,0.4800364816069576,
B11,0.2635073642889425,0.1967085386299981,0.16790326463533028,0.12355442315119985,0.19884390592033346,0.11575759798533636,0.14312828675533085,
