,job937_scenario0_2308,job938_scenario1_2309,job939_scenario0_2317,job941_scenario0_2325,job942_scenario0_2330,
in27,0.4962269723161131,0.6606286424352943,0.4106573944905109,0.26856725499208106,0.0,
B14,0.7068294778547566,0.8423912366906652,0.6324338777513059,0.44545244043654436,0.20406827487029416,
B11,0.6516934934173471,0.735212915868519,0.5826255925291142,0.4187633215679442,0.12000912040173939,
