,job7_scenario1_17,job8_scenario0_21,job9_scenario2_23,job10_scenario2_24,job11_scenario3_26,job12_scenario1_27,job13_scenario4_28,job14_scenario1_35,job15_scenario1_36,
in27,0.5175503061048831,0.326327600843395,0.4060176474367086,0.44280690473957846,0.5331612382508505,0.411079973419397,0.4470584271559815,0.0,0.08844259272223165,
B14,0.8775776673101013,0.6693113861935429,1.0060632494454056,0.8344007936243045,0.804746006733837,0.8262433190620246,0.7101958343130518,0.3986616687052583,0.3284608335257104,
B11,0.8277693820879097,0.6064791763713266,0.7456524586845705,0.6561360266744571,0.9633894346356164,0.6360333634807375,0.7101958343130518,0.3102190759830266,0.3719725498366581,
