,job695_scenario1_1522,job696_scenario0_1528,
in27,0.382517452784668,0.0,
B14,0.41144062281581323,0.06630996215956103,
B11,0.48969577360681416,0.04463964579111923,
