,job805_scenario0_1887,job809_scenario0_1897,job810_scenario0_1899,job811_scenario0_1902,job812_scenario1_1904,job813_scenario1_1908,job814_scenario4_1909,
in27,0.3349225224734633,0.2424095072270605,0.2468124645625247,0.17436251651202106,0.24671186478146795,0.0,0.05513598443740941,
B14,0.7165406153236513,0.5793177020786873,0.5412155538623036,0.5098911298582638,0.5955652482645346,0.45379765314266773,0.35690769909451975,
B11,0.669458946497695,0.5793177020786873,0.5412155538623036,0.4751476953782104,0.5253644130849868,0.2635876975613805,0.6938158939461465,
