,job382_scenario0_733,job383_scenario0_736,job387_scenario3_748,job389_scenario0_752,job390_scenario4_753,job393_scenario0_763,job395_scenario4_765,job396_scenario1_767,
in27,0.21841440983039684,0.18611254666553767,0.3890538615016205,0.13574171545810765,0.32607021676034315,0.0,0.11528112220856984,0.010233693598142246,
B14,0.4268661229543678,0.3925152824691348,0.5792638170829078,0.2904942703399004,0.44607933716208253,0.179713616934997,0.27392455011034933,0.27694105327022117,
B11,0.31272660068554725,0.34017941129320883,0.5406295095828677,0.22682766582870173,0.5429692912102305,0.12737774575907101,0.3939336705120887,0.17199678361062004,
