,job598_scenario1_1247,job601_scenario1_1250,job603_scenario2_1253,job604_scenario2_1255,job605_scenario2_1256,job606_scenario2_1257,job607_scenario3_1258,job610_scenario0_1262,job611_scenario2_1265,job612_scenario2_1268,job613_scenario2_1271,job614_scenario2_1274,job615_scenario2_1275,job616_scenario2_1276,job617_scenario3_1278,
in27,0.48028636522229234,0.43480813630521387,0.4302334295140734,0.37803701840350823,0.38275208258272303,0.4334412012114087,0.5455145517226434,0.2376352573669795,0.3238716236257209,0.2811978088159317,0.20932594665428478,0.11830386882878291,0.08537040605547003,0.034485944034463645,0.05825564654810794,
B14,0.5852306348818934,0.5188672907737686,0.5818090775953206,0.6068812814848354,0.5610168495325702,0.6418929143353798,0.5841488592226833,0.26075442372057106,0.44388074402746036,0.40120692921767115,0.6534124623280577,0.3721804289212686,0.27558036163675725,0.11274109482546454,0.0,
B11,0.49678804215966177,0.48023298327372854,0.41637511022506646,0.4317361766456866,0.4592494866735147,0.401874673531901,0.5841488592226833,0.26920178504648723,0.35543815130522866,0.2811978088159317,0.22318426594329172,0.1819704733399814,0.08537040605547003,0.050987620971833014,0.09688995404814796,
