,job889_scenario0_2124,job892_scenario2_2128,job894_scenario1_2132,job896_scenario0_2137,job897_scenario0_2144,job898_scenario0_2147,job900_scenario3_2149,job901_scenario2_2153,job902_scenario2_2155,job903_scenario3_2163,
in27,0.3172294844439506,0.4417701856609284,0.36833156043200604,0.2734128022434765,0.21469985547918802,0.1655212915298646,0.34787054940019607,0.20908384297881683,0.17278931710613954,0.0,
B14,0.3840017607977404,0.5200253364519294,0.47716670311159387,0.29879522386913093,0.2571395153440481,0.2109461384983793,0.34787054940019607,0.46296040307130254,0.2799676379282857,0.038634307500040016,
B11,0.3316658896218144,0.41284701562978315,0.47716670311159387,0.2899144791808459,0.2073312301218564,0.20249877717246312,0.7078979106054143,0.29314299744737154,0.15995851752654638,0.0,
