,job469_scenario0_947,job472_scenario1_959,job473_scenario3_960,job474_scenario1_961,job476_scenario0_967,job477_scenario3_968,job478_scenario1_971,
in27,0.2682593347259755,0.3165042674764309,0.4093947999929965,0.30793317935144304,0.03654865662419926,0.2041716051355511,0.0,
B14,0.8516121949669526,0.8610377463751967,0.9507513720912171,0.8359649813128396,0.6236073160429919,0.8339707699560032,0.6849351492578615,
B11,0.8234742261132028,0.8610377463751967,1.0391939648134487,0.8177232237701558,0.5607751062207758,0.8837790551781948,0.5097900444187126,
