,job371_scenario0_708,job378_scenario0_719,job381_scenario2_728,job382_scenario0_733,job383_scenario0_736,job384_scenario2_740,job385_scenario2_743,job386_scenario2_746,job387_scenario3_748,
in27,0.38110810406180284,0.32173442027325305,0.40344098038021614,0.2145074473534866,0.1585915824327414,0.22548218965092903,0.1490356206981417,0.0,0.021126344865281865,
B14,0.6657659906564011,0.6239564253346734,0.7333386401011578,0.5279034301370584,0.4699385878959395,0.7043121398047554,0.627865570851968,0.4290216649316346,0.3162805701061701,
B11,0.5793723752545433,0.5113159302902657,0.6133295196994183,0.36395562264604625,0.3677944314978219,0.3758513062790449,0.36960557250580534,0.1623143052595558,0.2278379773839384,
