,job521_scenario1_1067,job523_scenario0_1073,job526_scenario0_1078,job529_scenario1_1087,job532_scenario2_1093,job533_scenario4_1094,job534_scenario2_1096,job535_scenario0_1098,job536_scenario0_1101,job537_scenario3_1104,
in27,0.5575613587274841,0.39370942771369066,0.3447080817273661,0.43106691862524266,0.33133882097212775,0.3998956776307556,0.26671119770993057,0.1265994141144713,0.0,0.04849703363527613,
B14,1.0838530800835662,0.9737003073119512,0.9562654890051343,1.0191121138349561,1.0950054254833264,0.9328048884030598,0.9231994813989828,0.7425402596459165,0.5640956360755123,0.6165427246020968,
B11,1.1020948376262498,0.9439467445001962,0.9064572037829427,0.9959929474813647,0.8549871846798475,1.0296948424512078,0.8529986462194348,0.6595086248867756,0.5165805838871873,0.5849761969225891,
