,job1020_scenario4_2703,job1021_scenario0_2710,
in27,0.4348496759330412,0.0,
B14,0.9464526852195065,0.5004290315643137,
B11,1.0348952779417382,0.416369877095759,
