,job22_scenario0_54,job23_scenario0_56,job24_scenario1_57,job26_scenario0_59,job29_scenario1_67,job30_scenario0_70,job32_scenario4_74,job33_scenario2_77,job35_scenario0_80,job36_scenario3_81,job37_scenario0_82,job38_scenario2_83,job39_scenario1_84,job40_scenario0_87,job41_scenario2_89,job42_scenario1_90,
in27,0.3508816629992991,0.3201864755723679,0.4428069047395784,0.28073620074900185,0.4049414706378939,0.25729473230371036,0.432179900049413,0.28421916034468886,0.13043728579995134,0.4543264527322563,0.14501973841082755,0.22060339097149484,0.23238956583078768,0.01750796263475829,0.07156777027335298,0.0,
B14,0.695844173462379,0.6761076388759668,0.753025980722605,0.6237199860991497,0.8587391237805616,0.5987794904294454,0.8077224024010798,0.779770783098095,0.5290989545052096,0.6360890469876272,0.5147582370849405,0.6646899066452677,0.6861872189734554,0.3598271154494757,0.5542885934471659,0.4106068573366981,
B11,0.6144693605606796,0.6209716544385573,0.7214594530430973,0.5995220837769736,0.7183374534214659,0.5359472806072293,0.7108324483529318,0.6046256782589461,0.4357789529720703,0.8529881214375146,0.408607435972208,0.48642513969542045,0.5110421141343064,0.3029510504067518,0.3640786378658787,0.29059773693495883,
