,job427_scenario0_846,job429_scenario2_858,job430_scenario1_859,job431_scenario2_860,job432_scenario2_861,job433_scenario0_865,job434_scenario0_868,
in27,0.5275371911954957,0.5331612382508505,0.5310890938211366,0.4701775935095731,0.4484585765096103,0.19063559622004922,0.038634307500040155,
B14,0.7211091274194995,0.9633894346356164,0.7293533650138768,0.8070857883611999,0.7151659361816893,0.39703833202364647,0.21834792443503714,
B11,0.47119467530495474,0.5127686882934944,0.5160242430789981,0.44173072794076385,0.42001171094080103,0.1471238799091017,0.0,
