,job1049_scenario3_2837,job1051_scenario1_2843,
in27,0.4816414579953611,0.07020083517954778,
B14,0.45852229164176966,0.28709990962943516,
B11,0.4816414579953611,0.0,
