,job761_scenario0_1758,job764_scenario0_1764,job765_scenario0_1765,job766_scenario0_1768,job767_scenario1_1773,job768_scenario2_1774,job769_scenario1_1777,job770_scenario0_1778,job772_scenario0_1781,job773_scenario3_1785,job774_scenario1_1786,
in27,0.40158478676826437,0.3499873732156017,0.3613272353742937,0.33625447031193656,0.43225647590099847,0.40417259723953836,0.3724456659193568,0.22558278943198584,0.12790927583285983,0.09332000153313924,0.0,
B14,1.0069580879921793,1.0112445501602294,0.9700625172409254,0.9449897521785683,1.0456840927363664,1.0909207113651527,0.9627541164011334,0.8235874652985691,0.7583148740679333,0.8453915420273936,0.6551815864461065,
B11,0.8445093077255799,0.7979154282253506,0.8134680666595199,0.7726447606009029,0.8184966515124807,0.8691442281043575,0.7876090115619845,0.6333775097172818,0.5569309407644945,0.7253824216256543,0.4467298733221353,
