,job401_scenario1_783,job402_scenario1_784,job404_scenario2_788,job408_scenario2_796,job410_scenario2_800,job411_scenario1_801,job412_scenario3_803,job413_scenario1_804,job414_scenario2_805,job415_scenario1_807,job416_scenario4_811,job417_scenario0_815,job418_scenario2_816,job419_scenario2_817,job420_scenario0_820,
in27,1.0126702634570672,0.9445471878908076,0.9543128272211279,0.8924561944166698,0.9126096927483938,0.8406001816675028,1.0265774937139214,0.826506881653525,0.8160096254638824,0.8077989782526653,0.7644898452083931,0.5102423176530015,0.6010246920025959,0.527543791071676,0.25553338194992736,
B14,1.0330628134144233,1.0286063423593623,1.0908236245602367,1.0124653148184093,1.1730204835092288,0.8860250286360176,1.0265774937139214,0.8763151668757165,0.9675852735451296,0.8425424127327186,0.8844989656101325,0.6106300990066731,0.7210338124043354,0.6475529114734153,0.3257342171294752,
B11,0.7157759576108644,0.7295612440984872,0.7307962633550185,0.7071236476462901,0.5841488592226833,0.6073724803324987,0.7092906379103625,0.5478543333500061,0.657366197562103,0.5291464299491464,0.6058464173066138,0.23865754917001492,0.322372143699077,0.32538864685894886,0.0,
