,job37_scenario0_82,job40_scenario0_87,job42_scenario1_90,job43_scenario0_94,job45_scenario1_96,job47_scenario0_98,job49_scenario0_101,job50_scenario1_103,job51_scenario1_106,job52_scenario1_107,job53_scenario0_108,job55_scenario2_111,job56_scenario1_113,job57_scenario2_114,job58_scenario3_116,job59_scenario1_118,job60_scenario2_120,job61_scenario4_122,
in27,0.44524744511820735,0.39460525808709945,0.4752628814050911,0.36510127168289674,0.49518928550427155,0.3332379671520651,0.3183094896205769,0.39047340588261137,0.4327226217591743,0.32045800271047625,0.2390354067206083,0.39002010815899785,0.28088341108642695,0.2745566799651951,0.43183317277316946,0.19073875517087585,0.03624369073467293,0.0,
B14,0.7763516362922802,0.6982901034017768,0.8472354312417492,0.6619955775290995,0.8717183236468592,0.6684893401462502,0.6467703231462874,0.8207016022673774,0.7611834552848848,0.7822527267747501,0.5808210103831426,0.8202483045437639,0.6409107722916451,0.7186431956389681,0.6016505783971005,0.43075699597435463,0.49316100598803897,0.31021907598302667,
B11,0.39154828687602894,0.36276149005553404,0.44857376253649106,0.35665391035698046,0.4730566549416009,0.32352682968317026,0.2941115872984007,0.440281691104803,0.3625217865796265,0.36708938113212236,0.22816227453525595,0.28771919614775937,0.2422491035863869,0.28134721943366975,0.35456455777308943,0.09840528942865745,0.03936335284537129,0.06313305535901559,
