,job154_scenario1_313,job156_scenario1_316,job157_scenario0_317,job158_scenario0_319,job159_scenario1_321,job160_scenario1_323,job161_scenario1_324,job162_scenario2_325,job163_scenario1_326,job164_scenario1_329,job165_scenario1_331,job166_scenario2_333,job169_scenario1_339,job170_scenario2_340,job171_scenario0_346,job172_scenario3_347,job173_scenario0_349,
in27,0.7028721252298871,0.7341444831178612,0.5508746745477295,0.5670665372266872,0.6491647779495063,0.6788650104172095,0.6076125855157675,0.6507811317557493,0.6754252948069417,0.6211263448652817,0.6190542004355678,0.5461975114925646,0.4945269307508104,0.47738993557895804,0.1658596080090161,0.4866267753196897,0.0,
B14,0.7869312796984418,0.752386240660545,0.6477646285958776,0.6168748224488789,0.7691738983512457,0.7340009948546189,0.7072291559601506,0.7707902521574888,0.6589236178695722,0.6709346300874733,0.653797634915621,0.7364074670738517,0.5234501007819556,0.6428239029492122,0.23299599924540904,0.3666176549179504,0.08405915446855478,
B11,0.7317952952610324,0.7341444831178612,0.5849324187736613,0.5670665372266872,0.6909187475602447,0.6788650104172095,0.7072291559601506,0.720981966935297,0.6300004478384269,0.6709346300874733,0.6355558773729373,0.6346401042147961,0.539951777719325,0.5063131056101033,0.18548094705708407,0.676836730900977,0.013858319289006937,
