,job483_scenario0_989,job484_scenario1_993,job486_scenario0_995,job487_scenario1_996,job488_scenario3_1000,job490_scenario0_1003,job491_scenario3_1005,job492_scenario2_1006,job493_scenario3_1007,job494_scenario1_1008,job495_scenario0_1011,job496_scenario2_1013,job497_scenario2_1014,job498_scenario0_1016,job499_scenario2_1017,
in27,0.5346178317700285,0.6611207147889185,0.48832479780659865,0.6078351701094481,0.6436663660049229,0.41480895712403176,0.6683887403651936,0.4759714843348057,0.5369665906156704,0.5015878379011343,0.2914315024140739,0.35318753543747533,0.3411391878552088,0.0,0.1442070227239156,
B14,0.8834712152530952,1.0282158558146692,0.8554199388323491,1.0064968388147064,0.9721271995306335,0.7707301204276307,1.1056847165704917,0.901322271908664,0.8591308552301369,0.9002495066063925,0.5942819530397689,0.806985188580143,0.8802025269195627,0.3309884194794449,0.5428686914291739,
B11,0.693261259671808,0.7615084961425902,0.6540360055289103,0.7815434487533659,0.852118079128894,0.5734523850258112,0.7954656405874652,0.7546240326383244,0.9560208092782849,0.6286647381234061,0.43563852513798956,0.45813180509707635,0.5201751657143444,0.15864342790177954,0.2712839229461874,
