,job18_scenario1_47,job19_scenario1_49,job20_scenario1_50,job21_scenario0_51,job22_scenario0_54,job23_scenario0_56,job24_scenario1_57,job25_scenario4_58,job26_scenario0_59,job27_scenario3_61,job28_scenario2_64,job29_scenario1_67,
in27,0.4721940544323969,0.4550570592605446,0.4457601850388288,0.3088226283374481,0.2971825047571208,0.24787835719458773,0.35945295960693247,0.37388249211458785,0.17038460396539468,0.39637577207367475,0.17869040758860932,0.0,
B14,0.6655236721243826,0.6194635069213851,0.7440340723904155,0.517274341461419,0.5417572338665289,0.503411739144515,0.5692842542362875,0.7107906869662146,0.4129806079618708,0.6448413742030699,0.5819085645997969,0.35340987178899597,
B11,0.5037605821119047,0.48662358694005237,0.431901865749822,0.3232590335153118,0.2821176540149821,0.2700109877572585,0.35945295960693247,0.49389161251632735,0.21051793868984725,0.39637577207367475,0.17869040758860932,0.034743434480053126,
