,job368_scenario2_696,job369_scenario0_699,job371_scenario0_708,job373_scenario1_711,job374_scenario2_712,job375_scenario1_714,job378_scenario0_719,job379_scenario2_725,job380_scenario1_727,job381_scenario2_728,job382_scenario0_733,
in27,0.7005380568164736,0.5667755911379573,0.5306212108677449,0.6159797839177272,0.56196695141883,0.5921345795381079,0.4292453623018955,0.4514418654096585,0.37987409513630555,0.40391846648801644,0.0,
B14,1.2259993853919458,0.990469556854374,0.9503530686062207,1.1098745848136917,1.1023080568942696,1.0593402615654721,0.8665413385071938,0.9769031939851307,0.8283440490637553,0.8688900973528357,0.44846995392744987,
B11,1.0605654180216917,0.9480298969895139,0.9137677384265547,0.9760071451229453,1.0321072217147216,0.9810851107744712,0.8037091286849776,0.8403923966460218,0.8283440490637553,0.7986892621732877,0.3343304316586293,
