,job111_scenario2_208,job112_scenario2_211,job113_scenario0_212,
in27,0.36460392447932655,0.15864342790177954,0.13088225258709174,
B14,0.4974438444606592,0.6046221652828054,0.4509975398811843,
B11,0.30285045062569504,0.30285045062569504,0.20596049657754723,
cn12,0.43174031571571947,0.4726678562496261,0.2541276646511712,
B54,0.42285957102743443,0.5113021637496662,0.42285957102743443,
B51,0.17234499157766536,0.28245790066833887,0.24771446618828563,
os4,0.3912930433479268,0.5113021637496662,0.14077846389815774,
in4,0.04243965986486009,0.08595137617580773,0.0,
B33,0.9415303601344321,0.6628778118309133,0.5611104489718577,
