,job531_scenario2_1063,
in27,0.07020083517954778,
B14,0.0,
B11,0.11195480479028619,
cn12,0.026689118868600148,
B54,0.14669823927033943,
B51,0.4071090300311745,
os4,0.24846560212939506,
in4,0.05825564654810783,
B33,0.5271181504329139,
