,job84_scenario0_160,job92_scenario3_171,job93_scenario1_172,
in27,0.37052369985150835,0.5607336554327955,0.5055976709953861,
B14,0.5220993479327556,0.7305510610567265,0.5403411054754393,
B11,0.3936428662050999,0.583852821786387,0.4638437013846477,
cn12,0.24344679962923665,0.5220993479327556,0.3855885505936467,
B54,0.4905328202532478,0.583852821786387,0.5220993479327556,
B51,0.18519115308112888,0.4020902275310161,0.17324596444968887,
os4,0.4638437013846477,0.8007518962362744,0.5607336554327955,
in4,0.37789232520884,0.642108468334495,0.5220993479327556,
B33,0.0,0.21188027194972892,0.010496338646290182,
