,job858_scenario0_2094,
in27,0.13864392365888645,
B14,0.16402634528454085,
B11,0.09081436354962691,
cn12,0.0,
B54,0.36359731372022697,
B51,0.33690819485162676,
os4,0.16402634528454085,
in4,0.21689907444988743,
B33,0.21689907444988743,
