,job589_scenario1_1216,job590_scenario2_1218,
in27,0.07020083517954784,0.0,
B14,0.31021907598302667,0.2715847684829866,
B11,0.21332912193487868,0.1061508011127325,
cn12,0.03156652767950774,0.1061508011127325,
B54,0.2400182408034789,0.31021907598302667,
B51,0.12000912040173944,0.12000912040173944,
os4,0.19020995558128723,0.5502373167865054,
in4,0.04980828522219172,0.09332000153313935,
B33,0.0813748129016994,0.43022819638476606,
