,job711_scenario3_1570,
in27,0.35690769909451975,
B14,0.29515422524088825,
B11,0.2786525483035188,
cn12,0.2786525483035188,
B54,0.10494426965960102,
B51,0.13651079733910887,
os4,0.0,
in4,0.4151633456426277,
B33,0.31339598278357206,
