,job611_scenario1_1281,
in27,0.0,
B14,0.5271181504329139,
B11,0.11195480479028619,
cn12,0.026689118868600148,
B54,0.2870999096294351,
B51,0.05825564654810783,
os4,0.14669823927033943,
in4,0.05825564654810783,
B33,0.11195480479028619,
