,job341_scenario0_643,
in27,0.3175877013403582,
B14,0.3175877013403582,
B11,0.33333824233661813,
cn12,0.17305369728627107,
B54,0.4452930471269043,
B51,0.04663137842164611,
os4,0.0,
in4,0.30315129616249437,
B33,0.4035390775161659,
