,job98_scenario0_185,
in27,0.40130502635362064,
B14,0.496538158544327,
B11,0.3823986362755064,
cn12,0.2880864454203559,
B54,0.496538158544327,
B51,0.25651991774084815,
os4,0.0,
in4,0.4649716308648193,
B33,0.4748678421758852,
