,job1101_scenario2_3576,
in27,0.08526568592168604,
B14,0.38041991116257434,
B11,0.10176736285905547,
cn12,0.0,
B54,0.2217764832607949,
B51,0.10176736285905547,
os4,0.07020083517954773,
in4,0.07020083517954773,
B33,0.19020995558128717,
