,job94_scenario0_174,job96_scenario1_180,
in27,0.14167943677018113,0.250514579449769,
B14,0.12000912040173939,0.1803137442702213,
B11,0.16645542498121424,0.2616885571719206,
cn12,0.049808285222191606,0.18031374427022118,
B54,0.2301220294924129,0.49053282025324785,
B51,0.31538771541409893,0.33188939235146836,
os4,0.27363374580336053,0.33188939235146836,
in4,0.10075189623627456,0.1803137442702213,
B33,0.0,0.09187115154798953,
