,job101_scenario3_195,
in27,0.32528392672516493,
B14,0.5502373167865053,
B11,0.4617947240642738,
cn12,0.2835299571144265,
B54,0.07020083517954778,
B51,0.15157564808124713,
os4,0.3102190759830266,
in4,0.3804199111625744,
B33,0.0,
