,job148_scenario3_288,
in27,0.3053416671721191,
B14,0.4253507875738584,
B11,0.3053416671721191,
cn12,0.3369081948516268,
B54,0.3369081948516268,
B51,0.49555162275340625,
os4,0.3053416671721191,
in4,0.3053416671721191,
B33,0.0,
