,job550_scenario1_1110,
in27,0.5403411054754396,
B14,0.6105419406549873,
B11,0.660350225877179,
cn12,0.32344203102555225,
B54,0.21188027194972903,
B51,0.4905328202532479,
os4,0.45189851275320786,
in4,0.0,
B33,0.3600273612052183,
