,job45_scenario1_91,job48_scenario2_95,
in27,0.36871704106315284,0.4605881926111424,
B14,0.7392407409146613,0.49922250011118247,
B11,0.6192316205129219,0.49922250011118247,
cn12,0.35882082975208696,0.30901254452989524,
B54,0.4290216649316347,0.6690399057351135,
B51,0.2121225904817473,0.22495339006134052,
os4,0.47882995015382623,0.522341666464774,
in4,0.013858319289007048,0.0,
B33,0.4023325460630346,0.7392407409146613,
