,job613_scenario4_1283,job616_scenario1_1288,
in27,0.19020995558128723,0.20845171312397104,
B14,0.25196342943491873,0.22884426308132727,
B11,0.25196342943491873,0.22884426308132727,
cn12,0.14478510861277255,0.1319543090331794,
B54,0.038634307500040155,0.0,
B51,0.39866166870525827,0.1319543090331794,
os4,0.19020995558128723,0.1737082786439178,
in4,0.4688625038848061,0.1586434279017795,
B33,0.1737082786439178,0.09833880403329764,
