,job826_scenario1_1979,
in27,0.06283220982221621,
B14,0.42285957102743443,
B11,0.12770534578654613,
cn12,0.0,
B54,0.30285045062569504,
B51,0.024197902322176112,
os4,0.1828413302239556,
in4,0.09878217575540088,
B33,0.04243965986486009,
