,job459_scenario0_907,
in27,0.19225893290166118,
B14,0.28914888694980917,
B11,0.26875633699245305,
cn12,0.06918536855676682,
B54,0.28914888694980917,
B51,0.27865254830351893,
os4,0.30032286467196073,
in4,0.21188027194972914,
B33,0.0,
