,job781_scenario0_1819,
in27,0.2315708794775626,
B14,0.26815620965722864,
B11,0.17568700375684987,
cn12,0.08487264020722296,
B54,0.25825999834616264,
B51,0.3284608335257105,
os4,0.028137968853749862,
in4,0.24001824080347878,
B33,0.0,
