,job175_scenario0_329,job177_scenario1_332,
in27,0.09878217575540094,0.19401530794610727,
B14,0.21879129615714038,0.23264961544614732,
B11,0.17234499157766547,0.19401530794610727,
cn12,0.0,0.19401530794610727,
B54,0.1624487802665996,0.3842252635273945,
B51,0.28245790066833887,0.21879129615714038,
os4,0.15308776741220065,0.42285957102743454,
in4,0.21879129615714038,0.20596049657754723,
B33,0.1624487802665996,0.17234499157766547,
