,job490_scenario0_967,job492_scenario3_969,
in27,0.12630568931298347,0.4182830077533263,
B14,0.16981740562393122,0.4569173152533663,
B11,0.20640273580359725,0.6969355560568451,
cn12,0.0,0.38671648007381854,
B54,0.2667073596720791,0.4569173152533663,
B51,0.240018240803479,0.4182830077533263,
os4,0.02668911886860026,0.12630568931298336,
in4,0.14669823927033965,0.4182830077533263,
B33,0.21689907444988749,0.5067256004755578,
