,job127_scenario2_242,
in27,0.2538765600924857,
B14,0.44408651567377294,
B11,0.11562568214806246,
cn12,0.16543396737025412,
B54,0.2356348025498019,
B51,0.17737915600169407,
os4,0.27426911004984195,
in4,0.0,
B33,0.2973882764034334,
