,job884_scenario2_2198,
in27,0.4452930471269043,
B14,0.5235481979179053,
B11,0.4035390775161659,
cn12,0.3417856036625343,
B54,0.48003648160695755,
B51,0.0,
os4,0.5818038444660132,
in4,0.3804199111625744,
B33,0.46179472406427374,
