,job277_scenario2_512,job279_scenario1_514,
in27,0.3519730455937651,0.430228196384766,
B14,0.2982738873515867,0.12845648172765567,
B11,0.33690819485162676,0.3867164800738183,
cn12,0.2573463468176801,0.24846560212939506,
B54,0.6471272708346534,0.430228196384766,
B51,0.3867164800738183,0.2982738873515867,
os4,0.527118150432914,0.31021907598302667,
in4,0.2982738873515867,0.2982738873515867,
B33,0.14669823927033965,0.0,
