,job295_scenario4_553,job297_scenario1_555,job298_scenario0_558,
in27,0.5715435182723443,0.6297991648204522,0.35821439633746555,
B14,0.5280318019613965,0.7182417575426838,0.3986616687052583,
B11,0.5982326371409444,0.43958920923916495,0.3139029716168994,
cn12,0.5280318019613965,0.43958920923916495,0.19670914190929512,
B54,0.7884425927222316,0.5982326371409444,0.5097900444187127,
B51,0.07956184803394672,0.0,0.05287272916534658,
os4,0.5982326371409444,0.5715435182723443,0.4284152315170134,
in4,0.5715435182723443,0.3986616687052583,0.4284152315170134,
B33,0.2613244422893176,0.2613244422893176,0.30307841190005613,
