,job798_scenario1_1875,job799_scenario1_1877,job800_scenario0_1884,
in27,0.3230498755626198,0.28709990962943516,0.17826476694984728,
B14,0.33690819485162676,0.28709990962943516,0.083031634759141,
B11,0.26670735967207904,0.19650652449253103,0.0,
