,job680_scenario0_1472,job687_scenario4_1505,job689_scenario3_1509,job690_scenario2_1511,
in27,0.0,0.46299290575188723,0.2460938313019999,0.13891551047985373,
B14,0.1542226797540105,0.45454554442597095,0.40473725920377945,0.5247463796055188,
B11,0.5310429485167627,0.8230202669571055,0.741645454055406,0.6216363336536668,
