,job815_scenario1_1927,job818_scenario0_1940,job819_scenario3_1942,job820_scenario0_1943,job821_scenario3_1949,
in27,0.3526587358478867,0.25742560365718037,0.4411013285701183,0.3309884194794449,0.5428686914291739,
B14,0.16244878026659948,0.0,0.20596049657754711,0.052335871175925974,0.18284133022395566,
B11,0.3774347240589198,0.25742560365718037,0.5113021637496662,0.2944030892997789,0.581502998929214,
