,job316_scenario0_592,job317_scenario2_594,job322_scenario0_603,job325_scenario2_607,job326_scenario0_609,job331_scenario3_621,job332_scenario1_622,job333_scenario0_623,job334_scenario1_626,job335_scenario4_630,
in27,0.02941573526483543,0.09025555758998438,0.017043575855070436,0.18488225636606936,0.0,0.16981740562393105,0.131183098123891,0.05717691057952323,0.12000912040173944,0.2898265260256705,
B14,0.131183098123891,0.24001824080347883,0.05717691057952323,0.2631374071570703,0.08137481290169934,0.24001824080347883,0.18488225636606936,0.12000912040173944,0.1095127817554492,0.24001824080347883,
B11,0.03594996593318467,0.1559590863349241,0.02941573526483543,0.2013839333034388,0.04274050540165941,0.4098356464274098,0.2631374071570703,0.07292745157578318,0.18488225636606936,0.24001824080347883,
