,job882_scenario0_2194,job883_scenario1_2195,job884_scenario2_2198,
in27,0.36002736120521817,0.5319955592438215,0.5154938823064521,
B14,0.0,0.10176736285905552,0.16352083671268702,
B11,0.30085806312862773,0.38041991116257445,0.3537307922939743,
