,job672_scenario0_1447,job680_scenario0_1472,job682_scenario1_1479,job683_scenario2_1485,
in27,0.24001824080347878,0.22764608139371378,0.36656159187356746,0.36656159187356746,
B14,0.0,0.009896211311065994,0.19020995558128728,0.2217764832607949,
B11,0.26041079076083495,0.24001824080347878,0.3804199111625744,0.3306116259403828,
