,job664_scenario0_1425,job672_scenario0_1447,job674_scenario3_1459,job675_scenario2_1461,job676_scenario1_1463,job677_scenario0_1464,
in27,0.0,0.0,0.19020995558128706,0.07020083517954767,0.07020083517954767,0.020392549957356065,
B14,0.43676242705311513,0.38041991116257434,0.6408307019234093,0.5439407478752614,0.7608398223251487,0.5004290315643136,
B11,0.36217815361989036,0.3306116259403826,0.8808489427268881,0.43676242705311513,0.4656855970842604,0.3710588983081754,
