,job967_scenario1_2685,job968_scenario0_2686,job969_scenario2_2692,
in27,0.10038778135367155,0.0,0.038634307500040044,
B14,0.299045098260875,0.20717394671288547,0.38748769098310676,
B11,0.20215514421272707,0.0736986624850714,0.2407894517127671,
