,job522_scenario0_1045,job526_scenario0_1056,job528_scenario0_1059,job533_scenario2_1075,job534_scenario2_1079,job535_scenario4_1081,
in27,0.00653423066834935,0.020392549957356065,0.0,0.10176736285905552,0.2337216718922348,0.33061162594038274,
B14,0.421347451696481,0.3715391664742894,0.421347451696481,0.6501917147778082,0.6501917147778082,0.47504660993865944,
B11,0.19327439952444214,0.20064302488177377,0.25297889605769963,0.2994252006371747,0.34485004760568927,0.46485916800742866,
