,job333_scenario0_623,job338_scenario0_637,job339_scenario0_640,job341_scenario0_643,job344_scenario3_648,job347_scenario0_653,job348_scenario4_658,job349_scenario1_659,job350_scenario2_660,
in27,0.19020995558128717,0.15007662085683438,0.16244878026659926,0.19020995558128717,0.6130695266087216,0.16244878026659926,0.49306040620698216,0.3179153013678333,0.288992131336688,
B14,0.44325212098479055,0.40461781348475045,0.4327557823385003,0.38041991116257434,0.6446360542882293,0.40461781348475045,0.5863804077401213,0.52462693388649,0.6832703617882694,
B11,0.015750540996259832,0.024197902322176112,0.024197902322176112,0.015750540996259832,0.18284133022395554,0.0,0.11264049504440776,0.4228595710274343,0.18284133022395554,
