,job1001_scenario1_2869,
in27,0.25825999834616264,
B14,0.25825999834616264,
B11,0.0,
