,job102_scenario0_198,job103_scenario0_199,job105_scenario0_202,job107_scenario0_204,job110_scenario2_207,job112_scenario2_211,job113_scenario0_212,job114_scenario0_213,job116_scenario1_218,job117_scenario1_219,job119_scenario1_225,job120_scenario1_226,job121_scenario4_227,job122_scenario0_231,job124_scenario1_238,
in27,0.04600293285737167,0.038634307500040044,0.018241757542683867,0.04600293285737167,0.22884426308132727,0.04600293285737167,0.018241757542683867,0.0,0.20845171312397104,0.25196342943491873,0.10883514267958788,0.19020995558128723,0.20845171312397104,0.05369915824217841,0.10883514267958788,
B14,0.07020083517954778,0.14478510861277255,0.07908157986783282,0.1319543090331794,0.27865254830351893,0.25196342943491873,0.09833880403329764,0.07908157986783282,0.27865254830351893,0.20845171312397104,0.25196342943491873,0.39866166870525827,0.20845171312397104,0.12000912040173944,0.25196342943491873,
B11,0.07908157986783282,0.038634307500040044,0.018241757542683867,0.07908157986783282,0.1319543090331794,0.22884426308132727,0.1319543090331794,0.05369915824217841,0.14478510861277255,0.27865254830351893,0.22884426308132727,0.27865254830351893,0.22884426308132727,0.14478510861277255,0.1319543090331794,
