,job960_scenario0_2660,job961_scenario1_2664,
in27,0.01506485074213837,0.0813748129016994,
B14,0.0597044965332576,0.13507397114387776,
B11,0.0,0.12000912040173944,
