,job134_scenario1_256,job136_scenario0_262,job139_scenario1_268,job142_scenario0_273,job147_scenario0_284,job148_scenario3_288,job149_scenario1_290,job151_scenario2_293,
in27,0.33235170654569723,0.19020995558128728,0.29059773693495883,0.2046463607591511,0.1645130260346983,0.43729597620529836,0.34885338348306666,0.2786525483035189,
B14,0.3874876909831067,0.2786525483035189,0.43729597620529836,0.303428536514552,0.2569822319350771,0.5573050966070376,0.303428536514552,0.5573050966070376,
B11,0.14214175096441006,0.0,0.10038778135367155,0.038634307500040044,0.04751505218832497,0.2470860206240112,0.1972777354018196,0.08844259272223165,
