,job363_scenario0_681,job365_scenario2_692,job366_scenario1_693,job367_scenario2_695,job369_scenario1_702,job371_scenario1_708,job372_scenario1_710,job373_scenario1_711,
in27,0.0,0.1270769002222717,0.1270769002222717,0.1270769002222717,0.0667722763537899,0.14214175096441006,0.0667722763537899,0.14214175096441006,
B14,0.3874876909831067,0.4372959762052983,0.5306159777384376,0.5074968113848461,0.42343765691629137,0.8675241725900643,0.5074968113848461,0.4523608269474366,
B11,0.33235170654569723,0.46886250388480605,0.39866166870525827,0.4106068573366982,0.5306159777384376,0.6275059317865855,0.5074968113848461,0.4523608269474366,
