,job394_scenario1_773,job395_scenario2_775,job397_scenario0_778,job403_scenario2_794,job406_scenario2_800,job410_scenario2_805,job411_scenario1_809,job412_scenario2_810,
in27,0.05287272916534658,0.009361012854398942,0.0,0.0657035287449399,0.0,0.009361012854398942,0.0657035287449399,0.12937013325613833,
B14,0.4711557369186727,0.5097900444187127,0.35114661651693324,0.5595983296409044,0.5329092107723041,0.5329092107723041,0.5097900444187127,0.5595983296409044,
B11,0.3693883740596172,0.5097900444187127,0.3693883740596172,0.4711557369186727,0.4009549017391249,0.5097900444187127,0.3600273612052183,0.4893974944613565,
