,job696_scenario2_1521,job702_scenario4_1548,job703_scenario4_1549,job704_scenario0_1550,
in27,0.32011528729409244,0.5706298667438614,0.3306116259403826,0.24001824080347856,
B14,0.7222055148251086,0.7608398223251487,0.8106481075473402,0.5319955592438215,
B11,0.14040167035909545,0.4506207463421221,0.2919773184403426,0.0,
