,job614_scenario0_1285,job615_scenario2_1286,job617_scenario0_1289,job618_scenario0_1291,job619_scenario2_1294,job620_scenario1_1295,
in27,0.0,0.1843403574483684,0.012372159409765104,0.012372159409765104,0.13891551047985384,0.15277382976886067,
B14,0.32648210841277847,0.5247463796055187,0.3612255428928318,0.32648210841277847,0.6714446188758583,0.551435498474119,
B11,0.27278295017060006,0.4175680587833726,0.31878588302797173,0.3043494778501079,0.5016272132519273,0.4812346632945711,
