,job739_scenario0_1666,job743_scenario2_1684,
in27,0.0,0.1719681980386033,
B14,0.39236509979401435,0.6590724594660933,
B11,0.011945188631439896,0.094976823390581,
