,job528_scenario0_1059,job535_scenario4_1081,job536_scenario0_1082,job538_scenario1_1085,job539_scenario2_1087,job540_scenario1_1090,job541_scenario2_1095,job542_scenario0_1096,job543_scenario1_1097,
in27,0.0,0.3306116259403829,0.043511716310947746,0.06083982232514895,0.15546652110123405,0.11371255149049553,0.15546652110123405,0.043511716310947746,0.11371255149049553,
B14,0.29197731844034286,0.3456764766825212,0.2808033407181913,0.31675330665137597,0.5208215815216701,0.4008124611199307,0.42393162747352214,0.27030700207190106,0.5706298667438616,
B11,0.08009704649061389,0.29197731844034286,0.051959077636864026,0.070200835179548,0.29197731844034286,0.11371255149049553,0.10176736285905563,0.06083982232514895,0.11371255149049553,
