,job394_scenario1_773,job395_scenario2_775,job397_scenario0_778,job401_scenario4_787,job403_scenario2_794,job405_scenario1_799,job406_scenario2_800,job407_scenario3_802,
in27,0.06175347385363161,0.01824175754268398,0.008880744688285036,0.3284608335257105,0.07458427343322477,0.13825087794442326,0.008880744688285036,0.20845171312397115,
B14,0.12000912040173944,0.1586434279017795,0.0,0.2400182408034789,0.20845171312397115,0.06175347385363161,0.18176259425537095,0.07458427343322477,
B11,0.01824175754268398,0.1586434279017795,0.01824175754268398,0.27865254830351893,0.12000912040173944,0.1586434279017795,0.04980828522219166,0.3986616687052583,
