,job841_scenario0_2036,job842_scenario1_2046,job843_scenario0_2048,job844_scenario0_2049,job845_scenario4_2053,
in27,0.3224717896737629,0.48111521757554226,0.31568125020528814,0.28522814477372893,0.6011243379772817,
B14,0.10069530641296787,0.4109143823959945,0.12108785637032404,0.1322618340924756,0.4109143823959945,
B11,0.04243965986485998,0.18284133022395554,0.0,0.015750540996259832,0.16244878026659937,
