,job565_scenario0_1155,job567_scenario0_1159,job571_scenario0_1172,job575_scenario0_1180,job578_scenario2_1184,job579_scenario3_1189,job580_scenario0_1190,
in27,0.2429687416277696,0.3001456522072927,0.25414271934992116,0.27891870756095427,0.38609702838310056,0.7230052232347273,0.3001456522072927,
B14,0.7065035462973578,0.6212378603756717,0.6416304103330279,0.7230052232347273,0.9314569363586982,0.741246980777411,0.7065035462973578,
B11,0.030453105431559324,0.023918874763209974,0.030453105431559324,0.0,0.1376314262537054,0.3545305007035927,0.05168005007789778,
