,job293_scenario0_550,job296_scenario0_554,job298_scenario0_558,job299_scenario4_560,job303_scenario0_567,job304_scenario4_570,job305_scenario4_575,job306_scenario3_576,
in27,0.021226944646338675,0.0,0.013858319289006937,0.32407739527203366,0.006790539468474743,0.16543396737025418,0.18367572491293793,0.25387656009248594,
B14,0.2854430877719936,0.2637727714035518,0.244515547238087,0.47565304335328085,0.29738827640343357,0.3556439229515414,0.4173973968051729,0.5640956360755125,
B11,0.19020995558128728,0.23563480254980196,0.15975685014972807,0.5640956360755125,0.19700049504976203,0.3738856804942252,0.5640956360755125,0.5142873508533209,
