,job1102_scenario2_3580,
in27,0.32216426461446657,
B14,0.5888716242865455,
B11,0.0,
