,job59_scenario0_113,job61_scenario0_119,job62_scenario0_123,job65_scenario0_128,job66_scenario1_133,job69_scenario3_139,job71_scenario1_142,job72_scenario3_144,job73_scenario1_146,job74_scenario1_147,
in27,0.005496860501625345,0.023119166353591458,0.0,0.03594996593318467,0.20138393330343873,0.4800364816069576,0.1095127817554491,0.20138393330343873,0.24001824080347878,0.14312828675533096,
B14,0.3689081058935032,0.3689081058935032,0.4098356464274098,0.37826911874790214,0.5186707891069977,0.4800364816069576,0.4800364816069576,0.6386799095087371,0.6386799095087371,0.4800364816069576,
B11,0.3435256842678488,0.33582945888304205,0.3689081058935032,0.33582945888304205,0.4635348046695882,0.5417899554605892,0.4982782391496414,0.6884881947309287,0.600045602008697,0.4217808350588498,
