,job490_scenario0_967,job499_scenario3_985,job503_scenario2_1002,job504_scenario2_1003,
in27,0.31856462221464454,0.5291671277532879,0.40915800735154856,0.4905328202532479,
B14,0.3620763385255923,0.6989845333772189,0.7691853685567668,0.7691853685567668,
B11,0.0,0.0603046238684819,0.04644630457947496,0.09187115154798964,
