,job386_scenario0_754,job387_scenario2_755,job388_scenario2_761,job389_scenario3_762,job390_scenario1_764,job392_scenario3_770,job393_scenario3_771,
in27,0.0,0.14214175096441006,0.11321858093326487,0.4372959762052983,0.14214175096441006,0.22039690175541093,0.3670951410257506,
B14,0.1444050062364729,0.22396685427041962,0.37554250235166675,0.3439759746721591,0.31728685580355886,0.46398509507389846,0.31728685580355886,
B11,0.04882174943127082,0.15376601909087184,0.1151317115908318,0.46398509507389846,0.22396685427041962,0.3439759746721591,0.46398509507389846,
