,job175_scenario0_329,job177_scenario1_332,job180_scenario2_335,job184_scenario0_342,job186_scenario0_345,job189_scenario0_348,job190_scenario1_349,job193_scenario1_357,job194_scenario1_359,job196_scenario2_361,job197_scenario0_362,job199_scenario1_367,job200_scenario1_368,
in27,0.018906390078114454,0.11413952226882063,0.15277382976886067,0.03276470936712128,0.0,0.07321198173491394,0.16783868051099904,0.15277382976886067,0.07321198173491394,0.1843403574483684,0.07321198173491394,0.20258211499105228,0.34298378535014784,
B14,0.23580546452800166,0.2496637838170086,0.2994720690392002,0.23580546452800166,0.22297466494840856,0.17010193578306188,0.3696729042187481,0.28123031149651634,0.28123031149651634,0.2994720690392002,0.23580546452800166,0.4012394318982557,0.2994720690392002,
B11,0.4293774007520056,0.4510477171204474,0.48968202462048743,0.35581458492974105,0.39279207057233956,0.39279207057233956,0.4758237053314805,0.6096911450222269,0.48968202462048743,0.539490309842679,0.38473775496088636,0.5212485522999952,0.539490309842679,
