,job90_scenario0_167,job91_scenario0_168,job94_scenario0_174,job97_scenario0_182,job98_scenario0_185,job99_scenario0_190,job100_scenario0_194,job101_scenario3_195,job102_scenario0_198,job103_scenario0_199,job104_scenario1_200,job105_scenario0_202,job106_scenario1_203,job107_scenario0_204,job108_scenario1_205,job109_scenario2_206,
in27,0.057263457226096715,0.06433123704662891,0.025696929546588865,0.10477850941442168,0.05047291775762197,0.05047291775762197,0.05047291775762197,0.19940520819050667,0.07169986240396042,0.06433123704662891,0.17048203815936147,0.04393868708927273,0.2341486426705599,0.07169986240396042,0.3043494778501077,0.21590688512787604,
B14,0.3043494778501077,0.3162946664815477,0.28267916148166594,0.2931755001279561,0.3043494778501077,0.27278295017060006,0.2931755001279561,0.5830020261536266,0.2545411926279161,0.3291254660611408,0.4629929057518872,0.2634219373162011,0.41318462052969557,0.3162946664815477,0.37455031302965547,0.6532028613331744,
B11,0.06433123704662891,0.025696929546588865,0.018906390078114343,0.018906390078114343,0.0,0.04782956010925954,0.03276470936712117,0.3043494778501077,0.07321198173491383,0.03276470936712117,0.1843403574483683,0.012372159409765104,0.27278295017060006,0.07321198173491383,0.16783868051099893,0.1260847109002604,
