,job575_scenario0_1180,job580_scenario0_1190,job584_scenario2_1197,job585_scenario1_1201,job586_scenario0_1204,job588_scenario3_1208,
in27,0.018906390078114232,0.040133334724452796,0.12608471090026052,0.15277382976886067,0.0,0.2727829501706,
B14,0.30434947785010774,0.2878478009127383,0.39279207057233945,0.2460938313019999,0.30434947785010774,0.5830020261536266,
B11,0.10846240504829441,0.16014245512619218,0.5128011909740788,0.2878478009127383,0.15277382976886056,0.5128011909740788,
