,job228_scenario0_423,job230_scenario0_426,job237_scenario4_438,job241_scenario0_451,job244_scenario1_456,job245_scenario2_457,job246_scenario2_459,job247_scenario1_463,
in27,0.0,0.006534230668349239,0.2106025055386434,0.0,0.26041079076083506,0.23372167189223486,0.14040167035909562,0.11371255149049553,
B14,0.06083982232514895,0.09059338513690401,0.23372167189223486,0.12654335107008868,0.2919773184403428,0.45062074634212224,0.2919773184403428,0.12654335107008868,
B11,0.051959077636863915,0.013324770136823982,0.23372167189223486,0.013324770136823982,0.26041079076083506,0.10176736285905558,0.11371255149049553,0.23372167189223486,
