,job636_scenario0_1336,job639_scenario0_1348,job640_scenario0_1350,job643_scenario0_1357,job645_scenario0_1361,job648_scenario1_1367,job649_scenario1_1368,job650_scenario0_1369,
in27,0.12630568931298336,0.08639361540185775,0.15406686462767116,0.14669823927033954,0.1328399199813326,0.2982738873515867,0.2982738873515867,0.09156225483293012,
B14,0.1871455116381323,0.17826476694984728,0.20640273580359714,0.20640273580359714,0.22807305217203894,0.31651564489427053,0.5769264356551056,0.22807305217203894,
B11,0.034057744225931774,0.019621339048067954,0.049808285222191606,0.04175396961073852,0.0,0.24001824080347883,0.19650652449253114,0.026689118868600148,
