,job418_scenario0_817,job428_scenario0_836,job430_scenario1_840,job431_scenario2_842,job432_scenario0_843,job433_scenario1_844,job436_scenario1_851,job438_scenario3_854,
in27,0.0,0.03276470936712128,0.16783868051099904,0.1843403574483684,0.018906390078114454,0.12608471090026063,0.13891551047985373,0.3043494778501078,
B14,0.33248744670385766,0.3429837853501479,0.3927920705723395,0.5443677186535867,0.3429837853501479,0.5443677186535867,0.512801190974079,0.4078569213144778,
B11,0.2589246308815931,0.2523904002132439,0.31323022253839283,0.37893375128333256,0.2589246308815931,0.5443677186535867,0.512801190974079,0.6328103113758183,
