,job147_scenario0_284,job149_scenario1_290,job158_scenario1_305,job160_scenario2_307,job161_scenario0_308,job163_scenario0_310,job167_scenario2_316,job168_scenario1_317,job169_scenario0_320,job170_scenario2_321,job171_scenario1_322,
in27,0.005869598132918763,0.19020995558128717,0.1319543090331794,0.20845171312397104,0.011945188631439896,0.0,0.10883514267958783,0.1319543090331794,0.038634307500040044,0.12000912040173939,0.08844259272223165,
B14,0.3383570448367764,0.38480334941625133,0.4919816702383975,0.5888716242865455,0.2786525483035188,0.31021907598302656,0.4137265194473966,0.4484699539274498,0.34885338348306666,0.5888716242865455,0.3719725498366582,
B11,0.3190998206713116,0.46886250388480605,0.38480334941625133,0.39866166870525827,0.2786525483035188,0.3190998206713116,0.3719725498366582,0.39866166870525827,0.2519634294349187,0.4137265194473966,0.4919816702383975,
