,job11_scenario0_26,job22_scenario1_52,job24_scenario1_55,job26_scenario4_59,job27_scenario0_60,job28_scenario1_61,job30_scenario4_66,
in27,0.0,0.11371255149049553,0.06083982232514895,0.21060250553864357,0.013324770136823982,0.19020995558128717,0.4506207463421223,
B14,0.011031537102957345,0.1839133866700433,0.1839133866700433,0.4008124611199307,0.011031537102957345,0.1839133866700433,0.21060250553864357,
B11,0.21060250553864346,0.38041991116257445,0.38041991116257445,0.7608398223251489,0.2421690332181512,0.3306116259403829,0.42393162747352214,
