,job611_scenario1_1281,job612_scenario3_1282,job614_scenario0_1285,job615_scenario2_1286,job616_scenario1_1288,job617_scenario0_1289,job618_scenario0_1291,
in27,0.06175347385363161,0.39866166870525827,0.005869598132918874,0.19020995558128723,0.20845171312397104,0.018241757542683867,0.018241757542683867,
B14,0.5888716242865455,0.27865254830351893,0.05369915824217841,0.25196342943491873,0.22884426308132727,0.08844259272223176,0.05369915824217841,
B11,0.1737082786439178,0.5888716242865455,0.0,0.14478510861277255,0.22884426308132727,0.04600293285737167,0.03156652767950785,
