,job687_scenario4_1505,job690_scenario2_1511,job691_scenario0_1513,job692_scenario1_1514,job693_scenario1_1516,job695_scenario4_1519,job696_scenario2_1521,job697_scenario4_1522,
in27,0.38041991116257423,0.05634251589054062,0.0,0.03156652767950763,0.07020083517954767,0.020392549957356065,0.009896211311065661,0.38041991116257423,
B14,0.5004290315643136,0.5706298667438614,0.19020995558128717,0.38041991116257434,0.5004290315643136,0.33061162594038274,0.411986438842082,0.3537307922939742,
B11,0.6021963944233693,0.40081246111993046,0.3710588983081754,0.5004290315643136,0.5208215815216699,0.7608398223251487,0.45062074634212207,0.5706298667438615,
