,job800_scenario0_1884,job802_scenario0_1890,job803_scenario0_1892,job804_scenario1_1893,job805_scenario3_1895,job806_scenario2_1896,
in27,0.0,0.024775988211033106,0.07020083517954778,0.2519634294349187,0.19020995558128717,0.1737082786439178,
B14,0.42343765691629137,0.3670951410257506,0.3874876909831067,0.6773142170087771,0.5306159777384376,0.6275059317865855,
B11,0.17058861653321933,0.2046463607591511,0.1645130260346983,0.5573050966070376,0.5573050966070376,0.33235170654569723,
