,job853_scenario0_2078,job854_scenario0_2081,job855_scenario1_2082,job857_scenario3_2093,job858_scenario0_2094,job859_scenario1_2095,
in27,0.1786632402278422,0.1843403574483683,0.32912546606114085,0.32912546606114085,0.2380395156905467,0.533193740931435,
B14,0.27278295017060006,0.27278295017060006,0.3745503130296555,0.46299290575188723,0.2634219373162011,0.3429837853501478,
B11,0.01890639007811412,0.012372159409764882,0.22297466494840845,0.27278295017060006,0.0,0.22297466494840845,
