,job754_scenario0_1720,job756_scenario3_1726,job757_scenario1_1730,
in27,0.0,0.16543396737025395,0.2538765600924857,
B14,0.34719656162562496,0.4236939657164166,0.44408651567377283,
B11,0.06366660451119843,0.44408651567377283,0.14893229043288458,
