,job394_scenario1_773,job395_scenario2_775,job397_scenario0_778,job403_scenario2_794,job405_scenario1_799,job406_scenario2_800,job408_scenario2_803,job410_scenario2_805,
in27,0.2835299571144265,0.2400182408034789,0.23065722794907995,0.2963607566940197,0.36002736120521817,0.23065722794907995,0.36002736120521817,0.2400182408034789,
B14,0.34178560366253435,0.3804199111625744,0.2217764832607949,0.43022819638476606,0.2835299571144265,0.40353907751616586,0.6204381519660532,0.40353907751616586,
B11,0.0,0.14040167035909557,0.0,0.10176736285905552,0.14040167035909557,0.03156652767950774,0.10176736285905552,0.14040167035909557,
