,job628_scenario1_1317,job629_scenario0_1318,job632_scenario0_1325,job635_scenario0_1335,job636_scenario0_1336,
in27,0.19588707280181333,0.04431142472056615,0.0,0.030453105431559213,0.023918874763209974,
B14,0.25764054665544484,0.12568623762226555,0.10401592125382375,0.05168005007789778,0.08475869708835893,
B11,0.11451225990011399,0.05937627546270452,0.04431142472056615,0.05168005007789778,0.05168005007789778,
