,job167_scenario2_316,job168_scenario1_317,job169_scenario0_320,job172_scenario2_324,job174_scenario2_327,job175_scenario0_329,job177_scenario1_332,job179_scenario1_334,job180_scenario2_335,job184_scenario0_342,job186_scenario0_345,job187_scenario3_346,job188_scenario3_347,job189_scenario0_348,job190_scenario1_349,
in27,0.10296554454666906,0.12608471090026063,0.03276470936712128,0.11413952226882063,0.1843403574483684,0.018906390078114454,0.11413952226882063,0.10296554454666906,0.15277382976886067,0.03276470936712128,0.0,0.3927920705723395,0.16783868051099904,0.07321198173491394,0.16783868051099904,
B14,0.4078569213144778,0.44260035579453105,0.3429837853501479,0.44260035579453105,0.48611207210547874,0.37893375128333256,0.3927920705723395,0.512801190974079,0.44260035579453105,0.37893375128333256,0.3661029517037394,0.5830020261536267,0.512801190974079,0.31323022253839283,0.512801190974079,
B11,0.3661029517037394,0.3927920705723395,0.2460938313019999,0.44260035579453105,0.42435859825184724,0.33248744670385766,0.35415776307229946,0.4078569213144778,0.3927920705723395,0.2589246308815931,0.2959021165241916,0.8230202669571055,0.6328103113758183,0.2959021165241916,0.37893375128333256,
