,job47_scenario0_94,job50_scenario1_99,job51_scenario0_101,job54_scenario0_104,job59_scenario0_113,job61_scenario0_119,job62_scenario0_123,job64_scenario2_127,job65_scenario0_128,
in27,0.13507397114387776,0.25508309154561715,0.09332000153313924,0.1129413405812072,0.07569769568117324,0.09332000153313924,0.07020083517954778,0.24001824080347883,0.10615080111273245,
B14,0.1200091204017395,0.13507397114387776,0.007368625357331626,0.0,0.040447272367792775,0.040447272367792775,0.08137481290169934,0.5502373167865054,0.04980828522219172,
B11,0.14312828675533096,0.3102190759830266,0.1129413405812072,0.14312828675533096,0.13507397114387776,0.12737774575907101,0.16045639276953216,0.3333382423366181,0.12737774575907101,
