,job814_scenario1_1921,job815_scenario1_1927,job816_scenario0_1935,
in27,0.1319543090331794,0.12000912040173939,0.0,
B14,0.46886250388480605,0.4484699539274498,0.3383570448367764,
B11,0.4484699539274498,0.38480334941625133,0.2937173990456572,
