,job884_scenario2_2198,job885_scenario4_2206,job886_scenario2_2208,
in27,0.27059823269206573,0.4955516227534062,0.2870999096294351,
B14,0.2786525483035188,0.3053416671721191,0.3053416671721191,
B11,0.0,0.07649740409079175,0.012830799579593322,
