,job467_scenario3_912,job471_scenario4_917,job472_scenario0_918,job473_scenario1_920,job474_scenario2_921,job475_scenario2_922,
in27,1.1851659178964111,0.9839822303487149,0.6622446167040441,0.6447366540692859,0.5208215815216699,0.5439407478752614,
B14,1.255366753075959,1.022616537848755,0.6911677867351895,0.9233892023728048,0.7222055148251086,0.6639498682770006,
B11,0.5962942936098657,0.5221875062844412,0.1618155851397305,0.1980067807471506,0.07020083517954767,0.0,
cn12,0.994955962315124,0.8639731099469755,0.5263402527795566,0.6038091135353794,0.4656855970842604,0.5004290315643137,
B54,1.0384676786260716,0.9026074174470156,0.8894320579279298,0.7766909631024652,0.7608398223251487,0.8106481075473402,
