,job703_scenario3_1489,job704_scenario0_1491,
in27,0.351506230789421,0.08012170806217689,
B14,0.5667484833818666,0.42244086087689436,
B11,0.39693107775793557,0.03572438080307583,
cn12,0.420050244111527,0.0,
B54,0.7752001965058376,0.6126508164581814,
