,job995_scenario0_2500,job996_scenario2_2504,
in27,0.12146626839710534,0.0216703163684418,
B14,0.19734422079717923,0.3003228646719606,
B11,0.19734422079717923,0.09187115154798958,
cn12,0.01601500990417698,0.0,
B54,0.31735334119891867,0.21188027194972903,
