,job122_scenario0_234,job123_scenario1_236,job127_scenario1_242,job128_scenario0_243,job129_scenario0_244,job132_scenario0_249,job133_scenario3_251,job134_scenario1_253,job135_scenario0_254,job136_scenario1_255,job137_scenario2_256,
in27,0.9647823085978509,1.1321213410118796,1.0537152481818834,0.9216523906371088,0.8992723498633881,0.7383920383653666,1.02664827176269,0.7147177007463655,0.5747622004388531,0.5897264513999346,0.5608032813687893,
B14,1.0171181797737767,1.0352313869637317,1.1554826110409389,1.0069180765587948,0.9086333627177869,0.7942759140860793,0.8862466014035941,0.9049276563276528,0.6874026954832608,0.6062281283373041,0.7262372487390435,
B11,0.7903228940128235,0.8450214313824443,0.7533923835099228,0.7220814222014225,0.654756802625301,0.6406512886844582,0.956447436583142,0.5492837333761115,0.37011583967970196,0.5044607654782486,0.5044607654782486,
cn12,0.39331804716500707,0.504615409225294,0.5238704813527342,0.2918532258166564,0.2980914220627997,0.1911658681342272,0.4377766474761444,0.2181795422020386,0.0,0.08412878040454852,0.05599081155079866,
B54,0.6289528497148088,0.8148344852083206,0.7954552498357207,0.5931915571113981,0.5801725291920765,0.453869891928929,0.46934317515565205,0.5449002951224345,0.2748827074889957,0.6062281283373041,0.3275755800337852,
