,job584_scenario0_1169,job588_scenario1_1175,job589_scenario1_1183,job591_scenario3_1185,job592_scenario2_1186,job593_scenario2_1188,job594_scenario1_1190,job595_scenario0_1193,job596_scenario2_1194,job597_scenario1_1195,job598_scenario3_1196,job599_scenario3_1197,
in27,0.33602596054981304,0.45924948667351473,0.33592536076875623,0.4041725972395384,0.311764957367997,0.2502024943550725,0.22318426594329172,0.027217918458188883,0.04673609855543004,0.01942109329232533,0.0,0.05825564654810789,
B14,0.7588855315772474,0.8129802789674889,0.79772008483303,0.7726473197706729,0.7971291381901724,0.7258555377083531,0.5334033419263183,0.3454913100526686,0.4271560097180044,0.30295105040675185,0.36847472253113456,0.45691731525336615,
B11,0.533932141515907,0.5498428718104187,0.7163452719313306,0.6526381993689335,0.4869100622071459,0.6444807248066537,0.39953590223557195,0.2254821896509291,0.27558036163675736,0.18294193000501247,0.19020995558128723,0.4071090300311746,
cn12,0.48314290997069276,0.5996511570326103,0.5665825887178362,0.714391673222565,0.4869100622071458,0.574279889627106,0.43651338787817046,0.17879356653943596,0.2617220423477503,0.23275021522720407,0.2667073596720789,0.2667073596720789,
B54,0.6704429388550157,0.7196602774343497,0.79772008483303,0.8610899124929046,0.7002391841420245,0.7258555377083531,0.6036041771058661,0.4037469566007764,0.44539776726068825,0.36120669695485963,0.36847472253113456,0.2484656021293951,
