,job122_scenario0_234,job128_scenario0_243,job129_scenario0_244,job132_scenario0_249,job133_scenario3_251,job134_scenario1_253,job135_scenario0_254,job136_scenario1_255,job137_scenario2_256,job138_scenario2_257,job139_scenario3_258,job140_scenario2_260,job141_scenario2_261,job142_scenario3_262,
in27,0.508907810116899,0.48827701145924196,0.4701219100026831,0.3439796434239463,0.6597919117742319,0.3983083557111253,0.3051446374659327,0.41113096625251605,0.35713503115901374,0.3274802442685462,0.4250531580866153,0.1319983189909295,0.0,0.19957096843568622,
B14,0.8714627572758515,0.8837617733639547,0.7897019988401087,0.7100825951276857,0.8296093173981627,0.8987373872754392,0.728004208493367,0.737851719172912,0.8327880745122944,0.8915758803440584,0.8552813544713812,0.6540976669236851,0.5799908795982606,0.5799908795982606,
B11,0.8348774270961855,0.7891350745878697,0.7260353943289101,0.7466679253073516,1.0900201081589977,0.733303419905185,0.6009273082710953,0.8262943118951438,0.8012215468327866,0.771566759942319,0.8552813544713812,0.6540976669236851,0.3759226047279664,0.8200091204017393,
cn12,0.36767174506882117,0.28870604302355585,0.2991691785868609,0.22698166957757293,0.5011484838724523,0.3319983935515643,0.16061063341184545,0.3357614916418959,0.28255075772578897,0.31464944468895284,0.2664097301848357,0.1319983189909295,0.04092754053390668,0.07956184803394672,
B54,0.641940855118663,0.6286786818183375,0.6198845932161776,0.5283200008723146,0.571349319052,0.6973534539720003,0.47412764840088123,0.8964951470746915,0.5927698337088154,0.7217584747201274,0.6152631136679024,0.5727228540219856,0.2199635183930423,0.269771803615234,
