,job18_scenario2_44,job19_scenario0_46,
in27,0.4005888957382029,0.16014245512619218,
B14,0.6957431209790912,0.25892463088159307,
B11,0.29708145227383287,0.0,
cn12,0.3059621969621179,0.009195252609219495,
B54,0.41709057267557226,0.3429837853501478,
