,job309_scenario0_571,job311_scenario1_575,job312_scenario0_576,job315_scenario3_583,job316_scenario1_589,job317_scenario1_590,job318_scenario0_592,job319_scenario1_594,job320_scenario1_596,job321_scenario1_597,job322_scenario3_599,
in27,0.7749369181103066,0.9267493384924127,0.7361512489511594,0.9625673885883236,0.7345451715542892,0.7035498570934299,0.5426641889909027,0.5951149578602244,0.6320377703269667,0.9029966524154488,0.48003648160695767,
B14,0.49217817190516844,0.5871145272445507,0.4496867035682056,0.5007726645240498,0.49452693075081033,0.4275816503567664,0.2561996436079491,0.3319775507031541,0.21025693526811706,0.23275021522720396,0.0,
B11,0.8224519702986316,0.8630827339812142,0.7731287345937579,1.2412199368918424,0.8545542919560286,1.1476363727672028,0.5796416746335014,0.7733797248100718,0.8489368447768542,0.4878333067728211,0.430228196384766,
cn12,0.6448393192340833,0.7719967836106201,0.6096078978810707,0.7971334212180694,0.7078560526856891,0.6472073412028891,0.42601704923188016,0.5516032415492769,0.43377349913422647,0.3843258633084511,0.40983564642740977,
B54,0.8318129831530305,0.9969501736719606,0.885083539384044,1.0510099813105551,0.9247551271355764,0.8374172967841762,0.6765316286816492,0.8618223175323033,0.6902934168750747,0.9029966524154488,0.37509221194735654,
