,job1147_scenario2_3406,job1148_scenario1_3409,
in27,0.3846509041661563,0.20596049657754706,
B14,0.4815408582143043,0.264216143125655,
B11,0.3228974303125248,0.1828413302239556,
cn12,0.22113006745346941,0.0,
B54,0.7215590990177831,0.1828413302239556,
