,job671_scenario1_1397,job676_scenario1_1412,job677_scenario1_1415,
in27,0.651884504258054,0.3732838014235734,0.169817405623931,
B14,1.0589935342892285,0.6706720778270068,0.46886250388480605,
B11,1.0589935342892285,0.7675620318751548,0.46886250388480605,
cn12,0.445924007680507,0.17869040758860932,0.0,
B54,0.6399393156266141,0.6089186039733753,0.2715847684829866,
