,job1001_scenario2_2521,
in27,0.0,
B14,0.5907847549441123,
B11,0.013858319289006826,
cn12,0.3121322066405935,
B54,0.35076651414063353,
