,job578_scenario2_1162,job580_scenario0_1164,job584_scenario0_1169,job586_scenario2_1173,job587_scenario4_1174,job588_scenario1_1175,
in27,0.8572116234474166,0.7191115402218016,0.6200194418155127,0.760030625629915,0.7383116086299523,0.6697271272566474,
B14,0.4585499547421584,0.2502490363369956,0.26379743297511443,0.19784812021196974,0.41614734401548575,0.24437633968278916,
B11,0.43351765773100004,0.2048241893684808,0.18362915152654646,0.37419975650425,0.44092333222651886,0.12602404113849142,
cn12,0.35048602297185893,0.05961210997738342,0.0,0.14948868497492795,0.2031391425855853,0.04299240637935031,
B54,1.0474215790287038,0.7191115402218016,0.6442173441376888,0.8182862721780229,0.8352015626781002,0.6199188420344559,
