,job843_scenario1_1893,job845_scenario1_1897,job847_scenario1_1904,job848_scenario0_1905,job849_scenario1_1907,
in27,0.5394543424145115,0.5225100506610044,0.4669507630957659,0.2786525483035189,0.23420054786856193,
B14,0.5977099889626193,0.6425191710627438,0.3967499279162181,0.2875332929918039,0.43558448117200077,
B11,0.5275091537830715,0.6425191710627438,0.49006992944935734,0.21432131125688997,0.3773288346238928,
cn12,0.35769174815914045,0.3140583375370333,0.15673168711273927,0.0,0.059055443029413124,
B54,0.7177191093643587,0.7625282914644832,0.6367681687196969,0.3821599917678889,0.2990736838328919,
