,job398_scenario0_750,job401_scenario0_764,job403_scenario2_768,job404_scenario2_773,job405_scenario3_774,job406_scenario1_775,
in27,0.5619104981951951,0.45050980586965084,0.5752582363798244,0.15816594179397936,0.5956621637550201,0.16543396737025418,
B14,0.8089965188192062,0.7456640311105391,0.7921573108297117,0.8670466864822641,0.35564392295154135,0.47565304335328074,
B11,1.1578499023022728,0.9856822719140179,0.9867507046646758,0.8901658528358556,0.7543055916567996,0.777424758010391,
cn12,0.2868971708864504,0.1371710677759257,0.2419199940432062,0.05639857893492395,0.13386743969074644,0.0,
B54,1.1280963394905177,1.0602665453472429,1.2406272647571615,0.846654136524908,0.8041138768789913,0.7156712841567596,
