,job763_scenario1_1658,job764_scenario3_1660,job766_scenario2_1665,job768_scenario1_1668,job769_scenario1_1671,
in27,0.5826255925291142,0.6754631959309911,0.3728063153157732,0.36724354131245474,0.045424846968514565,
B14,0.861278140832633,0.8572257901863621,0.8555271384895861,0.6227769232623821,0.5254613285754722,
B11,0.44222392217001855,0.43329416271284,0.2710389524567174,0.13352186942021993,0.11347488973339004,
cn12,0.5124247573495664,0.523887547849744,0.36499431823633827,0.24235701209980776,0.0,
B54,0.9110864260548246,0.7639057886532229,0.8555271384895861,0.7925943288863131,0.5640956360755123,
