,job63_scenario0_119,job73_scenario0_134,job74_scenario0_137,job75_scenario1_140,job76_scenario2_141,job77_scenario1_142,job78_scenario1_144,job79_scenario0_148,job80_scenario1_153,
in27,0.9403840312801248,0.8917368321359076,0.849348807655059,1.0942286018155798,0.8693293019465289,0.9016231174454634,0.882842143752691,0.6468363737399832,0.46515670470699055,
B14,0.8829548138088489,0.8411774109726067,0.7697140753586741,0.7675078488951839,0.9833330840571892,0.7186660155268796,0.9365413019948694,0.62403812789137,0.42051705891587143,
B11,0.920762692232057,0.8103620192342084,0.8347462711071494,0.9110864260548248,0.968268233315051,0.834106623832771,0.8512756160731834,0.5932227361529716,0.47565304335328085,
cn12,0.45691899084740906,0.3622688588458203,0.32442102823176955,0.4461147951900055,0.4109631367080133,0.4443256998157976,0.38630398520836406,0.15562591441087403,0.0,
B54,1.3638216881964162,1.2563407566152343,1.2412199368918426,1.3728811501190987,1.5185055501015563,1.4341522258414678,1.3517046476374972,0.9956897572230499,1.04413211768247,
