,job520_scenario0_1033,job521_scenario3_1035,job523_scenario0_1041,job524_scenario3_1043,
in27,0.37441721056801414,0.6981500459005551,0.12000912040173939,0.3599267614241614,
B14,0.575801143871453,0.6981500459005552,0.24001824080347878,0.670145837407188,
B11,0.2859746178457825,0.38793096991752846,0.0,0.11990852062068269,
cn12,0.36734943074748183,0.6981500459005552,0.10214415639811758,0.43012759660370925,
B54,0.25440809016627475,0.4194974975970362,0.05750451060699835,0.08127421312064254,
