,job543_scenario0_1093,job549_scenario1_1106,job550_scenario2_1107,job551_scenario3_1112,
in27,0.623290222271608,0.5944491539826182,0.5065387205440428,0.4230267719702838,
B14,1.130787033656454,0.9046682299656449,1.1038577061565047,0.7220718702311588,
B11,1.0704824097879722,0.9583673882078232,0.8997894312862105,0.8918892758550898,
cn12,0.2517285573809571,0.2683123360604822,0.2089039863582598,0.0,
B54,1.130787033656454,1.1335124930469722,1.1038577061565047,0.7718801554533505,
