,job161_scenario0_291,job162_scenario0_292,job167_scenario0_300,job168_scenario1_301,job169_scenario4_302,job170_scenario1_306,job171_scenario2_308,job172_scenario2_310,job173_scenario1_311,job176_scenario2_315,job177_scenario2_316,job178_scenario1_318,job179_scenario2_319,job180_scenario3_320,job181_scenario2_322,job182_scenario2_323,
in27,0.5602076468217991,0.5852306348818934,0.448237853583056,0.49926337567893875,0.6889745831613361,0.5240994848292335,0.579111046771102,0.6607798184773477,0.5010625512876865,0.46180235739314174,0.44008334039317903,0.35866666957175436,0.3988695477898688,0.4924794360866446,0.09688995404814804,0.21689907444988732,
B14,0.877494502625358,0.8425769816995735,0.7686443714973134,0.9596785182378285,1.0490019443665544,1.064440590304673,0.9556400849136897,0.8509897740586349,0.8610899124929046,0.8920305537779077,0.8001107015983973,0.7186940307769725,0.6388877885933475,0.6938633693900834,0.48360643412196636,0.6738163897032535,
B11,0.8223585181879486,0.8252488756853723,0.739721201466168,1.0179341647859363,1.0490019443665544,0.7977332306325942,0.8356309645119503,0.8741089404122263,0.7828347617019036,0.7516288834188121,0.6534124623280577,0.6115157099548263,0.589079503371156,0.782305962112315,0.32496300622018687,0.6036155545237056,
cn12,0.333220093897428,0.3811623600115994,0.2795059472067928,0.4245060521934615,0.5534503216131481,0.4608250357809673,0.396955406801268,0.41719162515886016,0.37055709223965666,0.294711568165446,0.28288876247654926,0.16845671399046713,0.23831298923052247,0.2986995279903487,0.012830799579593322,0.0,
B54,0.8669981639790678,0.9372036804756585,0.8349543336568743,0.8396693978360892,1.0988102295887459,0.894623184680742,0.9556400849136897,0.9709988944603742,0.9193455590410125,0.9418388390000993,0.8001107015983973,0.695574864423381,0.8290977441746348,0.5920960065310278,0.5538072693015141,0.41340559894241846,
