,job588_scenario1_1175,job595_scenario0_1193,job596_scenario2_1194,job597_scenario1_1195,job601_scenario0_1203,job603_scenario1_1206,job604_scenario1_1207,job605_scenario1_1211,
in27,0.7984960874422685,0.5393453443047037,0.5973123998945724,0.6271526187924525,0.39768107944809394,0.5437358114457481,0.4098279037038032,0.36309180514837314,
B14,0.7219986833514769,0.4273905395144174,0.5475041146723807,0.480454379522113,0.31464944468895295,0.42372669104400873,0.30176397193350374,0.18132921089300225,
B11,0.6988795169978854,0.5473996599161569,0.6359467073946123,0.6004634999238524,0.42660424947923925,0.5437358114457481,0.4217730923352431,0.3897809240169734,
cn12,0.43846872623705024,0.1904919608216371,0.31186931212257873,0.34005270916301733,0.07775086599617265,0.2335167354627215,0.16136230157440806,0.0,
B54,0.43846872623705035,0.2954362304812381,0.3755359166337774,0.3485000704889336,0.2213294431558137,0.19488242796268146,0.2582522556225561,0.14976268321349462,
