,job889_scenario0_2020,job890_scenario2_2023,job891_scenario0_2025,
in27,0.5404292638271251,0.441201928351175,0.2544546459813427,
B14,0.5671183826957253,0.6082927175788707,0.34578893953991174,
B11,0.801459506278678,0.8318092814449801,0.5839942154756378,
cn12,0.23312011454106307,0.28962628026992787,0.0,
B54,0.9808449021431218,0.8869452658823895,0.6541950506551857,
