,job394_scenario0_734,job395_scenario0_745,job396_scenario0_747,job398_scenario0_750,job400_scenario0_759,job401_scenario0_764,job402_scenario1_765,job403_scenario2_768,
in27,0.4990450800338284,0.424670655510755,0.3907160019428737,0.3813083498175456,0.3062021833646786,0.20761357761975457,0.2690447410998812,0.2271874412238856,
B14,0.5070993956452816,0.4843751520440126,0.5172593530129623,0.46975094253977717,0.32270386030204795,0.3441243749588634,0.37622306192202737,0.28544308777199356,
B11,0.40441838125774343,0.319726385851154,0.3409077167206822,0.33856784441588617,0.16406043240026863,0.10410613415538456,0.14903562069814175,0.0,
cn12,0.3435785589325945,0.29416519646272543,0.2707068815411343,0.2578706705900482,0.1413746494090457,0.04585048760727656,0.18601310634074025,0.045424846968514676,
B54,0.5653550421933895,0.4843751520440126,0.5311176723019693,0.42882340200587055,0.4427129807037874,0.2986995279903487,0.4731130159701753,0.3738856804942251,
