,job242_scenario0_439,job247_scenario1_448,job251_scenario1_457,job252_scenario3_458,job254_scenario1_461,job255_scenario0_462,job256_scenario1_464,job257_scenario1_466,job258_scenario0_467,
in27,0.8944520679548151,0.9968155768025523,0.8924173885467802,1.0837321064988987,0.8710845544654147,0.6014115267714684,0.7352242932863586,0.4724747312291945,0.3524656108274551,
B14,1.3385385836285884,1.3607338110277571,1.334590773562986,1.534352852841021,1.1443261448058428,1.0400870844821506,1.4756715656541513,0.8169446764585844,0.7965521265012282,
B11,1.3385385836285884,1.2256598398838796,1.4812890128333256,1.3757094249392416,1.1314953452262497,0.9698862493026028,1.0068090617693453,0.8818178124229142,0.7396760614585043,
cn12,0.5515193177009441,0.7069890507768819,0.5362809003615487,0.6240881748492975,0.4531945924265517,0.2713095760971904,0.3569551745384565,0.169817405623931,0.0,
B54,1.370105111308096,1.4389889618187581,1.3114716072093946,1.2943346120375423,1.2781935844965893,1.0235854075447812,1.0952516544915767,1.296981158065542,0.7871911136468293,
