,job146_scenario4_271,job148_scenario1_274,job150_scenario2_276,job152_scenario0_278,job153_scenario1_279,job154_scenario1_280,job155_scenario1_282,job156_scenario1_284,job157_scenario3_285,job158_scenario2_286,job159_scenario1_288,job160_scenario2_290,job161_scenario0_291,job162_scenario0_292,job163_scenario1_294,
in27,1.1546273817249169,0.9803193113815176,0.9028776923411834,0.8313842904644325,0.9068384104505978,0.9084474492198706,0.9470412886687121,0.8289439090560131,1.040651176965488,1.021493646264663,0.745857601121016,0.6918534769893112,0.5446739135733198,0.5089115469842989,0.5632612413865299,
B14,0.932850898464122,0.7403010705780387,0.8045388883078858,0.5636048743462659,0.6731167385583627,0.6436532202053588,0.5483796199634539,0.7089347886542736,0.6602312658029137,0.761082855503828,0.6258484807192766,0.598533475456172,0.31172345259037326,0.2160205770154734,0.2530421654035033,
B11,1.096371735176809,0.9536301925129175,0.9782471669518036,0.8169478852865687,1.0037283644987456,0.937370619251016,0.8705438845779205,0.9608982180891923,0.865506072126339,0.9246036922165151,0.7706335893320491,0.6918534769893112,0.5668065441359904,0.5089115469842989,0.44325212098479055,
cn12,0.5959427036124951,0.4872589051745354,0.5032005570131441,0.30643037524777095,0.4562176641084755,0.49207757212411163,0.40417259723953847,0.3902683513453308,0.4433321913530262,0.3382232844763937,0.3773828785898814,0.25856083666139007,0.034156403534522095,0.021313314999578115,0.0,
B54,1.1546273817249169,1.2203375521849964,1.1533922717909524,0.8644629374748937,1.2437466053022244,1.3525339648936436,1.0488086515277677,0.9608982180891923,0.9206420565637485,0.8045945718147758,0.9360675567023031,1.1487707922426773,0.6114461899271096,0.620866351774585,0.5632612413865299,
