,job923_scenario2_2121,job924_scenario1_2124,
in27,0.5387177687938275,0.37509221194735654,
B14,0.14005610008856928,0.0,
B11,0.22849869281080093,0.049808285222191606,
cn12,0.5000834612937874,0.26313740715707035,
B54,0.6902934168750747,0.430228196384766,
