,job32_scenario3_66,job40_scenario0_79,job48_scenario1_98,job49_scenario3_99,job50_scenario3_100,
in27,0.8718400179580185,0.5765694879667396,0.277147542486305,0.17826476694984728,0.6084929633346133,
B14,0.9602826106802501,0.5014912439762843,0.3092476193179957,0.5067256004755577,0.19650652449253114,
B11,1.2705016866632768,0.8552220362702585,0.6629784116119699,0.5271181504329139,0.5769264356551056,
cn12,0.6935752510081712,0.23478388430420538,0.00010059978105669831,0.0,0.0,
B54,1.1504925662615375,0.8552220362702585,0.5696584100788307,0.8871455116381322,0.7671363912363928,
