,job874_scenario1_1984,job876_scenario0_1987,
in27,1.2525760880828345,0.8338674396907463,
B14,1.0125578472793557,0.6752240117889668,
B11,1.1641334953606028,0.883675724912938,
cn12,0.4098279037038033,0.0,
B54,1.2525760880828345,0.81347488973339,
