,job322_scenario3_599,job325_scenario0_602,job329_scenario0_610,job334_scenario0_620,job335_scenario2_624,job336_scenario0_625,job337_scenario2_626,job338_scenario1_628,job339_scenario1_629,job340_scenario3_632,job341_scenario0_634,
in27,0.9680619070170107,0.7208367826981489,0.6528180559894905,0.5940728962575283,0.7144904491438526,0.48045437952211295,0.6395616157711353,0.5225689985292677,0.563115046818348,0.4758328999738377,0.16482753395563288,
B14,0.6578428310339841,0.5730664869817218,0.546667254876758,0.47017290283580215,0.6056553064642649,0.3983083557111253,0.6079950880916276,0.5612033060293078,0.3564034142996914,0.3438785909406584,0.0,
B11,0.918253621794819,0.7285330080829556,0.77282717639123,0.5586154955580338,0.6176004950957048,0.5222083491328515,0.5693607805915876,0.7127789541105549,0.6831241672200874,0.6927319744237251,0.16482753395563288,
cn12,0.8978610718374628,0.5829626982927877,0.5262747049194019,0.4354294683557489,0.547399659916157,0.3907794928940776,0.519552495369396,0.4727607133070761,0.4115393987371008,0.38251289844069847,0.04092754053390668,
B54,0.8631176373574095,0.763276442563009,0.7480511881801968,0.7140820166592677,0.7642987343660443,0.676960904014644,0.558186802869436,0.6812124264310473,0.563115046818348,0.502522018842438,0.2094671797467521,
