,job1064_scenario1_2885,
in27,0.0,
B14,0.3551499523943107,
B11,0.5453599079755977,
cn12,0.22577981913817236,
B54,0.2849491172147627,
