,job20_scenario2_47,job23_scenario1_50,job26_scenario2_53,job27_scenario1_54,job28_scenario2_56,
in27,0.26444821375393995,0.1895322237177443,0.11308565476495702,0.19680024929401913,0.0,
B14,0.7480546478759063,0.6260569890137542,0.5931221363719146,0.5337084441456459,0.40057479936282514,
B11,0.3992012643928396,0.2975961554880438,0.23621443727739483,0.1999199114047176,0.08717881657925308,
cn12,0.5396029347519351,0.4713044341319616,0.5700029700183231,0.3296401692753517,0.3369081948516266,
B54,0.7796211755554141,0.6962578241933022,0.5496104200609668,0.5835167293678376,0.7809947105253996,
