,job177_scenario2_316,job186_scenario0_333,job187_scenario2_334,job191_scenario0_342,job192_scenario0_343,job193_scenario0_345,job195_scenario3_348,job196_scenario1_350,job197_scenario1_351,job198_scenario1_353,
in27,0.5873194758832089,0.34056066590419587,0.452226879736243,0.3015775154367662,0.2618773153046632,0.20435584478564733,0.4133523636048535,0.14005610008856928,0.1443076225049723,0.01506485074213837,
B14,0.8273377166866877,0.5574597403540833,0.648733404228774,0.43982839338118956,0.4060843380285787,0.4084241196559415,0.3968506866674841,0.3689003631698965,0.19411590772716392,0.31021907598302667,
B11,0.6806394774163481,0.5686337180762349,0.6691259541861303,0.38295232833846565,0.360659491060064,0.44437408558912617,0.6920049119083724,0.3485078132125403,0.47276845603068274,0.169817405623931,
cn12,0.6470239724164664,0.35675344612650584,0.5193632709726358,0.24025742494550334,0.2656826676694831,0.20435584478564733,0.33197755070315416,0.2848412087013418,0.1443076225049723,0.0,
B54,0.8273377166866877,0.5934097062872679,0.6922451205397218,0.47139492106069725,0.5647277659303582,0.44437408558912617,0.6920049119083724,0.48890948357163594,0.4229601708084912,0.19020995558128723,
