,job492_scenario1_966,job495_scenario4_978,job496_scenario2_979,
in27,0.695844173462379,0.4688625038848061,0.303428536514552,
B14,0.37445111975720086,0.007067779820532305,0.10883514267958783,
B11,1.0446975569454457,0.36709514102575047,0.3172868558035589,
cn12,0.3358168122571608,0.15864342790177943,0.0,
B54,0.8544876013641585,0.4688625038848061,0.3874876909831067,
