,job369_scenario2_688,job377_scenario0_703,job380_scenario2_709,job382_scenario0_712,job383_scenario0_713,job384_scenario1_716,job385_scenario1_718,job386_scenario1_719,job387_scenario0_720,job388_scenario0_722,job389_scenario0_723,job390_scenario2_724,
in27,0.7295612440984873,0.4516829587540927,0.5106679582917637,0.35436431201734697,0.3900201081589978,0.45017808926668024,0.38832145646222194,0.24602617452734665,0.16959831393021663,0.06293280960327308,0.0,0.09688995404814804,
B14,0.8387764891543749,0.5528438881985269,0.7230697263070429,0.5169577948104347,0.4641709982298541,0.4869584479804745,0.5038332704293531,0.6145801538979814,0.34944136494397693,0.19577272958460568,0.0576492131334867,0.4026117235965666,
B11,1.2393512885172,0.9818655531301616,1.096955406801268,0.9139626416582514,0.8696232064035869,1.0151041181228022,0.8714223820123346,0.9617767155236063,0.7935278806177498,0.6309785005700936,0.5017357288072597,0.6066799984668607,
cn12,0.9495247624915296,0.7347795325061505,0.91327968188833,0.6336689762061649,0.6597919117742319,0.7199498928819139,0.7282940952570036,0.67824675840918,0.44238126410081646,0.342237473792091,0.23279431797263572,0.42636625419663954,
B54,1.1628538844264082,0.9215609292616798,1.0204580027104764,0.8206426401251121,0.8163863623556373,0.9182141640746543,0.8981115008809346,0.9386575491700149,0.6854639488474503,0.5496036876683943,0.5568717132446692,0.6382465261463686,
