,job742_scenario1_1602,job743_scenario1_1604,
in27,0.8073408000804798,0.7123093035140428,
B14,0.5055690854233694,0.44072453503105624,
B11,0.48517653546601314,0.44560194384196383,
cn12,0.05639718906639701,0.0,
B54,1.0740481597525586,1.0611626869971094,
