,job48_scenario1_98,job56_scenario1_109,job58_scenario0_112,job60_scenario0_114,job62_scenario0_118,job63_scenario0_119,job64_scenario3_120,job66_scenario4_123,
in27,0.442856350009056,0.292205765373198,0.18931390671910192,0.1377682236592082,0.025120548150525668,0.0,0.4220707218224862,0.0033620734303980715,
B14,0.626532074921994,0.42727973651707574,0.30278879645249207,0.2905420534280689,0.1651843909627015,0.12888986509002426,0.40167817186513,0.1029786438747814,
B11,0.790052911634681,0.6339913690357324,0.4293321475225806,0.45099844619760104,0.30108875488718906,0.30177171465711033,0.5918881274464172,0.4131977198578079,
cn12,0.46408329465539455,0.4122148857749375,0.19267588736181857,0.14384381415772934,0.042164124005596104,0.02813796885374975,0.3020616014207468,0.08473688633209742,
B54,0.5065229545202546,0.5055348873080767,0.3880544823741781,0.32649201936125355,0.23088791970764128,0.19459339383496405,0.3518698866429384,0.2931885994560685,
