,job401_scenario0_764,job404_scenario2_773,job405_scenario3_774,job406_scenario1_775,job408_scenario2_777,job409_scenario1_783,job410_scenario2_785,job411_scenario1_786,
in27,0.7625880587470376,0.661953630179297,1.1991719190464807,0.7547912335811742,0.6954628217307948,0.5434615330107857,0.35091280613316933,0.37983597616431464,
B14,1.279518767248721,1.5926108581283769,1.180930161503797,1.2867867928249959,1.3425900925654481,1.0438905645750995,0.896766684665998,0.7949993218069423,
B11,0.7608479781417232,0.8570409945714919,0.8209028002985788,0.8298694775716295,0.7972301845898504,0.5750280606902934,0.2967210826573009,0.3465293678794925,
cn12,0.3560629637141228,0.46699991038105204,0.6441908380430175,0.49617090927173035,0.4387556280789182,0.201809573942201,0.05970449653325782,0.0,
B54,1.2340939202802061,1.2121909469658025,1.2693727542260287,1.1667776724232564,1.134138379441477,1.1638996849768388,0.9852092773882295,0.9852092773882295,
