,job435_scenario3_842,job436_scenario1_845,
in27,0.7324976768901235,0.32496300622018687,
B14,0.3569551745384566,0.0,
B11,0.9725159176936022,0.4337981488997747,
cn12,0.8525067972918629,0.2509568186758191,
B54,0.4222786009070969,0.3635973137202269,
