,job444_scenario2_857,job445_scenario1_862,job447_scenario0_864,job450_scenario3_870,job452_scenario2_874,job453_scenario0_876,job454_scenario2_880,
in27,0.5535030437476351,0.5901310304044224,0.40115609407966646,0.538038647061758,0.29143150241407384,0.17567390442873737,0.03156652767950768,
B14,0.5952570133583736,0.63364274671537,0.4509643793018582,0.4180295266600186,0.6016505783971003,0.2818247055414699,0.26041079076083495,
B11,0.611758690295743,0.5553875959243691,0.41622094482180483,0.4762851732081264,0.4114406228158131,0.17567390442873737,0.10176736285905547,
cn12,0.5006303145822886,0.4701219100026831,0.2575775169200254,0.5647277659303581,0.2820704895596749,0.03850852573198188,0.0,
B54,0.6300004478384268,0.63364274671537,0.4713569292592143,0.538038647061758,0.5132079856748688,0.25704871733043677,0.19020995558128717,
