,job167_scenario0_300,job173_scenario1_311,job176_scenario2_315,job177_scenario2_316,job178_scenario1_318,job181_scenario2_322,job183_scenario1_324,job184_scenario2_328,job185_scenario1_329,job186_scenario0_333,
in27,0.5840842632048049,0.6767783783434397,0.6708282042302605,0.6615313300085446,0.6144842984711929,0.5640372835179752,0.48788627422524816,0.41267472452899207,0.33774589115627485,0.05400805495723782,
B14,0.9044907811190622,1.0368057395486578,1.1010564006150265,1.0215586912137629,0.9745116596764111,0.9507537635917935,0.949680998289522,0.9425194913581413,0.8564166802632724,0.3909162498088646,
B11,0.7555584906861775,0.8385414683559175,0.8406456098541915,0.754851331541684,0.7473242184525255,0.6721012152882746,0.6780962298065354,0.5975569808950614,0.5461976042802459,0.2820811071292767,
cn12,0.5620505960988812,0.6929711585657495,0.6504356542729044,0.6510349913622544,0.5709725821602452,0.6266763683197598,0.5580871094047959,0.48560217610477513,0.4057959339211504,0.0,
B54,0.9708007432786232,1.0950613860967657,1.150864685837218,1.0215586912137629,0.9513924933228196,1.0209545987713413,1.0381235910117534,0.7340677782341702,0.8177823727632325,0.42686621574204925,
