,job916_scenario2_2104,job917_scenario1_2106,
in27,0.1980067807471506,0.0,
B14,0.42296017080849113,0.4302281963847659,
B11,0.3731518855862994,0.22177648326079485,
cn12,0.22338920237280502,0.10176736285905541,
B54,0.49316100598803886,0.3417856036625343,
