,job351_scenario0_663,job356_scenario0_674,job357_scenario0_677,job360_scenario0_681,job361_scenario1_682,job364_scenario0_690,job366_scenario3_693,
in27,0.47720805011642375,0.49760060007377993,0.5049692254311116,0.4709114812051798,0.6176097204755193,0.483742280784773,0.7691853685567666,
B14,0.5789754129754794,0.5474088852959716,0.5380478724415727,0.5678014352533278,0.7109297220086586,0.5380478724415727,0.7109297220086586,
B11,0.03018694617412354,0.007067779820531861,0.007067779820531861,0.0,0.17688518544446297,0.007067779820531861,0.31728685580355875,
cn12,0.36043522137702444,0.36709514102575036,0.37052369985150824,0.36043522137702444,0.5380478724415727,0.35402202291413887,0.6674180056977109,
B54,0.4477923148515883,0.483742280784773,0.4709114812051799,0.4709114812051799,0.6176097204755193,0.49760060007378004,0.6176097204755193,
