,job524_scenario4_1074,job526_scenario0_1078,job527_scenario3_1079,job529_scenario1_1087,job530_scenario3_1089,
in27,0.5239984883222155,0.31339598278357206,0.6440076087239549,0.468862503884806,0.5738067735444071,
B14,0.4537976531426677,0.2951542252408882,0.4853641808221754,0.42710853427406753,0.573806773544407,
B11,0.365355060420436,0.1253368196169572,0.4537976531426677,0.28398024751873663,0.4039893679204761,
cn12,0.5239984883222155,0.19662315404417274,0.547117654675807,0.365355060420436,0.5036059383648592,
B54,0.22884426308132721,0.0,0.15864342790177943,0.13195430903317928,0.22884426308132721,
