,job356_scenario0_674,job361_scenario1_682,job366_scenario3_693,job369_scenario0_699,job370_scenario1_706,job371_scenario0_708,job372_scenario2_710,job373_scenario1_711,job374_scenario2_712,job375_scenario1_714,
in27,0.1670907892276957,0.2870999096294352,0.4386755577106823,0.15323246993868878,0.30216476037157347,0.1670907892276957,0.2870999096294352,0.27324159034042816,0.2267952857609533,0.27324159034042816,
B14,0.0,0.16352083671268702,0.16352083671268702,0.0,0.08526568592168615,0.009896211311065883,0.31021907598302667,0.19020995558128717,0.19020995558128717,0.16352083671268702,
B11,0.2870999096294351,0.4569173152533661,0.5973189856124618,0.29446853498676673,0.40710903003117455,0.31021907598302667,0.40710903003117455,0.3932507107421676,0.4569173152533661,0.42217388077331286,
cn12,0.15659445058140553,0.3275471819972279,0.4569173152533661,0.15323246993868878,0.3275471819972279,0.14669823927033954,0.31866643730894284,0.31021907598302667,0.31866643730894284,0.31866643730894284,
B54,0.3932507107421676,0.527118150432914,0.527118150432914,0.38041991116257445,0.5973189856124618,0.42217388077331286,0.527118150432914,0.6471272708346534,0.5586846781124217,0.6471272708346534,
