,job594_scenario1_1235,job601_scenario1_1250,job613_scenario2_1271,
in27,0.0,0.03594996593318489,0.03594996593318489,
B14,0.6471272708346534,0.6471272708346534,1.0071546320398717,
B11,0.11796014308136549,0.11796014308136549,0.08639361540185786,
cn12,0.1698174056239311,0.16045639276953216,0.15157564808124724,
B54,0.6702464371882448,0.7671363912363929,0.7671363912363929,
