,job47_scenario0_98,job49_scenario0_101,job53_scenario0_108,job58_scenario3_116,job59_scenario1_118,job61_scenario4_122,job62_scenario3_123,job64_scenario3_127,
in27,0.37743472405891976,0.3842252635273945,0.3709004933905705,0.7015121193309534,0.5263670144918045,0.5611104489718577,0.581502998929214,0.8215212397326928,
B14,0.4726678562496261,0.4726678562496261,0.4726678562496261,0.6313112841514056,0.5263670144918045,0.6313112841514056,0.6046221652828054,0.751320404553145,
B11,0.007696225384806854,0.0,0.0,0.264216143125655,0.07400618754436783,0.264216143125655,0.35265873584788665,0.264216143125655,
cn12,0.264216143125655,0.2607875842998971,0.25742560365718037,0.5113021637496662,0.43174031571571947,0.5428686914291738,0.581502998929214,0.5428686914291738,
B54,0.36460392447932666,0.3912930433479268,0.37743472405891976,0.5428686914291738,0.46149387852747453,0.5113021637496662,0.5428686914291738,0.46149387852747453,
