,job40_scenario0_87,job43_scenario0_94,job47_scenario0_98,job49_scenario0_101,job52_scenario1_107,job53_scenario0_108,job57_scenario2_114,job58_scenario3_116,job59_scenario1_118,
in27,0.19992109305018224,0.20671163251865676,0.19992109305018224,0.20671163251865676,0.2635876975613807,0.193386862381833,0.31993021345192163,0.5239984883222157,0.3488533834830668,
B14,0.5738067735444073,0.5738067735444073,0.6053733012239151,0.6053733012239151,0.7955832568052023,0.6053733012239151,0.8342175643052423,0.7640167291256945,0.6590724594660934,
B11,0.5169307085016834,0.5471176546758072,0.539063339064354,0.5313671136795473,0.6590724594660934,0.5313671136795473,0.6755741364034629,0.7955832568052023,0.6053733012239151,
cn12,0.0,0.006413198462885683,0.01650167693736959,0.013073118111611493,0.18402584952743395,0.00971113746889496,0.18402584952743395,0.2635876975613807,0.18402584952743395,
B54,0.5644457606900084,0.6301492894349481,0.617318489855355,0.644007608723955,0.7142084439035028,0.6301492894349481,0.7955832568052023,0.7955832568052023,0.7142084439035028,
