,job393_scenario0_763,job395_scenario4_765,job396_scenario1_767,
in27,0.38041991116257434,0.5319955592438215,0.4737399126957137,
B14,0.44012440769583194,0.5706298667438616,0.6204381519660532,
B11,0.38778853651990597,0.690638987145601,0.5154938823064521,
cn12,0.0,0.31021907598302656,0.16352083671268702,
B54,0.08790904357004858,0.4119864388420821,0.2217764832607949,
