,job463_scenario2_934,job464_scenario2_935,job465_scenario0_936,job466_scenario1_938,job467_scenario1_940,job468_scenario3_943,
in27,0.18341941611281265,0.14746945017962787,0.07726861500008009,0.22884426308132721,0.21234258614395785,0.3488533834830666,
B14,0.6275059317865854,0.6275059317865854,0.2905977369349587,0.4808076925162459,0.43729597620529825,0.4808076925162459,
B11,0.20215514421272707,0.24390911382346558,0.10883514267958783,0.299045098260875,0.299045098260875,0.468862503884806,
cn12,0.16752417259006436,0.1768851854444634,0.0,0.16752417259006436,0.14214175096440995,0.26215087136614934,
B54,0.7475150521883249,0.9377250077696121,0.6425707825287238,0.8675241725900642,0.7475150521883249,0.7475150521883249,
