,job262_scenario2_514,job265_scenario0_519,job267_scenario0_522,job270_scenario0_528,job273_scenario1_532,job274_scenario0_534,job277_scenario4_537,job278_scenario0_538,job279_scenario1_540,job281_scenario2_542,job283_scenario4_546,job284_scenario3_547,
in27,0.1751451048391488,0.09377029193744946,0.08670251211691715,0.06708117306884931,0.1999210930501819,0.061005582570328176,0.28398024751873663,0.08670251211691715,0.16397112711699724,0.1999210930501819,0.33378853274092835,0.4039893679204761,
B14,0.547117654675807,0.39349302927418583,0.38359681796311995,0.38359681796311995,0.5738067735444071,0.38359681796311995,0.5239984883222155,0.4039893679204761,0.4853641808221754,0.6053733012239149,0.5738067735444071,0.5738067735444071,
B11,0.4537976531426677,0.33378853274092823,0.34115715809825986,0.33378853274092823,0.4853641808221754,0.3488533834830666,0.6053733012239149,0.33378853274092823,0.4271085342740676,0.4537976531426677,0.6053733012239149,0.547117654675807,
cn12,0.19338686238183278,0.01650167693736937,0.013073118111611493,0.003176906800545387,0.1751451048391488,0.0,0.3569076990945198,0.013073118111611493,0.19338686238183278,0.19338686238183278,0.33378853274092835,0.33378853274092835,
B54,0.5738067735444071,0.41516334564262763,0.4039893679204761,0.4271085342740676,0.6053733012239149,0.41516334564262763,0.6440076087239549,0.4853641808221754,0.547117654675807,0.5738067735444071,0.8840258495274337,0.468862503884806,
