,job421_scenario1_828,
in27,0.0,
B14,0.600045602008697,
B11,0.5565338856977493,
cn12,0.3867164800738183,
B54,0.6583012485568049,
