,job999_scenario2_2608,job1000_scenario3_2612,
in27,0.07020083517954773,0.2217764832607949,
B14,0.19020995558128717,0.26041079076083495,
B11,0.08526568592168604,0.38041991116257434,
cn12,0.0,0.10176736285905547,
B54,0.3102190759830265,0.38041991116257434,
