,job670_scenario0_1407,job671_scenario1_1409,job672_scenario2_1410,
in27,0.0,0.1270769002222717,0.15864342790177943,
B14,0.27020518697760254,0.43729597620529836,0.5186707891069977,
B11,0.19727773540181948,0.36709514102575047,0.3488533834830666,
cn12,0.30013059750854276,0.4604151425588898,0.47774324857309103,
B54,0.4234376569162913,0.5573050966070376,0.5888716242865455,
