,job369_scenario0_699,job374_scenario2_712,job378_scenario0_719,job379_scenario2_725,job381_scenario2_728,job382_scenario0_733,
in27,0.4491345864628803,0.5226974022851448,0.45592512593135504,0.5691437068646197,0.598066876895765,0.45592512593135504,
B14,0.512801190974079,0.7030111465553661,0.5331937409314351,0.7345776742348739,0.7030111465553661,0.5443677186535867,
B11,0.04013333472445291,0.20258211499105228,0.04013333472445291,0.16783868051099904,0.20258211499105228,0.0,
cn12,0.3291254660611409,0.49455943343139497,0.32259123539279166,0.512801190974079,0.5331937409314351,0.3132302225383927,
B54,0.5563129072850266,0.7345776742348739,0.5691437068646197,0.6532028613331744,0.7030111465553661,0.598066876895765,
