,job588_scenario1_1224,job591_scenario0_1231,job592_scenario0_1233,job593_scenario1_1234,job594_scenario1_1235,
in27,0.31651564489427064,0.18264820520352432,0.18264820520352432,0.31651564489427064,0.26670735967207904,
B14,0.9102646779917236,0.7467438412790367,0.7783103689585444,0.8871455116381322,0.8871455116381322,
B11,0.8320095272007227,0.7043041814141766,0.7043041814141766,0.866752961680776,0.8485112041380922,
cn12,0.13963045944980723,0.009532860573584045,0.0,0.1782647669498474,0.19650652449253125,
B54,0.9685203245398316,0.7373828284246378,0.7902555575899843,0.9102646779917236,0.9102646779917236,
