,job476_scenario0_967,job477_scenario3_968,job478_scenario1_971,
in27,0.0,0.19727773540181925,0.14214175096440984,
B14,0.25758235927030115,0.49760060007378004,0.49760060007378004,
B11,0.22631667712759262,0.5789754129754794,0.35402202291413887,
cn12,0.35402202291413887,0.7109297220086586,0.5291671277532877,
B54,0.6176097204755193,0.6674180056977109,0.7691853685567666,
