,job430_scenario1_859,
in27,0.36002736120521817,
B14,0.4382825119962191,
B11,0.0,
cn12,0.2654006624291332,
B54,0.4649716308648193,
