,job89_scenario0_185,job95_scenario1_197,job108_scenario3_218,job109_scenario1_220,job110_scenario2_224,job111_scenario4_225,
in27,0.545260944518851,0.6456487258725225,0.7425386799206704,0.6723378447411226,0.6337035372410826,0.8239134928223698,
B14,0.2825569207241493,0.45543877029123525,0.6021370095615749,0.5136944168393431,0.5523287243393833,0.6723378447411226,
B11,0.5673935750815216,0.7221461299633142,0.7923469651428621,0.7039043724206304,0.7656578462742618,0.7923469651428621,
cn12,0.0,0.16028454505034706,0.3069827843206865,0.1968698752300131,0.1869736639189472,0.3069827843206865,
B54,0.6225295595189311,0.7221461299633142,0.8625478003224099,0.8625478003224099,0.8625478003224099,0.8239134928223698,
