,job158_scenario0_319,job167_scenario3_334,job169_scenario1_339,job171_scenario0_346,job172_scenario3_347,
in27,0.2538765600924855,0.38895053123636336,0.36002736120521805,0.22718744122388546,0.6139039212977038,
B14,0.4938948008959645,0.7543055916567994,0.5791604868176505,0.48453378804156555,0.6841047564772517,
B11,0.4440865156737728,0.804113876878991,0.5956621637550199,0.4370187358532406,0.9943238324602782,
cn12,0.006790539468474521,0.3738856804942251,0.18367572491293782,0.0,0.3738856804942251,
B54,0.33525137299418495,0.46720568202736434,0.5254613285754721,0.3240773952720334,0.4440865156737729,
