,job488_scenario3_1000,job491_scenario3_1005,job492_scenario2_1006,
in27,0.8177158873678727,0.8990907002695722,0.7208259333197249,
B14,0.42343765691629154,0.6136476124975786,0.42343765691629154,
B11,0.8675241725900644,0.8675241725900644,0.8408350537214642,
cn12,0.08844259272223187,0.1200091204017395,0.0,
B54,0.6275059317865856,0.5225616621269845,0.6590724594660933,
