,job311_scenario2_593,job312_scenario0_595,job321_scenario1_614,job324_scenario0_619,job325_scenario2_621,job326_scenario3_622,job327_scenario1_623,job328_scenario1_625,
in27,0.2185401915984549,0.14453400405408712,0.27223934984063325,0.14453400405408712,0.25717449909849494,0.4971927399019737,0.2887410267780027,0.27223934984063325,
B14,0.2887410267780027,0.1869736639189472,0.3504945006316342,0.1869736639189472,0.4087501471797421,0.44738445467978216,0.3504945006316342,0.3273753342780427,
B11,0.25717449909849494,0.12330705940774855,0.3504945006316342,0.16028454505034706,0.25717449909849494,0.44738445467978216,0.2887410267780027,0.27223934984063325,
cn12,0.15223022943889386,0.010088478474483797,0.17761265106454827,0.0,0.20736621387630333,0.27223934984063325,0.15223022943889386,0.16873190637626323,
B54,0.3504945006316342,0.20736621387630333,0.4087501471797421,0.27223934984063325,0.44738445467978216,0.3771836195002344,0.3504945006316342,0.4087501471797421,
