,job570_scenario0_1189,job572_scenario4_1192,
in27,0.12679965987021413,0.2689414108346241,
B14,0.18367572491293804,0.40545220817373295,
B11,0.12679965987021413,0.5640956360755124,
cn12,0.0,0.3036848453146773,
B54,0.22718744122388568,0.5640956360755124,
