,job463_scenario2_934,job464_scenario2_935,job465_scenario0_936,job466_scenario1_938,job467_scenario1_940,job468_scenario3_943,job469_scenario0_947,job470_scenario3_948,
in27,0.1200091204017395,0.08405915446855472,0.013858319289006937,0.16543396737025406,0.1489322904328847,0.28544308777199356,0.0,0.2040682748702941,
B14,0.6525382287977439,0.6525382287977439,0.3156300339461173,0.5058399895274044,0.46232827321645675,0.5058399895274044,0.35221536412578336,0.6027299435755524,
B11,0.19562091354437783,0.23737488315511635,0.10230091201123848,0.29251086759252587,0.29251086759252587,0.46232827321645675,0.13386743969074633,0.5325291083960046,
cn12,0.21294901955857914,0.2223100324129781,0.045424846968514676,0.21294901955857914,0.18756659793292474,0.3075757183346641,0.03533636849403088,0.3075757183346641,
B54,0.5325291083960046,0.7227390639772918,0.4275848387364035,0.6525382287977439,0.5325291083960046,0.5325291083960046,0.3858308691256651,0.5058399895274044,
