,job666_scenario2_1395,job668_scenario2_1404,job669_scenario1_1405,job670_scenario0_1407,
in27,0.1972777354018196,0.1972777354018196,0.15864342790177954,0.0,
B14,0.8359576449105566,0.7861493596883651,0.747515052188325,0.49904945005893,
B11,0.6457476893292694,0.6457476893292694,0.689259405640217,0.4759302837053384,
cn12,0.1888303740759033,0.1987265853869692,0.17058861653321944,0.0018567101569562094,
B54,0.8359576449105566,0.6457476893292694,0.7861493596883651,0.5820810848180709,
