,job488_scenario3_1000,job491_scenario3_1005,job492_scenario2_1006,job494_scenario1_1008,
in27,0.8182920495064547,0.8996668624081542,0.7214020954583069,0.7796577420064148,
B14,0.45293698908601876,0.6431469446673059,0.45293698908601876,0.4845035167655265,
B11,0.8681003347286464,0.8681003347286464,0.8414112158600462,0.748091214326907,
cn12,0.09688995404814804,0.12845648172765567,0.008447361325916392,0.0,
B54,0.748091214326907,0.6431469446673059,0.7796577420064148,0.7214020954583069,
