,job614_scenario2_1274,job615_scenario2_1275,job616_scenario2_1276,job617_scenario3_1278,
in27,0.0,0.013858319289006826,0.028923170031145196,0.16543396737025395,
B14,0.7339130416994433,0.6841047564772517,0.5872148024291037,0.5872148024291037,
B11,0.11347488973339004,0.06366660451119843,0.09523313219070617,0.2538765600924856,
cn12,0.3036848453146773,0.3135810566257432,0.3240773952720334,0.38895053123636336,
B54,0.6454704489772116,0.7339130416994433,0.5640956360755123,0.5872148024291037,
