,job630_scenario0_1294,job631_scenario0_1295,job633_scenario3_1307,job634_scenario0_1311,job636_scenario3_1314,
in27,0.3925860782067372,0.4114924682848514,0.696935556056845,0.43271941293119,0.696935556056845,
B14,0.4955516227534062,0.5067256004755578,0.696935556056845,0.4751590727960501,0.8555789839586244,
B11,0.1927011721277112,0.20039739751251795,0.4569173152533661,0.1927011721277112,0.42535078757385847,
cn12,0.009532860573584045,0.01283079957959321,0.29827388735158666,0.0,0.29827388735158666,
B54,0.1328399199813326,0.08639361540185764,0.3369081948516267,0.12000912040173939,0.17826476694984728,
