,job97_scenario0_182,job98_scenario0_185,
in27,0.3517702406682526,0.14531865776495545,
B14,0.5142190209348521,0.35592116330359885,
B11,0.2008230381512799,0.0,
cn12,0.20399994495182538,0.035205748674282056,
B54,0.5457855486143597,0.37904032965719037,
B51,0.3594664660530593,0.1390220888537116,
os4,0.5241152322459179,0.3670951410257504,
