,job680_scenario0_1472,
in27,0.11688945829104092,
B14,0.19338686238183278,
B11,0.15864342790177943,
cn12,0.0,
B54,0.2635876975613805,
B51,0.04668862311149313,
os4,0.18402584952743384,
