,job643_scenario0_1357,
in27,0.19020995558128706,
B14,0.08405915446855461,
B11,0.1970004950497618,
cn12,0.06366660451119843,
B54,0.17737915600169396,
B51,0.0,
os4,0.2637727714035516,
