,job225_scenario2_415,
in27,0.2786525483035189,
B14,0.5186707891069977,
B11,0.0,
cn12,0.1990907002695722,
B54,0.22884426308132727,
B51,0.0617534738536315,
os4,0.4688625038848061,
