,job689_scenario3_1509,job690_scenario2_1511,
in27,0.2663657202270856,0.15362462540162108,
B14,0.41306395949742514,0.37052369985150846,
B11,0.3632556742752336,0.07536947461062016,
cn12,0.15918739940493942,0.0,
B54,0.2663657202270856,0.21188027194972903,
B51,0.6032739150787124,0.010496338646290237,
os4,0.3246213667751936,0.37052369985150846,
