,job162_scenario3_309,job165_scenario4_313,job166_scenario4_314,
in27,0.7036291800348342,0.3218433441094884,0.7520715404942544,
B14,0.28846583439220647,0.0,0.0,
B11,0.7738300152143819,0.3920441792890362,0.4734189921907356,
cn12,0.6151865873126025,0.3369081948516267,0.37165162933167994,
B54,0.4249766317313152,0.4734189921907356,0.2334007513872567,
B51,0.8938391356161213,0.4734189921907356,0.5618615849129671,
os4,0.8938391356161213,0.5120532996907756,0.4734189921907356,
