,job405_scenario1_799,
in27,0.10350744346437002,
B14,0.20845171312397115,
B11,0.1586434279017795,
cn12,0.0,
B54,0.2400182408034789,
B51,0.1586434279017795,
os4,0.18176259425537095,
