,job358_scenario2_670,
in27,0.20718793698099247,
B14,0.7107938753458518,
B11,0.2956305297032241,
cn12,0.41047101067389113,
B54,0.7107938753458518,
B51,0.0,
os4,0.7809947105253996,
