,job167_scenario2_316,job169_scenario0_320,job170_scenario2_321,job171_scenario1_322,
in27,0.49281543571751263,0.23275021522720396,0.2261599215144719,0.2261599215144719,
B14,0.6514588636192921,0.10224475617917439,0.4800364816069576,0.1200091204017395,
B11,0.5314497432175527,0.21889189593819702,0.25508309154561715,0.24001824080347883,
cn12,0.451887895183606,0.09888277553645763,0.19020995558128723,0.16045639276953216,
B54,0.46124890803800495,0.05760511038805516,0.0,0.0,
B51,0.49281543571751263,0.35275933562894335,0.21332912193487874,0.179713616934997,
os4,0.8416688192005792,0.29245471176046156,0.5502373167865054,0.25508309154561715,
