,job276_scenario0_511,
in27,0.6941932349517357,
B14,0.5314436091483369,
B11,0.7163258655144062,
cn12,0.0,
B54,0.6310601795927202,
B51,0.8363349859161456,
os4,0.7609655113055255,
