,job546_scenario0_1100,
in27,0.0,
B14,0.38438201914051534,
B11,0.5194559902843932,
cn12,0.3705236998515084,
B54,0.33457373391832373,
B51,0.6394651106861324,
os4,0.13386743969074644,
