,job103_scenario0_199,job104_scenario1_200,
in27,0.5186707891069977,0.6457476893292693,
B14,0.21672602439763466,0.32390434521978095,
B11,0.0,0.1768851854444633,
cn12,0.3918711292367836,0.5573050966070376,
B54,0.6955559745514609,0.955966765312296,
B51,0.6318893700402624,0.6190585704606693,
os4,0.6071133818292294,0.7390676908624085,
