,job574_scenario2_1179,job575_scenario0_1180,
in27,0.36758911158298135,0.2538765600924858,
B14,0.5844881860328687,0.40934308119371976,
B11,0.444086515673773,0.28163773540717363,
cn12,0.3240773952720337,0.14040167035909568,
B54,0.16543396737025418,0.0,
B51,0.3804199111625745,0.3804199111625745,
os4,0.8245064268363475,0.34446994522938984,
