,job245_scenario2_457,
in27,0.19020995558128728,
B14,0.0,
B11,0.2484656021293951,
cn12,0.12845648172765567,
B54,0.08982217422761574,
B51,0.2319639251920257,
os4,0.6471272708346534,
