,job381_scenario3_737,
in27,0.14040167035909562,
B14,0.26041079076083506,
B11,0.22177648326079502,
cn12,0.10176736285905558,
B54,0.16352083671268708,
B51,0.0,
os4,0.22177648326079502,
