,job319_scenario2_597,job322_scenario0_603,
in27,0.4114406228158133,0.0,
B14,1.1203213675040982,0.4484699539274499,
B11,0.4430071504953209,0.007368625357331515,
cn12,0.7714679840210314,0.25508309154561715,
B54,1.0003122471023587,0.4800364816069576,
B51,0.8101022915210715,0.5502373167865053,
os4,1.1203213675040982,0.46886250388480605,
