,job281_scenario0_519,job282_scenario2_521,
in27,0.6309836841239302,0.5810747991206819,
B14,0.6640623311343914,0.9411021603259001,
B11,0.37652903814258754,0.4224313712189024,
cn12,0.0,0.10103831751372427,
B54,0.7297658598793311,0.7508922047446129,
B51,0.743624179168338,0.6624496120223813,
os4,0.5633104348981168,0.8210930399241607,
