,job686_scenario1_1500,
in27,0.3986616687052582,
B14,0.41516334564262763,
B11,0.3835968179631199,
cn12,0.3040349699291732,
B54,0.8138250143478859,
B51,0.19338686238183278,
os4,0.0,
