,job676_scenario1_1463,
in27,0.12000912040173944,
B14,0.27865254830351893,
B11,0.13825087794442326,
cn12,0.0,
B54,0.3284608335257105,
B51,0.0386343075000401,
os4,0.20845171312397115,
