,job915_scenario3_2385,
in27,0.09332000153313924,
B14,0.07020083517954778,
B11,0.24001824080347878,
cn12,0.07020083517954778,
B54,0.09332000153313924,
B51,0.0,
os4,0.15157564808124718,
