,job349_scenario1_659,
in27,0.3349950641940597,
B14,0.2786525483035188,
B11,0.12000912040173939,
cn12,0.27865254830351893,
B54,0.34885338348306666,
B51,0.0,
os4,0.3349950641940597,
