,job231_scenario2_427,
in27,0.2332277013350042,
B14,0.5573050966070378,
B11,0.24708602062401114,
cn12,0.15864342790177943,
B54,0.0,
B51,0.2084517131239711,
os4,0.007067779820532305,
