,job93_scenario1_172,job95_scenario3_175,job96_scenario1_180,
in27,0.9235970814574155,0.9355931052268598,0.41993982961076776,
B14,0.8218297185983598,1.125803060808147,0.48360643412196624,
B11,0.7581631140871614,1.0057939404064076,0.5039989840793224,
cn12,0.3466706458023099,0.390233197251262,0.0,
B54,0.8422222685557161,0.6253740292438332,0.4337981488997747,
B51,0.3649124033449938,0.6253740292438332,0.06844308847933855,
os4,0.46180235739314174,0.4555566236199022,0.12357907291674808,
