,job482_scenario0_949,job483_scenario0_951,
in27,0.08605197595686476,0.0,
B14,0.2930548390956861,0.1803137442702215,
B11,0.41306395949742536,0.2932550848514286,
cn12,0.47619701485644095,0.35666538056250174,
B54,0.696593916611852,0.5403411054754398,
B51,0.723283035480452,0.5966836213659805,
os4,0.47276845603068307,0.33188939235146864,
