,job818_scenario0_1940,
in27,0.22615992151447184,
B14,0.3102190759830266,
B11,0.25508309154561715,
cn12,0.10285286210672329,
B54,0.0,
B51,0.37509221194735654,
os4,0.2997227373367364,
