,job127_scenario2_242,
in27,0.0,
B14,0.12000912040173939,
B11,0.018241757542683756,
cn12,0.12000912040173939,
B54,0.27865254830351893,
B51,0.0,
os4,0.3986616687052582,
