,job183_scenario1_340,job188_scenario3_347,job189_scenario0_348,
in27,0.8702188437202152,0.6204381519660532,0.3954847619047127,
B14,0.4786249548354892,0.31021907598302667,0.0,
B11,0.6635072112015585,0.5502373167865053,0.19020995558128706,
cn12,0.7590904680067607,0.5502373167865053,0.24325453246581885,
B54,0.9586614364424468,0.5937490330974531,0.5154938823064521,
B51,0.6345840411704133,0.6204381519660531,0.31021907598302667,
os4,0.5101914825149969,0.4119864388420821,0.03156652767950774,
