,job1049_scenario2_3201,
in27,0.1828413302239556,
B14,0.3526587358478866,
B11,0.12770534578654613,
cn12,0.0,
B54,0.23264961544614726,
B51,0.08595137617580773,
os4,0.5428686914291738,
in4,0.04243965986486009,
B33,0.42285957102743443,
sh10,0.42285957102743443,
in22,0.16244878026659937,
