,job695_scenario4_1519,
in27,0.0,
B14,0.12000912040173939,
B11,0.3600273612052182,
cn12,0.2400182408034788,
B54,0.14312828675533085,
B51,0.2400182408034788,
os4,0.2898265260256704,
in4,0.2013839333034388,
B33,0.03594996593318467,
sh10,0.06487313596432992,
in22,0.4800364816069576,
