,job942_scenario1_2562,
in27,0.07400618754436777,
B14,0.06283220982221621,
B11,0.024197902322176112,
cn12,0.052335871175925974,
B54,0.23264961544614726,
B51,0.1828413302239556,
os4,0.08595137617580773,
in4,0.0,
B33,0.11264049504440782,
sh10,0.23264961544614726,
in22,0.11264049504440782,
