,job545_scenario0_1099,
in27,0.26041079076083495,
B14,0.3804199111625744,
B11,0.3064137236182066,
cn12,0.15864342790177943,
B54,0.3804199111625744,
B51,0.4506207463421222,
os4,0.3394923706286678,
in4,0.3488533834830667,
B33,0.0,
sh10,0.129227692636944,
in22,0.4051958993736075,
