,job637_scenario2_1341,
in27,0.08303163475914094,
B14,0.24846560212939506,
B11,0.08303163475914094,
cn12,0.0,
B54,0.2870999096294351,
B51,0.017328106014201206,
os4,0.4071090300311745,
in4,0.21689907444988732,
B33,0.19020995558128712,
sh10,0.33690819485162665,
in22,0.21689907444988732,
