,job595_scenario0_1227,
in27,0.13050545904802957,
B14,0.0603046238684819,
B11,0.1101129090906734,
cn12,0.0,
B54,0.22382546058116892,
B51,0.28208110712927675,
os4,0.2007062942275774,
in4,0.1803137442702213,
B33,0.22382546058116892,
sh10,0.28208110712927675,
in22,0.1803137442702213,
