,job824_scenario2_1972,
in27,0.19020995558128723,
B14,0.07020083517954778,
B11,0.0,
cn12,0.0,
B54,0.46886250388480605,
B51,0.0,
os4,0.2786525483035188,
in4,0.024775988211033106,
B33,0.13195430903317928,
sh10,0.07020083517954778,
in22,0.1586434279017795,
