,job335_scenario4_630,
in27,0.5502373167865054,
B14,0.5004290315643138,
B11,0.5004290315643138,
cn12,0.41636987709575907,
B54,0.6702464371882448,
B51,0.6204381519660532,
os4,0.5235481979179053,
in4,0.5235481979179053,
B33,0.0,
sh10,0.46179472406427374,
in22,0.5235481979179053,
