,job717_scenario0_1589,
in27,0.11664713975902263,
B14,0.20070629422757735,
B11,0.0977407496809084,
cn12,0.0,
B54,0.23665626016076202,
B51,0.02556118938842855,
os4,0.15362462540162114,
in4,0.20070629422757735,
B33,0.25051457944976896,
sh10,0.4407245350310562,
in22,0.21188027194972892,
