,job965_scenario2_2675,
in27,0.023119166353591514,
B14,0.2400182408034788,
B11,0.011173977722151562,
cn12,0.023119166353591514,
B54,0.2400182408034788,
B51,0.0,
os4,0.14312828675533085,
in4,0.16981740562393105,
B33,0.03594996593318467,
sh10,0.169817405623931,
in22,0.2400182408034788,
