,job218_scenario1_403,
in27,0.09688995404814787,
B14,0.24001824080347872,
B11,0.10806393177029944,
cn12,0.041753969610738406,
B54,0.38671648007381826,
B51,0.1617630900124778,
os4,0.24001824080347872,
in4,0.06713639123639281,
B33,0.0,
sh10,0.4569173152533661,
in22,0.24001824080347872,
