,job940_scenario2_2318,job941_scenario0_2325,job943_scenario0_2334,job945_scenario0_2342,job946_scenario4_2348,
in27,0.18367572491293793,0.013858319289006937,0.006790539468474743,0.028923170031145307,0.1489322904328847,
B14,0.28544308777199356,0.06366660451119865,0.13386743969074638,0.07356281582226454,0.444086515673773,
B11,0.12000912040173944,0.0,0.06366660451119865,0.021226944646338564,0.5640956360755124,
