,job1010_scenario1_2653,
in27,0.0,
B14,0.12000912040173939,
B11,0.5818038444660132,
