,job917_scenario0_2217,job919_scenario2_2227,job920_scenario0_2228,job921_scenario2_2229,job922_scenario0_2242,
in27,0.0,0.10038778135367155,0.04751505218832497,0.0884425927222316,0.030186946174123763,
B14,0.022132630562670563,0.5573050966070376,0.04751505218832497,0.43729597620529825,0.1132185809332647,
B11,0.03863430750003993,0.15864342790177938,0.0,0.15864342790177938,0.03863430750003993,
