,job364_scenario0_690,job366_scenario3_693,job369_scenario0_699,job370_scenario1_706,job371_scenario0_708,job372_scenario2_710,job374_scenario2_712,job376_scenario3_716,job378_scenario0_719,job379_scenario2_725,
in27,0.13507397114387776,0.2261599215144719,0.1129413405812072,0.25508309154561715,0.15157564808124713,0.19020995558128723,0.24001824080347883,0.43022819638476606,0.1129413405812072,0.21332912193487874,
B14,0.19020995558128723,0.25508309154561715,0.2898265260256704,0.19020995558128723,0.16045639276953216,0.391593888884726,0.3333382423366181,0.43022819638476606,0.13507397114387776,0.3102190759830266,
B11,0.023119166353591458,0.19020995558128723,0.04980828522219172,0.09332000153313935,0.0,0.19020995558128723,0.1200091204017395,0.169817405623931,0.023119166353591458,0.040447272367792775,
