,job518_scenario0_1061,job523_scenario0_1073,job531_scenario3_1092,job532_scenario2_1093,job535_scenario0_1098,job536_scenario0_1101,
in27,0.1101129090906734,0.10381634017942942,0.4020902275310162,0.26557943019190733,0.1378740844053612,0.08619403432746342,
B14,0.021670316368441744,0.0,0.30032286467196057,0.11011290909067328,0.021670316368441744,0.07536947461062016,
B11,0.08619403432746342,0.15362462540162114,0.680742775834535,0.23665626016076208,0.1803137442702213,0.12343767922749738,
