,job818_scenario0_1920,job819_scenario0_1921,job822_scenario0_1926,job823_scenario0_1928,job825_scenario0_1931,job826_scenario3_1939,job827_scenario4_1940,
in27,0.011945188631439896,0.05369915824217841,0.0,0.03156652767950774,0.038634307500040044,0.3488533834830667,0.31021907598302656,
B14,0.3893006558508594,0.41905421866261444,0.3986616687052583,0.4085578800163242,0.46886250388480605,0.6204381519660532,0.5888716242865455,
B11,0.35622200884039823,0.3417856036625344,0.3284608335257104,0.35622200884039823,0.35622200884039823,0.6590724594660933,0.7790815798678327,
