,job518_scenario0_1061,job523_scenario0_1073,job529_scenario1_1087,job530_scenario3_1089,
in27,0.4043387859257843,0.39804221701454034,0.5763069839643877,0.6963161043661271,
B14,0.31589619320355267,0.2942258768351109,0.4745396211053322,0.5945487415070715,
B11,0.0,0.06743059107415761,0.23452138030185332,0.31589619320355267,
