,job568_scenario3_1187,job570_scenario0_1189,job572_scenario4_1192,job573_scenario0_1196,job574_scenario1_1198,job575_scenario3_1199,
in27,0.5799908795982606,0.15713130857082613,0.42134745169648113,0.1426949033929623,0.21996351839304235,0.3630918051483732,
B14,0.2311374961151939,0.0,0.11112837571345446,0.07956184803394684,0.11112837571345446,0.38978092401697334,
B11,0.3013383312947417,0.12307356434489436,0.7,0.1426949033929623,0.3195800888374255,0.4599817591965212,
