,job229_scenario0_456,job232_scenario2_461,job233_scenario0_462,job240_scenario0_477,job241_scenario0_478,job242_scenario0_479,job245_scenario0_483,job247_scenario4_487,job248_scenario1_488,job250_scenario2_490,job251_scenario2_493,job252_scenario4_496,
in27,0.06743059107415761,0.19588707280181328,0.030453105431559324,0.04431142472056615,0.0,0.005677117220526107,0.05168005007789778,0.11451225990011393,0.16432054512230554,0.21412883034449715,0.19588707280181328,0.3545305007035927,
B14,0.22257619167041343,0.26121049917045347,0.18164865113650674,0.26121049917045347,0.17276790644822182,0.23452138030185343,0.17276790644822182,0.3545305007035927,0.22257619167041343,0.27627534991259184,0.4514204547517407,0.5012287399739324,
B11,0.38121961957219286,0.4745396211053322,0.44092411610545046,0.38121961957219286,0.4043387859257844,0.3962844703143312,0.3673613002831859,0.5162935907160706,0.5012287399739324,0.5510370251961239,0.7412469807774111,0.5714295751534801,
