,job598_scenario1_1247,job607_scenario3_1258,job610_scenario0_1262,job611_scenario2_1265,job613_scenario2_1271,job615_scenario2_1275,job617_scenario3_1278,job618_scenario3_1279,job619_scenario1_1281,job620_scenario2_1283,
in27,0.0813748129016994,0.3600273612052182,0.0,0.19020995558128723,0.15157564808124718,0.12000912040173944,0.31021907598302667,0.2400182408034789,0.12000912040173944,0.0813748129016994,
B14,0.15157564808124718,0.43022819638476606,0.0813748129016994,0.2715847684829866,0.169817405623931,0.2400182408034789,0.2715847684829866,0.1061508011127325,0.169817405623931,0.169817405623931,
B11,0.04980828522219172,0.2400182408034789,0.01506485074213837,0.169817405623931,0.1061508011127325,0.040447272367792775,0.43022819638476606,0.31021907598302667,0.1061508011127325,0.12000912040173944,
