,job644_scenario0_1338,job645_scenario0_1343,job649_scenario4_1356,job650_scenario0_1359,job652_scenario1_1361,job654_scenario1_1365,job655_scenario2_1366,
in27,0.2786525483035188,0.3261676004918438,0.3454248246573086,0.25903120925545087,0.4372959762052982,0.40572944852579046,0.35592116330359885,
B14,0.35592116330359885,0.37904032965719037,0.7159485245088171,0.31728685580355875,0.4990494500589297,0.47593028370533824,0.5573050966070376,
B11,0.007067779820532194,0.022132630562670563,0.4372959762052982,0.0,0.14214175096440995,0.12707690022227158,0.07726861500007998,
