,job1091_scenario3_3127,
in27,0.41251998799426515,
B14,0.6027299435755523,
B11,0.0,
