,job57_scenario2_114,job59_scenario1_118,job66_scenario0_131,job69_scenario2_144,job71_scenario1_150,
in27,0.1404016703590958,0.10176736285905563,0.0,0.17196819803860341,0.23372167189223503,
B14,0.38041991116257445,0.2808033407181913,0.2808033407181913,0.4821872740216301,0.36217815361989064,
B11,0.42393162747352214,0.27030700207190106,0.21797113089597508,0.29197731844034286,0.6408307019234095,
