,job350_scenario3_661,job351_scenario0_663,job356_scenario0_674,job357_scenario0_677,job360_scenario0_681,job361_scenario1_682,job362_scenario0_683,job363_scenario3_689,job364_scenario0_690,job365_scenario1_692,
in27,0.20039739751251784,0.08038827711077845,0.06532342636864008,0.08038827711077845,0.06532342636864008,0.17147422748137264,0.0,0.23514083199257108,0.08038827711077845,0.15864342790177943,
B14,0.2737751394926111,0.13552426154818786,0.2239668542704195,0.18533254677037947,0.16366223040193772,0.2737751394926111,0.13552426154818786,0.31728685580355875,0.1741585690482279,0.5341859302534462,
B11,0.5137933802960899,0.4253507875738583,0.4036804712054165,0.30534166717211886,0.3844232470399517,0.47904994581603666,0.3369081948516267,0.46398509507389835,0.36709514102575047,0.4501267757848914,
