,job101_scenario1_204,job104_scenario0_211,job106_scenario1_216,job107_scenario1_217,job109_scenario1_220,job111_scenario4_225,job112_scenario1_227,job113_scenario2_228,
in27,0.06630996215956098,0.0,0.07825515079100087,0.0910859503705942,0.025382421625654294,0.3449625104630799,0.025382421625654294,0.05513598443740941,
B14,0.25651991774084815,0.09787648983906871,0.2178856102408081,0.23612736778349197,0.25651991774084815,0.25651991774084815,0.23612736778349197,0.18631908256130036,
B11,0.4511133115758123,0.36002736120521817,0.46497163086481924,0.4511133115758123,0.5582916323979585,0.7751907068478459,0.46497163086481924,0.5351724660443671,
