,job610_scenario0_1262,job613_scenario2_1271,job615_scenario2_1275,job619_scenario1_1281,job620_scenario2_1283,job621_scenario1_1284,job622_scenario1_1285,job624_scenario1_1288,job625_scenario2_1289,job626_scenario1_1290,job627_scenario1_1291,
in27,0.0,0.15157564808124713,0.1200091204017395,0.1200091204017395,0.08137481290169934,0.10615080111273245,0.13507397114387776,0.169817405623931,0.13507397114387776,0.07020083517954778,0.169817405623931,
B14,0.08137481290169934,0.169817405623931,0.24001824080347883,0.169817405623931,0.169817405623931,0.24001824080347883,0.15157564808124713,0.1200091204017395,0.27158476848298657,0.169817405623931,0.13507397114387776,
B11,0.01506485074213837,0.10615080111273245,0.040447272367792775,0.10615080111273245,0.1200091204017395,0.15157564808124713,0.09332000153313935,0.27158476848298657,0.1200091204017395,0.3600273612052182,0.19020995558128723,
