,job12_scenario1_27,job19_scenario1_49,job21_scenario0_51,job22_scenario0_54,job23_scenario0_56,job24_scenario1_57,job26_scenario0_59,job27_scenario3_61,job28_scenario2_64,
in27,0.13891551047985362,0.09246920590037877,0.05588387572071263,0.0,0.09246920590037877,0.15277382976886067,0.03276470936712106,0.2460938313019999,0.11413952226882051,
B14,0.436303786883287,0.41318462052969557,0.32912546606114085,0.3429837853501478,0.30434947785010774,0.3162946664815477,0.23034329030573997,0.6532028613331744,0.3429837853501478,
B11,0.39279207057233934,0.3580486360922861,0.27278295017060006,0.1786632402278422,0.27278295017060006,0.30434947785010774,0.2380395156905467,0.7732119817349138,0.41318462052969557,
