,job193_scenario0_378,job194_scenario0_380,job198_scenario0_387,job200_scenario1_390,job204_scenario0_399,job206_scenario1_402,job207_scenario0_406,job208_scenario2_407,job209_scenario1_408,job210_scenario1_410,job211_scenario2_414,
in27,0.0,0.038634307500040044,0.005869598132918874,0.09833880403329764,0.04600293285737167,0.19020995558128723,0.038634307500040044,0.19020995558128723,0.19020995558128723,0.12000912040173944,0.12000912040173944,
B14,0.1319543090331794,0.024775988211033106,0.1586434279017795,0.10883514267958788,0.1319543090331794,0.19020995558128723,0.07908157986783282,0.27865254830351893,0.20845171312397104,0.39866166870525827,0.4688625038848061,
B11,0.018241757542683867,0.05369915824217841,0.09833880403329764,0.1586434279017795,0.08844259272223176,0.14478510861277255,0.04600293285737167,0.08844259272223176,0.25196342943491873,0.3488533834830667,0.14478510861277255,
