,job30_scenario0_70,job33_scenario2_77,job35_scenario0_80,job37_scenario0_82,job40_scenario0_87,job42_scenario1_90,job43_scenario0_94,job47_scenario0_98,job49_scenario0_101,job50_scenario1_103,job51_scenario1_106,job52_scenario1_107,
in27,0.030453105431559324,0.11451225990011393,0.05937627546270452,0.023918874763210085,0.08475869708835881,0.1504622258332987,0.017622305851966003,0.0,0.04431142472056615,0.16432054512230554,0.1376314262537054,0.19588707280181328,
B14,0.4359053136052921,0.50610614878484,0.3474627208830605,0.3949777730713855,0.4142349972368503,0.48960447184747047,0.38609702838310045,0.4359053136052921,0.48960447184747047,0.44785050223673206,0.6647495766866194,0.4606813018163252,
B11,0.3545305007035927,0.4359053136052921,0.32784138183499256,0.3474627208830605,0.3949777730713855,0.5243479063275237,0.32784138183499256,0.42473133588314055,0.3776496670571843,0.5243479063275237,0.48960447184747047,0.50610614878484,
