,job589_scenario0_1225,job591_scenario0_1231,job592_scenario0_1233,job598_scenario1_1247,job601_scenario1_1250,job606_scenario2_1257,job607_scenario3_1258,job608_scenario3_1259,job609_scenario4_1260,job610_scenario0_1262,
in27,0.01154671535344498,0.0,0.06743059107415761,0.1256862376222655,0.16432054512230565,0.16432054512230565,0.40433878592578437,0.25764054665544484,0.19588707280181328,0.04431142472056615,
B14,0.1874397114758971,0.23452138030185338,0.19588707280181328,0.3158961932035527,0.2993945162661833,0.5243479063275238,0.5945487415070716,0.5243479063275238,0.284329665524045,0.24569535802400494,
B11,0.08475869708835893,0.05937627546270452,0.037243644900033956,0.09411970994275787,0.1793853958644439,0.19588707280181328,0.284329665524045,0.25764054665544484,0.40433878592578437,0.05937627546270452,
