,job179_scenario0_356,job183_scenario1_360,job186_scenario0_365,job189_scenario0_368,job192_scenario1_377,job193_scenario0_378,job194_scenario0_380,job195_scenario1_384,job198_scenario0_387,job200_scenario1_390,job201_scenario3_391,job203_scenario1_394,
in27,0.32354384611985043,0.4656855970842604,0.29784691657326146,0.345676476682521,0.4821872740216298,0.2919773184403426,0.3306116259403826,0.5208215815216699,0.29784691657326146,0.3903161224736402,0.4821872740216298,0.40081246111993046,
B14,0.40081246111993046,0.5004290315643136,0.4821872740216298,0.423931627473522,0.4656855970842604,0.423931627473522,0.3167533066513757,0.5439407478752614,0.45062074634212207,0.40081246111993046,0.4821872740216298,0.4656855970842604,
B11,0.020392549957356065,0.1719681980386032,0.020392549957356065,0.020392549957356065,0.12654335107008863,0.0,0.035457400699494435,0.19020995558128706,0.08009704649061367,0.14040167035909545,0.19020995558128706,0.08009704649061367,
