,job665_scenario0_1394,job670_scenario0_1407,job676_scenario2_1430,
in27,0.0,0.027761175314687803,0.043511716310947746,
B14,0.605373301223915,0.6755741364034626,1.1058023327882287,
B11,0.15690334729646505,0.21865682115009655,0.4671224232794916,
