,job558_scenario0_1152,job568_scenario3_1187,job569_scenario2_1188,job570_scenario0_1189,job571_scenario4_1190,
in27,0.0,0.430228196384766,0.10615080111273256,0.007368625357331626,0.12000912040173939,
B14,0.049808285222191606,0.2715847684829865,0.31021907598302656,0.040447272367792664,0.31021907598302656,
B11,0.3298404150310945,0.4884838429328739,0.6471272708346534,0.31021907598302656,0.6471272708346534,
