,job535_scenario0_1098,job538_scenario0_1105,job540_scenario0_1109,job541_scenario0_1110,job543_scenario2_1113,job547_scenario0_1120,job548_scenario2_1121,job549_scenario2_1129,
in27,0.04600293285737167,0.0,0.005869598132918874,0.03156652767950785,0.1319543090331794,0.05369915824217841,0.15864342790177954,0.1319543090331794,
B14,0.24001824080347883,0.26479422901451194,0.26479422901451194,0.19020995558128717,0.4688625038848061,0.20845171312397115,0.5888716242865455,0.3719725498366581,
B11,0.20845171312397115,0.1737082786439178,0.20845171312397115,0.16601205325911106,0.2519634294349188,0.1737082786439178,0.3102190759830266,0.3986616687052583,
