,job964_scenario3_2444,
in27,0.0,
B14,0.8640263452845407,
B11,0.2253464357758036,
