,job1053_scenario2_2855,job1054_scenario2_2856,
in27,0.04175396961073852,0.0,
B14,0.5769264356551056,0.7671363912363928,
B11,0.2982738873515867,0.3684747225311345,
