,job956_scenario3_2410,job957_scenario1_2420,job958_scenario3_2421,
in27,0.5186707891069977,0.4484699539274498,0.4137265194473966,
B14,0.08844259272223165,0.0,0.39866166870525827,
B11,0.3600273612052182,0.25825999834616253,0.5186707891069977,
