,job613_scenario2_1271,job615_scenario2_1275,job619_scenario1_1281,job620_scenario2_1283,job621_scenario1_1284,job622_scenario1_1285,job628_scenario1_1292,job630_scenario0_1294,job631_scenario0_1295,job632_scenario1_1305,
in27,0.2421690332181512,0.21060250553864357,0.21060250553864357,0.17196819803860341,0.19674418624963652,0.22566735628078183,0.19674418624963652,0.10565823587904244,0.0702008351795479,0.26041079076083506,
B14,0.38041991116257445,0.45062074634212235,0.38041991116257445,0.38041991116257445,0.45062074634212235,0.36217815361989064,0.38041991116257445,0.29197731844034286,0.2604107907608352,0.3039225070717828,
B11,0.12654335107008874,0.06083982232514895,0.12654335107008874,0.1404016703590958,0.17196819803860341,0.11371255149049553,0.10176736285905563,0.020392549957356176,0.0,0.17196819803860341,
