,job1032_scenario1_2759,job1034_scenario1_2773,job1035_scenario2_2775,job1036_scenario0_2776,
in27,0.12845648172765567,0.19020995558128717,0.0830316347591411,0.0,
B14,0.2555333819499275,0.3053416671721191,0.3755425023516668,0.10577069873643286,
B11,0.36168418306265987,0.42535078757385836,0.3755425023516668,0.27865254830351893,
