,job721_scenario0_1640,job725_scenario1_1650,job727_scenario0_1653,job728_scenario3_1658,job729_scenario3_1659,
in27,0.0,0.1447851086127726,0.038634307500040044,0.2519634294349187,0.5888716242865455,
B14,0.08038827711077856,0.3053416671721191,0.15864342790177943,0.37554250235166686,0.42535078757385847,
B11,0.4159897747194595,0.565752457932954,0.3829111277089984,0.6471272708346534,0.735569863556885,
