,job1048_scenario2_2833,
in27,0.4302281963847659,
B14,0.5640956360755123,
B11,0.0,
