,job557_scenario1_1151,job558_scenario0_1152,job561_scenario4_1170,job562_scenario3_1171,
in27,0.10615080111273256,0.0,0.169817405623931,0.169817405623931,
B14,0.24001824080347878,0.09961657044438321,0.24001824080347878,0.24001824080347878,
B11,0.5116030092864654,0.35295958138468597,0.9102646779917236,0.6702464371882448,
