,job78_scenario1_165,job79_scenario1_167,job81_scenario0_173,job82_scenario2_174,job83_scenario1_175,
in27,0.35013114989415217,0.27363374580336053,0.1876823696275528,0.2301220294924129,0.3003228646719606,
B14,0.1803137442702213,0.13050545904802957,0.0,0.1803137442702213,0.49053282025324785,
B11,0.3705236998515084,0.3705236998515084,0.1876823696275528,0.31538771541409893,0.2616885571719206,
