,job1105_scenario3_3213,job1106_scenario4_3215,
in27,0.0,0.018241757542683867,
B14,0.3017717146571103,0.32846083352571054,
B11,0.32846083352571054,0.08844259272223165,
