,job471_scenario2_955,job473_scenario3_960,job476_scenario0_967,job477_scenario3_968,job479_scenario2_974,
in27,0.1404016703590955,0.31021907598302656,0.1404016703590955,0.4302281963847659,0.20527480632342543,
B14,0.31021907598302656,0.3417856036625343,0.16352083671268702,0.38041991116257434,0.20527480632342543,
B11,0.07020083517954778,0.19020995558128712,0.0,0.12000912040173928,0.03156652767950763,
