,job949_scenario1_2371,
in27,0.12845648172765567,
B14,0.00844736132591628,
B11,0.0,
