,job630_scenario0_1294,job631_scenario0_1295,job634_scenario0_1311,job635_scenario0_1313,job636_scenario3_1314,job638_scenario1_1326,
in27,0.035457400699494435,0.0,0.035457400699494435,0.01332477013682376,0.26041079076083495,0.12654335107008863,
B14,0.2919773184403426,0.26041079076083495,0.2919773184403426,0.1967441862496363,0.5208215815216699,0.280803340718191,
B11,0.3306116259403826,0.31021907598302645,0.3306116259403826,0.38041991116257434,0.6021963944233693,0.6021963944233693,
