,job232_scenario2_461,job233_scenario0_462,job240_scenario0_477,job241_scenario0_478,job242_scenario0_479,job245_scenario0_483,job247_scenario4_487,job248_scenario1_488,job250_scenario2_490,job251_scenario2_493,job252_scenario4_496,job253_scenario1_497,job254_scenario3_498,
in27,0.1958870728018134,0.030453105431559324,0.04431142472056626,0.0,0.005677117220526218,0.05168005007789778,0.11451225990011404,0.16432054512230565,0.21412883034449726,0.1958870728018134,0.3545305007035928,0.23452138030185343,0.5945487415070717,
B14,0.3229639730240852,0.24340212499013847,0.3229639730240852,0.23452138030185343,0.29627485415548505,0.23452138030185343,0.4162839745572244,0.28432966552404504,0.33802882376622345,0.5131739286053723,0.562982213827564,0.2731556878018935,0.3727722582462767,
B11,0.41628397455722443,0.3826684695573427,0.3229639730240851,0.34608313937767665,0.33802882376622345,0.30910565373507815,0.45803794416796284,0.4429730934258245,0.4927813786480161,0.6829913342293032,0.5131739286053723,0.562982213827564,0.8732012898105905,
