,job356_scenario0_674,job357_scenario0_677,job360_scenario0_681,job361_scenario1_682,job362_scenario0_683,job364_scenario0_690,job366_scenario3_693,job367_scenario2_695,job369_scenario0_699,job370_scenario1_706,job371_scenario0_708,
in27,0.06532342636864019,0.08038827711077856,0.06532342636864019,0.17147422748137264,0.0,0.08038827711077856,0.17147422748137264,0.15864342790177954,0.05825564654810789,0.20039739751251795,0.09688995404814793,
B14,0.4253507875738584,0.38671648007381837,0.36504616370537657,0.47515907279604996,0.3369081948516267,0.3755425023516668,0.4404156383159967,0.45691731525336615,0.47515907279604996,0.3755425023516668,0.34578893953991174,
B11,0.36504616370537657,0.2667073596720789,0.34578893953991174,0.4404156383159967,0.2982738873515868,0.32846083352571054,0.4955516227534062,0.5186707891069977,0.3551499523943107,0.3986616687052583,0.30534166717211897,
