,job198_scenario0_387,job200_scenario1_390,job204_scenario0_399,job207_scenario0_406,job208_scenario2_407,job213_scenario0_416,job214_scenario3_417,job215_scenario1_422,
in27,0.07987578567728659,0.17234499157766536,0.12000912040173939,0.11264049504440765,0.2642161431256549,0.08595137617580761,0.47266785624962593,0.23264961544614726,
B14,0.30285045062569504,0.2530421654035033,0.2761613317570949,0.22328860259174832,0.4228595710274344,0.3344169783052027,0.4544260987069421,0.37305128580524277,
B11,0.052335871175925974,0.11264049504440776,0.04243965986485998,0.0,0.04243965986485998,0.015750540996259832,0.30285045062569504,0.11264049504440776,
