,job35_scenario0_80,job37_scenario0_82,job40_scenario0_87,job43_scenario0_94,job47_scenario0_98,job49_scenario0_101,job50_scenario1_103,job52_scenario1_107,job53_scenario0_108,job54_scenario3_109,job56_scenario1_113,job57_scenario2_114,job58_scenario3_116,job59_scenario1_118,
in27,0.3007851788661894,0.26532777816669484,0.3261676004918438,0.25903120925545087,0.24140890340348486,0.285720328124051,0.40572944852579046,0.4372959762052982,0.3261676004918438,0.4372959762052982,0.40572944852579046,0.40572944852579046,0.5257385689275299,0.3670951410257504,
B14,0.0,0.04751505218832497,0.06677227635378968,0.03863430750003993,0.08844259272223154,0.14214175096440995,0.10038778135367155,0.11321858093326476,0.10038778135367155,0.1768851854444632,0.11321858093326476,0.1768851854444632,0.2786525483035188,0.07726861500007998,
B11,0.25903120925545087,0.2786525483035188,0.3261676004918438,0.25903120925545087,0.35592116330359885,0.3088394944776426,0.455537733747982,0.4372959762052982,0.2786525483035188,0.8359576449105565,0.47593028370533824,0.4990494500589297,0.7159485245088171,0.3454248246573086,
