,job341_scenario1_646,job342_scenario0_650,job350_scenario3_661,job351_scenario0_663,job355_scenario1_668,job356_scenario0_674,job357_scenario0_677,job358_scenario2_679,job359_scenario3_680,job360_scenario0_681,
in27,0.12000912040173939,0.0,0.1617630900124779,0.04175396961073852,0.12000912040173939,0.026689118868600148,0.04175396961073852,0.21689907444988732,0.24001824080347878,0.026689118868600148,
B14,0.2319639251920257,0.1119548047902863,0.2667073596720789,0.12845648172765567,0.31021907598302656,0.21689907444988732,0.17826476694984728,0.24846560212939506,0.36847472253113445,0.15659445058140553,
B11,0.26670735967207904,0.14669823927033943,0.3165156448942704,0.22807305217203888,0.24001824080347878,0.20640273580359714,0.10806393177029949,0.20640273580359714,0.5067256004755577,0.1871455116381322,
