,job360_scenario0_681,job362_scenario0_683,job364_scenario0_690,job366_scenario3_693,job369_scenario0_699,job370_scenario1_706,job371_scenario0_708,job372_scenario2_710,job374_scenario2_712,job375_scenario1_714,job376_scenario3_716,job377_scenario4_717,job378_scenario0_719,
in27,0.06532342636864008,0.0,0.08038827711077845,0.17147422748137264,0.05825564654810789,0.20039739751251784,0.09688995404814782,0.13552426154818786,0.18533254677037947,0.14669823927033943,0.37554250235166664,0.30534166717211886,0.05825564654810789,
B14,0.4036804712054165,0.37554250235166664,0.41417680985170674,0.47904994581603666,0.5137933802960899,0.41417680985170674,0.3844232470399517,0.6155607431551455,0.5573050966070376,0.4501267757848914,0.6541950506551856,0.7040033358773772,0.35904082541429727,
B11,0.3844232470399517,0.3369081948516267,0.36709514102575047,0.5341859302534462,0.3937842598943506,0.43729597620529825,0.3439759746721589,0.5341859302534462,0.46398509507389835,0.5839942154756378,0.5137933802960899,0.5839942154756378,0.36709514102575047,
