,job408_scenario2_796,job409_scenario2_798,job411_scenario1_801,job413_scenario1_804,job415_scenario1_807,job417_scenario0_815,job420_scenario0_820,job421_scenario1_828,
in27,0.13891551047985384,0.16783868051099904,0.12608471090026052,0.10296554454666906,0.12608471090026052,0.0,0.0,0.20258211499105228,
B14,0.28561374975019327,0.4194811894409397,0.2496637838170086,0.3492803542613917,0.27278295017060006,0.23916744517071842,0.27278295017060006,0.3696729042187481,
B11,0.5212485522999952,0.5598828598000352,0.46299290575188734,0.4510477171204474,0.48968202462048743,0.38473775496088636,0.369672904218748,0.5212485522999952,
