,job287_scenario3_546,job288_scenario1_547,job289_scenario2_549,job290_scenario0_552,
in27,1.025705286297615,0.595477089912849,0.5351724660443672,0.4550754195537534,
B14,0.8354953307163278,0.7154862103145885,0.6887970914459882,0.556842782412809,
B11,0.4151633456426278,0.1200091204017395,0.13651079733910887,0.0,
cn12,0.6270436175923568,0.5070344971906173,0.49858713586470116,0.3383025908143541,
B54,0.6452853751350406,0.7470527379940962,0.7470527379940962,0.595477089912849,
