,job750_scenario3_1613,
in27,0.0,
B14,0.7875289411937489,
B11,0.26885815208675123,
cn12,0.5706298667438616,
B54,0.31866643730894284,
