,job766_scenario0_1665,job767_scenario1_1667,
in27,0.17058861653321944,0.3670951410257506,
B14,0.19522875808144557,0.32573421712947526,
B11,0.0,0.22039690175541105,
cn12,0.39378425989435073,0.5746332026212391,
B54,0.669259901397324,0.8942132914586645,
