,job145_scenario1_302,job147_scenario1_310,job149_scenario1_312,job150_scenario1_314,job151_scenario3_315,
in27,0.34496251046307985,0.3063282029630398,0.34496251046307985,0.36002736120521817,0.5351724660443671,
B14,0.4382825119962191,0.3947707956852714,0.49653815854432704,0.3947707956852714,0.5849807512665586,
B11,0.25651991774084815,0.29515422524088825,0.274761675283532,0.24001824080347878,0.29515422524088825,
cn12,0.24001824080347878,0.2249533900613404,0.284657886594598,0.2654006624291332,0.3947707956852714,
B54,0.049808285222191606,0.023119166353591458,0.24001824080347878,0.12000912040173939,0.0,
