,job583_scenario2_1182,job586_scenario3_1186,job588_scenario0_1191,
in27,0.420695335811182,0.5673935750815216,0.32030755445751047,
B14,0.6375944102610693,0.6874026954832608,0.40875014717974206,
B11,0.49719273990197366,0.8776126510645481,0.34244018502018103,
cn12,0.1968698752300131,0.3069827843206864,0.0,
B54,0.6874026954832608,0.5989601027610293,0.40875014717974206,
