,job631_scenario0_1308,job633_scenario0_1312,job634_scenario1_1314,job635_scenario2_1316,job636_scenario0_1319,job637_scenario2_1320,job638_scenario1_1321,job639_scenario4_1324,
in27,0.49123377895509446,0.5036059383648595,0.617318489855355,0.6590724594660934,0.5101401690332087,0.644007608723955,0.617318489855355,0.6755741364034629,
B14,0.39349302927418606,0.4271085342740677,0.5239984883222157,0.5471176546758072,0.3653550604204362,0.5471176546758072,0.5036059383648593,0.6053733012239151,
B11,0.5239984883222156,0.539063339064354,0.6938158939461466,0.6755741364034629,0.539063339064354,0.7142084439035028,0.7142084439035028,0.8342175643052423,
cn12,0.01650167693736959,0.0,0.193386862381833,0.20328307369289866,0.0,0.20328307369289866,0.1509472025169729,0.33378853274092846,
B54,0.45379765314266796,0.45379765314266796,0.5036059383648593,0.5239984883222157,0.40398936792047624,0.5471176546758072,0.5738067735444073,0.6938158939461466,
