,job174_scenario0_359,job177_scenario0_364,job181_scenario1_368,job183_scenario1_371,job185_scenario0_374,job187_scenario1_379,
in27,0.07956184803394684,0.07956184803394684,0.18132921089300236,0.23502836913518077,0.0928866181707706,0.25153004607255014,
B14,0.4599817591965212,0.42134745169648113,0.6297991648204523,0.5595983296409043,0.43022819638476606,0.7,
B11,0.5799908795982606,0.5729230997777284,0.7150648507421383,0.7702008351795477,0.5873595049555922,0.6733108811313999,
cn12,0.015895243522748403,0.009361012854399053,0.164827533955633,0.19957096843568622,0.0,0.19957096843568622,
B54,0.36309180514837325,0.3781566558905116,0.48310092555011264,0.5146674532296204,0.3492334858593664,0.5533017607296604,
