,job339_scenario3_646,job340_scenario1_648,job341_scenario3_650,job342_scenario1_652,job343_scenario3_653,
in27,0.19020995558128717,0.024775988211033217,0.15864342790177943,0.0,0.15864342790177943,
B14,0.5684790743291892,0.4800364816069576,0.5186707891069977,0.3986616687052583,0.638679909508737,
B11,0.6702464371882448,0.49198167023839756,0.7088807446882849,0.5888716242865455,0.7088807446882849,
cn12,0.5502373167865053,0.4137265194473966,0.7586890299104765,0.43022819638476595,0.5684790743291892,
B54,0.5888716242865455,0.7088807446882849,0.611990790640137,0.7088807446882849,0.611990790640137,
