,job692_scenario0_1462,job693_scenario4_1465,job694_scenario1_1466,job695_scenario4_1468,
in27,0.0,0.19826427119274026,0.07825515079100098,0.1751451048391488,
B14,0.36973849867411296,0.5036059383648593,0.41516334564262763,0.5738067735444071,
B11,0.2709563229187121,0.6236150587665987,0.4537976531426677,0.5738067735444071,
cn12,0.003176906800545498,0.3337885327409283,0.18402584952743384,0.2786525483035188,
B54,0.3337885327409283,0.5351724660443671,0.5036059383648593,0.47691681949625914,
