,job488_scenario0_954,job494_scenario0_969,job495_scenario3_971,job497_scenario1_973,job498_scenario0_974,
in27,0.012372159409764882,0.0,0.30434947785010774,0.1260847109002604,0.03276470936712106,
B14,0.2931755001279562,0.3162946664815477,0.436303786883287,0.39279207057233934,0.30434947785010774,
B11,0.23034329030573997,0.22297466494840834,0.5830020261536266,0.3580486360922861,0.2380395156905467,
cn12,0.08910722525766201,0.0762764256780687,0.436303786883287,0.2634219373162011,0.09246920590037877,
B54,0.3162946664815477,0.3429837853501478,0.39279207057233934,0.5830020261536266,0.3162946664815477,
