,job519_scenario3_1023,job522_scenario2_1029,job524_scenario0_1036,job525_scenario0_1039,
in27,0.6258491099291437,0.46720568202736423,0.29523748398876093,0.3156300339461171,
B14,0.6525382287977439,0.5325291083960044,0.28201452894623547,0.3036848453146772,
B11,1.0827664251825098,0.7876121999416216,0.6321456788403876,0.6454704489772116,
cn12,0.2538765600924856,0.2538765600924856,0.0,0.010288366773998137,
B54,0.8658673507326224,1.0827664251825098,0.7876121999416216,0.7227390639772917,
