,job720_scenario1_1534,job723_scenario2_1538,job724_scenario2_1540,
in27,0.0830316347591411,0.09688995404814804,0.070200835179548,
B14,0.758255646548108,0.796889954048148,0.8466982392703395,
B11,0.36666175766338194,0.29646092248383416,0.34626920770602576,
cn12,0.0,0.047081668825956435,0.008447361325916392,
B54,0.7266891188686002,1.0369081948516268,0.758255646548108,
