,job768_scenario2_1668,job771_scenario1_1678,job772_scenario2_1679,
in27,0.4151633456426277,0.40130502635362086,0.40130502635362086,
B14,0.9920897812977332,0.7836380681737622,0.9920897812977332,
B11,0.4032181570111878,0.357793310042673,0.4032181570111878,
cn12,0.0080543156114532,0.0,0.03474343448005346,
B54,1.062290616477281,0.9036471885755016,0.8222723756738022,
