,job758_scenario1_1643,
in27,0.2414550669987099,
B14,0.40009849490048943,
B11,0.02621281440626433,
cn12,0.0,
B54,0.7601258561057076,
