,job378_scenario1_716,job384_scenario1_726,job386_scenario4_733,
in27,0.028923170031145307,0.0,0.13386743969074633,
B14,0.5325291083960046,0.5325291083960046,0.5640956360755123,
B11,0.5058399895274044,0.482720823173813,0.5640956360755123,
cn12,0.08405915446855472,0.08405915446855472,0.2040682748702941,
B54,0.6258491099291439,0.652538228797744,0.6841047564772518,
