,job94_scenario0_188,job98_scenario0_193,job102_scenario2_199,job103_scenario3_201,
in27,0.5834606663234546,0.5645542762453404,0.6906389871456009,0.8106481075473402,
B14,0.6906389871456009,0.6675198207920094,0.8373372264159404,0.9075380615954882,
B11,0.08982217422761551,0.11195480479028608,0.2168990744498872,0.36847472253113434,
cn12,0.006534230668349128,0.0,0.2217764832607948,0.2919773184403426,
B54,0.7323929567563393,0.6675198207920094,0.9075380615954882,0.7875289411937487,
