,job419_scenario2_825,
in27,0.19020995558128723,
B14,0.0,
B11,0.2538765600924857,
cn12,0.15425998964810256,
B54,0.17737915600169402,
