,job576_scenario4_1161,
in27,0.24001824080347867,
B14,0.3417856036625343,
B11,0.38041991116257434,
cn12,0.22177648326079485,
B54,0.0,
