,job84_scenario0_170,job85_scenario0_171,job86_scenario1_174,job89_scenario1_177,job90_scenario3_179,job92_scenario0_181,job93_scenario1_182,
in27,0.41785603697500084,0.450620746342122,0.5103252428753796,0.5856947174859998,0.6906389871456009,0.43022819638476584,0.5856947174859998,
B14,0.5208215815216699,0.5319955592438215,0.6408307019234092,0.7608398223251487,0.8808489427268881,0.5103252428753796,0.6639498682770006,
B11,0.14777029571642708,0.14777029571642708,0.31021907598302645,0.2919773184403426,0.41198643884208197,0.1719681980386032,0.2754756415029732,
cn12,0.003236291662339963,0.009896211311065883,0.20010616689235305,0.15546652110123382,0.31021907598302645,0.0,0.18084894272688812,
B54,0.5319955592438215,0.5856947174859998,0.6906389871456009,0.7608398223251487,0.6639498682770006,0.5103252428753796,0.7222055148251086,
