,job519_scenario3_1023,job522_scenario2_1029,job524_scenario0_1036,
in27,0.5882935383976885,0.42965011049590907,0.25768191245730576,
B14,0.6381018236198801,0.5180927032181407,0.26757812376837165,
B11,0.9869552071029468,0.6918009818620585,0.5363344607608246,
cn12,0.2538765600924858,0.2538765600924858,0.0,
B54,0.6998552974735117,0.916754371923399,0.6216001466825107,
