,job485_scenario0_948,job488_scenario0_954,job492_scenario1_966,job493_scenario2_968,
in27,0.36332530021122733,0.3567910695428781,0.5470010251241653,0.512257590644112,
B14,0.45855843240193367,0.4473844546797821,0.512257590644112,0.7372109807054525,
B11,0.37718361950023427,0.3845522448575659,0.5287592675814814,0.5470010251241653,
cn12,0.0,0.003297939006009276,0.17761265106454815,0.16028454505034695,
B54,0.17311534462994027,0.16028454505034695,0.2571744990984949,0.28029366545208634,
