,job389_scenario2_744,job390_scenario4_745,
in27,0.0,0.14312828675533085,
B14,0.7200547224104364,0.561411294508657,
B11,0.5298447668291493,0.5298447668291493,
cn12,0.38314652755880974,0.4800364816069576,
B54,0.561411294508657,0.8400638428121758,
