,job694_scenario1_1466,job695_scenario4_1468,job698_scenario2_1471,
in27,0.3897809240169733,0.48667087806512116,0.4026117235965664,
B14,0.16938402226156224,0.32802745016334167,0.3778357353855333,
B11,0.48667087806512116,0.6066799984668605,0.3897809240169733,
cn12,0.0,0.0946266987760851,0.05287272916534658,
B54,0.6564882836890522,0.629799164820452,0.7764974040907915,
