,job50_scenario2_96,
in27,0.19020995558128717,
B14,0.6609855901236602,
B11,0.5907847549441123,
cn12,0.0,
B54,0.731186425303208,
