,job508_scenario3_996,job511_scenario0_1003,job512_scenario4_1005,job513_scenario1_1006,job514_scenario0_1008,
in27,0.5640956360755123,0.20956513537191945,0.4236939657164166,0.4236939657164166,0.21524225259244556,
B14,0.5254613285754722,0.32407739527203344,0.6139039212977038,0.4236939657164166,0.335251372994185,
B11,0.49389480089596444,0.13386743969074621,0.6841047564772517,0.3471965616256249,0.14893229043288458,
cn12,0.3471965616256249,0.010288366773998137,0.3036848453146772,0.16543396737025395,0.0,
B54,0.21524225259244556,0.15698660604433767,0.49389480089596444,0.4236939657164166,0.13386743969074621,
