,job453_scenario1_886,job457_scenario4_894,job459_scenario0_899,
in27,0.11321858093326476,0.22039690175541093,0.0,
B14,0.5573050966070376,0.6190585704606693,0.4461767208935833,
B11,0.6955559745514609,0.8359576449105566,0.5488577352811215,
cn12,0.3586477796998342,0.48710426142748986,0.19836323464948724,
B54,0.2718620088350443,0.3918711292367836,0.18780285436648947,
