,job74_scenario2_157,job76_scenario0_160,job78_scenario4_164,job82_scenario0_168,job83_scenario2_169,job84_scenario0_170,job85_scenario0_171,
in27,0.09246920590037866,0.012372159409764993,0.27278295017059995,0.012372159409764993,0.1260847109002604,0.0,0.03276470936712106,
B14,0.6826185965980097,0.5278660417162171,0.8230202669571054,0.6189519920868112,0.7261303129089574,0.5830020261536266,0.5941760038757782,
B11,0.4741668834740387,0.40016069592967096,0.7528194317775576,0.4159112369259308,0.5626094761962703,0.40016069592967096,0.40016069592967096,
cn12,0.5626094761962704,0.37563581227732323,0.6826185965980097,0.38229573192604915,0.5443677186535865,0.37563581227732323,0.38229573192604915,
B54,0.7030111465553659,0.6189519920868112,0.7528194317775576,0.6478751621179565,0.8230202669571054,0.5941760038757782,0.6478751621179565,
