,job546_scenario2_1090,job547_scenario2_1091,job548_scenario0_1092,
in27,0.14893229043288458,0.13386743969074621,0.0,
B14,0.5254613285754721,0.5254613285754721,0.3240773952720334,
B11,0.3240773952720334,0.28544308777199334,0.13386743969074621,
cn12,0.3240773952720334,0.3135810566257432,0.12000912040173939,
B54,0.804113876878991,0.7339130416994433,0.5752696137976638,
