,job339_scenario3_646,job343_scenario3_653,job346_scenario3_660,
in27,0.05825564654810789,0.026689118868600148,0.0,
B14,0.5271181504329139,0.5973189856124618,0.4773098652107224,
B11,0.43867555771068234,0.4773098652107224,0.43867555771068234,
cn12,0.3186664373089429,0.3369081948516267,0.3369081948516267,
B54,0.23729162440724355,0.260410790760835,0.23729162440724355,
