,job37_scenario1_77,job44_scenario1_89,job45_scenario2_90,job46_scenario3_91,job48_scenario2_94,job50_scenario2_96,
in27,0.0,0.038634307500040044,0.038634307500040044,0.15864342790177954,0.08844259272223165,0.024775988211033106,
B14,0.3284608335257104,0.43022819638476606,0.3719725498366581,0.3719725498366581,0.43022819638476606,0.3986616687052583,
B11,0.22884426308132727,0.19020995558128717,0.19020995558128717,0.39866166870525827,0.1319543090331794,0.20845171312397104,
cn12,0.19020995558128717,0.181762594255371,0.1990907002695722,0.3719725498366581,0.20845171312397115,0.181762594255371,
B54,0.2786525483035189,0.20845171312397115,0.13825087794442315,0.15864342790177954,0.3284608335257104,0.2786525483035189,
