,job188_scenario4_382,job189_scenario0_384,job190_scenario3_385,job191_scenario1_388,job193_scenario0_392,job194_scenario1_393,
in27,0.3600273612052182,0.169817405623931,0.44140217410691757,0.26313740715707035,0.17718603098126262,0.27596820673666345,
B14,0.2898265260256705,0.09025555758998427,0.3600273612052182,0.2196256908461226,0.09025555758998427,0.2898265260256705,
B11,0.5298447668291493,0.297195151383002,0.561411294508657,0.4596439316496014,0.2898265260256704,0.4596439316496014,
cn12,0.42490049716954814,0.15595908633492406,0.4596439316496014,0.3213930537051781,0.1593210669776408,0.33027379839346316,
B54,0.20138393330343873,0.0,0.169817405623931,0.169817405623931,0.011173977722151562,0.06487313596432998,
