,job145_scenario1_302,job147_scenario1_310,job149_scenario1_312,job150_scenario1_314,
in27,0.21689907444988743,0.17826476694984728,0.21689907444988743,0.2319639251920257,
B14,0.430228196384766,0.3867164800738183,0.48848384293287395,0.3867164800738183,
B11,0.17826476694984728,0.21689907444988743,0.19650652449253103,0.1617630900124779,
cn12,0.2319639251920257,0.21689907444988732,0.2766035709831449,0.2573463468176801,
B54,0.026689118868600148,0.0,0.21689907444988743,0.09688995404814793,
