,job239_scenario1_467,job240_scenario0_468,job241_scenario0_469,job242_scenario1_470,job243_scenario0_472,job244_scenario2_473,
in27,0.21289573857250998,0.06868871584859448,0.028555381124141688,0.1546400920244021,0.04746177120225603,0.16747089160399542,
B14,0.8017673628590555,0.6003834295556167,0.6235025959092082,0.7435117163109475,0.5706298667438616,0.7702008351795477,
B11,0.2697718036152339,0.15713130857082613,0.15713130857082613,0.30133833129474163,0.17288184956708597,0.28483665435737215,
cn12,0.19020995558128717,0.012597304516738905,0.012597304516738905,0.19020995558128717,0.0,0.18132921089300225,
B54,0.7702008351795477,0.6652565655199466,0.6652565655199466,0.7702008351795477,0.5898870909093265,0.720392549957356,
