,job113_scenario3_233,job114_scenario1_236,job115_scenario4_239,
in27,0.6076073523864598,0.5004290315643136,0.5844881860328683,
B14,0.6658629989345678,0.6076073523864598,0.6342964712550601,
B11,0.9445155472380866,0.5142873508533206,0.6342964712550601,
cn12,0.14040167035909557,0.0,0.10176736285905541,
B54,0.6076073523864598,0.6342964712550601,0.6342964712550601,
