,job193_scenario0_392,job196_scenario0_395,job197_scenario1_397,job200_scenario0_404,job201_scenario0_407,
in27,0.5918568113902001,0.5918568113902001,0.7195621571767462,0.5706298667438615,0.5640956360755123,
B14,0.6249354584006612,0.6249354584006612,0.7360638341141157,0.6658629989345679,0.6546890212124163,
B11,0.5844881860328685,0.5918568113902001,0.7746981416141556,0.6160547137123762,0.60760735238646,
cn12,0.009896211311065883,0.0,0.16352083671268713,0.003236291662340074,0.013324770136823982,
B54,0.6658629989345679,0.6778081875660078,0.7746981416141556,0.6906389871456009,0.6906389871456009,
