,job866_scenario3_1954,job868_scenario3_1959,
in27,0.22884426308132727,0.20845171312397104,
B14,0.1586434279017795,0.20845171312397104,
B11,0.5888716242865455,0.31021907598302667,
cn12,0.19020995558128723,0.05369915824217841,
B54,0.12000912040173944,0.0,
