,job1069_scenario1_2858,
in27,0.09688995404814787,
B14,0.19020995558128712,
B11,0.1284564817276556,
cn12,0.0,
B54,0.19020995558128712,
