,job596_scenario2_1216,job597_scenario2_1217,
in27,0.028923170031145307,0.0,
B14,0.6027299435755524,0.5058399895274044,
B11,0.018241757542683756,0.032100076831690805,
cn12,0.3627117027720736,0.35221536412578336,
B54,0.08405915446855472,0.2040682748702941,
