,job671_scenario0_1401,job673_scenario4_1408,job674_scenario2_1409,job675_scenario3_1410,job677_scenario2_1416,job678_scenario0_1417,
in27,0.060888953018686465,0.453681023591026,0.21366278278754713,0.4038727383688343,0.2287276335296855,0.05501935488576781,
B14,0.38563098082615044,0.6256492216296292,0.6256492216296292,0.5554483864500814,0.5554483864500814,0.38563098082615044,
B11,0.24142395810223494,0.4242652883261905,0.36912930388878107,0.7842926495314086,0.32737533427804255,0.25717449909849477,
cn12,0.01358630578000719,0.25717449909849477,0.17761265106454815,0.408750147179742,0.1445340040540869,0.0,
B54,0.7456583420313687,1.0243108903348874,0.9043017699331481,0.9043017699331481,0.8656674624331081,0.6874026954832608,
