,job832_scenario2_1857,job835_scenario1_1862,
in27,0.3600273612052183,0.37285816078481143,
B14,0.049808285222191606,0.0,
B11,0.03594996593318478,0.06487313596432998,
cn12,0.3071546320398717,0.29827388735158666,
B54,0.696935556056845,0.5067256004755578,
