,job790_scenario0_1725,job791_scenario4_1726,
in27,0.40603029406258984,0.5888716242865455,
B14,0.4484699539274499,0.6702464371882448,
B11,0.0,0.36002736120521817,
cn12,0.2614962900085027,0.533735639849136,
B54,0.22615992151447195,0.4800364816069576,
