,job12_scenario1_27,job13_scenario4_28,job15_scenario1_36,job17_scenario1_39,
in27,0.27392728059454985,0.3375938851057483,0.2877855998835567,0.27392728059454985,
B14,0.8113337978014619,0.8113337978014619,0.8380229166700621,0.9082237518496099,
B11,0.7678220814905142,1.1482419926530887,0.7041554769793157,0.7678220814905142,
cn12,0.0,0.11264049504440776,0.04243965986485998,0.052335871175926085,
B54,0.7180137962683226,0.9580320370718014,0.8695894443495699,0.8113337978014619,
