,job620_scenario2_1283,job622_scenario1_1285,job623_scenario3_1287,job624_scenario1_1288,job625_scenario2_1289,job626_scenario1_1290,
in27,0.6304055982350736,0.6841047564772519,0.789049026136853,0.7188481909573051,0.6841047564772519,0.619231620512922,
B14,0.5286382353760178,0.5103964778333341,0.6304055982350736,0.47882995015382646,0.6304055982350736,0.5286382353760178,
B11,0.3321317108834868,0.30544259201488666,0.4521408312852262,0.48370735896473394,0.3321317108834868,0.5721499516869657,
cn12,0.025382421625654628,0.06630996215956131,0.04463964579111934,0.0,0.0910859503705943,0.025382421625654628,
B54,0.522341666464774,0.522341666464774,0.4992225001111825,0.36871704106315295,0.522341666464774,0.6690399057351135,
