,job557_scenario1_1151,
in27,0.5468753361437886,
B14,0.6309344906123433,
B11,0.47229106271056387,
cn12,0.0,
B54,0.26822278784026987,
