,job847_scenario3_2001,job848_scenario1_2002,
in27,0.0,0.0702008351795479,
B14,0.48536418082217553,0.27691246769820443,
B11,0.6053733012239149,0.4355558955999839,
cn12,0.3514967411314292,0.27691246769820443,
B54,0.2453459400186968,0.31554677519824453,
