,job242_scenario0_479,job245_scenario0_483,job260_scenario1_509,job263_scenario1_515,job265_scenario0_519,job267_scenario0_522,job268_scenario2_523,
in27,0.1921230862388541,0.23812601909622577,0.3369081948516266,0.3121322066405935,0.21036484378153797,0.21689907444988732,0.3369081948516266,
B14,0.373885680494225,0.3121322066405935,0.40057479936282525,0.5205839197645646,0.3036848453146772,0.3036848453146772,0.6405930401663039,
B11,0.028923170031145307,0.0,0.204068274870294,0.204068274870294,0.036977485642598285,0.028923170031145307,0.28544308777199345,
cn12,0.32719705738273186,0.34027017549434335,0.5304801310756305,0.4858404852845113,0.34027017549434335,0.3240773952720333,0.5023421622218807,
B54,0.5304801310756305,0.5769264356551054,0.6841047564772516,0.901003830927139,0.5640956360755123,0.5640956360755123,0.8308029957475911,
