,job674_scenario2_1416,
in27,0.038634307500040044,
B14,0.6155607431551456,
B11,0.5271181504329139,
cn12,0.0,
B54,0.5106164734955445,
