,job324_scenario0_619,job336_scenario0_637,job337_scenario0_638,job338_scenario0_639,job341_scenario1_646,job342_scenario0_650,
in27,0.2147482820352149,0.19082940727200504,0.2425094573499028,0.25020568273470956,0.3284608335257104,0.20845171312397104,
B14,0.5186707891069977,0.5067256004755578,0.4569173152533661,0.4569173152533661,0.5604247587177361,0.4404156383159967,
B11,0.41828300775332616,0.4049582376165022,0.46579805994165113,0.41828300775332616,0.5453599079755977,0.42535078757385836,
cn12,0.0,0.023119166353591458,0.026689118868600148,0.016192780222309855,0.17826476694984728,0.016192780222309855,
B54,0.5186707891069977,0.4955516227534062,0.5315015886865908,0.5067256004755578,0.638679909508737,0.48505528410711596,
