,job324_scenario0_619,job330_scenario2_630,job336_scenario0_637,job337_scenario0_638,job338_scenario0_639,job339_scenario4_642,job340_scenario2_645,
in27,0.023918874763209974,0.1376314262537054,0.0,0.05168005007789778,0.05937627546270452,0.19588707280181328,0.1256862376222655,
B14,0.49765878745892367,0.5945487415070716,0.4857135988274837,0.43590531360529206,0.43590531360529206,0.7643661471310026,0.8345669823105504,
B11,0.15725276530177323,0.33413795074623653,0.14392799516494936,0.2047678174900982,0.15725276530177323,0.33413795074623653,0.28432966552404493,
cn12,0.25764054665544467,0.5559144340070314,0.28075971300903624,0.28432966552404493,0.27383332687775475,0.5394127570696621,0.4194036366679227,
B54,0.49765878745892367,0.7643661471310026,0.47453962110533215,0.5104895870385169,0.4857135988274837,0.6176679078606631,0.9545761027122898,
