,job360_scenario0_681,job362_scenario0_683,job371_scenario0_708,job376_scenario3_716,job378_scenario0_719,job381_scenario2_728,job382_scenario0_733,
in27,0.2817169922466738,0.2163935658780336,0.31328351992618153,0.5919360682297004,0.2746492124261415,0.36309180514837314,0.30483615860026525,
B14,0.6783296836315581,0.6501917147778082,0.6590724594660933,0.9288442630813272,0.6336900378404389,0.8088351426795877,0.6684334723204922,
B11,0.6590724594660933,0.6115574072777683,0.6186251870983005,0.7884425927222315,0.6417443534518921,0.8319543090331791,0.5982326371409443,
cn12,0.037122188169086634,0.022685782991222814,0.0,0.3195800888374255,0.012597304516738905,0.17288184956708597,0.02975356281175512,
B54,0.7,0.6590724594660933,0.7386343075000399,0.724775988211033,0.7536991582421783,0.7884425927222315,0.7,
