,job220_scenario0_430,job221_scenario0_431,job236_scenario4_467,job237_scenario2_470,job238_scenario2_471,job239_scenario1_474,
in27,0.19650652449253103,0.17611397453517486,0.4680912929755177,0.3315804956364089,0.34808217257377827,0.3867164800738184,
B14,0.43652476529601003,0.48003648160695767,0.6267347208772972,0.6267347208772972,0.6583012485568049,0.5769264356551056,
B11,0.0062965689112439716,0.0,0.3867164800738184,0.21689907444988732,0.1328399199813327,0.24001824080347878,
cn12,0.24313790291417725,0.23394265030495787,0.41828300775332605,0.45691731525336615,0.4271637524416111,0.39408510543114994,
B54,0.5067256004755578,0.5067256004755578,0.5769264356551056,0.5217904512176961,0.5565338856977493,0.6267347208772972,
