,job422_scenario0_831,
in27,0.0,
B14,0.2217764832607949,
B11,0.4792020869179753,
cn12,0.3766964007103467,
B54,0.5744352191086817,
