,job207_scenario0_406,job213_scenario0_416,job218_scenario2_426,job219_scenario1_429,job220_scenario0_430,job221_scenario0_431,job222_scenario1_432,job223_scenario2_434,job224_scenario1_435,
in27,0.462992905751887,0.43630378688328686,0.5691437068646195,0.6763220276867656,0.462992905751887,0.44260035579453083,0.6763220276867656,0.5331937409314348,0.5034401781196797,
B14,0.5532484633418713,0.6643768390553257,0.7261303129089574,0.6061211925072179,0.5626094761962703,0.6061211925072179,0.6826185965980095,0.7528194317775575,0.6826185965980095,
B11,0.7103797719126974,0.7261303129089574,0.8230202669571052,0.893221102136653,0.6826185965980096,0.6763220276867656,0.8091619476680982,0.893221102136653,0.7963311480885051,
cn12,0.029194756852112258,0.022268370720830655,0.22297466494840812,0.17589299612245202,0.009195252609219162,0.0,0.15277382976886034,0.21247832630211771,0.22297466494840812,
B54,0.7732119817349137,0.7843859594570652,0.8380851176992435,0.8380851176992435,0.8230202669571052,0.8230202669571052,1.063038507760584,0.9163402684902444,1.1332393429401317,
