,job1027_scenario1_2744,
in27,0.3182733915944797,
B14,0.29515422524088825,
B11,0.2565199177408482,
cn12,0.1280634360131926,
B54,0.0,
