,job207_scenario0_406,job213_scenario0_416,job217_scenario1_424,job218_scenario2_426,job219_scenario1_429,job220_scenario0_430,job221_scenario0_431,
in27,0.3696729042187479,0.34298378535014773,0.5830020261536265,0.47582370533148044,0.5830020261536265,0.3696729042187479,0.3492803542613917,
B14,0.7701475377917588,0.8812759135052133,1.0399193414069927,0.9430293873588447,0.8230202669571054,0.7795085506461578,0.8230202669571054,
B11,0.7370688907812977,0.7528194317775576,0.8110750783256655,0.8497093858257054,0.9199102210052532,0.7093077154666099,0.7030111465553659,
cn12,0.02919475685211248,0.022268370720830877,0.1323812798115045,0.22297466494840834,0.17589299612245202,0.009195252609219384,0.0,
B54,0.559882859800035,0.5710568375221866,0.7999011006035139,0.624755995764365,0.624755995764365,0.6096911450222267,0.6096911450222267,
