,job207_scenario0_406,job220_scenario0_430,job221_scenario0_431,job222_scenario1_432,job230_scenario4_458,job234_scenario1_465,job235_scenario2_466,
in27,0.0915622548329299,0.0915622548329299,0.07116970487557384,0.30489137676780875,0.30489137676780875,0.17293706773462947,0.18488225636606948,
B14,0.2369537968603238,0.24631480971472275,0.2898265260256704,0.36632393011646214,0.34808217257377827,0.6267347208772971,0.5067256004755578,
B11,0.034057744225931774,0.0062965689112439716,0.0,0.1328399199813327,0.3867164800738183,0.12000912040173939,0.24001824080347878,
cn12,0.3831465275588096,0.36314702331591664,0.35395177070669726,0.5067256004755577,0.9369537968603238,0.5664300970088153,0.5769264356551056,
B54,0.5769264356551056,0.6267347208772971,0.6267347208772971,0.8667529616807759,0.9369537968603238,1.0569629172620632,0.6267347208772971,
