,job53_scenario0_108,job66_scenario0_131,job70_scenario4_145,job71_scenario1_150,
in27,0.06083982232514884,0.0,0.19020995558128717,0.2337216718922348,
B14,0.5937490330974531,0.5706298667438616,0.9306572279490798,0.652004679645561,
B11,0.49336125174378154,0.5077976569216454,0.8106481075473404,0.9306572279490798,
cn12,0.1676930039665484,0.14404678526419934,0.6204381519660531,0.33061162594038274,
B54,0.5818038444660132,0.5319955592438215,0.7137581534991924,0.7404472723677926,
