,job40_scenario0_87,job42_scenario1_90,job47_scenario0_98,job48_scenario3_99,job49_scenario0_101,job50_scenario1_103,job51_scenario1_106,job52_scenario1_107,job53_scenario0_108,
in27,0.7753976842339598,0.8411012129788995,0.6906389871456009,1.0949777730713852,0.734950411866167,0.8549595322679064,0.8282704133993064,0.8865260599474143,0.7753976842339598,
B14,0.6044449528181375,0.6798144274287576,0.6261152691865792,0.8163252247678665,0.6798144274287576,0.6380604578180191,0.8549595322679064,0.6508912573976123,0.6380604578180191,
B11,0.7753976842339598,0.904767817490098,0.805151247045715,1.0451694878491937,0.7580695782197586,0.904767817490098,0.8700243830100448,0.8865260599474143,0.7278826320456349,
cn12,0.0,0.14040167035909557,0.02776117531468758,0.2337216718922348,0.02403766486245984,0.18084894272688823,0.21060250553864335,0.14040167035909557,0.04768388356480879,
B54,0.8163252247678665,0.8700243830100448,0.9251603674474542,0.9749686526696459,0.8700243830100448,1.0065351803491538,1.165178608250933,1.0949777730713852,0.8163252247678665,
