,job953_scenario1_2397,
in27,0.26041079076083506,
B14,0.0,
B11,0.4071090300311746,
cn12,0.19865731690720345,
B54,0.09688995404814804,
