,job1049_scenario3_2837,
in27,0.2898265260256704,
B14,0.0,
B11,0.14312828675533085,
cn12,0.06487313596432992,
B54,0.2898265260256704,
