,job40_scenario0_87,job42_scenario1_90,job47_scenario0_98,job53_scenario0_108,job56_scenario1_113,job61_scenario4_122,job62_scenario3_123,job63_scenario4_124,
in27,0.33949237062866755,0.40519589937360745,0.25473367354030874,0.33949237062866755,0.4190542186626143,0.5390633390643538,0.40519589937360745,0.48925505384216206,
B14,0.2703070020719007,0.345676476682521,0.2919773184403426,0.3039225070717825,0.3167533066513757,0.5208215815216698,0.48218727402162975,0.36217815361989036,
B11,0.45950149103040694,0.5888716242865452,0.48925505384216206,0.41198643884208197,0.6092641742439016,0.8492824150473803,0.6906389871456009,0.5390633390643538,
cn12,0.0,0.14040167035909534,0.02776117531468758,0.04768388356480879,0.2337216718922347,0.450620746342122,0.31021907598302645,0.2919773184403426,
B54,0.5706298667438614,0.6243290249860398,0.6794650094234493,0.5706298667438614,0.7608398223251487,0.9194832502269281,0.7608398223251487,0.7025841757770408,
