,job1050_scenario1_2839,job1051_scenario1_2843,
in27,0.1489322904328847,0.09523313219070634,
B14,0.22718744122388562,0.20406827487029416,
B11,0.16543396737025412,0.09523313219070634,
cn12,0.045424846968514676,0.0,
B54,0.2538765600924858,0.37388568049422516,
