,job301_scenario0_576,job302_scenario0_578,job304_scenario0_582,job317_scenario2_602,job321_scenario1_614,job323_scenario3_617,job324_scenario0_619,job326_scenario3_622,job327_scenario1_623,
in27,0.3541577630722993,0.3789337512833324,0.39279207057233934,0.5443677186535865,0.5830020261536265,0.664376839055326,0.37239952061498316,0.606121192507218,0.5128011909740787,
B14,0.7775954199885906,0.7311491154091158,0.7775954199885906,0.8616545744571453,0.8412620244997892,1.0314719800810763,0.7647646204089975,1.2216819356623636,0.911462859679337,
B11,0.25628127323323036,0.24921349341269838,0.2358887232758743,0.42609867885716146,0.31598576976648807,0.6865094696179965,0.24921349341269838,0.49629951403670935,0.3624320743459629,
cn12,0.03640982427222483,0.0,0.012372159409764993,0.16783868051099882,0.17589299612245202,0.34298378535014773,0.006075590498521022,0.34298378535014773,0.258924630881593,
B54,0.7775954199885906,0.7775954199885906,0.7528194317775576,0.9430293873588448,0.9430293873588448,0.8412620244997892,0.7647646204089975,0.8230202669571054,1.2216819356623636,
