,job220_scenario0_430,job236_scenario4_467,job239_scenario1_474,job240_scenario0_477,job241_scenario0_478,
in27,0.612441081044447,0.8840258495274337,0.8026510366257342,0.612441081044447,0.5681296563238809,
B14,0.6622493662666388,0.8524593218479259,0.8026510366257342,0.7324502014461864,0.6440076087239548,
B11,0.3520302902836121,0.7324502014461864,0.5857519621758469,0.3724228402409683,0.39554200659455974,
cn12,0.0,0.1751451048391488,0.1509472025169727,0.03093808211523319,0.01650167693736937,
B54,0.3724228402409683,0.44262367542051606,0.49243196064270767,0.3022220050614205,0.32261455501877667,
