,job70_scenario4_145,job72_scenario2_151,job73_scenario4_153,job74_scenario1_154,job75_scenario3_157,job76_scenario2_158,job77_scenario2_159,
in27,0.12937013325613833,0.04092754053390668,0.2697718036152339,0.0657035287449399,0.0946266987760851,0.12937013325613833,0.0,
B14,0.38978092401697334,0.23113749611519385,0.1497626832134945,0.1995709684356861,0.17288184956708597,0.3195800888374256,0.17288184956708597,
B11,0.6066799984668607,0.40261172359656655,0.7266891188686001,0.4164700428855735,0.5680456909668207,0.4315348936277118,0.5097900444187127,
cn12,0.6564882836890522,0.27606837252647787,0.4164700428855735,0.35616541901709164,0.40261172359656655,0.30382954784116567,0.4164700428855735,
B54,0.12937013325613833,0.15605925212473848,0.15605925212473848,0.08585841694519059,0.08585841694519059,0.12937013325613833,0.15605925212473848,
