,job882_scenario2_2099,job883_scenario0_2100,
in27,0.6755741364034626,0.5629336413590549,
B14,0.8657840919847499,0.587131543681231,
B11,0.35599404756603714,0.03870719176247839,
cn12,0.18084894272688845,0.0,
B54,0.3471133028777522,0.1973506196642577,
