,job358_scenario2_679,job360_scenario0_681,job362_scenario0_683,job371_scenario0_708,job376_scenario3_716,job378_scenario0_719,job379_scenario2_725,job381_scenario2_728,
in27,0.33997263879478173,0.1497626832134945,0.08443925684485443,0.18132921089300225,0.4599817591965212,0.1426949033929623,0.24308268474663386,0.2311374961151939,
B14,0.18132921089300225,0.08945805934501272,0.06132009049126286,0.0702008351795479,0.33997263879478173,0.04481841355389349,0.21996351839304235,0.21996351839304235,
B11,0.2094671797467521,0.19020995558128728,0.1426949033929623,0.1497626832134945,0.3195800888374255,0.17288184956708608,0.19020995558128728,0.3630918051483732,
cn12,0.2094671797467521,0.037122188169086634,0.022685782991222814,0.0,0.3195800888374255,0.012597304516739016,0.21996351839304235,0.17288184956708608,
B54,0.3630918051483732,0.2311374961151939,0.19020995558128728,0.26977180361523395,0.255913484326227,0.28483665435737227,0.3013383312947417,0.3195800888374255,
