,job336_scenario0_637,job342_scenario0_650,job351_scenario0_663,job357_scenario0_677,job358_scenario2_679,job359_scenario3_680,job360_scenario0_681,job361_scenario1_682,job362_scenario0_683,job363_scenario3_689,
in27,0.02101200164807404,0.038634307500040155,0.08038827711077867,0.08038827711077867,0.2555333819499275,0.27865254830351893,0.0653234263686403,0.17147422748137275,0.0,0.2351408319925713,
B14,0.26670735967207904,0.20039739751251806,0.21689907444988743,0.26670735967207904,0.3369081948516268,0.4569173152533663,0.24503704330363718,0.3551499523943107,0.21689907444988743,0.3986616687052583,
B11,0.44359254511654234,0.4639850950738985,0.545359907975598,0.42535078757385847,0.5236895916071561,0.8240124562791167,0.5044323674416913,0.5990590662177763,0.4569173152533663,0.5839942154756379,
cn12,0.34040602215715043,0.33347963602586894,0.31728685580355886,0.3369081948516268,0.5236895916071561,0.6773142170087771,0.35134460002949064,0.5341859302534464,0.3369081948516268,0.8240124562791167,
B54,0.5341859302534464,0.5236895916071561,0.545359907975598,0.5839942154756379,0.6773142170087771,0.6773142170087771,0.545359907975598,0.6773142170087771,0.5044323674416913,0.570135896186631,
