,job86_scenario0_179,job90_scenario3_190,job91_scenario4_192,job92_scenario3_193,job93_scenario1_194,job96_scenario4_198,job98_scenario3_200,job99_scenario2_202,
in27,0.0,0.19588707280181328,0.4043387859257844,0.5945487415070716,0.11451225990011393,0.1793853958644439,0.21412883034449715,0.31589619320355267,
B14,0.41170741128311594,0.6443570267292632,0.6176679078606631,0.7643661471310026,0.6759235544087709,0.6759235544087709,0.6759235544087709,0.49765878745892367,
B11,0.38394623596842814,0.7643661471310026,0.6176679078606631,0.7643661471310026,0.5104895870385169,0.49765878745892367,0.7643661471310026,0.6759235544087709,
cn12,0.013045742577857622,0.2955036432461965,0.2772618857035126,0.24569535802400488,0.14880540397585695,0.26076020876614325,0.2955036432461965,0.18539073415552298,
B54,0.5243479063275238,0.5945487415070716,0.6443570267292632,0.7643661471310026,0.6759235544087709,0.714557861908811,0.5945487415070716,0.9545761027122898,
