,job53_scenario0_108,job70_scenario4_145,job71_scenario1_150,job72_scenario2_151,job73_scenario4_153,
in27,0.0,0.12937013325613822,0.17288184956708608,0.04092754053390679,0.2697718036152339,
B14,0.05287272916534669,0.3897809240169733,0.11112837571345446,0.23113749611519396,0.14976268321349462,
B11,0.39657146348544803,0.7138583192890069,0.8338674396907463,0.5097900444187127,0.8338674396907463,
cn12,0.3109214565116937,0.7636666045111984,0.47384007848552806,0.38324669334862405,0.5236483637077196,
B54,0.4850140562076796,0.6169683652408589,0.6436574841094591,0.6436574841094591,0.6436574841094591,
