,job1006_scenario3_2640,
in27,0.30489137676780875,
B14,0.600045602008697,
B11,0.48003648160695767,
cn12,0.2631374071570703,
B54,0.0,
