,job190_scenario1_340,
in27,0.14478510861277255,
B14,0.25196342943491873,
B11,0.19020995558128723,
cn12,0.05369915824217841,
B54,0.19020995558128723,
B51,0.0,
os4,0.14478510861277255,
