,job756_scenario0_1646,job757_scenario0_1647,
in27,0.11347488973339015,0.11347488973339015,
B14,0.18367572491293804,0.1743147120585391,
B11,0.12679965987021413,0.1569866060443379,
cn12,0.006790539468474632,0.0,
B54,0.22718744122388568,0.21524225259244573,
B51,0.049808285222191606,0.049808285222191606,
os4,0.21524225259244573,0.18367572491293804,
