,job424_scenario1_811,job425_scenario3_812,job426_scenario3_815,
in27,0.06570352874493973,0.1728818495670859,0.12937013325613822,
B14,0.12937013325613822,0.11112837571345441,0.2697718036152339,
B11,0.09462669877608498,0.2697718036152339,0.3897809240169733,
cn12,0.0,0.09462669877608498,0.09462669877608498,
B54,0.1728818495670859,0.1995709684356861,0.1995709684356861,
B51,0.040927540533906626,0.31958008883742545,0.3897809240169733,
os4,0.14976268321349445,0.31958008883742545,0.31958008883742545,
