,job82_scenario1_158,
in27,0.0,
B14,0.5123742201957537,
B11,0.19020995558128717,
cn12,0.33061162594038274,
B54,0.5706298667438616,
B51,0.3804199111625744,
os4,0.41905421866261444,
