,job894_scenario1_2035,
in27,0.2084517131239711,
B14,0.30177171465711033,
B11,0.12000912040173939,
cn12,0.12888986509002442,
B54,0.30177171465711033,
B51,0.0,
os4,0.2786525483035189,
