,job985_scenario3_2462,
in27,0.2898265260256705,
B14,0.07292745157578318,
B11,0.48003648160695767,
cn12,0.18488225636606936,
B54,0.0,
B51,0.4098356464274098,
os4,0.12000912040173944,
