,job461_scenario1_896,job462_scenario2_898,
in27,0.3306116259403828,0.18084894272688834,
B14,0.03156652767950774,0.0,
B11,0.35373079229397425,0.24655247147182807,
cn12,0.18084894272688834,0.22177648326079497,
B54,0.4119864388420822,0.45062074634212224,
B51,0.24655247147182807,0.22177648326079497,
os4,0.2754756415029733,0.5004290315643138,
