,job992_scenario0_2492,
in27,0.13651079733910887,
B14,0.03474343448005324,
B11,0.16669774351323263,
cn12,0.0,
B54,0.23689857869278041,
B51,0.24972937827237357,
os4,0.22495339006134046,
