,job860_scenario3_1944,job861_scenario1_1946,
in27,0.20845171312397115,0.10350744346437002,
B14,0.27865254830351893,0.1586434279017795,
B11,0.18176259425537095,0.2400182408034789,
cn12,0.12000912040173944,0.0,
B54,0.13825087794442326,0.18176259425537095,
B51,0.2400182408034789,0.1586434279017795,
os4,0.2400182408034789,0.12000912040173944,
