,job385_scenario1_718,job386_scenario1_719,
in27,0.38671648007381837,0.38671648007381837,
B14,0.0,0.169817405623931,
B11,0.252849040383072,0.2817722104142173,
cn12,0.2898265260256705,0.2898265260256705,
B54,0.696935556056845,0.5382921281550656,
B51,0.1617630900124779,0.10806393177029949,
os4,0.09961657044438321,0.07649740409079175,
