,job879_scenario1_1996,job881_scenario3_2000,
in27,0.0,0.01650167693736948,
B14,0.4151633456426277,0.5201076153022288,
B11,0.4151633456426277,0.710317570883516,
cn12,0.3205366468665427,0.38624017561148244,
B54,0.5903084504817766,0.47029933008003716,
B51,0.1214459465969705,0.5516741429817366,
os4,0.4316650225799971,0.5516741429817366,
