,job378_scenario2_705,job381_scenario3_710,
in27,0.0,0.13195430903317928,
B14,0.8288898650900243,0.638679909508737,
B11,0.033306608284822126,0.10350744346437002,
cn12,0.3383570448367764,0.39866166870525827,
B54,0.1817625942553709,0.21332912193487863,
B51,0.3600273612052182,0.7088807446882849,
os4,0.4484699539274498,0.32846083352571054,
