,job376_scenario3_700,
in27,0.4151633456426277,
B14,0.0,
B11,0.5036059383648592,
cn12,0.31339598278357206,
B54,0.2635876975613805,
B51,0.6938158939461465,
os4,0.009711137468894737,
