,job392_scenario1_730,job393_scenario2_733,
in27,0.48536418082217553,0.5004290315643138,
B14,0.605373301223915,0.605373301223915,
B11,0.005327699215217918,0.055135984437409524,
cn12,0.0,0.04463964579111912,
B54,0.3969215880999438,0.3000316340517959,
B51,0.48536418082217553,0.45867506195357544,
os4,0.0702008351795479,0.22177648326079502,
