,job1069_scenario1_2912,
in27,0.09878217575540088,
B14,0.23264961544614726,
B11,0.20596049657754706,
cn12,0.0,
B54,0.1828413302239556,
B51,0.12770534578654613,
os4,0.14420702272391556,
