,job173_scenario1_311,job174_scenario4_313,
in27,0.0,0.2786525483035188,
B14,0.2786525483035188,0.38041991116257445,
B11,0.260410790760835,0.46886250388480605,
cn12,0.11620376803691945,0.24390911382346558,
B54,0.5390633390643539,0.6590724594660933,
B51,0.21498594379232033,0.3488533834830667,
os4,0.3221642646144665,0.3488533834830667,
