,job85_scenario2_166,
in27,0.0,
B14,0.15864342790177943,
B11,0.305341667172119,
cn12,0.21689907444988732,
B54,0.3755425023516668,
B51,0.27865254830351893,
os4,0.4569173152533662,
