,job333_scenario3_619,
in27,0.1200091204017395,
B14,0.43022819638476606,
B11,0.27158476848298657,
cn12,0.2261599215144719,
B54,0.0,
B51,0.5502373167865054,
os4,0.19020995558128723,
