,job547_scenario4_1099,
in27,0.4599817591965211,
B14,0.04092754053390668,
B11,0.0,
cn12,0.4599817591965211,
B54,0.7,
B51,0.4213474516964811,
os4,0.03901440987633975,
