,job11_scenario1_23,
in27,0.3435256842678488,
B14,0.3600273612052182,
B11,0.4217808350588497,
cn12,0.24001824080347878,
B54,0.39866166870525827,
B51,0.0,
os4,0.12000912040173939,
