,job388_scenario0_722,job389_scenario0_723,job391_scenario3_725,
in27,0.32588405406038934,0.30375142349771866,0.5241483252531296,
B14,0.31081920331825097,0.31081920331825097,0.45122087367734653,
B11,0.07080096251477208,0.050408412557415794,0.5010291588995381,
cn12,0.0,0.0,0.3438345809829083,
B54,0.6807427758345351,0.72718908041401,0.8112482348825647,
B51,0.7726139273825248,0.7143582808344169,1.171275596087783,
os4,0.49053282025324796,0.5122031366216897,0.7908556849252085,
