,job125_scenario2_240,job129_scenario0_244,job131_scenario2_247,job132_scenario0_249,
in27,0.09878217575540083,0.0,0.08595137617580773,0.007696225384806743,
B14,0.9326496154461471,0.5339879467408888,1.0526587358478865,0.5621259155946386,
B11,0.44728543462397163,0.35265873584788654,0.44728543462397163,0.31221146348009376,
cn12,0.3935862763817932,0.1718097931209982,0.3437779911596016,0.17504608478333838,
B54,0.6224305394631204,0.5522297042835727,0.6224305394631204,0.475732300192781,
B51,0.6085722201741135,0.6085722201741135,0.5957414205945204,0.6085722201741135,
os4,0.7424396598648599,0.6224305394631204,0.8624487802665992,0.5621259155946386,
