,job484_scenario4_937,job485_scenario4_940,
in27,0.2786525483035189,0.3053416671721191,
B14,0.3369081948516268,0.4253507875738584,
B11,0.3053416671721191,0.3053416671721191,
cn12,0.21689907444988737,0.18533254677037964,
B54,0.37554250235166686,0.4253507875738584,
B51,0.08844259272223176,0.0,
os4,0.4253507875738584,0.2555333819499274,
