,job433_scenario3_836,job437_scenario0_846,
in27,0.43022819638476606,0.169817405623931,
B14,0.5004290315643138,0.23065722794907995,
B11,0.5502373167865053,0.20527480632342554,
cn12,0.4617947240642738,0.0597044965332576,
B54,0.260410790760835,0.0,
B51,0.7404472723677926,0.34178560366253435,
os4,0.43022819638476606,0.24991445211454477,
