,job378_scenario2_705,
in27,0.27158476848298657,
B14,0.7404472723677926,
B11,0.36002736120521817,
cn12,0.24991445211454477,
B54,0.0,
B51,0.27158476848298657,
os4,0.19020995558128728,
