,job115_scenario2_222,job117_scenario0_226,job118_scenario2_227,job119_scenario1_228,
in27,0.36002736120521817,0.19218868069421924,0.34496251046307985,0.3765290381425876,
B14,0.5849807512665586,0.29515422524088825,0.6551815864461065,0.4382825119962191,
B11,0.12000912040173939,0.0,0.15475255488179263,0.15475255488179263,
cn12,0.284657886594598,0.08137481290169934,0.2747616752835321,0.25651991774084815,
B54,0.5849807512665586,0.31827339159447976,0.49653815854432704,0.4649716308648193,
B51,0.3063282029630398,0.36002736120521817,0.2747616752835321,0.36002736120521817,
os4,0.5849807512665586,0.284657886594598,0.5849807512665586,0.3947707956852714,
