,job20_scenario2_47,job21_scenario1_48,job22_scenario4_49,
in27,0.3719725498366582,0.38480334941625133,0.5186707891069977,
B14,0.20845171312397115,0.0,0.038634307500040044,
B11,0.430228196384766,0.39866166870525827,0.5888716242865455,
cn12,0.28602117366085045,0.28602117366085045,0.430228196384766,
B54,0.46886250388480605,0.5186707891069977,0.8288898650900243,
B51,0.3719725498366582,0.430228196384766,0.8288898650900243,
os4,0.5888716242865455,0.430228196384766,0.638679909508737,
