,job342_scenario2_636,job344_scenario2_640,
in27,0.4386755577106823,0.3932507107421676,
B14,0.2870999096294352,0.35730074480898294,
B11,0.4569173152533661,0.40710903003117455,
cn12,0.3275471819972279,0.3275471819972279,
B54,0.4569173152533661,0.5973189856124618,
B51,0.056342515890540956,0.0,
os4,0.8373372264159405,0.8373372264159405,
