,job359_scenario1_670,job360_scenario1_674,
in27,0.09332000153313935,0.15157564808124718,
B14,0.2400182408034789,0.2715847684829866,
B11,0.12000912040173944,0.13507397114387776,
cn12,0.0,0.040447272367792775,
B54,0.21332912193487868,0.31021907598302667,
B51,0.19020995558128723,0.0813748129016994,
os4,0.15157564808124718,0.13507397114387776,
