,job10_scenario1_21,job11_scenario1_23,
in27,0.018241757542683867,0.03330660828482224,
B14,0.39866166870525827,0.3600273612052182,
B11,0.13825087794442337,0.2315708794775626,
cn12,0.26815620965722864,0.24001824080347878,
B54,0.20845171312397115,0.08844259272223165,
B51,0.3600273612052182,0.2786525483035189,
os4,0.0,0.0,
