,job549_scenario1_1106,job550_scenario2_1107,
in27,0.0,0.0,
B14,0.30877022599787673,0.4287793463996161,
B11,0.16836855563878117,0.13680202795927343,
cn12,0.42033198507369995,0.4785876316218078,
B54,0.7074318947031351,0.668797587203095,
B51,0.5670302243440394,0.4785876316218078,
os4,0.3768202687627521,0.7572401799253266,
