,job126_scenario2_255,
in27,0.09332000153313935,
B14,0.3600273612052182,
B11,0.0813748129016994,
cn12,0.0,
B54,0.2715847684829866,
B51,0.15157564808124718,
os4,0.3600273612052182,
