,job372_scenario2_710,job373_scenario1_711,
in27,0.0,0.08137481290169934,
B14,0.561411294508657,0.503155647960549,
B11,0.4800364816069576,0.44140217410691757,
cn12,0.297195151383002,0.33027379839346316,
B54,0.12273573679797467,0.14942485566657482,
B51,0.3712013389273698,0.349531022558928,
os4,0.5298447668291493,0.44140217410691757,
