,job41_scenario2_89,job44_scenario1_95,
in27,0.7297140144102929,0.3063282029630398,
B14,0.7564031332788932,0.6551815864461065,
B11,0.4279422997531826,0.13651079733910876,
cn12,0.6225356935881468,0.23232201541867203,
B54,1.0666222092619198,0.6551815864461065,
B51,0.2292849828459791,0.008054315611453089,
os4,0.3696866532050747,0.0,
