,job723_scenario3_1646,
in27,0.2951542252408883,
B14,0.22495339006134052,
B11,0.25651991774084826,
cn12,0.12000912040173939,
B54,0.0,
B51,0.10494426965960107,
os4,0.17514510483914886,
