,job356_scenario0_674,job358_scenario2_679,job359_scenario3_680,
in27,0.45852229164176955,0.35730074480898294,0.3804199111625744,
B14,0.578531412043509,0.3186664373089429,0.43867555771068234,
B11,0.5182267881750271,0.2267952857609533,0.5271181504329139,
cn12,0.3149437144821285,0.2267952857609533,0.3804199111625744,
B54,0.13780687701245253,0.0,0.0,
B51,0.578531412043509,0.3186664373089429,0.3804199111625744,
os4,0.4735871423839079,0.4071090300311746,0.4773098652107224,
