,job814_scenario4_1909,job815_scenario2_1910,
in27,0.06594931276314475,0.0,
B14,0.3446018610666636,0.32846083352571054,
B11,0.3446018610666636,0.169817405623931,
cn12,0.22459274066492418,0.12000912040173939,
B54,0.36772102742025503,0.3017717146571103,
B51,0.464610981468403,0.15864342790177943,
os4,0.2744010258871158,0.2786525483035188,
