,job608_scenario3_1259,job609_scenario4_1260,
in27,0.09332000153313919,0.03156652767950763,
B14,0.24001824080347872,0.0,
B11,0.21332912193487857,0.3600273612052181,
cn12,0.08137481290169929,0.43022819638476595,
B54,0.16981740562393088,0.3600273612052181,
B51,0.43022819638476595,0.43022819638476595,
os4,0.015064850742138258,0.31021907598302656,
