,job396_scenario1_767,
in27,0.3532368217367436,
B14,0.3670951410257505,
B11,0.46041514255888977,
cn12,0.2968943058462028,
B54,0.0,
B51,0.3172868558035589,
os4,0.46041514255888977,
