,job746_scenario0_1713,
in27,0.22615992151447184,
B14,0.2715847684829865,
B11,0.38314652755880974,
cn12,0.22615992151447184,
B54,0.5116030092864654,
B51,0.26313740715707024,
os4,0.0,
