,job51_scenario1_106,job53_scenario0_108,job54_scenario3_109,
in27,0.33733383549038887,0.10577069873643286,0.21689907444988732,
B14,0.6040411951624677,0.20845171312397104,0.2849491172147627,
B11,0.619106045904606,0.2982738873515868,0.8555789839586244,
cn12,0.5542329099402761,0.21262388037783242,0.3755425023516668,
B54,0.9142602711454944,0.38671648007381837,0.45691731525336615,
B51,0.515598602440236,0.3755425023516668,0.3369081948516267,
os4,0.28219785105297934,0.0,0.24001824080347878,
