,job454_scenario0_908,job458_scenario0_917,
in27,0.9809958739438174,0.6173184898553548,
B14,1.0511967091233652,0.6671267750775465,
B11,0.8887479288567657,0.5036059383648593,
cn12,0.3542611530665203,0.0,
B54,1.094708425434313,0.5101401690332086,
B51,1.1915983794824607,0.7373276102570943,
os4,1.1529640719824208,0.7037121052572125,
