,job245_scenario0_483,job246_scenario2_486,
in27,0.5514140933663769,0.5555650160017231,
B14,0.38540204010726586,0.4151633456426277,
B11,0.029758117155724628,0.0,
cn12,0.4135400089610157,0.40580233278822875,
B54,0.6501962691217777,0.5786841823553146,
B51,0.6501962691217777,0.4467298733221354,
os4,0.23870380083692633,0.32672075292039593,
