,job354_scenario1_666,job355_scenario1_668,
in27,0.15328714311454478,0.043511716310947635,
B14,0.30486279119579185,0.2835299571144263,
B11,0.4635062190975713,0.16352083671268702,
cn12,0.20309542833673638,0.10176736285905541,
B54,0.17640630946813624,0.0,
B51,0.4635062190975713,0.26041079076083484,
os4,0.15328714311454478,0.049808285222191384,
