,job376_scenario3_716,job377_scenario4_717,
in27,0.4537976531426677,0.3835968179631199,
B14,0.3337885327409283,0.3835968179631199,
B11,0.15475255488179263,0.2249533900613404,
cn12,0.43340510318531145,0.5351724660443671,
B54,0.17952854309282573,0.5036059383648592,
B51,0.2786525483035188,0.0,
os4,0.6938158939461465,0.4537976531426677,
