,job223_scenario2_434,job225_scenario3_438,
in27,0.15255473807514602,0.026689118868600148,
B14,0.562390384502556,0.3102190759830266,
B11,0.5125820992803642,0.6471272708346534,
cn12,0.3820766402323346,0.2667073596720789,
B54,0.5357012656339557,0.527118150432914,
B51,0.03527223406964186,0.07649740409079164,
os4,0.3454913100526686,0.0,
