,job751_scenario0_1722,job752_scenario1_1725,
in27,0.052147056518520585,0.0,
B14,0.4592560865496952,0.5023421622218808,
B11,0.212170065925684,0.16055655855934647,
cn12,0.25968511811400896,0.2623239214184019,
B54,0.35963951610531186,0.28056567896108575,
B51,0.5610234494087506,0.3240773952720335,
os4,0.26274956205716404,0.16055655855934636,
