,job452_scenario1_905,job453_scenario2_907,job454_scenario0_908,job455_scenario1_909,
in27,0.4731966558392147,0.3067564027715718,0.0922479450870517,0.28245790066833887,
B14,0.5963826830414996,0.3636324678142957,0.06068141740754407,0.14594710332923,
B11,0.3531875354374753,0.2569481175493802,0.0,0.20596049657754711,
cn12,0.6241438583561874,0.535600665852899,0.24459480407758705,0.37743472405891976,
B54,1.047003429383622,0.8142532141564178,0.6046221652828054,0.6046221652828054,
B51,0.6869760681784036,0.6556097862546384,0.581502998929214,0.4509975398811843,
os4,0.7367843534005952,0.8640614993786094,0.5428686914291738,0.581502998929214,
