,job879_scenario0_2088,
in27,0.1768851854444633,
B14,0.2470860206240112,
B11,0.0,
cn12,0.0667722763537899,
B54,0.29059773693495883,
B51,0.2786525483035189,
os4,0.22884426308132721,
