,job177_scenario3_353,job179_scenario0_356,job180_scenario4_357,
in27,1.000672896498775,0.3378947306425476,0.6551815864461065,
B14,0.4268661229543678,0.0,0.36002736120521817,
B11,0.6904538205157483,0.10494426965960102,0.31827339159447965,
cn12,0.7402621057379399,0.19218868069421935,0.5147799160870108,
B54,0.31656814002152334,0.0910859503705942,0.2951542252408882,
B51,0.9304720613192271,0.38540978283087257,0.7751907068478459,
os4,0.48200210739177723,0.07825515079100087,0.19826427119274026,
