,job373_scenario1_711,job374_scenario2_712,
in27,0.03156652767950774,0.0,
B14,0.430228196384766,0.430228196384766,
B11,0.3684747225311345,0.33690819485162676,
cn12,0.2573463468176801,0.2982738873515867,
B54,0.09688995404814793,0.28709990962943516,
B51,0.2766035709831449,0.31021907598302667,
os4,0.08982217422761563,0.24846560212939506,
