,job550_scenario1_1131,job552_scenario1_1136,
in27,0.4631606488270451,0.16981740562393105,
B14,0.6716123619510161,0.4098356464274098,
B11,0.2617767155236063,0.0,
cn12,0.3266498514879363,0.1095127817554492,
B54,0.4466589718896757,0.2898265260256705,
B51,0.38178583592534576,0.2196256908461226,
os4,0.5017949563270852,0.2631374071570703,
