,job521_scenario1_1067,job525_scenario3_1076,
in27,0.5160242430789981,0.3986616687052583,
B14,0.3960151226772587,0.0,
B11,0.43196508861044336,0.1586434279017795,
cn12,0.3662615598655036,0.07458427343322477,
B54,0.8760516042842164,0.2400182408034789,
B51,0.08046834747901416,0.10350744346437002,
os4,0.43196508861044336,0.20845171312397115,
