,job511_scenario3_1041,
in27,0.4569173152533662,
B14,0.0,
B11,0.6471272708346534,
cn12,0.3519730455937651,
B54,0.40710903003117455,
B51,0.3230498755626198,
os4,0.40710903003117455,
