,job838_scenario1_1972,
in27,0.17635163629228012,
B14,0.15157564808124702,
B11,0.19020995558128706,
cn12,0.06313305535901548,
B54,0.43022819638476584,
B51,0.0,
os4,0.31021907598302656,
