,job290_scenario1_560,job291_scenario4_561,job292_scenario2_562,job293_scenario4_563,job294_scenario4_564,
in27,0.2254821896509291,0.1937552583307476,0.07410678732542447,0.0,0.0,
B14,0.27529047487312064,0.24889124276815708,0.2643167429067117,0.24001824080347878,0.07020083517954778,
B11,0.2570487173304368,0.4889094835716359,0.07410678732542447,0.15157564808124718,0.15157564808124718,
cn12,0.17567390442873748,0.17869040758860927,0.05243647095698273,0.04980828522219155,0.09332000153313924,
B54,0.31880219118406833,0.4187086483920881,0.232750215227204,0.3102190759830266,0.3102190759830266,
B51,0.13703959692869738,0.27201040912174856,0.08605197595686448,0.15157564808124718,0.1902099555812872,
os4,0.31880219118406833,0.21025693526811703,0.35275933562894335,0.03156652767950774,0.04980828522219155,
