,job995_scenario2_2582,job996_scenario3_2583,
in27,0.2885487596145848,0.3349950641940597,
B14,0.14040167035909557,0.14040167035909557,
B11,0.3349950641940597,0.5004290315643138,
cn12,0.3349950641940597,0.34885338348306666,
B54,0.038634307500040044,0.0,
B51,0.29904509826087505,0.4688625038848061,
os4,0.41905421866261444,0.34885338348306666,
