,job462_scenario2_923,
in27,0.5113021637496662,
B14,0.7015121193309535,
B11,0.3210922081683791,
cn12,0.0,
B54,0.23264961544614732,
B51,0.28634877368832573,
os4,0.2508913729888311,
