,job633_scenario3_1307,
in27,0.5390633390643539,
B14,0.0,
B11,0.4190542186626145,
cn12,0.24390911382346558,
B54,0.46886250388480605,
B51,0.15864342790177954,
os4,0.6590724594660933,
