,job775_scenario1_1788,
in27,0.33690819485162676,
B14,0.0,
B11,0.527118150432914,
cn12,0.26670735967207904,
B54,0.33690819485162676,
B51,0.10806393177029949,
os4,0.33690819485162676,
