,job9_scenario2_23,job10_scenario2_24,job11_scenario3_26,
in27,0.6161866295496501,0.5502373167865053,0.5424404916206419,
B14,0.9113408547905384,0.6053733012239148,0.472239656441094,
B11,0.21752496084439188,0.0,0.3174871015593014,
cn12,0.5126791860852801,0.4748678421758852,0.4085730519298955,
B54,0.5042318247593639,0.6551815864461064,0.2820297008598067,
B51,0.5513134935853201,0.5084833471757669,0.7326504472019291,
os4,0.7211308992092511,0.535172466044367,0.49263220639845023,
