,job72_scenario3_144,job75_scenario4_148,
in27,0.4071090300311745,0.2433803142338769,
B14,0.44574333753121453,0.22026114788028545,
B11,0.6155607431551455,0.1816268403802454,
cn12,0.4955516227534062,0.19986859792292921,
B54,0.0,0.2433803142338769,
B51,0.4955516227534062,0.5802885090855037,
os4,0.4253507875738583,0.2700694331024771,
