,job705_scenario4_1556,job710_scenario1_1567,
in27,0.5996047555742838,0.21109507077233347,
B14,0.4325139663465882,0.049808285222191606,
B11,0.38270568112439646,0.0,
cn12,0.5155456011057291,0.21109507077233347,
B54,0.3440713736243564,0.18631908256130036,
B51,0.5996047555742838,0.2951542252408882,
os4,0.9596321167795021,0.274761675283532,
