,job364_scenario2_688,
in27,0.36002736120521817,
B14,0.42178083505884967,
B11,0.2898265260256704,
cn12,0.26815620965722864,
B54,0.37826911874790203,
B51,0.0,
os4,0.5684790743291892,
