,job921_scenario1_2404,
in27,0.4151633456426276,
B14,0.4537976531426676,
B11,0.4399393338536607,
cn12,0.34115715809825986,
B54,0.24534594001869658,
B51,0.0,
os4,0.4399393338536607,
