,job602_scenario0_1250,
in27,0.1270769002222717,
B14,0.11321858093326476,
B11,0.16752417259006447,
cn12,0.0,
B54,0.1867813967555293,
B51,0.1768851854444634,
os4,0.13444552557960332,
