,job295_scenario4_553,job297_scenario1_555,
in27,0.6456503055977687,0.5911648573204121,
B14,0.6021385892868211,0.6796074500426437,
B11,0.672339424466369,0.4009549017391249,
cn12,0.6021385892868211,0.4009549017391249,
B54,0.8625493800476561,0.5595983296409044,
B51,0.1923029428594113,0.0,
os4,0.21542210921300275,0.07599189551893804,
