,job442_scenario1_870,
in27,0.22495339006134052,
B14,0.05513598443740947,
B11,0.2951542252408883,
cn12,0.0,
B54,0.22495339006134052,
B51,0.12000912040173939,
os4,0.17514510483914886,
