,job252_scenario0_470,
in27,0.4041392048513901,
B14,0.0,
B11,0.49053282025324785,
cn12,0.31446431822335474,
B54,0.2904266533608947,
B51,0.6708465645234691,
os4,0.08006180957935671,
