,job288_scenario1_535,
in27,0.03361550499988175,
B14,0.15362462540162106,
B11,0.211880271949729,
cn12,0.0,
B54,0.250514579449769,
B51,0.06030462386848179,
os4,0.07536947461062016,
