,job488_scenario2_958,job490_scenario0_967,
in27,1.0010795271861141,0.5636016655182817,
B14,1.251594106635883,0.7271225022309689,
B11,0.7827316027510771,0.36504616370537657,
cn12,0.535645582127066,0.0,
B54,1.2747132729894746,0.8240124562791167,
B51,1.212959799135843,0.7973233374105166,
os4,1.421411512259814,0.7742041710569252,
