,job128_scenario2_246,job129_scenario0_247,
in27,0.36535506042043614,0.27691246769820443,
B14,0.3969215880999439,0.3050504365519543,
B11,0.4586750619535754,0.2382781601981645,
cn12,0.27691246769820443,0.09864770074835705,
B54,0.07825515079100098,0.0,
B51,0.06503219574847552,0.1751451048391489,
os4,0.4853641808221756,0.28579321238648947,
