,job878_scenario2_2176,
in27,0.12000912040173944,
B14,0.3600273612052183,
B11,0.1559590863349241,
cn12,0.14312828675533096,
B54,0.07292745157578318,
B51,0.0,
os4,0.48003648160695767,
