,job316_scenario0_592,job317_scenario2_594,
in27,0.05190127250031562,0.0,
B14,0.35773691022966536,0.3538309580837886,
B11,0.5025220188424379,0.5097900444187127,
cn12,0.36360650836258435,0.4969592448391196,
B54,0.706590293712732,0.6436574841094591,
B51,0.6861977437553758,0.5552148913872275,
os4,0.5760848346647024,0.5938491988872674,
