,job261_scenario0_484,job262_scenario1_485,
in27,0.22972987402948053,0.45691731525336615,
B14,0.15514560059625582,0.24358819331848758,
B11,0.026689118868600148,0.1733873581389398,
cn12,0.09081436354962702,0.2933964785406792,
B54,0.0,0.45691731525336615,
B51,0.13864392365888645,0.12357907291674808,
os4,0.06844308847933867,0.14669823927033954,
