,job788_scenario1_1835,
in27,0.36871704106315284,
B14,0.47882995015382623,
B11,0.2703782370298552,
cn12,0.340579072209403,
B54,0.25920425930770363,
B51,0.0,
os4,0.47882995015382623,
