,job689_scenario3_1509,
in27,0.2631374071570703,
B14,0.3600273612052183,
B11,0.0,
cn12,0.14312828675533096,
B54,0.2898265260256705,
B51,0.2013839333034388,
os4,0.4098356464274098,
