,job109_scenario2_206,job110_scenario2_207,job111_scenario2_208,job112_scenario2_211,job113_scenario0_212,
in27,0.538418559581338,0.5473980801909106,0.5342227206718249,0.1027800344433486,0.07501885912866091,
B14,1.273988423138223,1.0541236806664684,0.8839617151030448,0.7656578462742618,0.6120332208726408,
B11,0.6584276799830775,0.62877289309261,0.6893683212680806,0.46388613161715153,0.3669961775690037,
cn12,0.46904415347862227,0.4140069449625001,0.4030948407154775,0.21854019159845495,0.0,
B54,0.8437602267534572,0.8954802527646889,0.7391766064902723,0.6021370095615749,0.5136944168393431,
B51,0.7553176340312253,0.7487820134943493,0.5588628622200509,0.44349358165979536,0.4087501471797421,
os4,0.805125919253417,0.7487820134943493,0.8093774416698201,0.7039043724206304,0.33338067256912185,
