,job711_scenario3_1570,job712_scenario0_1572,job713_scenario1_1574,
in27,0.5855095508561472,0.259439334095804,0.26670735967207887,
B14,0.6437651974042551,0.36559013520853645,0.3867164800738183,
B11,0.5072544000651462,0.3296401692753518,0.3867164800738183,
cn12,0.5072544000651462,0.1323624338735323,0.169817405623931,
B54,0.5237560770025157,0.35275933562894335,0.6969355560568449,
B51,0.40374695660077625,0.12557189440505767,0.0,
os4,0.6437651974042551,0.3092476193179957,0.26670735967207887,
