,job325_scenario2_607,job327_scenario1_610,
in27,0.5327124305027484,0.28914888694980917,
B14,0.6109675812937493,0.4589662925737402,
B11,0.18918674623489962,0.13050545904802968,
cn12,0.43808573172666343,0.21894805177026133,
B54,0.12043476104050144,0.0,
B51,0.2671330003108411,0.21894805177026144,
os4,0.9478757761453761,0.3705236998515085,
