,job354_scenario1_665,job356_scenario2_668,job358_scenario2_670,
in27,0.4702284286475774,0.3211928079494356,0.24708602062401114,
B14,0.9390909325323835,0.5114027635307229,0.43729597620529836,
B11,0.558671021369809,0.3331379965808756,0.3172868558035589,
cn12,0.43866190096806973,0.31001883022728405,0.24708602062401114,
B54,0.5404292638271252,0.31001883022728405,0.19727773540181953,
B51,0.5404292638271252,0.374891966191614,0.24708602062401114,
os4,0.16000935266455074,0.08117456714595683,0.0,
