,job268_scenario2_492,job269_scenario3_494,
in27,0.0,0.18241313041542373,
B14,0.3160393404319346,0.11485565288423849,
B11,0.14622193480800372,0.09714744449373758,
cn12,0.4405457672682821,0.647384761280243,
B54,0.7103175708835159,0.5975764760580514,
B51,0.33979387103200753,0.5273756408785035,
os4,0.8303266912852554,0.477567355656312,
