,job513_scenario2_1026,
in27,0.37285816078481143,
B14,0.696935556056845,
B11,0.3600273612052182,
cn12,0.29827388735158666,
B54,0.17826476694984728,
B51,0.0,
os4,0.38671648007381837,
