,job907_scenario1_2326,
in27,0.04980828522219166,
B14,0.12000912040173944,
B11,0.27865254830351893,
cn12,0.0,
B54,0.2400182408034789,
B51,0.12000912040173944,
os4,0.12000912040173944,
