,job285_scenario1_526,
in27,0.2951542252408882,
B14,0.5239984883222155,
B11,0.5036059383648592,
cn12,0.3488533834830666,
B54,0.6440076087239549,
B51,0.0,
os4,0.43993933385366074,
