,job258_scenario1_477,job259_scenario1_480,job260_scenario0_481,
in27,0.5506629574252675,0.47967583221054133,0.2647942290145119,
B14,0.4075346706699365,0.18595843316488414,0.10883514267958783,
B11,0.2720104091217486,0.1592693142962841,0.0,
cn12,0.48046212224571966,0.4259766739683629,0.169817405623931,
B54,0.7675620318751547,0.5144192666905946,0.3986616687052582,
B51,0.6089186039733753,0.47967583221054133,0.5186707891069977,
os4,0.7675620318751547,0.450752662179396,0.3488533834830666,
