,job1092_scenario1_3513,
in27,0.4569173152533662,
B14,0.4569173152533662,
B11,0.27865254830351893,
cn12,0.20845171312397115,
B54,0.018241757542683867,
B51,0.0,
os4,0.39866166870525827,
