,job66_scenario1_133,job70_scenario1_141,
in27,0.680008888138928,0.2835299571144265,
B14,0.7186431956389681,0.3804199111625744,
B11,0.6635072112015585,0.5502373167865053,
cn12,0.5515524064112725,0.23065722794907995,
B54,0.7186431956389681,0.5004290315643138,
B51,0.6217532415908202,0.3102190759830266,
os4,0.4315432860095329,0.0,
