,job484_scenario2_946,job485_scenario0_948,
in27,0.41516334564262763,0.3569076990945198,
B14,0.4271085342740676,0.4039893679204761,
B11,0.39349302927418583,0.4271085342740676,
cn12,0.4537976531426677,0.1999210930501819,
B54,0.13195430903317928,0.0,
B51,0.24534594001869658,0.28398024751873663,
os4,0.7640167291256943,0.374235805108721,
