,job1167_scenario2_3422,
in27,0.026689118868600148,
B14,0.24846560212939506,
B11,0.07020083517954778,
cn12,0.04708166882595627,
B54,0.09688995404814787,
B51,0.1284564817276556,
os4,0.0,
