,job625_scenario2_1291,
in27,0.3600273612052182,
B14,0.15157564808124713,
B11,0.06487313596432998,
cn12,0.28046551317127155,
B54,0.12000912040173939,
B51,0.0,
os4,0.600045602008697,
