,job198_scenario3_398,job199_scenario1_402,
in27,0.6684334723204922,0.5097900444187127,
B14,0.8586434279017794,0.73863430750004,
B11,0.18132921089300225,0.0999543979913029,
cn12,0.07956184803394672,0.0,
B54,0.3897809240169733,0.4515343978706049,
B51,0.6684334723204922,0.49861606669656117,
os4,0.5217352330501526,0.45998175919652107,
