,job927_scenario2_2185,
in27,0.31021907598302656,
B14,0.2812959059518813,
B11,0.24534594001869664,
cn12,0.21559237720694158,
B54,0.0,
B51,0.03474343448005335,
os4,0.4151633456426277,
