,job904_scenario1_2090,
in27,0.03361550499988175,
B14,0.13050545904802963,
B11,0.07536947461062016,
cn12,0.0,
B54,0.15362462540162108,
B51,0.0216703163684418,
os4,0.046446304579474906,
