,job804_scenario1_1765,job805_scenario3_1767,
in27,0.1714742274813727,0.3053416671721191,
B14,0.0,0.0,
B11,0.21689907444988737,0.2555333819499274,
cn12,0.11513171159083191,0.4253507875738584,
B54,0.18533254677037964,0.37554250235166686,
B51,0.21689907444988737,0.4253507875738584,
os4,0.3053416671721191,0.20039739751251795,
