,job132_scenario0_276,job134_scenario2_279,job135_scenario1_281,
in27,0.29827388735158666,0.4365247652960099,0.38671648007381837,
B14,0.0,0.2898265260256705,0.06487313596432998,
B11,0.0031196621106984734,0.22807305217203888,0.12312878251243786,
cn12,0.13620190062404935,0.31651564489427064,0.25963957985154673,
B54,0.10806393177029949,0.5067256004755578,0.169817405623931,
B51,0.3600273612052183,0.5382921281550656,0.4365247652960099,
os4,0.4017813308159567,0.5382921281550656,0.4365247652960099,
