,job1044_scenario1_2731,job1046_scenario1_2738,
in27,0.12000912040173944,0.0884425927222317,
B14,0.27865254830351893,0.27865254830351893,
B11,0.10350744346437002,0.12000912040173944,
cn12,0.0386343075000401,0.0,
B54,0.20845171312397115,0.0884425927222317,
B51,0.0884425927222317,0.18176259425537095,
os4,0.18176259425537095,0.10350744346437002,
