,job87_scenario2_175,job90_scenario3_179,job91_scenario2_180,job92_scenario0_181,
in27,0.25865304406062584,0.36359731372022686,0.36359731372022686,0.12357907291674808,
B14,0.6738163897032535,0.6422498620237458,0.6738163897032535,0.47243245639981474,
B11,0.5222407416220063,0.832459817605033,0.5222407416220063,0.4096002465775985,
cn12,0.17338735813893968,0.31378902849803525,0.17338735813893968,0.0,
B54,0.7124506972032936,0.5373055923641447,0.5538072693015141,0.47243245639981474,
B51,0.31378902849803525,0.43379814889977464,0.2972873515606659,0.37554250235166675,
os4,0.3320307860407191,0.26182995086117133,0.5720490268441979,0.044930876411284015,
