,job134_scenario2_279,job137_scenario1_284,job138_scenario0_285,
in27,0.21412883034449726,0.1958870728018134,0.0,
B14,0.6443570267292632,0.5243479063275239,0.34403416205730264,
B11,0.7145578619088111,0.60961359224921,0.4606813018163253,
cn12,0.5243479063275239,0.48190824646266384,0.33096104394569115,
B54,1.0247769378918377,0.6878687430402108,0.60961359224921,
B51,0.38609702838310056,0.26608790798136117,0.17421675643337153,
os4,0.409216194736692,0.3776496670571843,0.24378222736643806,
