,job225_scenario4_445,
in27,0.0,
B14,0.22884426308132721,
B11,0.09833880403329764,
cn12,0.07458427343322482,
B54,0.7088807446882849,
B51,0.5502373167865054,
os4,0.21332912193487863,
