,job517_scenario0_1021,
in27,0.32354384611985043,
B14,0.3710588983081754,
B11,0.345676476682521,
cn12,0.1967441862496363,
B54,0.0,
B51,0.5439407478752614,
os4,0.3903161224736402,
