,job1166_scenario3_3416,
in27,0.38041991116257445,
B14,0.10176736285905552,
B11,0.35373079229397425,
cn12,0.4119864388420822,
B54,0.38041991116257445,
B51,0.4119864388420822,
os4,0.0,
