,job1149_scenario2_3297,
in27,0.3514967411314292,
B14,0.4853641808221756,
B11,0.2951542252408884,
cn12,0.26041079076083506,
B54,0.0,
B51,0.3514967411314292,
os4,0.7955832568052021,
