,job684_scenario1_1428,
in27,0.1404016703590955,
B14,0.20527480632342543,
B11,0.38041991116257434,
cn12,0.12990533171280527,
B54,0.31021907598302656,
B51,0.19020995558128712,
os4,0.0,
