,job327_scenario4_622,job330_scenario0_628,job331_scenario2_629,
in27,0.2786525483035188,0.0,0.15864342790177943,
B14,0.6008168129179854,0.5225616621269844,0.5776976465643939,
B11,0.6275059317865855,0.402552541725245,0.5225616621269844,
cn12,0.49363849209583915,0.24390911382346558,0.4576885261626545,
B54,0.5776976465643939,0.46886250388480605,0.49363849209583915,
B51,0.5074968113848461,0.5390633390643538,0.5573050966070376,
os4,0.9377250077696121,0.5225616621269844,0.6977067669661333,
