,job293_scenario2_560,
in27,0.3383570448367764,
B14,0.4919816702383975,
B11,0.34885338348306666,
cn12,0.3190998206713116,
B54,0.13195430903317928,
B51,0.0,
os4,0.7088807446882849,
