,job143_scenario1_297,job144_scenario3_299,
in27,0.49819498040176863,0.7022632552720628,
B14,0.46224501446858396,0.42361070696854386,
B11,0.5120532996907756,0.7520715404942544,
cn12,0.0,0.11195480479028619,
B54,0.9422814960755416,0.6053733012239149,
B51,0.21689907444988732,0.2951542252408882,
os4,0.6636289477720227,0.6636289477720227,
