,job275_scenario0_520,job277_scenario1_525,job278_scenario4_526,
in27,0.3133847397845835,0.5534029805880624,0.43339386018632287,
B14,0.8201103402601413,0.8448863284711743,0.8738094985023196,
B11,0.7618546937120334,1.09876288856366,1.09876288856366,
cn12,0.0,0.16310212656214684,0.290807472348693,
B54,0.4783247365976069,0.7001012198584018,0.9787537681619207,
B51,0.6187264069567024,0.7001012198584018,0.9787537681619207,
os4,0.563590422519293,0.7618546937120334,0.9085529329823728,
