,job214_scenario0_429,job215_scenario4_430,
in27,0.24708602062401108,0.38215999176788884,
B14,0.27020518697760265,0.7973233374105165,
B11,0.0,0.22039690175541093,
cn12,0.11658056157598151,0.3172868558035589,
B54,0.34040602215715043,0.48710426142748997,
B51,0.3532368217367436,0.46041514255888977,
os4,0.2968943058462028,0.4169034262479421,
