,job69_scenario1_149,job70_scenario0_150,
in27,0.4537976531426677,0.3569076990945198,
B14,0.547117654675807,0.5036059383648592,
B11,0.6053733012239149,0.38359681796311995,
cn12,0.3488533834830666,0.1870902934705886,
B54,0.7640167291256943,0.4271085342740676,
B51,0.0,0.07020083517954778,
os4,0.547117654675807,0.41516334564262763,
