,job40_scenario2_81,job43_scenario4_85,
in27,0.09108595037059414,0.15475255488179263,
B14,0.15475255488179263,0.34496251046307985,
B11,0.25651991774084826,0.2951542252408883,
cn12,0.04463964579111923,0.17514510483914886,
B54,0.17514510483914886,0.19826427119274032,
B51,0.07825515079100093,0.0,
os4,0.34496251046307985,0.2951542252408883,
