,job292_scenario1_558,
in27,0.3755425023516668,
B14,0.527118150432914,
B11,0.565752457932954,
cn12,0.2870999096294351,
B54,0.40710903003117455,
B51,0.0,
os4,0.3906073530938051,
