,job468_scenario2_916,job470_scenario2_920,
in27,0.0,0.06570352874493979,
B14,0.4782235167392049,0.3582143963374655,
B11,0.31958008883742545,0.38978092401697323,
cn12,0.2613244422893176,0.2697718036152338,
B54,0.5097900444187127,0.47822351673920493,
B51,0.3732792470796038,0.34435607704845855,
os4,0.5097900444187127,0.7884425927222315,
