,job211_scenario2_420,job212_scenario3_423,
in27,0.47373991269571364,0.3804199111625744,
B14,0.2835299571144265,0.3804199111625744,
B11,0.3954847619047127,0.6204381519660531,
cn12,0.2677794161181666,0.5004290315643138,
B54,0.8106481075473404,0.4506207463421222,
B51,0.0,0.12000912040173939,
os4,0.6204381519660531,0.5319955592438216,
