,job513_scenario1_1006,
in27,0.36992357251628416,
B14,0.4035390775161659,
B11,0.4452930471269043,
cn12,0.2774543666159054,
B54,0.0,
B51,0.4035390775161659,
os4,0.46179472406427374,
