,job1142_scenario4_3262,
in27,0.31021907598302656,
B14,0.38041991116257434,
B11,0.3417856036625343,
cn12,0.15157564808124707,
B54,0.38041991116257434,
B51,0.0,
os4,0.3417856036625343,
