,job211_scenario2_420,job212_scenario3_423,
in27,0.5235481979179053,0.430228196384766,
B14,0.24489564961438637,0.3417856036625343,
B11,0.4452930471269043,0.6702464371882448,
cn12,0.3175877013403582,0.5502373167865054,
B54,0.860456392769532,0.5004290315643138,
B51,0.0,0.12000912040173939,
os4,0.6702464371882448,0.5818038444660132,
