,job470_scenario2_920,job471_scenario0_922,
in27,0.1328399199813327,0.034057744225931885,
B14,0.38671648007381854,0.2817722104142174,
B11,0.29827388735158683,0.11393352990321848,
cn12,0.1782647669498474,0.0,
B54,0.2667073596720791,0.14669823927033976,
B51,0.25284904038307215,0.2667073596720791,
os4,0.6969355560568451,0.21689907444988749,
