,job748_scenario2_1609,
in27,0.0,
B14,0.31958008883742545,
B11,0.14976268321349445,
cn12,0.07956184803394667,
B54,0.1995709684356861,
B51,0.040927540533906626,
os4,0.1728818495670859,
