,job179_scenario1_334,job183_scenario1_340,job184_scenario0_342,job185_scenario2_343,job186_scenario0_345,job187_scenario3_346,job189_scenario0_348,job190_scenario1_349,job191_scenario1_355,job192_scenario1_356,job193_scenario1_357,job194_scenario1_359,job196_scenario2_361,job197_scenario0_362,job198_scenario1_365,job199_scenario1_367,job200_scenario1_368,job201_scenario1_371,job202_scenario4_372,job203_scenario4_373,job204_scenario1_374,
in27,0.66487313596433,0.6549409435081311,0.4668155200791748,0.5816606823668847,0.46363494156342755,0.6851147438826909,0.47479673554691537,0.5466725974008041,0.5287242838270346,0.5349950459670131,0.5256981717452973,0.4516411008343672,0.45314159109204494,0.3269039822394583,0.3573808151772186,0.35245423340961574,0.41144062281581323,0.27830697803299254,0.35275933562894346,0.09961657044438321,0.0,
B14,0.9102190759830266,0.8837852065894585,0.7241618668968549,0.8918797583499114,0.7490780293354209,1.0220229387343176,0.6997501256082559,0.813379957072883,0.7339990901504602,0.8034601523393012,0.8910532321657333,0.730293649137886,0.9674289419453656,0.5557482453207856,0.628965583660205,0.6267233434594576,0.6247697447506919,0.4685169336142797,0.42296017080849113,0.3600273612052182,0.3333382423366181,
B11,0.9600273612052181,0.9486583425537883,0.8187885656729399,0.968377162440703,0.7877123368354609,1.0535894664138254,0.7699509607878036,0.8697224729634239,0.8540082105521996,0.9501583916096408,0.9141723985193247,0.8503027695396255,0.8474198215436262,0.6592556887851555,0.7324730271245752,0.6765316286816492,0.6376005443302851,0.5387177687938275,0.6629784116119699,0.7902555575899842,0.430228196384766,
