,job772_scenario2_1791,
in27,0.3311041911740729,
B14,0.6551815864461065,
B11,0.0,
