,job18_scenario3_40,job19_scenario2_43,job23_scenario1_54,job24_scenario1_55,job25_scenario1_56,job27_scenario0_60,job28_scenario1_61,job29_scenario2_65,job30_scenario4_66,job31_scenario0_67,job32_scenario2_68,job33_scenario4_69,job34_scenario3_70,
in27,0.6017052515729565,0.47738993557895804,0.39228309211498835,0.3817858359253458,0.4342306796262241,0.19582740276046162,0.29869952799034877,0.17831944012570328,0.3006683421548055,0.0,0.06791812692760157,0.004985317324328609,0.025377867281684785,
B14,0.9070469187450756,0.9214764512527309,0.7346022449297056,0.794305823919611,0.6946414703870591,0.548042766886245,0.711219515984614,0.6471819440105093,0.5526317715897242,0.35221536412578336,0.5865889160345992,0.38540522848690306,0.4240395359869431,
B11,0.9386134464245833,0.8197090883936753,0.7549947948870619,0.7444975386974193,0.6630749427075513,0.4883382703529874,0.641018680805066,0.48174797664025526,0.6993300108600637,0.28544308777199356,0.37813720291062813,0.3538387008073953,0.4240395359869431,
