,job769_scenario1_1783,
in27,0.0,
B14,0.17514510483914889,
B11,0.05513598443740947,
