,job797_scenario1_1865,job800_scenario0_1884,job801_scenario1_1886,job802_scenario0_1890,job803_scenario0_1892,job804_scenario1_1893,job805_scenario3_1895,job806_scenario2_1896,
in27,0.7784725409809423,0.5327330384423183,0.6082397162443638,0.4352103253294575,0.3943337776286699,0.4465296275663928,0.5005894352049874,0.3986616687052582,
B14,0.8282808262031339,0.5850689096182444,0.7736736836146179,0.49208639037218144,0.4512098426713938,0.6163470331903238,0.5819642481066869,0.5351724660443671,
B11,0.3948757230178225,0.11020106744235891,0.2771355250702909,0.04217961024950034,0.026685484174367224,0.06731624785694967,0.10854525591595132,0.0,
