,job371_scenario1_708,job372_scenario1_710,job373_scenario1_711,job374_scenario2_717,job376_scenario0_720,job377_scenario4_725,job378_scenario2_729,job379_scenario2_734,job380_scenario0_735,
in27,0.6560803431675672,0.6574208707379591,0.6658459824978876,0.5773002308248294,0.42763632353262243,0.5785860852193652,0.4252989421048203,0.12000912040173939,0.0,
B14,0.6148026780191648,0.6805400370915505,0.6739002981093408,0.6853641625951288,0.40724377357526625,0.558193535262009,0.5066737550065196,0.37388568049422516,0.0033619806427167553,
B11,0.8050126336004519,0.7507408722710983,0.7707902521574888,0.7555649977746766,0.6147818351707548,0.8186043260228439,0.5453080625065596,0.3036848453146773,0.16543396737025406,
