,job665_scenario1_1427,job668_scenario0_1439,job669_scenario0_1444,job670_scenario3_1445,job671_scenario4_1446,job672_scenario0_1447,
in27,0.7819643226673216,0.5421463276195855,0.46154577767701016,0.6498021345495317,0.526827346125925,0.3377589904843871,
B14,0.4450561278156948,0.16879419627754322,0.09102207782550176,0.31646389221291366,0.21660827014289835,0.0,
B11,0.8317726078895131,0.5353557881511106,0.43485665880841,0.866701208999419,0.7170373017072121,0.3634559200309761,
