,job482_scenario0_949,job483_scenario0_951,job489_scenario0_960,job490_scenario0_967,job491_scenario2_968,job493_scenario1_970,job494_scenario1_977,job495_scenario1_979,job496_scenario4_980,
in27,0.45047758424299367,0.4663192831302828,0.3920257729838291,0.3030521028900395,0.40417259723953847,0.44471864552861873,0.20346639579964243,0.0,0.13195430903317928,
B14,0.8260200865946605,0.8151726666133494,0.7343449257985465,0.6741738570939373,0.9116694086243845,0.7416129513748214,0.566178098571716,0.3488533834830666,0.36709514102575047,
B11,0.4771667031115939,0.4592515033097505,0.4290032586264275,0.3589359786107522,0.4578717554817169,0.44471864552861873,0.267133000310841,0.05369915824217841,0.22884426308132721,
