,job98_scenario0_185,job99_scenario0_190,job100_scenario0_194,job102_scenario0_198,job103_scenario0_199,job104_scenario1_200,job105_scenario0_202,job106_scenario1_203,job107_scenario0_204,job108_scenario1_205,job112_scenario2_211,job113_scenario0_212,job114_scenario0_213,job115_scenario1_217,job116_scenario1_218,job117_scenario1_219,job118_scenario1_220,
in27,0.4378793126409418,0.4331990975359409,0.39606528029357846,0.35606296371412294,0.36811777484276853,0.4872589051745354,0.3362544703119368,0.492391563460475,0.31709693961111185,0.42660880382320887,0.3889473428567264,0.21821416407465433,0.1964951470746915,0.17869040758860932,0.12780594556760294,0.04980828522219172,0.0,
B14,1.0289017293421594,1.015002942001954,0.9700571276801567,0.964555927048736,0.9817653873403471,1.0810079382719884,0.910246317698515,1.0545740688784204,0.8545034568180241,1.0110969898560773,1.0093854948227796,0.8000180085406674,0.746732463861197,0.7991285595546626,0.7647457744710255,0.690638987145601,0.5706298667438616,
B11,0.9516331143420794,0.948692979842393,0.9177212565042308,0.8982459648891751,0.8685468064070824,1.0374962219610406,0.8656066719073958,1.0812631877470205,0.8313842904644325,1.0609052750782688,0.907618131963724,0.7186431956389681,0.6969241786390052,0.6652611198639161,0.6282349771319167,0.5937490330974531,0.48657071227530685,
