,job54_scenario0_104,job57_scenario2_110,job59_scenario0_113,job61_scenario0_119,job62_scenario0_123,job64_scenario2_127,job65_scenario0_128,job66_scenario1_133,job67_scenario4_135,job68_scenario3_138,job69_scenario3_139,job70_scenario1_141,job71_scenario1_142,
in27,0.5916570934303075,0.6837145945290621,0.547694096031982,0.47722661806956623,0.4789159986048429,0.560476243513955,0.4153870430128884,0.49245478632109624,0.5298333894113095,0.37705783773217616,0.4187086483920881,0.12000912040173933,0.1061508011127324,
B14,0.43301366552852805,0.513897188905131,0.36738035176176087,0.363293088166348,0.29860225433462173,0.44046712311221564,0.22079364917792432,0.3573808151772186,0.2898151486078307,0.5357012656339556,0.248891242768157,0.0,0.0,
B11,0.6414653786524992,0.7335228797512536,0.5627589467741204,0.5029235476161552,0.5020351649584345,0.5755410942560932,0.45236452865548693,0.5089564632584657,0.5880890359594175,0.655710386035695,0.48890948357163583,0.16981740562393088,0.21332912193487857,
