,job380_scenario0_735,job384_scenario0_742,job385_scenario2_752,job386_scenario0_754,job387_scenario2_755,job388_scenario2_761,
in27,0.39606528029357857,0.3518390983825713,0.37244566591935696,0.18942736725415926,0.3229980300935816,0.0,
B14,0.7096463369193218,0.7189342394083218,0.8374172967841762,0.5067142230577182,0.7216596987988398,0.3600273612052183,
B11,0.6815083680655719,0.622044285360174,0.6907190575138367,0.4226550685891634,0.5465145939596909,0.2898265260256704,
