,job665_scenario1_1427,job669_scenario0_1444,job672_scenario0_1447,job674_scenario3_1459,job675_scenario2_1461,job676_scenario1_1463,job677_scenario0_1464,
in27,0.7400933056520695,0.5200236145416566,0.46082503578096734,0.5078705468256064,0.30477511848886996,0.1843403574483684,0.0,
B14,1.0374815820555028,0.7837963859452084,0.7573625165516402,0.7701944682440083,0.6555416326295036,0.5470520602204421,0.26839951191692313,
B11,1.233988106548034,0.9374210113468294,0.9306084810013293,1.1688561369492665,0.7488616341626428,0.6466686306648252,0.46299290575188723,
