,job1031_scenario4_3080,
in27,0.0,
B14,0.3719725498366581,
B11,0.19020995558128717,
