,job443_scenario0_871,job445_scenario0_873,job448_scenario0_883,job449_scenario1_889,job450_scenario3_890,job451_scenario4_891,job452_scenario3_893,job453_scenario2_894,job454_scenario3_895,job455_scenario1_896,job456_scenario2_898,job457_scenario0_901,
in27,0.5339960140609992,0.5234987578713567,0.47140776439721876,0.5649698696058261,0.6146696063164222,0.539897104543469,0.668885745554781,0.4615387948016414,0.492189549323008,0.42066224710085376,0.41574298037022067,0.08982217422761574,
B14,0.5478543333500062,0.46715624198081596,0.37451781034907083,0.48359505670412667,0.5915504399628307,0.578531412043509,0.5488766251530415,0.43484967593304125,0.5125820992803642,0.49086308228040154,0.39750122282753686,0.0,
B11,0.5478543333500061,0.5604762435139552,0.4575494451082118,0.5067142230577182,0.7613678455867617,0.74834881766744,0.668885745554781,0.5113470800238329,0.6823995049042952,0.4522287747803615,0.3520763758590222,0.08982217422761574,
