,job571_scenario0_1172,job575_scenario0_1180,job577_scenario1_1182,job578_scenario2_1184,job579_scenario3_1189,job580_scenario0_1190,job581_scenario3_1192,job583_scenario2_1195,job584_scenario2_1197,job585_scenario1_1201,job586_scenario0_1204,job587_scenario1_1207,job588_scenario3_1208,
in27,0.455786104605876,0.4015847867682645,0.516074400695318,0.4902245731964028,0.5491168337843908,0.3501127896009437,0.6025400273831053,0.4322564759009985,0.376161788869991,0.3315691182185693,0.09161474996018282,0.0,0.15157564808124713,
B14,0.8825857421648841,0.9170786690747166,1.0099692015912825,1.0671510088515084,1.07896160061354,0.7803409859857098,1.1212108164901031,1.0172372271675572,0.9900657101676948,0.916549869485128,0.5588204319875472,0.45334736273835746,0.48003648160695767,
B11,0.4933416761373314,0.45246512843654374,0.6028601715601078,0.5261745391295876,0.7420534057619134,0.38829680669667355,0.7141017864589285,0.4901190767346432,0.4282041252547277,0.4098242690095702,0.1285922356027812,0.023119166353591458,0.1164391678867307,
