,job84_scenario0_160,job87_scenario1_163,job88_scenario1_165,job90_scenario0_167,job91_scenario0_168,job94_scenario0_174,job96_scenario1_180,job97_scenario0_182,job98_scenario0_185,job99_scenario0_190,job100_scenario0_194,job101_scenario3_195,job102_scenario0_198,job103_scenario0_199,job104_scenario1_200,
in27,0.8470860206240111,0.9405562976199524,0.9604409747679261,0.8157965363716182,0.8037237149308016,0.7503296217397357,0.8404957269112789,0.7245765559840258,0.6671605937788705,0.621603830973082,0.524659203749078,0.7804475046306041,0.3331379965808755,0.2400182408034789,0.3670951410257505,
B14,0.820396901755411,0.9277254980403591,0.8569335313035561,0.7554919125031364,0.7609832095291422,0.7503296217397358,0.7841532110207381,0.6470070954471465,0.6377448585140351,0.582969523473042,0.47821289916960313,0.6288718565493568,0.3211928079494356,0.23322770133500415,0.3404060221571504,
B11,0.6144364051778639,0.7143963761054805,0.7204227339644473,0.5619199762791326,0.5637054741273227,0.5601196661584485,0.6845366405763549,0.4922545405653538,0.44046712311221564,0.3966504409117416,0.30586790759193777,0.6990726917289046,0.13487372538813525,0.0,0.1768851854444633,
