,job858_scenario0_2094,job860_scenario0_2105,job863_scenario1_2120,job864_scenario0_2126,
in27,0.5637054741273227,0.48889810615379625,0.4179748534841625,0.0,
B14,0.6156645517641867,0.5857880602019443,0.4633997004526772,0.09059338513690401,
B11,0.5991628748268173,0.5306520757645348,0.43183317277316946,0.027761175314687803,
