,job370_scenario2_707,job371_scenario1_708,job372_scenario1_710,job373_scenario1_711,job374_scenario2_717,job375_scenario3_719,job376_scenario0_720,job377_scenario4_725,job378_scenario2_729,
in27,0.29059221104438876,0.2842129221072766,0.2845091377857584,0.29234386407567164,0.19879307078232905,0.3553388207322135,0.04501119623759153,0.18294193000501235,0.0,
B14,0.6960444192181217,0.5531543329419006,0.6178473801223765,0.6106172556701513,0.617076078535655,0.5953570615356925,0.334837722263262,0.47276845603068285,0.391593888884726,
B11,0.5444687711368745,0.5531543329419006,0.49783825972063717,0.5172972541370121,0.49706695813391566,0.683799654257924,0.35216582827746323,0.5429692912102306,0.24001824080347883,
