,job5_scenario0_15,job10_scenario4_24,job11_scenario0_26,job12_scenario1_31,job13_scenario1_32,job14_scenario2_33,job15_scenario4_34,job16_scenario1_35,
in27,0.4013075289987277,0.568284875108845,0.2502024943550724,0.2672361592616675,0.2369460541367171,0.11274109482546457,0.12000912040173928,0.0,
B14,0.6744044168126676,0.7269283030106245,0.5742798896271059,0.6121986697247475,0.5387177687938274,0.6194666953010222,0.3867164800738183,0.33690819485162665,
B11,0.355304596141356,0.49808403992929723,0.218358726323507,0.19967868173048225,0.18181006969930769,0.15060419141621617,0.13963045944980723,0.0378630965907516,
