,job1016_scenario0_3009,
in27,0.006534230668349239,
B14,0.09059338513690401,
B11,0.0,
