,job35_scenario0_72,job37_scenario1_74,job39_scenario0_80,job41_scenario1_86,job42_scenario0_87,job44_scenario1_89,job45_scenario1_91,job47_scenario0_94,job48_scenario2_95,job50_scenario1_99,job51_scenario0_101,job52_scenario2_102,job53_scenario1_103,job54_scenario0_104,job55_scenario4_105,job56_scenario1_108,
in27,0.4380778962153751,0.5487901423953986,0.4432042813719591,0.5166195222734692,0.3964124993096393,0.49277431789384984,0.4897482058121125,0.33046318654649454,0.3812416592256754,0.30103829928667764,0.19649514707469162,0.32035467244521904,0.23700072731257316,0.11933138853819658,0.24235701209980776,0.0,
B14,0.9069404001001812,0.9558991724265731,0.8324483473995118,1.005103365206343,0.7961529039834823,0.9230025142786158,0.8817923851011487,0.7004500284085824,1.0079763801029724,0.7579556145400437,0.6174624963948729,0.7622071369564469,0.6441097573437476,0.5376143962915226,0.6810325698104901,0.5023421622218808,
B11,0.8136203985670418,0.9558991724265731,0.7878087016083926,0.9735368375268354,0.7188842889834022,0.8612490404249844,0.8613998351437924,0.6529349762202574,0.8177664245216854,0.6942890100288452,0.5472616612153252,0.6572628672968457,0.7325523500659794,0.5060478686120149,0.7694751625327216,0.38233304182014133,
