,job864_scenario0_2126,job868_scenario0_2140,job869_scenario3_2141,job870_scenario4_2145,
in27,0.12102620219712068,0.0,0.1951800574499245,0.08893272524161056,
B14,0.7618569041205303,0.5973189856124616,0.7454173742364298,0.6076035143486083,
B11,0.699024694298314,0.5271181504329137,0.7769839019159377,0.7276126347503475,
