,job632_scenario0_1325,job635_scenario0_1335,job636_scenario0_1336,job637_scenario2_1341,job638_scenario4_1344,job639_scenario0_1348,job640_scenario0_1350,job641_scenario3_1354,
in27,0.5298292248160418,0.46784166685737716,0.4457228081183934,0.5647607213131738,0.5055852295660151,0.2947935758444719,0.18284133022395554,0.23601168887654533,
B14,0.7450714774084873,0.6353658394474416,0.6265717508452817,0.7732124344371448,0.7621051473068634,0.44788134325667245,0.4116855933052827,0.42622164445783245,
B11,0.322211906381053,0.2534338089539139,0.2523359457365607,0.31941478129447715,0.45188607132383674,0.05151290758528071,0.0,0.1271765461969574,
