,job448_scenario0_883,job453_scenario2_894,job456_scenario2_898,job457_scenario0_901,job458_scenario2_906,job459_scenario0_907,job460_scenario1_908,job461_scenario1_909,job462_scenario2_911,job463_scenario0_912,job464_scenario1_913,job465_scenario0_914,
in27,0.5434766652711549,0.5922031748341364,0.6057169341836508,0.3950589945961896,0.42930923484698785,0.2875810974452856,0.3577414645736348,0.3817858359253457,0.2450003697481703,0.08381792479431927,0.0910859503705942,0.0,
B14,0.8452483799282653,0.9641757246707945,0.9861368453462253,0.7038984890738322,1.0320391784225402,0.6502928002173592,0.7452291555567415,0.676940061166234,0.7524971811330163,0.4465296275663928,0.5036059383648593,0.3040349699291732,
B11,0.6882617738839274,0.8006548879581075,0.7006937575742317,0.553702422497969,0.6333775097172818,0.460082844636072,0.586585727654962,0.6186844146181261,0.45734295589212814,0.26368829734243726,0.2951542252408882,0.1509472025169727,
