,job91_scenario0_168,job94_scenario0_174,job96_scenario1_180,job97_scenario0_182,job98_scenario0_185,job99_scenario0_190,job100_scenario0_194,job101_scenario3_195,job102_scenario0_198,job103_scenario0_199,job104_scenario1_200,job105_scenario0_202,job106_scenario1_203,job107_scenario0_204,job108_scenario1_205,job109_scenario2_206,job110_scenario2_207,job111_scenario2_208,
in27,0.52273138499992,0.47667617655828387,0.5779364230605448,0.4671005101621085,0.41939794229978355,0.3999210748231353,0.34518620783334075,0.618575558462299,0.277627856300923,0.2801122001771386,0.38803156969858527,0.20737234794551918,0.34315152842530566,0.14142303518237442,0.2146403735217941,0.16254938004765618,0.0,0.08137481290169934,
B14,0.7586434279017794,0.7553287248618028,0.8002464554735227,0.6681835979287482,0.668634755338467,0.6399393156266141,0.5773924515573847,0.7456524586845706,0.5443352159730019,0.5519742090121826,0.639994999133504,0.4395785916695631,0.5635484301807167,0.3370439487267522,0.45734295589212814,0.6314118839324623,0.5186707891069977,0.5186707891069977,
B11,0.8013839333034388,0.8051370100839944,0.9406481258326183,0.7534492838504342,0.7113752607401264,0.6936384738687925,0.6450657007831981,1.0558715346675973,0.5980343742151804,0.5587647484806575,0.7164924032242956,0.5149480662801833,0.7102466694510563,0.4339339027749001,0.6271603615160593,0.441201928351175,0.3284608335257105,0.31460251423670355,
