,job5_scenario0_15,job10_scenario4_24,job11_scenario0_26,job12_scenario1_31,job13_scenario1_32,job14_scenario2_33,job15_scenario4_34,job16_scenario1_35,job17_scenario2_37,
in27,0.30539042148413753,0.49315999565700525,0.1844414099316562,0.2544053596820744,0.24918801961948112,0.16585960800901617,0.256213941520288,0.09991029524587142,0.0,
B14,0.3384690684945987,0.41178518275530585,0.268500564400211,0.3593496293416755,0.3109414934731126,0.43256696768109504,0.2829030603888882,0.1968002492940193,0.2538765600924857,
B11,0.2980217961268059,0.4615934679774975,0.19123194940013094,0.22548218965092914,0.2326863426821117,0.2423570120998078,0.3144695880683959,0.17640769933666306,0.045424846968514676,
