,job218_scenario1_403,job220_scenario0_406,job222_scenario1_409,job223_scenario1_411,job224_scenario1_413,job227_scenario3_421,job228_scenario0_423,job229_scenario2_424,job230_scenario0_426,job231_scenario2_427,job232_scenario4_428,job233_scenario3_430,job234_scenario3_432,job235_scenario2_435,job236_scenario2_436,
in27,0.6023260207474889,0.46681460253582263,0.6114406973764481,0.5838580549156945,0.5853608020473078,0.5709725821602454,0.3574871286256027,0.4506189018190134,0.30774553399528115,0.40382711975669355,0.4300944360243833,0.4219369614621035,0.3559876486989588,0.0,0.09187115154798964,
B14,0.8809785690510077,0.7118516458394598,0.8048275597582808,0.7740680104969817,0.7440042299490872,0.7794242952842165,0.5565778288951748,0.8631388898132786,0.5139040140853856,0.8865479429305065,0.7473812918279422,0.580580389363883,0.6844484822246693,0.5291671277532879,0.45896629257374016,
B11,1.059243336000855,0.892165390109681,0.9452292301173764,1.0527205588005006,0.984022470752566,1.089643371267243,0.7561487973308609,0.8782037405554168,0.7134749825210717,0.8163471077509588,0.9171986974518733,0.9904160357912928,0.924466723028148,0.45896629257374016,0.4740311433158785,
