,job669_scenario0_1444,job675_scenario2_1461,job676_scenario1_1463,job677_scenario0_1464,job678_scenario1_1465,job679_scenario2_1471,
in27,0.4427512212326886,0.37451781034907095,0.39647893102450155,0.1904195565761705,0.27948631378263394,0.0,
B14,0.3685882780751998,0.38734860992866427,0.42125491923553465,0.12088335393205318,0.3358288296731749,0.20304075516088038,
B11,0.4476286300435962,0.4060843380285788,0.44628721624669315,0.24089247433379246,0.39949543418437333,0.07332049729024626,
