,job562_scenario4_1144,job564_scenario0_1154,job565_scenario0_1155,job567_scenario0_1159,job568_scenario0_1164,job569_scenario4_1167,job570_scenario3_1171,job571_scenario0_1172,
in27,0.8206390054308789,0.44442498045609413,0.4475002656441434,0.4038668550220363,0.33143274500791914,0.42042014342538575,0.3670951410257505,0.0,
B14,1.1490998389565894,0.7874087658062421,0.7781118915845262,0.7140859310050629,0.6450138016336624,0.7221918580824961,0.5573050966070378,0.3067905171572687,
B11,1.02909071855485,0.7322727813688326,0.7152796817623099,0.6504193264938642,0.5926779304577363,0.7488809769510962,0.5186707891069977,0.2544546459813427,
