,job443_scenario0_871,job445_scenario0_873,job448_scenario0_883,job450_scenario3_890,job453_scenario2_894,job455_scenario1_896,job456_scenario2_898,job457_scenario0_901,job458_scenario2_906,job459_scenario0_907,job460_scenario1_908,job461_scenario1_909,job462_scenario2_911,
in27,0.5047668678092938,0.4964239612396014,0.4606116442256607,0.6271489840982195,0.49945934328100733,0.4791014306122557,0.5056342178810918,0.2860752176268393,0.2865527037346396,0.13024905746022286,0.17869040758860932,0.16644025306764298,0.0,
B14,0.9986616687052583,0.9201179269560181,0.8437581717844704,1.0840662993515857,0.9528067060193648,1.0293387473987612,0.9674289419453657,0.6762895250061813,0.9706574602118911,0.5743355731339957,0.6475529114734153,0.5429692912102305,0.5888716242865455,
B11,0.8786525483035188,0.893428808087418,0.8067806861418719,1.1338745845737772,0.909294989708417,0.8706953194969816,0.8019949745751115,0.6461025788320576,0.6920049119083723,0.5041347379544479,0.6089186039733753,0.604722765063862,0.4137265194473966,
