,job189_scenario0_348,job190_scenario1_349,job191_scenario1_355,job192_scenario1_356,job194_scenario1_359,job197_scenario0_362,job198_scenario1_365,job199_scenario1_367,job200_scenario1_368,job201_scenario1_371,job204_scenario1_374,job205_scenario1_377,job206_scenario1_379,job207_scenario4_381,job208_scenario3_383,job209_scenario1_386,
in27,0.6205802634614529,0.694497796705355,0.6924089557040396,0.702140508370565,0.6313043549565343,0.5237042315334777,0.5792538295335949,0.5989251190065825,0.6741901848729772,0.6241428480251536,0.4882317517080932,0.47738993557895804,0.45037170716717734,0.42721068289386044,0.36236613250154726,0.12000912040173944,
B14,0.6553236979415062,0.7709952007961467,0.707473806446178,0.780395659161566,0.7197469476787658,0.5623385390335176,0.6606286424352943,0.6829842734751372,0.6973093512265687,0.6241428480251536,0.631360038463424,0.491248254867965,0.4819382348466851,0.5858541107956399,0.5525760880828344,0.22718744122388562,
B11,0.48550629231757514,0.5873194758832088,0.5874646860444386,0.6870756576284267,0.5997378272770264,0.42582774169440885,0.5241178450961855,0.49277431789385007,0.4701219100026831,0.4543254424012227,0.4882317517080932,0.37123913446622564,0.34542743750757626,0.42721068289386044,0.38275868245890343,0.0,
