,job439_scenario0_861,job441_scenario3_868,job442_scenario1_870,job443_scenario0_871,job444_scenario2_872,job445_scenario0_873,job446_scenario2_874,job447_scenario3_882,job448_scenario0_883,job449_scenario1_889,
in27,0.48023298327372843,0.6805272218354198,0.5593042757156215,0.401577896680577,0.49945934328100733,0.38242036597975204,0.4671562419808157,0.4751476953782103,0.23674580838097453,0.09688995404814782,
B14,0.8086938167994389,0.9521119903184063,0.9358333138582091,0.775463577174802,0.9177423510343334,0.6861052112944294,0.9858270310878133,0.7418550550502894,0.4998832155380449,0.3755425023516667,
B11,0.46373130633635906,0.761902034737119,0.5206699682155814,0.37680190846954376,0.5373224398717589,0.3807635441223103,0.44046712311221564,0.5334033419263182,0.1842531815919276,0.0,
