,job42_scenario0_87,job44_scenario1_89,job47_scenario0_94,job50_scenario1_99,job51_scenario0_101,job54_scenario0_104,job56_scenario1_108,job57_scenario2_110,job58_scenario3_111,job59_scenario0_113,job60_scenario3_118,job61_scenario0_119,job62_scenario0_123,job63_scenario1_124,
in27,0.5916510397438874,0.6957289779240345,0.5594744811237408,0.574279889627106,0.4980954933972921,0.49116158462354875,0.5646730927545021,0.5593738813426841,0.6421966266861807,0.40559200679794655,0.5982084345984666,0.2721399397483962,0.1670907892276957,0.2072922775772834,
B14,0.6544832495661037,0.7890489794571738,0.5925531281342019,0.6942890100288452,0.5821546478658468,0.5725363975252482,0.7301070601247561,0.6295747165222318,0.6190774603325893,0.46529650333120415,0.6866510273206983,0.3982246506486567,0.2267952857609533,0.29135143204583813,
B11,0.38700467898473634,0.5370855500222551,0.35482812036458966,0.44041244993635953,0.32174385710501174,0.3507599142644533,0.41988798414172945,0.4189722109835883,0.5102423176530014,0.23044690195879775,0.32662366611548016,0.10762691371369787,0.0,0.1825162893662503,
