,job675_scenario2_1461,job676_scenario1_1463,job677_scenario0_1464,job679_scenario2_1471,job680_scenario0_1472,job681_scenario2_1474,job682_scenario1_1479,job683_scenario2_1485,
in27,0.3306916963086184,0.37642955113811105,0.18544945470753293,0.2554455093237578,0.1255757324429092,0.23669663542427932,0.15200128872000918,0.0,
B14,0.907618131963724,0.9653011754246565,0.6800088881389279,1.0225819005601506,0.6323013329184671,0.9910022270810788,0.6587268891955669,0.48003648160695755,
B11,0.7609198926933844,0.8248995050655609,0.6345840411704132,0.7274276753192623,0.5975578984384138,0.6807831510980522,0.6587268891955669,0.43022819638476595,
