,job142_scenario0_273,job143_scenario1_274,job145_scenario1_279,job147_scenario0_284,job148_scenario3_288,job149_scenario1_290,job150_scenario4_291,job152_scenario2_296,job153_scenario3_298,job154_scenario1_299,job155_scenario1_301,job156_scenario4_303,job157_scenario2_304,job158_scenario1_305,job159_scenario3_306,job160_scenario2_307,job161_scenario0_308,job162_scenario3_309,
in27,0.5891595737393917,0.7111209029813699,0.7149713079501582,0.5502425499158128,0.832102869916667,0.6117559185861756,0.7368292696747621,0.5500315451401927,0.6567274678310768,0.5212160496194105,0.45823240487813316,0.487938026906605,0.3698406472939058,0.46550043045440787,0.515598602440236,0.2594393340958041,0.0,0.26670735967207904,
B14,0.8900176368680194,1.085006583475595,1.0332446995446378,0.8499652872525492,1.1219293959423373,0.9856415990804008,0.9768475104782409,1.1141271812157052,0.8700565897659555,0.9128099385041365,0.7951405997297598,0.918166223291371,0.9587122715804512,0.6437651974042552,0.6587268891955669,0.7394758157027617,0.3071546320398717,0.5067256004755578,
B11,0.8495703645002266,0.9965639907533634,0.9897329832336902,0.7902607907192916,1.0721211107201458,0.8389433598100613,1.0084140381577487,0.8741089404122263,1.0869556642158429,0.7928008181023971,0.7565062922297198,0.8297236305691393,0.6983014808196162,0.732207790126487,0.8054251284659064,0.5310241025787906,0.2667073596720789,0.5769264356551056,
