,job205_scenario1_377,job206_scenario1_379,job209_scenario1_386,job211_scenario0_391,job212_scenario1_392,job213_scenario0_393,job214_scenario2_396,job215_scenario3_398,job216_scenario1_400,job217_scenario3_402,job218_scenario1_403,job219_scenario4_404,job220_scenario0_406,job221_scenario1_407,job222_scenario1_409,job223_scenario1_411,job224_scenario1_413,
in27,0.6739489551987419,0.6785104002660329,0.627157173136422,0.4549316428752028,0.6317054724041491,0.47219405443239704,0.6155775906627599,0.638731394304956,0.5221358948184612,0.6851743333998861,0.45277296114007193,0.5823342052385592,0.27475029786569244,0.41144062281581323,0.3454913100526685,0.2176853644850656,0.12000912040173939,
B14,0.5677981540860094,0.5900678075438012,0.6143263735568287,0.44906204474228395,0.6001389447246412,0.4583357351433901,0.6857784258423077,0.6654205131735561,0.553702422497969,0.6149734982203383,0.4527729611400719,0.4938916125163274,0.2411347928658108,0.3963757720736749,0.2602256241309823,0.12924277176283394,0.0,
B11,0.6878072744877488,0.6935752510081712,0.627157173136422,0.4950649775996556,0.6001389447246412,0.4872589051745354,0.5973358331200761,0.7854296335752955,0.5082775755294543,0.6851743333998861,0.5110286076881798,0.8925532812215857,0.3014394167342926,0.44618405729586647,0.28061817408833856,0.2878861996646134,0.12000912040173939,
