,job236_scenario2_436,job240_scenario2_449,job241_scenario0_451,job244_scenario1_456,job245_scenario2_457,job246_scenario2_459,job247_scenario1_463,job248_scenario3_464,job249_scenario0_466,job250_scenario0_467,job251_scenario2_469,
in27,0.626966162295715,0.4872589051745354,0.3841705338268755,0.3736799088479125,0.4041725972395384,0.4012069292176711,0.33318547202481236,0.3817858359253457,0.07830262623493778,0.0344859440344637,0.0,
B14,1.1954452366249042,1.064185340829641,0.7772765420425548,0.8741089404122263,0.9108981977150963,1.0714533664059158,0.7279562677100837,0.7186940307769725,0.5267725801623876,0.46082326739924284,0.696935556056845,
B11,0.9704918465635638,0.9672953867814931,0.7518941204169004,0.8354746329121863,0.8224556049928645,0.7928008181023971,0.7279562677100837,0.9587122715804512,0.4527663926180199,0.3868170798548751,0.4182830077533261,
