,job895_scenario4_2257,
in27,0.3738856804942252,
B14,0.5640956360755124,
B11,0.0,
