,job154_scenario1_299,job155_scenario1_301,job158_scenario1_305,job160_scenario2_307,job161_scenario0_308,job163_scenario0_310,job165_scenario4_313,job167_scenario2_316,job168_scenario1_317,job169_scenario0_320,job171_scenario1_322,job172_scenario2_324,job173_scenario3_325,job174_scenario2_327,job175_scenario0_329,job176_scenario1_330,job177_scenario1_332,job178_scenario1_333,
in27,0.5585012798642935,0.5219515045165843,0.620241607918361,0.5148678692421865,0.36179034103473473,0.37491735629280976,0.47219405443239715,0.40712587753878887,0.4509643793018582,0.2821176540149824,0.36109693812785254,0.3573808151772186,0.44316755413599473,0.2763666516719356,0.07654989921804439,0.10332093297798917,0.01650167693736937,0.0,
B14,0.8300860483472801,0.7388505789664717,0.6784972544664689,0.8748952304474047,0.548935852672867,0.6010772778072817,0.6855231763672758,0.8759883814235949,0.6261094841410071,0.4618312709499794,0.5651652129981467,0.6525350404181068,0.5947432022172419,0.7065948480567015,0.24198386658829846,0.33344296247040195,0.22495339006134052,0.15475255488179263,
B11,0.7100769279455406,0.7002162714664315,0.7669398471887006,0.6664435173234335,0.5084885803050743,0.48785869687401695,0.6624040100136843,0.5657693054405684,0.5709734997035976,0.38826845512771485,0.4949643778185989,0.4938916125163274,0.5947432022172419,0.42794229975318265,0.21041733890879072,0.33344296247040195,0.09108595037059414,0.12000912040173939,
