,job241_scenario0_451,job249_scenario0_466,job250_scenario0_467,job252_scenario0_470,job253_scenario3_472,job254_scenario2_473,job256_scenario4_475,job257_scenario2_476,job258_scenario1_477,job259_scenario1_480,job260_scenario0_481,job261_scenario0_484,job262_scenario1_485,job263_scenario2_486,
in27,0.49232960682422955,0.38687112382086386,0.40066084781384215,0.35764437776871894,0.5057427663926872,0.47544727170696804,0.4665175122497896,0.3409023053491892,0.3702116147568118,0.34968714896218167,0.15459839470146008,0.005562774003318394,0.01283079957959321,0.0,
B14,0.924069922539949,0.8739753852483538,0.8656324786786613,0.826506881653525,1.006171797957001,0.9127432479122664,1.055389136536335,0.9514442460041765,0.8529324379306248,0.9069922455692194,0.6604383842288646,0.4882835971771313,0.4955516227534062,0.5769264356551056,
B11,0.5182675897517202,0.41954928654141166,0.41120637997171927,0.39900530166499426,0.5941853591149189,0.47718735231228243,0.5549601049720212,0.4345135375024932,0.41737654233064087,0.3679289065048656,0.1866984715331509,0.030595071014476893,0.059995727153422274,0.1649399968130234,
