,job875_scenario3_2166,job876_scenario0_2171,job879_scenario3_2180,job880_scenario3_2181,
in27,0.5106679582917635,0.12064125025658523,0.0,0.07020083517954778,
B14,0.9093296269970217,0.6531703586525899,0.43022819638476606,0.5888716242865455,
B11,0.6693113861935429,0.2860752176268393,0.4688625038848061,0.15864342790177954,
