,job399_scenario1_781,job403_scenario2_794,job406_scenario2_800,job408_scenario2_803,job410_scenario2_805,job411_scenario1_809,job412_scenario2_810,job413_scenario1_811,job414_scenario2_812,job415_scenario2_814,job416_scenario2_815,job417_scenario3_816,job418_scenario0_817,job419_scenario3_819,job420_scenario2_820,
in27,0.8359002735509482,0.7548861100456652,0.6735779877358359,0.6359701406201161,0.6654205131735561,0.5882843793517383,0.6145360511525497,0.582334205238559,0.5245423670376941,0.5314497432175527,0.5182966332644545,0.6904538205157483,0.27656689742767815,0.3449625104630799,0.24001824080347878,
B14,0.8910362579883577,0.8748952304474047,0.9024222508171631,0.779098427375447,0.7854296335752955,0.8051834538016255,0.6696720355899592,0.6321424904607507,0.7533866301190213,0.6679605405566615,0.7267483463884256,0.6020112277935168,0.33344296247040206,0.37652903814258765,0.3182733915944797,
B11,0.5669588627163241,0.5299327199843248,0.47219405443239704,0.4608250357809673,0.49560310754962505,0.4065217850963672,0.4092612448291242,0.3573808151772186,0.33822328447639366,0.34656748685148325,0.2617767155236063,0.5206364148918173,0.03654865662419926,0.17514510483914886,0.0,
