,job675_scenario2_1461,job677_scenario0_1464,job680_scenario0_1472,job682_scenario1_1479,job683_scenario2_1485,job684_scenario0_1492,job685_scenario0_1496,
in27,0.6854593038221835,0.5447990840492083,0.5040828924854096,0.5680033566031135,0.523887547849744,0.23934050893993586,0.0,
B14,1.0721757838960018,0.8491485618993161,0.8205985373796802,0.8845190014973838,0.8137140738754145,0.5291670349656064,0.28544308777199334,
B11,0.6854593038221835,0.5637054741273227,0.5458368620961481,0.644500760693905,0.523887547849744,0.25440535968207434,0.028923170031145196,
