,job87_scenario1_163,job90_scenario0_167,job91_scenario0_168,job94_scenario0_174,job96_scenario1_180,job97_scenario0_182,job98_scenario0_185,job99_scenario0_190,job100_scenario0_194,job101_scenario3_195,job102_scenario0_198,job103_scenario0_199,job104_scenario1_200,job105_scenario0_202,job106_scenario1_203,
in27,0.7200091204017394,0.5967213241171546,0.5850715224685119,0.534863296452389,0.6300004478384269,0.5164216197113787,0.46358767933433387,0.43104994444786715,0.35738081517721854,0.6236663722483871,0.24894591594401316,0.23227272911940366,0.31255784727935565,0.0,0.16543396737025406,
B14,1.2258491099291438,1.0550874893556705,1.0610018061738502,1.0535340855593867,1.0923287210548835,0.9575229482814971,0.9528427331764961,0.9110864260548247,0.8296052997047414,0.9907615132741376,0.7556715164195709,0.7441529787579267,0.8045395175177531,0.47222448452752275,0.6258491099291439,
B11,1.1325291083960045,0.9815246735334059,0.9837331911737702,0.9833332503798389,1.1127212710122398,0.9227795138014437,0.8755741181764161,0.8447764638952637,0.7772694285288153,1.180971468855425,0.6893615542600098,0.630934397824662,0.7610278012068055,0.4275848387364035,0.652538228797744,
