,job802_scenario0_1890,job803_scenario0_1892,job805_scenario3_1895,job808_scenario1_1904,job809_scenario0_1906,job811_scenario1_1909,job813_scenario1_1919,job814_scenario1_1921,
in27,0.603966362981808,0.5931189430004968,0.7726353023546588,0.6194684636827466,0.4858919700807303,0.5380400369302847,0.2466085345162108,0.12269346196859465,
B14,0.7808515484262712,0.7700041284449601,0.9740192356580977,0.8466559049066322,0.6726733668362594,0.7668843000116119,0.43681849009749796,0.32407739527203344,
B11,0.4674555656426991,0.48199056728704237,0.6371110408064709,0.5062498827494819,0.3416849473568146,0.41803091652854524,0.1265994141144714,0.0,
