,job493_scenario1_970,job494_scenario1_977,job495_scenario1_979,job496_scenario4_980,job498_scenario1_982,job501_scenario1_992,job502_scenario4_1001,job503_scenario2_1002,job504_scenario2_1003,job505_scenario3_1007,job506_scenario0_1009,
in27,0.8359002735509482,0.7582988679622868,0.7230256235616113,0.8494658106890924,0.8378429374229381,0.6554184296159314,0.5964832828225564,0.5400208313425403,0.49988321553804493,0.5114027635307228,0.08844259272223165,
B14,0.7341329106918927,0.7223489020291023,0.6732173383394197,0.6859449739764054,0.6743221007102511,0.5990759137253905,0.5466749976003648,0.524955980600402,0.6198923359397843,0.3913936431289834,0.0,
B11,0.8359002735509482,0.8219654724734854,0.7767247818037897,0.9463557647372405,0.8378429374229381,0.71908503412713,0.6666841180021041,0.5565225082799098,0.5149480662801833,0.6314118839324623,0.08137481290169946,
