,job224_scenario1_413,job226_scenario3_419,job227_scenario3_421,
in27,0.46232827321645675,0.5325291083960046,0.482720823173813,
B14,0.28544308777199356,0.44408651567377294,0.13386743969074633,
B11,0.2538765600924857,0.2538765600924857,0.22718744122388557,
cn12,0.0,0.13386743969074633,0.10717832082214629,
B54,0.6525382287977439,0.46232827321645675,0.4275848387364035,
