,job78_scenario0_152,job84_scenario0_160,job88_scenario1_165,job90_scenario0_167,job91_scenario0_168,job92_scenario3_171,job93_scenario1_172,
in27,0.2658809305952471,0.28627348055260327,0.32672075292039604,0.27920570073207107,0.28627348055260327,0.47648343613389044,0.421347451696481,
B14,0.6147343140783138,0.7165016769373693,0.6849351492578615,0.6463008417578215,0.6582460303892614,0.9249533900613403,0.7347434344800531,
B11,0.2658809305952471,0.3093926469061947,0.45609088617653426,0.317840008232111,0.27920570073207107,0.4996026024874819,0.3795934820857426,
cn12,0.00306444394315486,0.022685782991222814,0.209467179746752,0.0,0.00306444394315486,0.30133833129474163,0.16482753395563277,
B54,0.6582460303892614,0.6849351492578615,0.8751451048391488,0.6710768299688545,0.7347434344800531,0.7782551507910007,0.7165016769373693,
