,job784_scenario0_1829,job786_scenario0_1831,
in27,0.24390911382346558,0.2519634294349188,
B14,0.26041079076083495,0.26041079076083495,
B11,0.21498594379232028,0.23621288843865884,
cn12,0.09167888438457172,0.09167888438457172,
B54,0.011945188631439896,0.0,
