,job538_scenario1_1085,job544_scenario0_1098,job545_scenario0_1099,job546_scenario0_1100,job547_scenario3_1101,job548_scenario0_1104,job549_scenario2_1105,
in27,0.07908157986783271,0.04600293285737167,0.0,0.04600293285737167,0.3488533834830666,0.018241757542683867,0.31021907598302656,
B14,0.62482159021973,0.6702464371882448,0.600045602008697,0.5684790743291893,0.9488989854917637,0.5260394144643292,1.068908105893503,
B11,0.5684790743291893,0.533735639849136,0.5260394144643292,0.48003648160695755,0.8786981503122158,0.48003648160695755,0.638679909508737,
cn12,0.26815620965722864,0.08487264020722296,0.06805004276487558,0.07458427343322482,0.4484699539274499,0.049808285222191495,0.2786525483035188,
B54,0.43022819638476595,0.34616904191621134,0.3213930537051781,0.34616904191621134,0.5116030092864654,0.3213930537051781,0.43022819638476595,
