,job158_scenario1_305,job161_scenario0_308,job163_scenario0_310,job164_scenario3_312,job166_scenario4_314,job168_scenario1_317,job169_scenario0_320,job170_scenario2_321,
in27,0.5247463796055186,0.4047372592037791,0.3927920705723392,0.7416454540554059,0.644755500007258,0.5247463796055186,0.43142637807237927,0.5128011909740786,
B14,0.644755500007258,0.43142637807237927,0.462992905751887,0.6012437836963103,0.8616545744571453,0.6012437836963103,0.501627213251927,0.7416454540554059,
B11,0.5375771791851118,0.43142637807237927,0.47187365044017204,0.644755500007258,0.6012437836963103,0.5514354984741188,0.4047372592037791,0.566500349216257,
cn12,0.20258211499105205,0.04393868708927262,0.009195252609219273,0.32259123539279144,0.5128011909740786,0.22297466494840823,0.0,0.27278295017059984,
B54,0.6714446188758582,0.566500349216257,0.5128011909740786,0.5514354984741188,0.9816636948588847,0.8616545744571453,0.5128011909740786,0.6714446188758582,
