,job910_scenario3_2356,
in27,0.07020083517954778,
B14,0.09332000153313924,
B11,0.1902099555812872,
cn12,0.0,
B54,0.1902099555812872,
