,job531_scenario2_1063,job532_scenario0_1074,job533_scenario2_1075,job535_scenario4_1081,
in27,0.527118150432914,0.44116677425710615,0.515172961801474,0.7440172248828012,
B14,0.9257798191381721,0.7826515323828414,1.0226697731863201,0.8475246683471712,
B11,0.7275155479454318,0.6422498620237458,0.6985923779142865,0.8640263452845407,
cn12,0.1733873581389398,0.0,0.22972987402948064,0.31378902849803525,
B54,0.8822681028272245,0.9026606527845806,0.9840354656862801,0.9840354656862801,
