,job688_scenario3_1508,job693_scenario1_1516,job694_scenario3_1517,
in27,0.01506485074213848,0.0,0.12000912040173939,
B14,0.45691731525336615,0.6969355560568449,0.5769264356551056,
B11,0.6084929633346133,0.5271181504329139,0.5502373167865053,
cn12,0.45691731525336615,0.3773554672194195,0.4884838429328739,
B54,0.26670735967207904,0.45691731525336615,0.3600273612052183,
