,job572_scenario3_1176,job573_scenario3_1178,
in27,0.19020995558128717,0.1670907892276957,
B14,0.33690819485162676,0.0,
B11,0.1670907892276957,0.026689118868600148,
cn12,0.28709990962943516,0.3230498755626198,
B54,0.40710903003117455,0.48848384293287395,
