,job720_scenario2_1596,job724_scenario0_1606,job725_scenario2_1608,job726_scenario1_1609,
in27,0.6342964712550601,0.4827208231738128,0.5760408247069522,0.6027299435755522,
B14,0.6729307787551,0.5640956360755123,0.7543055916567994,0.6177947943176906,
B11,0.16543396737025395,0.0,0.28544308777199334,0.16543396737025395,
cn12,0.4329125379516212,0.21913312561243237,0.4560317043052128,0.36271170277207343,
B54,0.6342964712550601,0.6027299435755522,0.9129490195585789,0.6960499451086914,
