,job128_scenario2_246,job129_scenario0_247,
in27,0.08844259272223165,0.0,
B14,0.45691731525336615,0.36504616370537657,
B11,0.5186707891069977,0.2982738873515868,
cn12,0.3369081948516267,0.15864342790177932,
B54,0.13825087794442326,0.059995727153422274,
