,job39_scenario0_80,job42_scenario0_87,job44_scenario1_89,job47_scenario0_94,job48_scenario2_95,job49_scenario4_96,
in27,0.3621781536198906,0.3379802512977145,0.4239316274735221,0.3456764766825212,0.48218727402163,0.4239316274735221,
B14,0.5805260780549276,0.6141415830548094,0.8310406575046967,0.6408307019234094,0.7110315371029572,0.690638987145601,
B11,0.6269723826344025,0.5612688538894628,0.6558955526655478,0.5439407478752616,0.7110315371029572,0.8310406575046967,
cn12,0.020392549957356065,0.0,0.13333389053856337,0.0,0.14040167035909557,0.5706298667438616,
B54,0.6269723826344025,0.7110315371029572,0.8808489427268882,0.6021963944233695,0.8808489427268882,0.7924063500046566,
