,job376_scenario0_720,
in27,0.0,
B14,0.32528392672516493,
B11,0.15157564808124713,
cn12,0.1635208367126869,
B54,0.5004290315643138,
