,job360_scenario4_675,job361_scenario2_677,job364_scenario2_688,job365_scenario2_692,
in27,0.3765290381425876,0.29515422524088825,0.3765290381425876,0.34496251046307985,
B14,0.4382825119962191,0.5351724660443671,0.4382825119962191,0.34496251046307985,
B11,0.4382825119962191,0.31827339159447976,0.3063282029630398,0.3765290381425876,
cn12,0.46497163086481924,0.11611824738175258,0.09444793101331084,0.10494426965960102,
B54,0.29515422524088825,0.0,0.03474343448005324,0.03474343448005324,
