,job277_scenario2_512,job279_scenario1_514,job280_scenario1_516,
in27,0.26557943019190733,0.3438345809829082,0.18031374427022118,
B14,0.5403411054754393,0.37052369985150846,0.28646454538295363,
B11,0.0,0.049808285222191384,0.0,
cn12,0.10075189623627445,0.09187115154798953,0.06767324922581341,
B54,0.8007518962362744,0.583852821786387,0.7305510610567265,
