,job214_scenario2_396,job217_scenario3_402,
in27,0.38671648007381837,0.4800364816069576,
B14,0.6267347208772971,0.5769264356551056,
B11,0.0,0.08137481290169946,
cn12,0.29827388735158666,0.5067256004755578,
B54,0.6267347208772971,0.4365247652960099,
