,job809_scenario0_1906,job812_scenario1_1912,
in27,0.6172018603037132,0.7576035306628086,
B14,0.5989601027610292,0.7024675462253992,
B11,0.5346288657144003,0.8389783435645081,
cn12,0.0,0.1371653786967555,
B54,0.6735443761942539,1.1176308918680269,
