,job513_scenario2_1026,job514_scenario1_1027,job515_scenario4_1030,job516_scenario0_1032,
in27,0.28646454538295363,0.230122029492413,0.3936428662050999,0.18031374427022118,
B14,0.9909618518175617,0.7509436110140828,0.7740627773676743,0.6011809278005884,
B11,0.5838528217863872,0.5403411054754393,0.9207610166380138,0.4766745009642409,
cn12,0.16207198672753742,0.23665626016076224,0.3003228646719607,0.0,
B54,0.6309344906123435,0.4268662157420493,0.680742775834535,0.39091624980886464,
