,job212_scenario1_392,job213_scenario0_393,
in27,0.40635789409006506,0.2712839229461873,
B14,0.18284133022395566,0.0,
B11,0.3774347240589198,0.2944030892997789,
cn12,0.2944030892997789,0.12770534578654624,
B54,0.5113021637496662,0.3526587358478867,
