,job544_scenario0_1098,job545_scenario0_1099,job546_scenario0_1100,job547_scenario3_1101,job553_scenario1_1118,
in27,0.4264228440199459,0.38041991116257423,0.4264228440199459,0.7292732946456408,0.5252050197753467,
B14,0.6408307019234092,0.5706298667438614,0.5390633390643538,0.9194832502269281,0.8492824150473803,
B11,0.6243290249860398,0.6166327996012331,0.5706298667438614,0.9692915354491196,0.8225932961787801,
cn12,0.016822597442347265,0.0,0.006534230668349128,0.38041991116257423,0.20010616689235294,
B54,0.33499506419405944,0.31021907598302645,0.33499506419405944,0.5004290315643136,0.4688625038848059,
