,job223_scenario1_411,job224_scenario1_413,job225_scenario2_415,
in27,0.24368911816125505,0.2619308757039389,0.2121225904817473,
B14,0.16543396737025418,0.28544308777199356,0.20406827487029422,
B11,0.6423507868665133,0.6690399057351135,0.5640956360755124,
cn12,0.04542484696851479,0.0,0.08405915446855483,
B54,0.6192316205129218,0.7890490261368528,0.7392407409146613,
