,job496_scenario4_980,job500_scenario3_990,job501_scenario1_992,
in27,0.12000912040173939,0.15864342790177943,0.0,
B14,0.5390633390643539,0.6590724594660933,0.5888716242865455,
B11,0.34885338348306666,0.6590724594660933,0.32216426461446657,
cn12,0.4421733850162059,0.3804199111625744,0.24390911382346558,
B54,0.6590724594660933,0.363918234225205,0.4421733850162059,
