,job296_scenario0_554,job297_scenario1_555,job298_scenario0_558,
in27,0.0,0.28544308777199334,0.013858319289006715,
B14,0.553599297429222,0.8539221621011825,0.5343420732637572,
B11,0.5254613285754721,0.5752696137976638,0.44958337617539823,
cn12,0.3703157279792163,0.5752696137976638,0.33238954646779395,
B54,0.5343420732637572,0.7339130416994433,0.6454704489772116,
