,job193_scenario1_357,job197_scenario0_362,job199_scenario1_367,job201_scenario1_371,
in27,0.6723378447411226,0.592775996707176,0.7221461299633142,0.7923469651428621,
B14,0.5838952520188909,0.5384704050503762,0.7039043724206304,0.6723378447411226,
B11,0.7923469651428621,0.5673935750815216,0.7039043724206304,0.7923469651428621,
cn12,0.24331617980948794,0.0,0.13716537869675538,0.1869736639189472,
B54,0.6723378447411226,0.7923469651428621,0.8625478003224099,0.8625478003224099,
