,job479_scenario3_944,job480_scenario1_945,job481_scenario0_947,job482_scenario0_949,job484_scenario2_952,job485_scenario2_953,job486_scenario3_954,job487_scenario3_955,
in27,0.7110315371029572,0.6558955526655478,0.5523881092011778,0.5281902068790016,0.6558955526655478,0.6141415830548094,0.7341507034565486,0.8808489427268882,
B14,0.38041991116257445,0.48218727402163,0.28080334071819124,0.21797113089597508,0.4239316274735221,0.48218727402163,0.4239316274735221,0.7608398223251489,
B11,0.7924063500046566,0.5805260780549276,0.5137538017011378,0.5069632622326631,0.6558955526655478,0.6269723826344025,0.8310406575046967,0.8310406575046967,
cn12,0.2754756415029733,0.13333389053856337,0.0,0.013324770136823982,0.17196819803860341,0.16352083671268713,0.2754756415029733,0.3537307922939743,
B54,0.3741233422513305,0.4554981551530298,0.2541142218495911,0.2436178832033008,0.49413246265306987,0.49413246265306987,0.33548903475129044,0.3741233422513305,
