,job468_scenario0_919,job470_scenario2_927,job471_scenario3_928,job473_scenario0_932,job474_scenario0_933,job475_scenario0_934,
in27,0.5248548951608512,0.6796074500426438,0.6796074500426438,0.4893974944613566,0.48310092555011264,0.5413565720982205,
B14,0.6297991648204522,0.8200091204017395,0.8200091204017395,0.5799908795982607,0.5502373167865056,0.5911648573204122,
B11,0.0,0.15157564808124724,0.1200091204017395,0.01506485074213848,0.03156652767950785,0.007368625357331737,
cn12,0.10063203706716428,0.2627040237947017,0.35114661651693335,0.07836366634633352,0.07540399491037875,0.07836366634633352,
B54,0.5911648573204122,0.66136569249996,0.8200091204017395,0.6031100459518521,0.5595983296409045,0.5799908795982607,
