,job214_scenario2_396,job218_scenario1_403,job219_scenario4_404,
in27,0.46886250388480605,0.41905421866261444,0.5186707891069976,
B14,0.7088807446882848,0.5621825054179452,0.6204381519660532,
B11,0.10883514267958783,0.0,0.05369915824217841,
cn12,0.10176736285905552,0.08526568592168615,0.24001824080347878,
B54,0.7088807446882848,0.7088807446882848,0.5888716242865455,
