,job1121_scenario4_3254,
in27,0.09688995404814787,
B14,0.0,
B11,0.2168990744498873,
cn12,0.14669823927033954,
B54,0.2168990744498873,
B51,0.12000912040173933,
os4,0.012830799579593155,
in4,0.12000912040173933,
B33,0.09688995404814787,
sh10,0.041753969610738406,
in22,0.07649740409079164,
