,job299_scenario4_556,
in27,0.09187115154798958,
B14,0.1101129090906734,
B11,0.25051457944976907,
cn12,0.0,
B54,0.49053282025324785,
B51,0.37052369985150846,
os4,0.25051457944976907,
in4,0.25051457944976907,
B33,0.0216703163684418,
sh10,0.13050545904802963,
in22,0.15362462540162108,
