,job928_scenario2_2136,
in27,0.07020083517954773,
B14,0.3102190759830265,
B11,0.10176736285905547,
cn12,0.08526568592168604,
B54,0.2217764832607949,
B51,0.043511716310947635,
os4,0.3102190759830265,
in4,0.0,
B33,0.2217764832607949,
sh10,0.5004290315643137,
in22,0.5004290315643137,
