,job1159_scenario0_3473,
in27,0.11371255149049542,
B14,0.2754756415029733,
B11,0.15546652110123393,
cn12,0.0,
B54,0.24655247147182807,
B51,0.24655247147182807,
os4,0.23372167189223492,
in4,0.15546652110123393,
B33,0.22177648326079497,
sh10,0.5706298667438616,
in22,0.22177648326079497,
