,job524_scenario3_1043,
in27,0.2667073596720789,
B14,0.45691731525336615,
B11,0.1466982392703396,
cn12,0.21689907444988735,
B54,0.17826476694984733,
B51,0.1466982392703396,
os4,0.21689907444988735,
in4,0.2667073596720789,
B33,0.0,
sh10,0.33690819485162676,
in22,0.2667073596720789,
