,job443_scenario1_856,
in27,0.15546652110123402,
B14,0.19020995558128725,
B11,0.12654335107008874,
cn12,0.051959077636864026,
B54,0.3306116259403829,
B51,0.17196819803860344,
os4,0.10176736285905563,
in4,0.03545740069949466,
B33,0.0,
sh10,0.23372167189223494,
in22,0.23372167189223494,
