,job999_scenario2_2519,
in27,0.08137481290169934,
B14,0.2898265260256704,
B11,0.049808285222191606,
cn12,0.0,
B54,0.12000912040173939,
B51,0.0,
os4,0.12000912040173939,
in4,0.049808285222191606,
B33,0.4800364816069576,
sh10,0.3600273612052182,
in22,0.2400182408034788,
