,job537_scenario0_1083,
in27,0.10494426965960102,
B14,0.2786525483035188,
B11,0.1751451048391488,
cn12,0.0,
B54,0.23689857869278041,
B51,0.24972937827237357,
os4,0.16669774351323263,
in4,0.24972937827237357,
B33,0.3337885327409283,
sh10,0.2635876975613805,
in22,0.24972937827237357,
