,job801_scenario0_1777,
in27,0.08069717382583796,
B14,0.15362462540162114,
B11,0.1803137442702213,
cn12,0.0,
B54,0.250514579449769,
B51,0.28208110712927675,
os4,0.1620719867275373,
in4,0.1803137442702213,
B33,0.1620719867275373,
sh10,0.5607336554327956,
in22,0.21188027194972897,
