,job1021_scenario3_2648,
in27,0.32846083352571054,
B14,0.5186707891069977,
B11,0.6386799095087371,
cn12,0.2235165638661094,
B54,0.2235165638661094,
B51,0.3600273612052183,
os4,0.30177171465711033,
in4,0.3600273612052183,
B33,0.3600273612052183,
sh10,0.0,
in22,0.32846083352571054,
