,job80_scenario1_153,
in27,0.07356281582226454,
B14,0.16543396737025412,
B11,0.16543396737025412,
cn12,0.0,
B54,0.37388568049422516,
B51,0.16543396737025412,
os4,0.10717832082214629,
in4,0.09523313219070634,
B33,0.07356281582226454,
sh10,0.3240773952720336,
in22,0.22718744122388562,
