,job25_scenario2_52,
in27,0.041753969610738406,
B14,0.26670735967207887,
B11,0.012830799579593155,
cn12,0.026689118868600092,
B54,0.2168990744498873,
B51,0.0,
os4,0.26670735967207887,
in4,0.041753969610738406,
B33,0.12000912040173933,
sh10,0.12000912040173933,
in22,0.3369081948516267,
