,job759_scenario0_1652,
in27,0.15546652110123393,
B14,0.1719681980386033,
B11,0.15546652110123393,
cn12,0.0,
B54,0.24655247147182807,
B51,0.22177648326079497,
os4,0.12000912040173939,
in4,0.15546652110123393,
B33,0.11371255149049553,
sh10,0.2754756415029733,
in22,0.29197731844034275,
