,job598_scenario3_1196,
in27,0.04351171631094766,
B14,0.1017673628590556,
B11,0.04351171631094766,
cn12,0.0,
B54,0.1017673628590556,
B51,0.04351171631094766,
os4,0.04351171631094766,
in4,0.38041991116257445,
B33,0.14040167035909562,
sh10,0.1902099555812872,
in22,0.38041991116257445,
