,job932_scenario0_2166,
in27,0.12330705940774855,
B14,0.27223934984063325,
B11,0.12330705940774855,
cn12,0.0,
B54,0.17761265106454827,
B51,0.27223934984063325,
os4,0.27223934984063325,
in4,0.15223022943889386,
B33,0.2185401915984549,
sh10,0.3069827843206865,
in22,0.1968698752300131,
