,job147_scenario3_273,
in27,0.04980828522219155,
B14,0.04980828522219155,
B11,0.09332000153313924,
cn12,0.0,
B54,0.03156652767950774,
B51,0.24001824080347878,
os4,0.3102190759830266,
in4,0.3102190759830266,
B33,0.430228196384766,
sh10,0.09332000153313924,
in22,0.04980828522219155,
