,job96_scenario0_189,
in27,0.09926715243907491,
B14,0.11688945829104092,
B11,0.16669774351323263,
cn12,0.0,
B54,0.31339598278357206,
B51,0.31339598278357206,
os4,0.13651079733910887,
in4,0.18402584952743384,
B33,0.11688945829104103,
sh10,0.4151633456426277,
in22,0.22495339006134046,
