,job64_scenario3_120,
in27,0.5186707891069977,
B14,0.44846995392744987,
B11,0.44846995392744987,
cn12,0.2786525483035189,
B54,0.3986616687052583,
B51,0.32846083352571054,
os4,0.3600273612052183,
in4,0.3986616687052583,
B33,0.0,
sh10,0.023119166353591458,
in22,0.5186707891069977,
