,job886_scenario2_2012,
in27,0.0,
B14,0.3600273612052182,
B11,0.03594996593318467,
cn12,0.049808285222191606,
B54,0.2013839333034388,
B51,0.03594996593318467,
os4,0.14312828675533085,
in4,0.03594996593318467,
B33,0.14312828675533085,
sh10,0.08137481290169934,
in22,0.14312828675533085,
