,job26_scenario2_53,
in27,0.04708166882595627,
B14,0.19020995558128712,
B11,0.11195480479028619,
cn12,0.16709078922769566,
B54,0.14669823927033943,
B51,0.0,
os4,0.04708166882595627,
in4,0.017328106014201206,
B33,0.19020995558128712,
sh10,0.4071090300311745,
in22,0.16709078922769566,
