,job1145_scenario0_3375,
in27,0.06283220982221627,
B14,0.11264049504440787,
B11,0.1442070227239156,
cn12,0.0,
B54,0.24771446618828563,
B51,0.24771446618828563,
os4,0.28245790066833887,
in4,0.15308776741220065,
B33,0.17234499157766547,
sh10,0.1442070227239156,
in22,0.20596049657754723,
