,job58_scenario1_126,
in27,0.16128678555014192,
B14,0.24534594001869664,
B11,0.17514510483914886,
cn12,0.08670251211691715,
B54,0.4853641808221755,
B51,0.14845598597054876,
os4,0.0,
in4,0.10494426965960113,
B33,0.2684651063722881,
