,job21_scenario3_48,
in27,0.2400182408034788,
B14,0.4800364816069576,
B11,0.09961657044438316,
cn12,0.049808285222191606,
B54,0.0,
B51,0.2898265260256704,
os4,0.2898265260256704,
in4,0.3600273612052182,
B33,0.049808285222191606,
