,job614_scenario2_1262,job615_scenario2_1265,
in27,0.39703833202364636,0.2937173990456572,
B14,0.5275437910716759,0.7088807446882849,
B11,0.4889094835716359,0.43022819638476606,
cn12,0.33733383549038876,0.1990907002695722,
B54,0.4889094835716359,0.5186707891069977,
B51,0.2986995279903487,0.0,
os4,0.7675620318751548,0.4688625038848061,
in4,0.40753467066993654,0.2519634294349188,
B33,0.45734295589212814,0.5186707891069977,
