,job1060_scenario2_2805,
in27,0.20845171312397115,
B14,0.5888716242865455,
B11,0.22884426308132727,
cn12,0.19020995558128717,
B54,0.0,
B51,0.2786525483035189,
os4,0.4688625038848061,
in4,0.26479422901451194,
B33,0.5888716242865455,
