,job178_scenario2_365,job179_scenario1_366,job180_scenario2_367,job181_scenario1_368,
in27,0.44684661724583796,0.45626677909331337,0.3600273612052182,0.3435256842678488,
B14,0.5773520762938675,0.441201928351175,0.39866166870525827,0.2786525483035189,
B11,0.45734295589212814,0.45626677909331337,0.3435256842678488,0.4484699539274499,
cn12,0.40220697145471873,0.3710010931716273,0.2235165638661094,0.26815620965722864,
B54,0.5773520762938675,0.6812201691546538,0.5684790743291892,0.3435256842678488,
B51,0.4932929218253128,0.4910102135733666,0.39866166870525827,0.25825999834616276,
os4,0.27830697803299254,0.00047739332011864644,0.25825999834616264,0.041360923896275326,
in4,0.4369504059347721,0.3913936431289834,0.3017717146571104,0.3284608335257105,
B33,0.26006522049030867,0.0923485448681084,0.023119166353591458,0.0,
