,job1090_scenario4_2933,
in27,0.38041991116257434,
B14,0.24001824080347867,
B11,0.4302281963847659,
cn12,0.2604107907608349,
B54,0.5004290315643137,
B51,0.38041991116257434,
os4,0.0,
in4,0.4302281963847659,
B33,0.17635163629228018,
