,job712_scenario4_1509,
in27,0.09332000153313924,
B14,0.1902099555812872,
B11,0.1902099555812872,
cn12,0.0,
B54,0.3102190759830266,
B51,0.1902099555812872,
os4,0.24001824080347878,
in4,0.1902099555812872,
B33,0.015064850742138314,
