,job300_scenario0_573,
in27,0.3003228646719608,
B14,0.33578026537145533,
B11,0.3003228646719608,
cn12,0.2080749195849091,
B54,0.5340445365641957,
B51,0.16207198672753753,
os4,0.38041991116257456,
in4,0.30685709534031,
B33,0.0,
