,job536_scenario0_1065,job538_scenario2_1067,job539_scenario2_1070,
in27,0.18821389970134178,0.2540598821992295,0.09187115154798958,
B14,0.2617767155236063,0.4790132722605699,0.15362462540162108,
B11,0.2171370697324871,0.22513671216808417,0.15362462540162108,
cn12,0.07499531876807702,0.1421050774089433,0.010496338646290237,
B54,0.2425194913581415,0.4790132722605699,0.21188027194972903,
B51,0.3536478670715959,0.20036072395705107,0.046446304579474906,
os4,0.2251913853439403,0.4790132722605699,0.060304623868481844,
in4,0.27227305416989656,0.33231503299023035,0.0,
B33,0.3082230201030812,0.5492141074401178,0.25051457944976907,
