,job475_scenario1_933,job476_scenario1_934,
in27,0.23357226127449665,0.14214175096440995,
B14,0.2566914276280881,0.24708602062401108,
B11,0.2833805464966883,0.31728685580355886,
cn12,0.0838095780610022,0.0,
B54,0.5935996224797149,0.24708602062401108,
B51,0.14951310680594193,0.15864342790177938,
os4,0.17843627683708718,0.3670951410257504,
in4,0.16337142609494887,0.05687606504272391,
B33,0.23357226127449665,0.19727773540181942,
