,job906_scenario1_2098,
in27,0.2898265260256704,
B14,0.31021907598302656,
B11,0.0,
cn12,0.14312828675533096,
B54,0.48003648160695755,
B51,0.2715847684829865,
os4,0.20138393330343873,
in4,0.179713616934997,
B33,0.21332912193487874,
