,job21_scenario3_48,job22_scenario1_49,job23_scenario1_51,
in27,0.46579031721804437,0.18294193000501235,0.08303163475914094,
B14,0.7058085580215232,0.2798318840531602,0.21689907444988732,
B11,0.32538864685894875,0.2798318840531602,0.16709078922769566,
cn12,0.27558036163675714,0.18294193000501235,0.0,
B54,0.3457811968163049,0.3998410044548996,0.1284564817276556,
B51,0.5155986024402359,0.259439334095804,0.19020995558128712,
os4,0.5155986024402359,0.22469589961575076,0.08303163475914094,
in4,0.5857994376197838,0.19577272958460545,0.026689118868600148,
B33,0.39558948203849664,0.15982276365142079,0.16709078922769566,
