,job226_scenario1_447,job227_scenario0_448,
in27,0.41516334564262763,0.3070994138723281,
B14,0.13195430903317928,0.011945188631440007,
B11,0.468862503884806,0.31339598278357206,
cn12,0.4039893679204761,0.1999210930501819,
B54,0.547117654675807,0.41516334564262763,
B51,0.5239984883222155,0.468862503884806,
os4,0.15864342790177943,0.0,
in4,0.547117654675807,0.365355060420436,
B33,0.43993933385366074,0.41516334564262763,
