,job1066_scenario4_2842,
in27,0.06366660451119849,
B14,0.045424846968514676,
B11,0.13386743969074638,
cn12,0.045424846968514676,
B54,0.20406827487029414,
B51,0.32407739527203355,
os4,0.08405915446855472,
in4,0.10717832082214618,
B33,0.0,
