,job391_scenario2_748,
in27,0.043511716310947635,
B14,0.3102190759830265,
B11,0.10176736285905547,
cn12,0.0,
B54,0.10176736285905547,
B51,0.05634251589054079,
os4,0.38041991116257434,
in4,0.043511716310947635,
B33,0.26041079076083495,
