,job245_scenario0_479,job247_scenario1_481,
in27,0.02747540890377842,0.05298519202273699,
B14,0.02747540890377842,0.0,
B11,0.38369741774417665,0.34496251046307985,
cn12,0.2424613526960987,0.24972937827237351,
B54,0.4963379127885844,0.6938158939461465,
B51,0.4824795934995775,0.36973849867411296,
os4,0.4465296275663928,0.6236150587665987,
in4,0.4167760647546378,0.34496251046307985,
B33,0.5279044404680922,0.47691681949625914,
