,job258_scenario0_495,job259_scenario0_496,job260_scenario1_497,
in27,0.20185367668763232,0.1426949033929623,0.14317238950076244,
B14,0.06594931276314475,0.0,0.03702158838803005,
B11,0.247278523656147,0.12937013325613833,0.1720955595319077,
cn12,0.09570287557489987,0.012597304516739016,0.09672608492128754,
B54,0.33572111637837865,0.2094671797467521,0.2503507103229086,
B51,0.21571199597663937,0.16482753395563288,0.27703982919150877,
os4,0.23883116233023083,0.2094671797467521,0.39704894959324816,
in4,0.265520281198831,0.18132921089300225,0.11839640128972934,
B33,0.265520281198831,0.19020995558128728,0.20683899401196093,
