,job899_scenario2_2079,
in27,0.04980828522219166,
B14,0.18176259425537095,
B11,0.13825087794442326,
cn12,0.0,
B54,0.3284608335257105,
B51,0.10350744346437002,
os4,0.27865254830351893,
in4,0.028137968853749862,
B33,0.3284608335257105,
