,job201_scenario0_407,job202_scenario4_408,job203_scenario1_409,job204_scenario3_410,job205_scenario2_411,
in27,0.35136090818558735,0.6475529114734153,0.3118317950950368,0.43022819638476606,0.24001824080347883,
B14,0.5357012656339557,0.5773520762938676,0.5114027635307229,0.3102190759830266,0.5888716242865455,
B11,0.4438301140859661,0.5506629574252674,0.37753532383997646,0.5186707891069977,0.34885338348306666,
cn12,0.24372394719361296,0.45734295589212814,0.2945036890808356,0.2937173990456572,0.19020995558128717,
B54,0.2254821896509291,0.4187086483920881,0.12780594556760294,0.0,0.12000912040173939,
B51,0.47744561908584787,0.7675620318751548,0.42296017080849113,0.4688625038848061,0.24001824080347883,
os4,0.490276418665441,0.5506629574252674,0.5114027635307229,0.3719725498366581,0.5888716242865455,
in4,0.4655004304544079,0.8875711522768942,0.35275933562894335,0.34885338348306666,0.1990907002695722,
B33,0.5191995886965863,0.39703833202364636,0.36470452426038336,0.43022819638476606,0.7088807446882849,
