,job583_scenario2_1182,
in27,0.14214175096440995,
B14,0.2786525483035188,
B11,0.15864342790177938,
cn12,0.0,
B54,0.3670951410257504,
B51,0.12707690022227164,
os4,0.19727773540181942,
in4,0.10038778135367155,
B33,0.2786525483035188,
