,job39_scenario3_79,
in27,0.2196256908461226,
B14,0.2898265260256705,
B11,0.2898265260256705,
cn12,0.24001824080347883,
B54,0.16981740562393105,
B51,0.0,
os4,0.4098356464274098,
in4,0.3600273612052183,
B33,0.4098356464274098,
