,job174_scenario0_359,job175_scenario1_362,job176_scenario1_363,
in27,0.3770578377321762,0.15157564808124713,0.2261599215144719,
B14,0.43881131158580783,0.25508309154561715,0.2898265260256704,
B11,0.36055616079480685,0.2898265260256704,0.19020995558128723,
cn12,0.2019127328930274,0.12000912040173939,0.12000912040173939,
B54,0.3770578377321762,0.43022819638476606,0.3333382423366181,
B51,0.29568302483047687,0.0,0.1200091204017395,
os4,0.3770578377321762,0.3102190759830266,0.25508309154561715,
in4,0.3952995952748602,0.179713616934997,0.25508309154561715,
B33,0.4268661229543679,0.179713616934997,0.1698174056239311,
