,job927_scenario2_2185,
in27,0.17370827864391777,
B14,0.1447851086127725,
B11,0.10883514267958783,
cn12,0.07908157986783282,
B54,0.27865254830351893,
B51,0.08844259272223176,
os4,0.27865254830351893,
in4,0.08844259272223176,
B33,0.0,
