,job377_scenario2_715,job380_scenario4_720,job381_scenario1_722,
in27,0.33689681743378713,0.0944993372827807,0.0,
B14,0.746732463861197,0.7331792467915178,0.28352995711442647,
B11,0.576915058237266,0.42296017080849124,0.22177648326079497,
cn12,0.38670510265597874,0.454526698487999,0.1763516362922803,
B54,0.746732463861197,0.49316100598803897,0.5004290315643138,
B51,0.4800251041891181,0.3731518855862995,0.1763516362922803,
os4,0.8169332990407447,0.454526698487999,0.260410790760835,
in4,0.4800251041891181,0.7331792467915178,0.11064810754734056,
B33,0.6582898711389653,0.396271051939891,0.14040167035909562,
