,job358_scenario2_689,job361_scenario1_692,job362_scenario1_695,job365_scenario3_698,job366_scenario0_699,job367_scenario3_701,job368_scenario0_702,
in27,0.09246920590037877,0.16783868051099893,0.16783868051099893,0.3043494778501078,0.025696929546589087,0.34298378535014784,0.0,
B14,0.8079554162149671,0.6381380105910361,0.599503703090996,0.6612571769446276,0.5076325515430065,0.6879462958132277,0.5076325515430065,
B11,0.5830020261536266,0.6381380105910361,0.5830020261536266,0.7581471309927755,0.44792805500974886,0.8079554162149671,0.47104722136334043,
cn12,0.3174225959617193,0.2892846271079694,0.2892846271079694,0.4092937475097088,0.11413952226882063,0.4275355050523926,0.11413952226882063,
B54,0.7581471309927755,0.6612571769446276,0.6177454606336799,0.6612571769446276,0.5540788561224814,0.6381380105910361,0.5412480565428882,
