,job776_scenario1_1689,job779_scenario4_1696,job780_scenario0_1697,job783_scenario2_1703,
in27,0.22495339006134063,0.3321317108834867,0.11173480912807565,0.23881170935034746,
B14,0.6374733780556057,0.7392407409146613,0.49077513878526613,0.7076742132351534,
B11,0.7392407409146613,0.827683333636893,0.5876650928334141,0.7778750484147012,
cn12,0.16669774351323274,0.33378853274092846,0.0,0.18402584952743384,
B54,0.6374733780556058,0.5876650928334142,0.47882995015382623,0.6374733780556058,
