,job825_scenario4_1824,
in27,0.0,
B14,0.3369081948516268,
B11,0.4569173152533662,
cn12,0.1617630900124779,
B54,0.05825564654810789,
