,job742_scenario1_1596,job743_scenario0_1597,job744_scenario1_1598,
in27,0.14214175096441006,0.0,0.1270769002222717,
B14,0.43729597620529825,0.1888303740759032,0.3007851788661895,
B11,0.1768851854444633,0.06424469040005554,0.19195003618660167,
cn12,0.2061584800901044,0.025309537363216172,0.1888303740759032,
B54,0.7973233374105165,0.6773142170087771,0.955966765312296,
