,job333_scenario0_631,job353_scenario0_670,job354_scenario0_675,job355_scenario1_678,
in27,0.02186606151406889,0.03572438080307583,0.02186606151406889,0.15573350120481533,
B14,0.21543799773807282,0.21543799773807282,0.24905350273795457,0.34594345678610244,
B11,0.16310212656214684,0.17079835194695359,0.15573350120481522,0.3073091492860624,
cn12,0.018568122508059726,0.02186606151406889,0.0,0.14866572138428302,
B54,0.23710831410651462,0.290807472348693,0.22593433638436305,0.3690626231396939,
