,job325_scenario0_619,job333_scenario0_631,job350_scenario1_667,job351_scenario3_668,job353_scenario0_670,job354_scenario0_675,job355_scenario1_678,
in27,0.028656600982543523,0.021866061514069002,0.15573350120481522,0.24905350273795446,0.03572438080307583,0.021866061514069002,0.15573350120481522,
B14,0.40564795331936,0.40564795331936,0.5592725787209811,0.617528225269089,0.40564795331936,0.43926345831924174,0.5361534123673897,
B11,0.36906262313969396,0.353312082143434,0.46595257718784183,0.7761716531708684,0.36100830752824076,0.3459434567861024,0.49751910486734957,
cn12,0.025228042156785646,0.018568122508059726,0.1486657213842829,0.2757426216065547,0.02186606151406878,0.0,0.1486657213842829,
B54,0.4273182696878018,0.4273182696878018,0.6561625327691291,0.5592725787209811,0.48101742792998015,0.4161442919656502,0.5592725787209811,
