,job1028_scenario1_2668,
in27,0.2786525483035189,
B14,0.3600273612052183,
B11,0.2235165638661094,
cn12,0.12000912040173939,
B54,0.0,
