,job514_scenario0_1008,job516_scenario0_1014,job517_scenario0_1021,
in27,0.21372216764934193,0.23849815586037493,0.24528869532884978,
B14,0.8689037540954485,0.8936797423064815,0.8472334377270067,
B11,0.8025937919358874,0.8025937919358874,0.787528941193749,
cn12,0.00653423066834935,0.0,0.013324770136823982,
B54,0.4590681076680386,0.4950180736012233,0.4821872740216301,
