,job201_scenario0_407,job209_scenario0_415,job214_scenario0_429,job220_scenario0_438,job221_scenario0_439,job222_scenario0_440,job227_scenario0_448,job229_scenario0_451,job232_scenario1_455,job233_scenario2_457,job234_scenario1_459,job235_scenario0_460,job237_scenario2_464,
in27,0.0,0.020392549957356065,0.020392549957356065,0.020392549957356065,0.01332477013682376,0.0,0.020392549957356065,0.006534230668349239,0.1137125514904953,0.15546652110123382,0.15546652110123382,0.035457400699494435,0.10176736285905541,
B14,0.40081246111993046,0.40081246111993046,0.38041991116257434,0.3903161224736402,0.423931627473522,0.38041991116257434,0.411986438842082,0.3903161224736402,0.5004290315643136,0.5439407478752614,0.5208215815216699,0.3903161224736402,0.6408307019234093,
B11,0.3537307922939742,0.345676476682521,0.3537307922939742,0.3306116259403826,0.33798025129771425,0.345676476682521,0.32354384611985043,0.33798025129771425,0.4656855970842604,0.5004290315643136,0.4656855970842604,0.3306116259403826,0.45062074634212207,
cn12,0.20353472571811093,0.19344624724362713,0.18391338667004298,0.18703304878074156,0.18703304878074156,0.18391338667004298,0.20010616689235305,0.1967441862496363,0.33798025129771425,0.40081246111993046,0.3710588983081754,0.1967441862496363,0.3710588983081754,
B54,0.43676242705311513,0.5208215815216699,0.45062074634212207,0.411986438842082,0.40081246111993046,0.423931627473522,0.45062074634212207,0.38041991116257434,0.5706298667438615,0.6408307019234093,0.6021963944233693,0.45062074634212207,0.5706298667438615,
