,job630_scenario1_1307,job632_scenario0_1311,job636_scenario0_1319,job645_scenario0_1340,job646_scenario0_1342,job648_scenario0_1345,job651_scenario1_1358,job652_scenario1_1361,
in27,0.6236150587665987,0.47084122899773817,0.4897476190758524,0.49653815854432715,0.5036059383648593,0.4897476190758524,0.6236150587665987,0.5969259398979987,
B14,0.6938158939461465,0.5738067735444072,0.5351724660443671,0.5534142235870511,0.5440532107326521,0.5534142235870511,0.6938158939461465,0.6734233439887903,
B11,0.5969259398979987,0.5351724660443671,0.5186707891069977,0.48321338840750316,0.5186707891069977,0.5267251047184509,0.6734233439887903,0.6386799095087371,
cn12,0.19338686238183278,0.01650167693736937,0.0,0.006413198462885683,0.006413198462885683,0.013073118111611493,0.16669774351323263,0.15864342790177954,
B54,0.6236150587665987,0.45379765314266773,0.45379765314266773,0.4649716308648193,0.4769168194962593,0.45379765314266773,0.5969259398979987,0.6551815864461066,
