,job488_scenario0_954,job494_scenario0_969,job497_scenario1_973,job498_scenario0_974,job502_scenario0_983,job508_scenario3_996,job509_scenario4_998,job510_scenario2_1001,job511_scenario0_1003,
in27,0.12630568931298347,0.11393352990321848,0.240018240803479,0.14669823927033965,0.14669823927033965,0.4569173152533663,0.3369081948516269,0.31651564489427064,0.1023868145497735,
B14,0.21689907444988749,0.240018240803479,0.31651564489427064,0.22807305217203905,0.22807305217203905,0.4182830077533263,0.4182830077533263,0.36002736120521833,0.21689907444988749,
B11,0.15406686462767127,0.14669823927033965,0.2817722104142174,0.16176309001247802,0.15406686462767127,0.5067256004755578,0.38671648007381854,0.3369081948516269,0.14669823927033965,
cn12,0.012830799579593322,0.0,0.18714551163813242,0.016192780222310077,0.012830799579593322,0.36002736120521833,0.38671648007381854,0.1782647669498474,0.02311916635359157,
B54,0.240018240803479,0.2667073596720791,0.5067256004755578,0.240018240803479,0.22807305217203905,0.29827388735158683,0.6969355560568451,0.38671648007381854,0.240018240803479,
