,job325_scenario0_619,job333_scenario0_631,job346_scenario3_660,job348_scenario1_664,job349_scenario2_666,job350_scenario1_667,
in27,0.082453548870284,0.07566300940180948,0.30285045062569493,0.24109697677206343,0.2095304490925557,0.2095304490925557,
B14,0.3892440660275527,0.3892440660275527,0.6397586454773218,0.5428686914291738,0.6397586454773218,0.5428686914291738,
B11,0.015750540996259832,0.0,0.2642161431256549,0.16244878026659937,0.11264049504440776,0.11264049504440776,
cn12,0.1990341104462655,0.1923741907975396,0.4993569751182261,0.34460442023643345,0.3997404046738429,0.3224717896737629,
B54,0.07400618754436772,0.07400618754436772,0.18284133022395554,0.30285045062569493,0.205960496577547,0.30285045062569493,
