,job75_scenario1_158,job76_scenario0_160,job78_scenario4_164,job79_scenario1_165,job82_scenario0_168,job84_scenario0_170,job85_scenario0_171,
in27,0.590512741435113,0.4768001899446175,0.7372109807054525,0.617201860303713,0.4768001899446175,0.4644280305348525,0.49719273990197366,
B14,0.7372109807054525,0.512257590644112,0.8074118158850003,0.7105218618368523,0.6033435410147061,0.5673935750815216,0.5785675528036731,
B11,0.6322667110458514,0.5045613652593053,0.8572201011071918,0.590512741435113,0.5203119062555652,0.5045613652593053,0.5045613652593053,
cn12,0.15223022943889386,0.0,0.3069827843206865,0.16873190637626323,0.0066599196487258094,0.0,0.0066599196487258094,
B54,0.6487683879832209,0.4833344206129667,0.617201860303713,0.6874026954832608,0.512257590644112,0.4585584324019336,0.512257590644112,
