,job609_scenario2_1246,
in27,0.3932507107421676,
B14,0.0,
B11,0.30216476037157347,
cn12,0.3468044061626927,
B54,0.6471272708346534,
