,job357_scenario1_687,job358_scenario2_689,job360_scenario1_691,job361_scenario1_692,
in27,0.06030462386848168,0.0,0.07536947461062016,0.07536947461062016,
B14,0.49989383310764657,0.6901037886889339,0.5434055494185943,0.5202863830650029,
B11,0.6016611959667022,0.5851595190293327,0.5851595190293327,0.6402955034667421,
cn12,0.0422908276001589,0.09462669877608487,0.06648872992233512,0.06648872992233512,
B54,0.7603046238684816,0.7603046238684816,0.8101129090906731,0.6634146698203336,
