,job872_scenario0_1971,job873_scenario1_1974,
in27,0.1101129090906734,0.23665626016076208,
B14,0.17095273141582235,0.34383458098290826,
B11,0.15362462540162114,0.30032286467196057,
cn12,0.0,0.1803137442702213,
B54,0.26557943019190733,0.37052369985150846,
