,job627_scenario0_1301,job630_scenario1_1307,job632_scenario0_1311,job633_scenario0_1312,job634_scenario1_1314,job635_scenario2_1316,job636_scenario0_1319,
in27,0.42633732336477914,0.553414223587051,0.4006403938181903,0.41301255322795516,0.5267251047184507,0.5684790743291892,0.4195467838963044,
B14,0.6833195552998562,0.8138250143478858,0.6938158939461465,0.716935060299738,0.8138250143478858,0.8369441807014772,0.6551815864461064,
B11,0.5186707891069976,0.5969259398979986,0.535172466044367,0.5186707891069976,0.6734233439887902,0.6551815864461064,0.5186707891069976,
cn12,0.013073118111611493,0.19338686238183267,0.01650167693736937,0.0,0.19338686238183267,0.20328307369289855,0.0,
B54,0.4067159843167113,0.5267251047184507,0.3569076990945197,0.4067159843167113,0.4565242695389029,0.4769168194962591,0.3569076990945197,
