,job550_scenario0_1095,job559_scenario0_1112,job567_scenario1_1133,job570_scenario2_1141,job572_scenario2_1148,job574_scenario1_1154,
in27,0.1670907892276956,0.1600230094071634,0.26041079076083495,0.2372916244072435,0.26041079076083495,0.30216476037157347,
B14,0.4170052413422405,0.39774801717677566,0.49237471595286064,0.5475107003902702,0.7173281060142012,0.5475107003902702,
B11,0.013324770136823871,0.0,0.15546652110123393,0.19020995558128717,0.15546652110123393,0.1719681980386033,
cn12,0.10678616535921392,0.09688995404814793,0.2372916244072435,0.2969961209405011,0.26885815208675123,0.2870999096294352,
B54,0.45062074634212224,0.4170052413422405,0.5706298667438616,0.5973189856124618,0.6288855132919695,0.6675198207920096,
