,job517_scenario0_1021,job523_scenario0_1035,job525_scenario0_1039,job528_scenario0_1045,job536_scenario0_1065,job537_scenario3_1066,job539_scenario2_1070,job540_scenario0_1071,job541_scenario1_1077,
in27,0.3827131441964411,0.3693883740596171,0.3897809240169733,0.3693883740596171,0.3399726387947817,0.7,0.5097900444187127,0.3897809240169733,0.4959317251297058,
B14,0.3294763001484915,0.3399726387947817,0.35114661651693324,0.29289096996882535,0.31021907598302667,0.7,0.5413565720982205,0.30133833129474163,0.4831009255501126,
B11,0.2697718036152339,0.2627040237947017,0.2627040237947017,0.2697718036152339,0.2697718036152339,0.6297991648204522,0.40484577475911165,0.2697718036152339,0.37592260472796635,
cn12,0.022685782991222814,0.019257224165464937,0.02618361029674643,0.0,0.003064443943154971,0.3399726387947817,0.2094671797467521,0.037122188169086745,0.18132921089300225,
B54,0.24308268474663386,0.28483665435737227,0.2199635183930423,0.25591348432622696,0.24308268474663386,0.4599817591965211,0.36309180514837314,0.25591348432622696,0.3399726387947817,
