,job126_scenario0_268,job130_scenario0_274,job135_scenario1_281,job136_scenario1_283,job138_scenario0_285,job139_scenario1_286,job140_scenario2_289,
in27,0.029415735264835208,0.023119166353591458,0.12000912040173939,0.13118309812389095,0.049808285222191384,0.14312828675533085,0.14312828675533085,
B14,0.45526049339592434,0.48003648160695744,0.6139039212977038,0.5640956360755123,0.46720568202736434,0.5640956360755123,0.7339130416994433,
B11,0.268941410834624,0.27699572644607706,0.40545220817373273,0.34719656162562496,0.2538765600924856,0.4236939657164166,0.373885680494225,
cn12,0.0033619806427165333,0.0,0.1935719362240037,0.17431471205853888,0.0,0.204068274870294,0.17431471205853888,
B54,0.6454704489772116,0.5872148024291037,0.707223922830843,0.765479569378951,0.6289687720398421,0.6637122065198954,0.765479569378951,
