,job596_scenario2_1216,job597_scenario2_1217,
in27,0.15840110936976115,0.12947793933861595,
B14,0.7776327298826831,0.680742775834535,
B11,0.2633453790293624,0.2772036983183692,
cn12,0.010496338646290182,0.0,
B54,0.2975962482757254,0.4176053686774648,
