,job279_scenario0_530,job289_scenario2_549,job290_scenario0_552,job299_scenario0_572,job300_scenario0_573,job301_scenario1_575,job303_scenario2_580,job304_scenario3_581,job305_scenario1_583,
in27,0.0,0.08009704649061378,0.0,0.027761175314687914,0.013324770136823982,0.1404016703590958,0.12654335107008874,0.23372167189223503,0.11371255149049564,
B14,0.47954391637326754,0.6778081875660078,0.5458538785328286,0.5577990671642685,0.5458538785328286,0.6778081875660078,0.8947072620158952,0.6546890212124163,0.6160547137123764,
B11,0.06438057073063985,0.20089136806974872,0.06438057073063985,0.06438057073063985,0.04931571998850137,0.2626448419233802,0.18438969113237924,0.35953479597152815,0.18438969113237924,
cn12,0.05874961710533866,0.2089456836812018,0.04866113863085486,0.04542484696851479,0.04866113863085486,0.2173930450071181,0.24553101386086784,0.3760364729088975,0.24553101386086784,
B54,0.5706298667438616,0.7360638341141158,0.5844881860328686,0.5577990671642685,0.5844881860328686,0.7044973064346081,0.6342964712550602,0.6546890212124163,0.6546890212124163,
