,job517_scenario0_1021,job520_scenario4_1027,job523_scenario0_1035,job525_scenario0_1039,job528_scenario0_1045,job533_scenario1_1059,job534_scenario2_1060,job535_scenario3_1063,
in27,0.01332477013682376,0.21060250553864335,0.0,0.020392549957356065,0.0,0.12654335107008874,0.12654335107008874,0.26041079076083495,
B14,0.27030700207190084,0.38041991116257434,0.28080334071819113,0.2919773184403427,0.2337216718922348,0.4506207463421221,0.5706298667438616,0.5208215815216699,
B11,0.04516853816838917,0.3167533066513759,0.03810075834785698,0.03810075834785698,0.04516853816838917,0.16517765857012878,0.15131933928112173,0.40519589937360745,
cn12,0.3621781536198905,0.6408307019234094,0.3587495947941326,0.3656759809254141,0.33949237062866766,0.5208215815216699,0.5594558890217101,0.6408307019234094,
B54,0.34255681457182274,0.6092641742439016,0.38431078418256115,0.3194376482182312,0.35538761415141584,0.5208215815216699,0.5208215815216699,0.462565934973562,
