,job736_scenario0_1573,job737_scenario0_1576,job739_scenario0_1587,
in27,0.06313305535901548,0.056342515890540956,0.04980828522219172,
B14,0.2400182408034789,0.2715847684829865,0.2715847684829865,
B11,0.38041991116257434,0.38778853651990597,0.38778853651990597,
cn12,0.003236291662340074,0.013324770136823871,0.0,
B54,0.48657071227530685,0.48657071227530685,0.5154938823064521,
