,job31_scenario1_63,job54_scenario2_114,job56_scenario2_117,
in27,0.4711557369186727,0.43958920923916495,0.41290009037056485,
B14,0.28094578133738546,0.34269925519101707,0.4009549017391249,
B11,0.33464493957956387,0.35114661651693324,0.3195800888374256,
cn12,0.0,0.02975356281175512,0.02975356281175512,
B54,0.5595983296409044,0.6796074500426437,0.6796074500426437,
