,job660_scenario0_1389,job662_scenario1_1391,job664_scenario0_1393,job670_scenario0_1400,job671_scenario0_1401,job673_scenario4_1408,job674_scenario2_1409,job675_scenario3_1410,job676_scenario4_1411,
in27,0.28885765632964433,0.45062074634212224,0.28885765632964433,0.30168845590923765,0.2827820658311232,0.6755741364034626,0.43555589559998387,0.6257658511812711,0.5555650160017234,
B14,0.6488850175348626,0.7457749715830104,0.596012288369516,0.605373301223915,0.6257658511812711,0.8657840919847499,0.8657840919847499,0.7955832568052021,0.7955832568052021,
B11,0.5555650160017233,0.7253824216256543,0.5786841823553148,0.605373301223915,0.5629336413590549,0.7457749715830104,0.690638987145601,1.1058023327882287,0.7955832568052021,
cn12,0.0,0.18084894272688845,0.016822597442347487,0.003236291662340074,0.016822597442347487,0.26041079076083506,0.18084894272688845,0.4119864388420822,0.2754756415029733,
B54,0.6257658511812711,0.7688941379366019,0.690638987145601,0.6617158171144557,0.7071406640829705,0.9857932123864893,0.8657840919847499,0.8657840919847499,0.9857932123864893,
