,job279_scenario0_530,job289_scenario2_549,job290_scenario0_552,job299_scenario0_572,job300_scenario0_573,job301_scenario1_575,job304_scenario3_581,job305_scenario1_583,job306_scenario0_584,job307_scenario2_585,
in27,0.0062965689112438605,0.08639361540185764,0.0062965689112438605,0.03405774422593166,0.019621339048067954,0.14669823927033954,0.24001824080347878,0.1200091204017395,0.0,0.10806393177029949,
B14,0.4569173152533661,0.6551815864461064,0.5232272774129272,0.5351724660443671,0.5232272774129272,0.6551815864461064,0.6320624200925149,0.593428112592475,0.5232272774129272,0.7520715404942544,
B11,0.07649740409079164,0.2130082014299005,0.07649740409079164,0.07649740409079164,0.061432553348653274,0.274761675283532,0.37165162933167994,0.19650652449253103,0.06880117870598501,0.2130082014299005,
cn12,0.12456560870766886,0.274761675283532,0.11447713023318506,0.11124083857084488,0.11447713023318506,0.2832090366094483,0.44185246451122784,0.31134700546319816,0.10494426965960091,0.3014507941521323,
B54,0.5480032656239602,0.7134372329942144,0.5618615849129671,0.5351724660443671,0.5618615849129671,0.6818707053147066,0.6320624200925149,0.6320624200925149,0.5120532996907756,0.7520715404942544,
