,job459_scenario0_899,job460_scenario1_903,job462_scenario0_907,job463_scenario0_908,job467_scenario1_915,job470_scenario2_920,job471_scenario0_922,job472_scenario1_928,job473_scenario1_929,
in27,0.32672075292039604,0.4537976531426677,0.34115715809825986,0.3199302134519213,0.4537976531426677,0.468862503884806,0.31339598278357206,0.43993933385366074,0.5036059383648592,
B14,0.374235805108721,0.5738067735444071,0.41516334564262763,0.39349302927418583,0.5738067735444071,0.547117654675807,0.38359681796311995,0.6053733012239149,0.5036059383648592,
B11,0.3569076990945198,0.5036059383648592,0.32672075292039604,0.365355060420436,0.41516334564262763,0.5036059383648592,0.365355060420436,0.43993933385366074,0.5738067735444071,
cn12,0.006413198462885572,0.16669774351323252,0.0,0.003176906800545387,0.18402584952743373,0.2368985786927803,0.006413198462885572,0.1751451048391488,0.1751451048391488,
B54,0.43993933385366074,0.6053733012239149,0.4039893679204761,0.43993933385366074,0.6053733012239149,0.5239984883222155,0.468862503884806,0.6053733012239149,0.5738067735444071,
