,job618_scenario0_1273,job619_scenario3_1274,job620_scenario0_1280,job621_scenario0_1283,
in27,0.4834650404327159,0.9207610166380141,0.4834650404327159,0.49053282025324807,
B14,0.5309800926210408,0.7038619421881267,0.5136519866068396,0.5838528217863874,
B11,0.01506485074213848,0.4302281963847663,0.01506485074213848,0.0,
cn12,0.243446799629237,0.5220993479327558,0.243446799629237,0.2333583211547532,
B54,0.6105419406549875,0.7621175887362347,0.5719076331549475,0.5966836213659805,
