,job68_scenario0_148,job69_scenario1_149,job70_scenario0_150,
in27,0.3665615918735674,0.5154938823064521,0.3665615918735674,
B14,0.44012440769583194,0.5154938823064521,0.4506207463421222,
B11,0.4119864388420821,0.5319955592438215,0.38778853651990597,
cn12,0.0,0.20010616689235317,0.00653423066834935,
B54,0.2963607566940196,0.46179472406427374,0.2715847684829865,
