,job630_scenario1_1307,job632_scenario0_1311,job634_scenario1_1314,job636_scenario0_1319,job642_scenario0_1334,job645_scenario0_1340,job646_scenario0_1342,job648_scenario0_1345,job649_scenario3_1349,
in27,0.15277382976886078,0.0,0.12608471090026063,0.018906390078114343,0.03276470936712117,0.025696929546588976,0.03276470936712117,0.018906390078114343,0.24609383130200002,
B14,0.2368329842374154,0.116823863835676,0.2368329842374154,0.07818955633563596,0.116823863835676,0.09643131387831982,0.08707030102392088,0.09643131387831982,0.31820779713911473,
B11,0.5701712265740335,0.5084177527204019,0.6466686306648252,0.49191607578303254,0.5084177527204019,0.456458675083538,0.49191607578303254,0.49997039139448574,0.8368785862461123,
cn12,0.5266595102630859,0.3497743248186225,0.5266595102630859,0.3332726478812531,0.34298378535014784,0.3396858463441387,0.3396858463441387,0.3463457659928646,0.6284268731221414,
B54,0.716869465844373,0.5470520602204421,0.6466686306648252,0.5470520602204421,0.5968603454426336,0.5582260379425936,0.5701712265740335,0.5470520602204421,0.7870703010239208,
