,job220_scenario0_438,job221_scenario0_439,job222_scenario0_440,job227_scenario0_448,job229_scenario0_451,job241_scenario0_469,job243_scenario0_472,job245_scenario0_479,job246_scenario0_480,job248_scenario4_482,job249_scenario1_483,job250_scenario1_484,job251_scenario0_485,job252_scenario1_486,job254_scenario1_489,job255_scenario1_491,job257_scenario4_494,job258_scenario0_495,
in27,0.19957096843568622,0.19250318861515392,0.17917841847833016,0.19957096843568622,0.1857126491466794,0.16680625906856505,0.1857126491466794,0.19957096843568622,0.22269013478927768,0.334644939579564,0.3057217695484188,0.35114661651693335,0.19957096843568622,0.28094578133738557,0.28094578133738557,0.28094578133738557,0.47115573691867274,0.20693959379301785,
B14,0.29084199264845145,0.3244574976483333,0.28094578133738557,0.3125123090168933,0.29084199264845145,0.3244574976483333,0.27158476848298674,0.2627040237947017,0.29084199264845145,0.4444666180500726,0.40095490173912496,0.4444666180500726,0.29084199264845145,0.40095490173912496,0.42134745169648113,0.3662114672590717,0.5413565720982205,0.29084199264845145,
B11,0.5097900444187128,0.5171586697760444,0.5248548951608512,0.5027222645981806,0.5171586697760444,0.5171586697760444,0.5329092107723044,0.49593172512970585,0.5097900444187128,0.7813748129016994,0.6159408455314452,0.6448640155625905,0.5027222645981806,0.6796074500426438,0.7,0.66136569249996,0.9400182408034788,0.5248548951608512,
cn12,0.006184106053853444,0.006184106053853444,0.003064443943155082,0.019257224165464937,0.015895243522748403,0.012597304516739127,0.0,0.0,0.006184106053853444,0.2559134843262272,0.17288184956708608,0.18132921089300236,0.012597304516739127,0.17288184956708608,0.2094671797467521,0.17288184956708608,0.23113749611519396,0.009361012854399053,
B54,0.5911648573204122,0.5799908795982607,0.6031100459518521,0.6297991648204522,0.5595983296409045,0.6448640155625905,0.5694945409519704,0.6297991648204522,0.6159408455314452,0.869817405623931,0.8200091204017395,0.8200091204017395,0.5799908795982607,0.7498082852221917,0.7498082852221917,1.0600273612052182,0.8200091204017395,0.6297991648204522,
