,job812_scenario1_1783,job813_scenario2_1790,
in27,0.16981740562393088,0.12000912040173933,
B14,0.21332912193487857,0.24001824080347878,
B11,0.049808285222191495,0.0,
cn12,0.015064850742138258,0.049808285222191606,
B54,0.31021907598302656,0.3600273612052181,
