,job630_scenario1_1307,job632_scenario0_1311,job634_scenario1_1314,job636_scenario0_1319,job639_scenario4_1324,job641_scenario0_1333,job642_scenario0_1334,job644_scenario3_1338,job645_scenario0_1340,
in27,0.15277382976886067,0.0,0.12608471090026063,0.01890639007811412,0.1843403574483684,0.03276470936712106,0.03276470936712106,0.3043494778501078,0.025696929546588976,
B14,0.5181288901892966,0.39811976978755725,0.5181288901892966,0.3594854622875172,0.599503703090996,0.39811976978755725,0.39811976978755725,0.599503703090996,0.3777272198302011,
B11,0.6612571769446276,0.599503703090996,0.7377545810354192,0.5830020261536266,0.8781562513945149,0.5540788561224813,0.599503703090996,0.9279645366167064,0.5475446254541321,
cn12,0.61774546063368,0.44086027518921655,0.61774546063368,0.4243585982518472,0.7581471309927754,0.4340697357207419,0.4340697357207419,0.7377545810354192,0.43077179671473276,
B54,0.6879462958132276,0.5181288901892966,0.6177454606336799,0.5181288901892966,0.8079554162149671,0.5293028679114482,0.5679371754114884,0.7195128234927355,0.5293028679114482,
