,job610_scenario0_1250,
in27,0.35821439633746555,
B14,0.0,
B11,0.3813335626910571,
cn12,0.22434695664671922,
B54,0.43958920923916495,
