,job607_scenario0_1239,job608_scenario4_1240,
in27,0.17737915600169385,0.4756530433532806,
B14,0.2538765600924857,0.4440865156737729,
B11,0.21913312561243237,0.5640956360755123,
cn12,0.060489697710652934,0.373885680494225,
B54,0.0,0.10717832082214607,
