,job164_scenario0_339,job166_scenario0_345,job172_scenario0_354,job174_scenario0_359,job177_scenario0_364,job179_scenario1_366,job181_scenario1_368,job185_scenario0_374,job188_scenario4_382,job189_scenario0_384,job191_scenario1_388,
in27,0.2235165638661094,0.20138393330343884,0.20845171312397104,0.18805916316661486,0.18805916316661486,0.36002736120521817,0.2898265260256704,0.20138393330343884,0.39866166870525827,0.20845171312397104,0.3017717146571104,
B14,0.02813796885374975,0.038634307500040044,0.02813796885374975,0.038634307500040044,0.0,0.12000912040173939,0.20845171312397104,0.008880744688284925,0.20845171312397104,0.008880744688284925,0.13825087794442326,
B11,0.3017717146571103,0.351579999879302,0.3146025142367035,0.3284608335257104,0.32139305370517823,0.4982782391496414,0.4635348046695882,0.33582945888304205,0.5684790743291893,0.33582945888304205,0.4982782391496414,
cn12,0.19129545482895494,0.17869815031221592,0.18805916316661486,0.1945933938349641,0.18805916316661486,0.351579999879302,0.3435256842678488,0.17869815031221592,0.4635348046695882,0.1945933938349641,0.36002736120521817,
B54,0.4800364816069576,0.44846995392744987,0.37826911874790214,0.44846995392744987,0.4635348046695882,0.5417899554605892,0.5684790743291893,0.43461163463844293,0.600045602008697,0.39866166870525827,0.5684790743291893,
