,job757_scenario0_1638,job758_scenario1_1643,job759_scenario4_1645,job760_scenario3_1648,
in27,0.5670302243440395,0.7074318947031351,0.7572401799253267,0.9474501355066138,
B14,0.6105419406549872,0.7776327298826828,0.7776327298826828,1.0176509706861616,
B11,0.42033198507369995,0.503363619832841,0.9474501355066138,0.7074318947031351,
cn12,0.0,0.14557030979016805,0.26557943019190744,0.32071541462931674,
B54,0.680742775834535,0.9474501355066138,0.9474501355066138,0.8590075427843823,
