,job110_scenario1_229,job115_scenario4_239,job116_scenario3_242,job117_scenario2_246,
in27,0.09067664388477681,0.14581262832218622,0.19562091354437783,0.09067664388477681,
B14,0.482720823173813,0.5325291083960046,0.5640956360755124,0.6027299435755524,
B11,0.44408651567377294,0.5325291083960046,0.6525382287977439,0.3858308691256651,
cn12,0.3156300339461173,0.44408651567377294,0.5640956360755124,0.37388568049422516,
B54,0.0,0.08844259272223176,0.0,0.39866166870525827,
