,job241_scenario0_469,job243_scenario0_472,job245_scenario0_479,job246_scenario0_480,job250_scenario1_484,job251_scenario0_485,job252_scenario1_486,job258_scenario0_495,job259_scenario0_496,job263_scenario2_501,job265_scenario4_504,job267_scenario0_509,job268_scenario1_511,job269_scenario3_512,
in27,0.4770253350515916,0.49593172512970585,0.5097900444187128,0.5329092107723044,0.66136569249996,0.5097900444187128,0.5911648573204122,0.5171586697760444,0.5027222645981806,0.66136569249996,0.66136569249996,0.4893974944613566,0.6031100459518521,0.7,
B14,0.48310092555011275,0.43022819638476617,0.42134745169648113,0.449485420550231,0.6031100459518521,0.449485420550231,0.5595983296409044,0.449485420550231,0.4395892092391651,0.66136569249996,0.6297991648204522,0.48310092555011275,0.5248548951608512,0.6297991648204522,
B11,0.32694871419475724,0.34269925519101707,0.30572176954841856,0.3195800888374255,0.45465405998130337,0.3125123090168933,0.4893974944613565,0.334644939579564,0.334644939579564,0.4395892092391651,0.5911648573204122,0.3195800888374255,0.47115573691867274,0.6796074500426438,
cn12,0.012597304516739127,0.0,0.0,0.006184106053853444,0.18132921089300236,0.012597304516739127,0.17288184956708608,0.009361012854399053,0.012597304516739127,0.19020995558128728,0.2848366543573724,0.015895243522748403,0.2094671797467521,0.3399726387947818,
B54,0.6448640155625905,0.5694945409519704,0.6297991648204522,0.6159408455314452,0.8200091204017395,0.5799908795982607,0.7498082852221917,0.6297991648204522,0.66136569249996,0.7498082852221917,0.7813748129016994,0.5799908795982607,0.8200091204017395,0.7498082852221917,
