,job700_scenario0_1478,job702_scenario3_1484,job704_scenario1_1499,
in27,0.0,0.34298378535014784,0.13891551047985362,
B14,0.48837532737754163,0.8079554162149671,0.6381380105910361,
B11,0.44792805500974886,0.8079554162149671,0.5540788561224814,
cn12,0.32085115478747717,0.599503703090996,0.47104722136334043,
B54,0.19405149491726326,0.3594854622875172,0.32791893460800947,
