,job736_scenario0_1573,job737_scenario0_1576,job738_scenario2_1581,
in27,0.0718419523281153,0.06505141285964078,0.21398370329252536,
B14,0.46562621222246603,0.4971927399019737,0.726037002983301,
B11,0.4158179270002743,0.42318655235760594,0.6060278825815615,
cn12,0.0,0.010088478474483797,0.16028454505034695,
B54,0.5219687281130068,0.5219687281130068,0.726037002983301,
