,job1178_scenario2_3493,
in27,0.21913312561243248,
B14,0.0,
B11,0.2538765600924857,
cn12,0.11562568214806246,
B54,0.2973882764034334,
