,job517_scenario0_1021,job518_scenario4_1022,job520_scenario4_1027,job521_scenario2_1028,job523_scenario0_1035,job524_scenario0_1036,job525_scenario0_1039,job527_scenario3_1043,job528_scenario0_1045,
in27,0.6431239349572762,0.8200091204017393,0.8404016703590955,0.7435117163109477,0.6297991648204522,0.6297991648204522,0.6501917147778083,0.960410790760835,0.6297991648204522,
B14,0.709896211311066,0.960410790760835,0.8200091204017393,0.8902099555812872,0.7203925499573562,0.709896211311066,0.7315665276795078,0.921776483260795,0.6733108811313999,
B11,0.6501917147778083,1.0102190759830265,0.921776483260795,0.8017673628590556,0.6431239349572762,0.6297991648204522,0.6431239349572762,0.960410790760835,0.6501917147778083,
cn12,0.022685782991222814,0.269771803615234,0.30133833129474175,0.2199635183930424,0.019257224165464937,0.015895243522748403,0.02618361029674654,0.42134745169648113,0.0,
B54,0.7435117163109477,0.960410790760835,1.0102190759830265,0.8902099555812872,0.7852656859216861,0.7852656859216861,0.7203925499573562,0.8404016703590955,0.7563425158905408,
