,job263_scenario2_501,job267_scenario0_509,job274_scenario4_519,job275_scenario0_520,job276_scenario1_522,job277_scenario1_525,job279_scenario0_530,job280_scenario4_531,job281_scenario1_532,job282_scenario1_533,job283_scenario1_538,
in27,0.6089897922516505,0.4493552919986845,0.5253623031843179,0.44198394114893325,0.497410683881333,0.6290718971085891,0.27851878794313595,0.3501197724763126,0.38330265396206337,0.2617767155236063,0.021670316368441744,
B14,0.7178249349312384,0.5195561271782323,0.559613172430681,0.44198394114893325,0.4476023986591414,0.4138296445161434,0.24377535346308282,0.3420654568648595,0.3169926918025024,0.25841473488088956,0.10381634017942942,
B11,0.8876423405551693,0.6781995550800117,0.8494396984563515,0.6237465354043042,0.7330454864311349,0.907724445412108,0.46166096370389104,0.8070370877296787,0.6619552022655824,0.5620995801955668,0.250514579449769,
cn12,0.5774232645721429,0.3644105265819765,0.5707871501528325,0.2546839122646103,0.5112690031703401,0.3648557539829342,0.15493971502638804,0.4083754190244205,0.2548461722344077,0.2617767155236063,0.0,
B54,0.6791906274311983,0.49286700830963226,0.6023536778323404,0.37178310596938546,0.5161464119812476,0.5406293043863575,0.21319536157449587,0.5985853746057077,0.38330265396206337,0.35364786707159585,0.21188027194972897,
