,job142_scenario0_295,job150_scenario1_314,job155_scenario1_328,job156_scenario0_329,job157_scenario2_331,job158_scenario4_332,job159_scenario0_333,job160_scenario0_334,job161_scenario4_335,
in27,0.760142455126192,0.7293433177356001,0.6043520683891692,0.45927018292507266,0.48440682053252204,0.5714824781609487,0.2516566053053181,0.15277382976886045,0.3429837853501477,
B14,0.775892996122452,0.8879867456373796,0.6043520683891692,0.5375253337160737,0.5298316675010367,0.5714824781609487,0.3252194211275826,0.22297466494840829,0.39279207057233934,
B11,0.7141395222688204,0.8177859104578317,0.6390955028692225,0.4442053321829343,0.5298316675010367,0.6030490058404564,0.29708145227383276,0.16783868051099882,0.7030111465553659,
cn12,0.632764709367121,0.6977767900560924,0.492397263598883,0.31033789249218796,0.3933208701619279,0.5216741929387569,0.12511325423522945,0.0,0.32259123539279144,
B54,0.812478326302118,0.8177859104578317,0.8293054584505096,0.5255801450846337,0.6182742602232685,0.5447933592923484,0.41709057267557215,0.2727829501705999,0.5128011909740786,
