,job37_scenario1_77,job38_scenario0_78,job39_scenario3_79,
in27,0.796239417888095,0.5345660326297458,0.7182417575426837,
B14,0.8513754023255045,0.6417443534518921,0.7884425927222316,
B11,0.3242572518925906,0.0776487173763798,0.3315252774688654,
cn12,0.2625037780389591,0.0,0.3399726387947817,
B54,0.971384522727244,0.7884425927222316,0.7884425927222316,
