,job227_scenario0_448,job229_scenario0_451,job235_scenario0_460,job237_scenario2_464,job239_scenario1_467,job240_scenario0_468,job241_scenario0_469,job242_scenario1_470,job243_scenario0_472,job245_scenario0_479,job246_scenario0_480,job247_scenario1_481,job248_scenario4_482,job249_scenario1_483,job250_scenario1_484,job251_scenario0_485,
in27,0.5744886763036154,0.5947930752527703,0.5447803756935511,0.5687574908873048,0.5773002308248293,0.5062498827494819,0.4577549187703328,0.5893994135451004,0.49075444098112464,0.33685634938258846,0.268567254992081,0.40915791456386685,0.31255784727935554,0.21991941564761075,0.16543396737025395,0.0,
B14,1.2042878411240676,1.0972144943141513,1.0970100799771239,1.1539170099166376,1.1635876793343336,1.065848212390386,1.0679327445427171,1.2357002553029217,1.022214801768279,0.864888151343985,0.9204990503752035,0.8842045245025263,1.2525760880828343,0.9466085345162107,0.629799164820452,0.5640956360755123,
B11,1.090575289633572,1.1045831196714828,1.0787683224344398,1.1388521591744991,1.1635876793343336,0.9918420248460185,1.0061792706890853,1.0574354883530745,0.955904839608718,0.822448491479125,0.8085442455849174,0.830505366260348,0.9739235397793155,0.876407699336663,0.6436574841094589,0.5467675300613111,
cn12,0.6984478515966631,0.7097268033310447,0.6559087514070054,0.7806377628370337,0.7224863507642153,0.5753153921371383,0.5688832944837872,0.7085821048700078,0.5316819815150311,0.40255987812752814,0.36960715223105156,0.4566196857661229,0.5587601941366878,0.40754519545185686,0.26006066614633905,0.10459414504510511,
B54,1.1923426524926277,1.1785893072158506,1.1069062912881897,1.2321721607076384,1.2337885145138814,1.0546742346682345,1.0807635441223102,1.1774446087548138,1.0005444853998373,0.9350889865235328,0.8667998921330252,1.1793587497434146,0.9156678932312075,1.06661765491795,0.7636666045111984,0.7138583192890067,
