,job142_scenario0_295,job150_scenario1_314,job154_scenario3_322,job155_scenario1_328,job156_scenario0_329,job157_scenario2_331,job158_scenario4_332,job159_scenario0_333,job160_scenario0_334,
in27,0.7560244878736615,0.7214075478450952,0.9169737882136171,0.579279303326812,0.42961539603460513,0.4376150384702022,0.5055331653978039,0.1389155104798535,0.15277382976886045,
B14,0.7717750288699214,0.8800509757468747,0.9169737882136171,0.579279303326812,0.5078705468256062,0.4830398854387169,0.5055331653978039,0.21247832630211805,0.22297466494840829,
B11,0.7100215550162898,0.8098501405673268,0.9871746233931649,0.6140227378068652,0.41455054529246677,0.4830398854387169,0.5370996930773116,0.1843403574483682,0.16783868051099882,
cn12,0.6286467421145905,0.6898410201655876,0.708522075089646,0.46732449853652586,0.28068310560172044,0.34652908809960814,0.4557248801756122,0.012372159409764882,0.0,
B54,0.8083603590495875,0.8098501405673268,0.6920203981522766,0.8042326933881525,0.49592535819416617,0.5714824781609487,0.47884404652920365,0.30434947785010763,0.2727829501705999,
