,job987_scenario0_2477,job989_scenario0_2479,job990_scenario0_2480,
in27,0.6746221327183152,0.5097900444187128,0.4893974944613566,
B14,0.7698552649090215,0.5248548951608512,0.5329092107723044,
B11,0.20180957394220078,0.0,0.01506485074213848,
cn12,0.5614035517850504,0.37592260472796646,0.35405654321389757,
B54,0.8084895724090615,0.6297991648204522,0.6031100459518521,
