,job430_scenario2_847,job431_scenario4_848,job432_scenario3_849,
in27,0.0,0.09571061829850647,0.04590233307631497,
B14,0.42535078757385836,0.26280140752620224,0.3828105279279416,
B11,0.026689118868600148,0.07259145194491501,0.3828105279279416,
cn12,0.37554250235166675,0.3624179779705854,0.3828105279279416,
B54,0.49555162275340614,0.5028196483296811,0.1926005723466545,
