,job870_scenario2_1969,job871_scenario1_1970,
in27,0.13050545904802963,0.010496338646290237,
B14,0.15362462540162108,0.1101129090906734,
B11,0.03361550499988175,0.1101129090906734,
cn12,0.0,0.0,
B54,0.25051457944976907,0.1101129090906734,
