,job58_scenario1_126,job61_scenario1_130,
in27,0.3223721436990769,0.07211396583711471,
B14,0.5264404185693711,0.300958228918442,
B11,0.23934050893993586,0.0,
cn12,0.48780611106933097,0.2168990744498872,
B54,0.8864677797745892,0.40057479936282514,
