,job42_scenario3_83,job44_scenario1_89,job46_scenario3_91,job48_scenario2_94,job49_scenario1_95,job50_scenario2_96,
in27,0.7540998200104869,0.5649698696058261,0.47867578997349375,0.29100586177531185,0.31021907598302667,0.2667073596720788,
B14,1.2545288515748008,0.8169332990407447,0.6839505962969192,0.6131701263897783,0.5004290315643138,0.5586846781124217,
B11,0.7540998200104869,0.5649698696058261,0.6688857455547809,0.329640169275352,0.3369081948516268,0.2667073596720788,
cn12,0.4642732939848165,0.2729925511654835,0.5102423176530013,0.08962192847187311,0.0,0.026689118868600148,
B54,0.9443097755917742,0.7938141326871533,0.6688857455547809,0.6714257729378863,0.4386755577106823,0.6471272708346534,
