,job991_scenario3_2486,job993_scenario1_2489,job994_scenario4_2490,job995_scenario0_2494,
in27,0.6114648748168219,0.3918900191087036,0.3787146595896178,0.083031634759141,
B14,0.8920305537779076,0.6457665792011893,0.7792894589524431,0.18671212827576344,
B11,0.9937979166369632,0.847150512504628,1.001065942213238,0.2253464357758035,
cn12,0.6520123129744289,0.4004206391824925,0.518878668191608,0.0,
B54,1.3924595853422215,0.9559856551842159,0.9694994145337303,0.6240081044810617,
