,job107_scenario1_225,job110_scenario1_229,job114_scenario1_236,job115_scenario4_239,job116_scenario3_242,job117_scenario2_246,
in27,0.4951946750650402,0.531025870960515,0.40608433802857863,0.8169332990407447,0.447258672911724,0.0,
B14,0.6152037954667795,0.6243458724936543,0.4762851732081264,0.5382807507372258,0.6059021008135034,0.16352083671268697,
B11,0.6587155117777272,0.531025870960515,0.4762851732081264,0.5382807507372258,0.485892980411764,0.05634251589054079,
cn12,0.4685055561964401,0.4812175857383234,0.365156797494672,0.3600159837873786,0.34549131005266837,0.009896211311065883,
B54,0.5804603609867263,0.5625923986400228,0.6349286011099059,0.4182716303354864,0.34549131005266837,0.16352083671268697,
