,job138_scenario0_285,job142_scenario0_295,job145_scenario1_302,job146_scenario3_305,job147_scenario1_310,job148_scenario1_311,job149_scenario1_312,
in27,0.630010675989685,0.6064445390827222,0.647842659437372,0.6680842673557328,0.31069646930314543,0.30806828356835425,0.25825999834616264,
B14,1.0442456732265353,0.9324141560620087,0.9928051699004518,1.1250015826090989,0.6545310502860537,0.7586890299104765,0.7586890299104765,
B11,0.8506737370025313,0.7506515618066376,0.7434259162425741,0.8351750565834286,0.6812201691546538,0.48003648160695755,0.4635348046695882,
cn12,0.36092611792667906,0.3092493876997202,0.37451781034907095,0.4365133878781704,0.10429373349954818,0.02813796885374975,0.0,
B54,1.1196151478371554,0.9689994862416746,1.0945725327595075,1.0365589898868675,0.7310284543768454,0.7200547224104364,0.7586890299104765,
