,job26_scenario1_56,job28_scenario3_58,job30_scenario1_62,job31_scenario1_63,job32_scenario0_64,job33_scenario4_65,
in27,1.004508086011872,1.013439823533276,0.7871833709232227,0.7212340581600779,0.48848384293287395,0.7987029189159006,
B14,1.0747089211914198,1.0569515398442237,0.9458267988250022,0.7914348933396257,0.527118150432914,0.8871455116381322,
B11,1.1245172064136115,1.273850614294111,0.8756259636454543,0.7212340581600779,0.5067256004755578,0.95734634681768,
cn12,0.5114476798048899,0.6147781548280178,0.34850781321254043,0.2523715542752719,0.0,0.2817722104142173,
B54,1.1245172064136115,1.1152071863923316,0.9773933265045099,0.7914348933396257,0.6621921215767917,0.8871455116381322,
