,job603_scenario3_1232,job604_scenario0_1234,
in27,0.48471364466212274,0.23434112358295267,
B14,0.3211928079494357,0.0,
B11,0.5114027635307228,0.038634307500040044,
cn12,0.5429692912102305,0.1447851086127725,
B54,0.8216218395137495,0.4484699539274498,
