,job908_scenario0_2103,job909_scenario1_2106,
in27,0.08180045354046128,0.0,
B14,0.661791333138722,0.4959317251297058,
B11,0.38563000138162706,0.33464493957956387,
cn12,0.42489275444594155,0.3971495493743049,
B54,0.6089186039733754,0.7498082852221915,
