,job609_scenario2_1246,
in27,0.0,
B14,0.7586890299104764,
B11,0.439108941073051,
cn12,0.48003648160695755,
B54,0.48003648160695755,
