,job525_scenario0_1039,job527_scenario3_1043,job528_scenario0_1045,job529_scenario0_1046,job531_scenario0_1053,job532_scenario0_1054,job533_scenario1_1059,job534_scenario2_1060,
in27,0.8748433753183263,1.397778832641291,0.7944188938189127,0.8310266931178522,0.710589372907581,0.7012671488414837,0.5217904512176961,0.4928672811865508,
B14,0.6313965756890896,0.8973498010769774,0.524333152560339,0.5654472629259448,0.4991524726799553,0.3752975318621973,0.2667073596720789,0.34808217257377827,
B11,0.41693952427403935,0.6075232750513069,0.3204580027104763,0.3763726331365489,0.26363153831108443,0.20548012623826628,0.0,0.04175396961073852,
cn12,0.5419385163440769,0.7071398454956901,0.5031062079140003,0.47905364752408697,0.38593389174669046,0.34435944974696386,0.2369537968603238,0.25621102102578874,
B54,1.0334868032201057,0.9991171639360328,0.9333344042987665,0.9359709627774533,0.8232298679519887,0.8914771044227708,0.8169446764585844,0.6267347208772972,
