,job258_scenario0_495,job259_scenario0_496,job263_scenario2_501,job267_scenario0_509,job268_scenario1_511,job269_scenario3_512,job270_scenario1_514,job271_scenario1_515,job272_scenario1_516,job273_scenario1_518,job274_scenario4_519,job275_scenario0_520,job276_scenario1_522,job277_scenario1_525,
in27,1.0120177548982991,1.0132941724610758,1.0709563612163282,0.8849979280514441,0.9832880314532209,1.0800694369897732,1.0325053700325548,0.9068901631319545,0.9114234843285439,0.8824921252591962,0.8702501597764323,0.76601109945274,0.7575090649509677,0.7442526247326126,
B14,0.7876707982515802,0.782156676345882,0.9509472408145888,0.7263545001496646,0.8365897921828812,0.746280904248845,0.6901862172178375,0.8401178867781647,0.6864700942672035,0.7238486973574167,0.6756567659414681,0.5371668363714128,0.478856516647449,0.30016610905883967,
B11,1.057442601866814,0.9999694023242519,1.1593989539385599,0.9236322355514841,1.0369871896953993,1.0800694369897732,1.0760170863435023,1.0605147885335755,0.950057791828584,1.0291903645295357,1.0041175994671787,0.7575637381268239,0.8029339119194824,0.8326952174548441,
cn12,0.42583047217860925,0.40316009197789493,0.5593533519298629,0.32001668102777836,0.4534432646240716,0.5159738009142611,0.4057706491552575,0.46046918652487856,0.4097166863531445,0.340702169798607,0.4356385251379893,0.09867458896145953,0.2913309026330171,0.0,
B54,1.1458851945890456,1.0800664488148657,1.2295997891181076,1.0169522370846233,1.1152423404864,1.0800694369897732,1.0760170863435023,1.207213027803915,1.0700669122303235,0.9242460948699347,1.0356841271466863,0.7842528569954239,0.8646873857731139,0.7442526247326126,
