,job172_scenario0_354,job174_scenario0_359,job175_scenario1_362,job176_scenario1_363,job177_scenario0_364,job179_scenario1_366,job180_scenario2_367,job181_scenario1_368,job182_scenario2_370,job183_scenario1_371,
in27,0.6207007575885506,0.6223039655952296,0.5755121835329098,0.6309389262653096,0.48921078886360747,0.5834155273436676,0.5636226784083596,0.5003292194086706,0.49678391665921007,0.3065739610779228,
B14,1.2104579928232493,1.1409747547022273,1.1359369422506458,1.151522846029874,0.9915529510854881,1.265286232658374,1.2991925419652446,1.1323916395011855,0.9150669244125361,0.9150669244125361,
B11,0.5975815912349591,0.5826831223042688,0.6906438951237415,0.5718697939785333,0.45955739184166666,0.560296360990076,0.5240018351173987,0.58215432271468,0.23364650950213972,0.24482048722429128,
cn12,0.3005404907306206,0.23747485372630606,0.3342616488236272,0.31510411812280226,0.16287964207480998,0.28846583439220663,0.21742787403947617,0.21527573776827547,0.0,0.02668911886860026,
B54,1.1745080268900647,1.0792212808485957,1.3110820470897948,1.1950345623408218,1.07999554380772,1.265286232658374,1.2289917067856968,0.9572465346620366,0.8336921115108367,0.8132995615534805,
