,job92_scenario0_181,job94_scenario0_188,job95_scenario3_189,job97_scenario3_192,job98_scenario0_193,job99_scenario2_195,job100_scenario3_196,job101_scenario2_198,job102_scenario2_199,job103_scenario3_201,
in27,0.41433145359875234,0.3442641735830771,0.5712633864672343,0.36582817650313487,0.2652958329006106,0.4318331727731694,0.49906833993084987,0.22577207641456565,0.13313364478282086,0.1172825040055041,
B14,0.7245505295817789,0.6544832495661037,0.7614733420485214,0.737800726339793,0.528433240057681,0.6718514135766482,0.859095701136068,0.5359911523975922,0.8300692008396657,0.3804199111625744,
B11,0.2812984085969884,0.2189273539661198,0.6210716716894258,0.6942890100288452,0.1747024477637067,0.318120621282674,0.35866666957175425,0.20537952645720947,0.11274109482546457,0.21689907444988732,
cn12,0.19386242663385633,0.13101021403829338,0.44768431355048605,0.3391390576345347,0.03124050015570723,0.16206136915793556,0.24353495798092245,0.09024781486637767,0.0026281857347910664,0.0,
B54,0.4458979812782601,0.3989498676161764,0.564195606646702,0.43602901168268265,0.3199815269337099,0.33144539141949786,0.3200323620717142,0.307146889316265,0.24119757655312024,0.19865731690720345,
