,job291_scenario0_556,job293_scenario2_560,job294_scenario4_562,job297_scenario1_570,job298_scenario0_571,job299_scenario0_572,job301_scenario1_575,job302_scenario3_579,job303_scenario2_580,job304_scenario3_581,
in27,0.6397571990841321,0.6637343142778857,0.8593359097674175,0.5585597473718433,0.5535537882082067,0.4812808085989448,0.48164145799536107,0.5816035987102706,0.260410790760835,0.4190542186626145,
B14,0.6185302544377935,0.6973498192777674,0.6375594265066225,0.7388734916420645,0.38646299898051084,0.4523576385677995,0.45007493031585327,0.6518044338898185,0.20215514421272712,0.34885338348306666,
B11,0.6920930702600581,0.7942397733259152,0.8277693820879097,0.7704400193215724,0.5064721193822503,0.4812808085989448,0.493586646626801,0.5317953134880791,0.19020995558128723,0.5390633390643539,
cn12,0.49522319503004497,0.6444770901124208,0.7228251124283086,0.4988552508385857,0.3633438326269194,0.32263738069716535,0.40026664509366167,0.35665020864893016,0.1492824150473806,0.24390911382346558,
B54,0.447056026956421,0.5387063913759879,0.6691259541861303,0.46022094333854563,0.3397743758690177,0.3391390576345347,0.31182405237143,0.1562528111364122,0.19020995558128723,0.0,
