,job63_scenario1_135,job64_scenario4_136,
in27,0.45915136641591114,0.59566216375502,
B14,0.29738827640343324,0.2587539689033932,
B11,0.47565304335328057,0.5142873508533206,
cn12,0.0,0.10717832082214607,
B54,0.6841047564772516,0.6342964712550601,
