,job991_scenario3_2486,job993_scenario1_2489,job994_scenario4_2490,
in27,0.37730015626419444,0.008689679857934562,0.03180884621152624,
B14,0.6158695470825237,0.2205699518076636,0.3903873574315946,
B11,0.7043121398047554,0.40862911497427834,0.5988390705555656,
cn12,0.40062729449007817,0.0,0.15475255488179263,
B54,1.0847320509673297,0.49922250011118247,0.549030785333374,
