,job573_scenario3_1151,job575_scenario1_1160,job578_scenario3_1163,job579_scenario3_1171,job580_scenario4_1173,job581_scenario2_1175,
in27,0.8453745255907135,0.6639836869783251,0.7059443118966489,0.6739521435783788,0.3913936431289835,0.14814708925548925,
B14,1.1057853163515485,0.9093296269970217,0.9228433863465362,0.6241438583561874,0.604722765063862,0.638679909508737,
B11,1.1057853163515485,1.1493478678005005,1.1130533419278232,0.6943446935357351,0.5816035987102706,0.38480334941625133,
cn12,0.9471418884497689,0.7052613521267275,0.8178991166869349,0.6102855390671804,0.49754444424171584,0.3719725498366582,
B54,0.6369228124667423,0.5022205969658471,0.4224143547822223,0.243723947193613,0.20118368754769622,0.0,
