,job19_scenario1_45,job20_scenario3_47,
in27,0.0,0.14113546526702114,
B14,0.5640956360755122,0.831774452412622,
B11,0.4875982319847204,0.3748571371592559,
cn12,0.05737003559995446,0.12289370772433716,
B54,0.6658629989345678,0.5215553764295955,
