,job904_scenario1_2090,
in27,0.42710853427406764,
B14,0.5239984883222155,
B11,0.0,
cn12,0.3934930292741859,
B54,0.547117654675807,
