,job525_scenario0_1039,job526_scenario4_1040,job527_scenario3_1043,job528_scenario0_1045,job529_scenario0_1046,job530_scenario1_1047,job531_scenario0_1053,
in27,0.564571640337526,0.729403088638954,1.0671491849917392,0.4478526329654353,0.47396317607473226,0.553834680671976,0.1497626832134945,
B14,0.5472847622227611,0.6657364841277555,0.7928800749418973,0.4039268132213334,0.43454366739729666,0.5630955277365608,0.1644857045003406,
B11,0.40386294067624107,0.5283200008723146,0.5740887787847571,0.2710868932400008,0.3165042674764309,0.4411941856275683,0.0,
cn12,0.781904098149782,1.0894304498441723,0.9267475146326437,0.7067772638470284,0.6722274472674723,0.8254194491549627,0.37534451883910935,
B54,1.0832424294445238,1.2298321202032678,1.0285148774916992,0.9467955046505072,0.9389348069395514,1.224081117860221,0.6224305394631204,
