,job417_scenario0_822,job419_scenario2_825,job421_scenario2_828,
in27,0.2050378870122161,0.1891867462348995,0.1101129090906734,
B14,0.3517361262825557,0.4790132722605699,0.1803137442702213,
B11,0.2467918566229546,0.20036072395705107,0.0,
cn12,0.11171788547907685,0.1594331834231445,0.03361550499988175,
B54,0.42193696146210347,0.4790132722605699,0.13050545904802963,
