,job333_scenario0_631,job337_scenario2_644,job338_scenario0_645,job340_scenario1_648,job342_scenario1_652,job344_scenario4_656,job345_scenario2_658,job346_scenario3_660,job347_scenario1_662,
in27,0.6469841087355249,0.6851078537950034,0.6194684636827468,0.6314005065146227,0.5895037541413912,0.5904766006749489,0.3493821830726553,0.4931610059880389,0.20215514421272718,
B14,0.45677415315423786,0.4118662634545752,0.3243142384418584,0.4678796698019355,0.3927595678917547,0.2749298254767044,0.2641164971509692,0.17449456867909607,0.0,
B11,0.7487514715945804,0.7922861746171497,0.7212358265418022,0.7780987457849622,0.6847368863320975,0.6900931711193321,0.6943446935357351,0.4931610059880389,0.27865254830351893,
cn12,0.4135000986003955,0.45188015245999924,0.32257415783654403,0.49944619748144325,0.38646299898051084,0.7104857210766883,0.21430821192877747,0.2215762375050524,0.0292732946456411,
B54,0.9389614271758677,0.8891761286652975,0.7493737953955522,0.8714187473181014,0.9135811494134248,0.6718514135766482,0.7645455287152829,0.5816035987102707,0.6590724594660933,
