,job756_scenario3_1632,
in27,0.09377029193744946,
B14,0.2368985786927803,
B11,0.0,
cn12,0.003176906800545609,
B54,0.32672075292039604,
