,job510_scenario2_1001,job513_scenario1_1006,job516_scenario0_1014,job517_scenario0_1021,job519_scenario3_1023,job520_scenario4_1027,job521_scenario2_1028,job522_scenario2_1029,
in27,0.8023972478881951,0.6785309666495329,0.5165375564246824,0.4399906473354493,0.8304948414784277,0.41178619308633957,0.17903597785913566,0.15864342790177954,
B14,0.42197733672562066,0.33172656048684024,0.19200152098282058,0.10708578836119975,0.3798740951363054,0.11274109482546457,0.038634307500040044,0.0,
B11,0.7569724009196803,0.7539004412601531,0.5493022657918034,0.46212327789811986,0.6718514135766482,0.5317953134880791,0.24390911382346558,0.3221642646144665,
cn12,0.7321964127086473,0.5860617607491542,0.43293826029516796,0.31319098746523516,0.5700840507175926,0.3731518855862995,0.15864342790177954,0.14040167035909557,
B54,0.6010133145847563,0.42861651453498817,0.4608596730695718,0.2568484715746943,0.3300658099141139,0.3415853579067918,0.4190542186626145,0.10883514267958794,
