,job245_scenario0_479,job246_scenario0_480,job257_scenario4_494,job258_scenario0_495,job259_scenario0_496,job260_scenario1_497,job261_scenario3_499,job262_scenario1_500,job263_scenario2_501,job265_scenario4_504,job266_scenario3_507,job267_scenario0_509,job268_scenario1_511,job269_scenario3_512,job270_scenario1_514,job271_scenario1_515,
in27,0.6615112013336117,0.6182948720054614,0.7556054658258753,0.5204822547114848,0.5189298876102671,0.6233543799413719,0.7380642889312934,0.5808687934713113,0.5577018440295511,0.6273117325662414,0.5203789244462278,0.2998788637399901,0.35393867137858476,0.4159820319958528,0.21689907444988732,0.10678616535921392,
B14,0.7997620792780351,0.8804457433716107,0.8524954198740231,0.6947969667700239,0.6864540602003315,0.8274226548116661,0.7878725741534849,0.8475761531433903,0.8363543923330701,0.9873390937714597,0.7453323145075683,0.539897104543469,0.6059021008135035,0.4808551679601828,0.2732415903404282,0.43867555771068234,
B11,0.44710334343014846,0.4582718625982979,0.6236511567926959,0.3756971460987123,0.3153951618921561,0.46206759439123,0.7380642889312934,0.5373570771603637,0.4559344811704956,0.7971291381901724,0.7453323145075683,0.14830321565874294,0.217427874039476,0.22577207641456565,0.07020083517954778,0.07020083517954778,
cn12,0.4258763987838098,0.4179964379496903,0.662285464292736,0.34413061841920445,0.31863145355449607,0.5067072401823493,0.7878725741534849,0.44046712311221564,0.45593448117049573,0.5367183474293373,0.4849215237467331,0.14473326314373436,0.23392955097684537,0.2617220423477503,0.0,0.07020083517954778,
B54,0.591310366154064,0.5480940368259135,0.6236511567926959,0.4957062665004517,0.4270587360622774,0.5718892728617386,0.6109873887090217,0.4639793351802703,0.5577018440295511,0.638485710288393,0.4168714809818577,0.2731897448713901,0.3272495525099846,0.2573386040940734,0.10176736285905552,0.2484656021293951,
