,job492_scenario1_966,job494_scenario0_969,job498_scenario0_974,job499_scenario1_976,job502_scenario0_983,job503_scenario2_984,job505_scenario3_989,job506_scenario3_994,job507_scenario1_995,
in27,0.5187709260008369,0.36816962997184677,0.3214863964211223,0.46385114786270465,0.24240950722706045,0.3363209499168194,0.3465674868514832,0.0,0.10494426965960102,
B14,1.0513000343968415,0.994904350849144,0.9103580207076678,1.0758419385028415,0.922843386346536,0.9638268817034049,0.8883574423120724,0.6551815864461065,0.6938158939461465,
B11,1.171309154798581,0.9064617581269124,0.9601663059298595,0.9975867877118406,0.7807016353821261,0.9638268817034049,0.9852473963602203,0.743624179168338,0.5969259398979985,
cn12,0.7726474860933226,0.5148678692421864,0.5116963520024096,0.6224945757644841,0.4313871689025439,0.6149734982203383,0.6252200351550021,0.4151633456426276,0.2249533900613404,
B54,1.1446200359299807,0.9633378231696363,0.9601663059298595,1.0758419385028415,0.9393450632839054,1.0136351669255965,0.8266039684584409,0.8138250143478859,0.6551815864461065,
