,job684_scenario1_1428,job685_scenario3_1439,job686_scenario0_1442,job687_scenario2_1445,
in27,0.4110167505587756,0.481641457995361,0.008873001964678329,0.0,
B14,0.6927889609729929,0.6599062249452083,0.2829489869940889,0.4071090300311746,
B11,0.8679340658121419,0.8185496528469878,0.26851258181622495,0.2319639251920257,
cn12,0.5907303674937725,0.5518422931749087,0.11838578372012742,0.15157564808124713,
B54,0.9177423510343334,0.8683579380691793,0.4657903172180444,0.5769264356551055,
