,job790_scenario0_1725,job791_scenario4_1726,job792_scenario1_1728,
in27,0.1328399199813327,0.2940780484420735,0.181336953616609,
B14,0.19650652449253136,0.6309862432937003,0.13782523730566132,
B11,0.14669823927033965,0.3523336949901815,0.049382644583429725,
cn12,0.0,0.3909680024902215,0.10308180282560808,
B54,0.2982738873515868,0.27095888208848207,0.08801695208346977,
