,job174_scenario0_359,job176_scenario1_363,job177_scenario0_364,job181_scenario1_368,job182_scenario2_370,job183_scenario1_371,job185_scenario0_374,job186_scenario0_376,job187_scenario1_379,job188_scenario4_382,job189_scenario0_384,
in27,1.302827278078463,1.3490527955295153,1.221107905237271,1.3337456697974786,1.4871717576366648,1.2849080649123423,1.1151573498802814,1.0788628240076041,1.1294931552770884,1.0120240622584542,0.7338490000627357,
B14,0.949417406289467,0.9975560543980861,0.8513694065631582,1.0937274289939998,1.033374104493997,1.0213203673509617,0.8132125851709183,0.752142071087208,0.8343389300362001,0.6151024741585105,0.3729912460769078,
B11,1.0961156455598065,1.1228928740150435,1.0243637189876345,1.2484799838757925,1.0569435612518987,1.056063801831015,0.8822068888973348,0.9361679206146418,0.9125940808272011,0.9102566993993989,0.5648659891277871,
cn12,0.517140232584327,0.6323600537617955,0.4939188248232612,0.647834254531871,0.5895299073522424,0.6041652890778071,0.37781574935508,0.3518095902564009,0.4063107195776934,0.48992471432569884,0.0,
B54,1.302827278078463,1.4562311163516615,1.3549753449280175,1.3337456697974786,1.3671626372349253,1.3347163501345338,1.3622433705042925,1.299259725763015,1.2495022756788279,1.1320331826601937,0.841027320884882,
