,job122_scenario1_261,job123_scenario4_262,job124_scenario0_263,
in27,0.16507696600139055,0.16244878026659937,0.0,
B14,0.7489297877877775,0.7828869322326526,0.4379244217695727,
B11,0.6417514669656313,0.6628778118309132,0.3961704521588342,
cn12,0.6556097862546383,0.5428686914291738,0.29578267080516263,
B54,0.5089115469842987,0.49306040620698216,0.2232886025917482,
