,job539_scenario2_1070,job541_scenario1_1077,job542_scenario0_1078,job543_scenario0_1082,job545_scenario3_1086,job546_scenario2_1090,job547_scenario2_1091,job548_scenario0_1092,job549_scenario0_1093,job550_scenario0_1095,
in27,1.353880122332468,1.219073788386239,1.146944704342307,1.063177958995747,1.3077166268642133,1.046678559840347,0.9744340680344851,0.8725063015347558,0.7528578305294327,0.7018702095575997,
B14,1.4156335961860995,1.3186903588306222,1.2097769141645234,1.2159517887646079,1.3463509343642535,1.212112527210601,1.0740506384788682,0.9171459473258751,0.8616929732090205,0.748951878383556,
B11,0.9854053998013335,0.8119647583550645,0.7244127333423478,0.65864669215757,0.8192327839313394,0.7005095179241356,0.7140232772736501,0.450332420761443,0.3408713916873507,0.23466452753023537,
cn12,0.7373328433864016,0.6452670148418319,0.46082503578096734,0.4236048236217458,0.5711602275164076,0.47555612786279533,0.4392616019901181,0.185103606051495,0.12245223229435931,0.0,
B54,1.4738892427342074,1.36220207514157,1.199280575518233,1.1110075191050066,1.3463509343642535,1.1307377143089017,1.2642605940601555,1.0272588564165483,0.9115012584312121,0.7384555397372657,
