,job593_scenario0_1207,job594_scenario1_1211,
in27,0.5067256004755578,0.38301077368368425,
B14,0.5166218117866237,0.47145336640591595,
B11,0.0,0.11142600520069768,
cn12,0.31975193655661066,0.2110425756450809,
B54,0.6471272708346534,0.44476424753731575,
