,job56_scenario2_117,
in27,0.12845648172765559,
B14,0.0,
B11,0.07020083517954778,
cn12,0.04708166882595621,
B54,0.2168990744498873,
