,job383_scenario0_725,job385_scenario4_731,job389_scenario2_744,job390_scenario4_745,job391_scenario2_748,job392_scenario3_749,
in27,0.4165259107113314,0.5670118640508309,0.3817858359253456,0.3721804289212685,0.0,0.12000912040173928,
B14,0.8618762025280827,1.063550022595158,1.0138482560178605,0.9073528949656355,0.6818707053147064,0.6818707053147064,
B11,0.8538218869166295,0.9617826597361023,0.7534374652570255,0.9073528949656355,0.4734189921907354,0.5934281125924749,
cn12,0.36798140163211823,0.5483770607936839,0.32808667768316724,0.4006272944900778,0.034743434480053126,0.15475255488179251,
B54,0.9201318490761905,1.0319834949156501,0.7738300152143818,0.7873437745638963,0.4734189921907354,0.4734189921907354,
