,job832_scenario2_1857,
in27,0.05825564654810783,
B14,0.33690819485162665,
B11,0.24846560212939506,
cn12,0.0,
B54,0.11195480479028619,
