,job876_scenario2_1996,
in27,0.3986616687052582,
B14,0.1319543090331794,
B11,0.1447851086127725,
cn12,0.08844259272223176,
B54,0.0,
