,job662_scenario1_1391,job670_scenario0_1400,job671_scenario0_1401,job677_scenario2_1416,job678_scenario0_1417,job679_scenario3_1421,job680_scenario0_1422,job681_scenario2_1423,job682_scenario0_1424,
in27,0.9518570433064169,0.6867310976889339,0.6659504137716116,0.6596163381815718,0.4476873656003219,0.5000834612937874,0.2754907206288634,0.2511922185256304,0.14942485566657482,
B14,1.0487469973545647,0.7569319328684818,0.7998178534623579,0.7796254585833113,0.5565225082799098,0.5885260540160192,0.34226299698265317,0.4098356464274099,0.21026467799172377,
B11,0.7883362065937297,0.5596541974666623,0.5671682380162107,0.523105540842463,0.40675982506641534,0.4187086483920881,0.18566854640124764,0.2631374071570703,0.0,
cn12,0.8199027342732375,0.5495657189921784,0.5240752318558033,0.5578489753225164,0.3524542334096156,0.4685169336142797,0.1389799232897545,0.2759682067366635,0.0427405054016593,
B54,1.0487469973545647,0.8383067457701812,0.7395132295938761,0.7796254585833113,0.6378973211816091,0.620092581695527,0.45237590607332656,0.5298447668291493,0.19293657197752256,
