,job389_scenario0_752,job392_scenario4_755,
in27,0.15223022943889386,0.44738445467978216,
B14,0.1869736639189472,0.3771836195002344,
B11,0.15223022943889386,0.44738445467978216,
cn12,0.0,0.243316179809488,
B54,0.2887410267780027,0.3273753342780427,
B51,0.2185401915984549,0.3771836195002344,
os4,0.2185401915984549,0.3771836195002344,
in4,0.1968698752300131,0.4087501471797421,
B33,0.25717449909849494,0.20736621387630333,
