,job218_scenario2_426,job219_scenario1_429,
in27,0.0,0.10717832082214623,
B14,0.22718744122388562,0.10717832082214629,
B11,0.13386743969074638,0.20406827487029416,
cn12,0.08405915446855478,0.03697748564259851,
B54,0.1489322904328847,0.1489322904328847,
B51,0.12000912040173944,0.09523313219070634,
os4,0.5640956360755124,0.20406827487029416,
in4,0.09523313219070634,0.18367572491293793,
B33,0.2538765600924858,0.18367572491293793,
