,job1048_scenario2_2833,
in27,0.03594996593318467,
B14,0.16981740562393105,
B11,0.049808285222191606,
cn12,0.0,
B54,0.12000912040173939,
B51,0.09961657044438316,
os4,0.3600273612052182,
in4,0.0,
B33,0.12000912040173939,
