,job338_scenario0_639,job341_scenario1_646,
in27,0.24390911382346558,0.32216426461446657,
B14,0.26041079076083495,0.363918234225205,
B11,0.22177648326079502,0.34885338348306666,
cn12,0.09833880403329764,0.26041079076083495,
B54,0.0,0.13195430903317928,
B51,0.3349950641940597,0.363918234225205,
os4,0.3349950641940597,0.4688625038848061,
in4,0.29904509826087505,0.3349950641940597,
B33,0.26929153544912,0.3349950641940597,
