,job997_scenario3_2586,
in27,0.2786525483035188,
B14,0.1586434279017795,
B11,0.1586434279017795,
cn12,0.011945188631439951,
B54,0.13195430903317928,
B51,0.1586434279017795,
os4,0.22884426308132724,
in4,0.22884426308132724,
B33,0.0,
