,job761_scenario0_1758,
in27,0.13386743969074621,
B14,0.2427025823703341,
B11,0.204068274870294,
cn12,0.04199628814275669,
B54,0.0,
B51,0.307575718334664,
os4,0.2658217487239256,
in4,0.17987037254811789,
B33,0.2427025823703341,
