,job745_scenario1_1712,
in27,0.2937173990456572,
B14,0.15864342790177954,
B11,0.3719725498366581,
cn12,0.15864342790177943,
B54,0.7088807446882849,
B51,0.05369915824217841,
os4,0.25196342943491873,
in4,0.21834792443503703,
B33,0.0,
