,job201_scenario3_391,
in27,0.051959077636864026,
B14,0.17196819803860347,
B11,0.19020995558128728,
cn12,0.19020995558128728,
B54,0.17196819803860347,
B51,0.2919773184403429,
os4,0.11371255149049558,
in4,0.0,
B33,0.15546652110123405,
