,job794_scenario1_1849,job795_scenario3_1850,
in27,0.19020995558128723,0.5142873508533208,
B14,0.20406827487029416,0.35564392295154135,
B11,0.2356348025498019,0.2973882764034334,
cn12,0.27426911004984195,0.20406827487029416,
B54,0.2973882764034334,0.10717832082214629,
B51,0.19020995558128723,0.5142873508533208,
os4,0.19020995558128723,0.3240773952720336,
in4,0.1245064268363475,0.2356348025498019,
B33,0.0,0.10717832082214629,
