,job1121_scenario0_3358,
in27,0.12630568931298347,
B14,0.21689907444988749,
B11,0.14669823927033965,
cn12,0.0,
B54,0.19650652449253136,
B51,0.29827388735158683,
os4,0.19650652449253136,
in4,0.15406686462767127,
B33,0.19650652449253136,
