,job49_scenario0_101,
in27,0.2951542252408882,
B14,0.43022819638476595,
B11,0.31827339159447976,
cn12,0.1787902197442527,
B54,0.43022819638476595,
B51,0.3765290381425876,
os4,0.21109507077233347,
in4,0.32672075292039593,
B33,0.0,
