,job292_scenario2_562,job294_scenario4_564,
in27,0.10176736285905569,0.14040167035909573,
B14,0.2919773184403429,0.21060250553864351,
B11,0.10176736285905569,0.2919773184403429,
cn12,0.08009704649061389,0.23372167189223497,
B54,0.2604107907608352,0.45062074634212235,
B51,0.11371255149049564,0.33061162594038296,
os4,0.19020995558128728,0.0,
in4,0.10176736285905569,0.2919773184403429,
B33,0.45062074634212235,0.11371255149049564,
