,job118_scenario4_237,job119_scenario2_240,
in27,0.03361550499988175,0.046446304579474906,
B14,0.09187115154798958,0.25051457944976907,
B11,0.21188027194972903,0.07536947461062016,
cn12,0.1101129090906734,0.0,
B54,0.1803137442702213,0.37052369985150846,
B51,0.15362462540162108,0.07536947461062016,
os4,0.09187115154798958,0.25051457944976907,
in4,0.1803137442702213,0.03361550499988175,
B33,0.03361550499988175,0.25051457944976907,
