,job871_scenario0_2061,
in27,0.3925860782067372,
B14,0.4955516227534062,
B11,0.4404156383159967,
cn12,0.28818540887710287,
B54,0.5604247587177361,
B51,0.6653690283773372,
os4,0.5769264356551056,
in4,0.0,
B33,0.1945933938349642,
