,job580_scenario2_1207,job581_scenario2_1210,
in27,0.2348496013724064,0.326720752920396,
B14,0.44672987332213543,0.326720752920396,
B11,0.2565199177408482,0.2812959059518813,
cn12,0.20671163251865654,0.1751451048391488,
B54,0.44672987332213543,0.7253824216256543,
B51,0.05513598443740941,0.15475255488179251,
os4,0.5351724660443671,0.3884742267740275,
in4,0.31021907598302656,0.21559237720694158,
B33,0.0,0.29515422524088825,
