,job443_scenario0_887,
in27,0.08844259272223165,
B14,0.15864342790177943,
B11,0.14214175096441006,
cn12,0.0,
B54,0.26215087136614945,
B51,0.15019606657586326,
os4,0.22039690175541105,
in4,0.1867813967555293,
B33,0.22039690175541105,
