,job313_scenario1_596,job315_scenario2_600,
in27,0.15864342790177954,0.1250279229018978,
B14,0.2555333819499274,0.015515141146448586,
B11,0.21689907444988737,0.2555333819499274,
cn12,0.09688995404814793,0.20039739751251795,
B54,0.058255646548108,0.0,
B51,0.20039739751251795,0.1466982392703396,
os4,0.20039739751251795,0.37554250235166686,
in4,0.1466982392703396,0.21689907444988737,
B33,0.1466982392703396,0.6155607431551456,
