,job907_scenario0_2184,job908_scenario2_2186,
in27,0.1300975988762233,0.1869736639189472,
B14,0.2185401915984549,0.44738445467978216,
B11,0.16873190637626323,0.2185401915984549,
cn12,0.0,0.25717449909849494,
B54,0.2185401915984549,0.3273753342780427,
B51,0.3273753342780427,0.16873190637626323,
os4,0.20736621387630333,0.44738445467978216,
in4,0.20736621387630333,0.25717449909849494,
B33,0.1968698752300131,0.44738445467978216,
