,job253_scenario1_497,job255_scenario3_499,
in27,0.19020995558128723,0.19020995558128723,
B14,0.07020083517954784,0.2715847684829866,
B11,0.2400182408034789,0.3600273612052182,
cn12,0.0,0.21332912193487868,
B54,0.2715847684829866,0.43022819638476606,
B51,0.1061508011127325,0.43022819638476606,
os4,0.169817405623931,0.3600273612052182,
in4,0.09332000153313935,0.43022819638476606,
B33,0.0813748129016994,0.21332912193487868,
