,job620_scenario2_1283,
in27,0.040927540533906626,
B14,0.12937013325613822,
B11,0.07956184803394667,
cn12,0.0,
B54,0.05287272916534652,
B51,0.09462669877608498,
os4,0.5097900444187127,
in4,0.029753562811755063,
B33,0.23113749611519385,
