,job201_scenario3_391,job202_scenario1_392,
in27,0.46179472406427374,0.4035390775161659,
B14,0.46179472406427374,0.41636987709575907,
B11,0.48003648160695755,0.5004290315643138,
cn12,0.48003648160695755,0.32528392672516493,
B54,0.46179472406427374,0.6702464371882448,
B51,0.5818038444660132,0.39159388888472596,
os4,0.5235481979179053,0.5004290315643138,
in4,0.31021907598302667,0.0,
B33,0.4452930471269043,0.48003648160695755,
