,job333_scenario1_633,job336_scenario0_637,job340_scenario2_645,job342_scenario0_650,job343_scenario1_651,job344_scenario1_653,
in27,0.32509885288299356,0.11097002253849642,0.23665626016076213,0.12859232839046264,0.21498594379232017,0.26143224837179513,
B14,0.8709527314158222,0.680742775834535,1.0295961593176015,0.6144328136749739,0.8393862037363145,0.7344419340767133,
B11,0.719377083334575,0.5789754129754794,0.719377083334575,0.5993679629328356,0.719377083334575,0.7344419340767133,
cn12,0.15362462540162103,0.006926386131281381,0.14557030979016794,0.0,0.18031374427022118,0.17095273141582223,
B54,0.6695687981123835,0.549559677710644,1.0295961593176015,0.5390633390643538,0.6695687981123835,0.8393862037363145,
