,job799_scenario1_1855,job801_scenario1_1864,job802_scenario1_1865,
in27,0.21377941233918885,0.09377029193744946,0.15864342790177943,
B14,0.6236150587665987,0.3569076990945198,0.43340510318531145,
B11,0.43340510318531145,0.6236150587665987,0.41516334564262763,
cn12,0.0807463673374249,0.14357857715964106,0.07337774198009317,
B54,0.0,0.07825515079100087,0.2951542252408882,
