,job123_scenario0_251,job124_scenario1_252,job125_scenario1_253,
in27,0.439589209239165,0.4711557369186727,0.524854895160851,
B14,0.4599817591965211,0.48310092555011264,0.7498082852221915,
B11,0.34546949929640713,0.5097900444187127,0.5413565720982205,
cn12,0.0,0.18132921089300225,0.15713130857082613,
B54,0.5595983296409043,0.8200091204017393,0.5595983296409043,
