,job274_scenario0_534,job275_scenario3_535,job280_scenario1_541,job281_scenario2_542,job282_scenario4_545,job284_scenario3_547,job285_scenario1_548,job286_scenario0_550,job287_scenario2_554,
in27,0.6061211925072179,0.8230202669571052,0.6826185965980097,0.7843859594570652,0.802627716999749,0.8728285521792969,0.8461394333106966,0.632810311375818,0.6826185965980097,
B14,0.7030111465553659,0.8461394333106966,0.7678842825196958,0.8728285521792969,0.9430293873588447,0.9430293873588447,0.8728285521792969,0.6478751621179564,0.9043950798588046,
B11,0.6124177614184618,0.8728285521792969,0.7389611124885505,0.7678842825196958,1.063038507760584,0.9430293873588447,0.7030111465553659,0.6643768390553257,0.7389611124885505,
cn12,0.025696929546588754,0.3661029517037391,0.1843403574483682,0.2460938313019997,0.2341486426705598,0.258924630881593,0.1932211021366531,0.0,0.21247832630211794,
B54,0.6925148079090756,0.8230202669571052,0.8230202669571052,0.8230202669571052,0.9928376725810362,0.8461394333106966,0.8461394333106966,0.6925148079090756,0.9043950798588046,
