,job358_scenario2_679,job359_scenario3_680,job361_scenario1_682,job362_scenario0_683,job363_scenario3_689,
in27,0.5666661094614367,0.5897852758150282,0.48260695499288186,0.31113272751150933,0.5462735595040804,
B14,0.6297991648204522,0.7498082852221917,0.648040922363136,0.5097900444187128,0.6915526386740837,
B11,0.8165805615759815,1.116903426247942,0.8919500361866016,0.7498082852221917,0.8768851854444633,
cn12,0.1867813967555294,0.34040602215715043,0.1972777354018196,0.0,0.48710426142748997,
B54,0.5399769905928365,0.5399769905928365,0.5399769905928365,0.3670951410257506,0.4327986697706905,
