,job386_scenario2_746,job388_scenario2_751,job389_scenario0_752,job390_scenario4_753,job391_scenario3_754,
in27,0.3804199111625744,0.32528392672516493,0.20527480632342554,0.3102190759830266,0.40353907751616586,
B14,0.3804199111625744,0.3102190759830266,0.0,0.16352083671268702,0.3102190759830266,
B11,0.3102190759830266,0.36002736120521817,0.20527480632342554,0.5004290315643138,0.7404472723677926,
cn12,0.260410790760835,0.2835299571144265,0.05304457688453168,0.3102190759830266,0.36002736120521817,
B54,0.40353907751616586,0.4617947240642738,0.34178560366253435,0.5004290315643138,0.34178560366253435,
