,job92_scenario3_193,job93_scenario1_194,job94_scenario3_195,
in27,0.8881730313475459,0.4081365497405883,0.4312557160941798,
B14,0.6979630757662587,0.6095204830440271,0.6979630757662587,
B11,0.2538765600924857,0.0,0.3240773952720335,
cn12,0.21792659415930105,0.12103664011115312,0.28812742933884883,
B54,0.4579448349627799,0.3695022422405482,0.26773487938149265,
