,job741_scenario3_1705,
in27,0.16352083671268702,
B14,0.5004290315643138,
B11,0.36002736120521817,
cn12,0.27158476848298657,
B54,0.0,
