,job781_scenario1_1812,
in27,0.5562363489981874,
B14,0.27494044304630616,
B11,0.5314603607871544,
cn12,0.0,
B54,0.4500855478854551,
