,job417_scenario0_815,
in27,0.48876790626626754,
B14,0.5812371121666463,
B11,0.5365974663755271,
cn12,0.0,
B54,0.5619798880011815,
