,job882_scenario2_2099,job884_scenario4_2104,
in27,0.0,0.19020995558128717,
B14,0.6702464371882448,0.7200547224104363,
B11,0.6702464371882448,0.6702464371882448,
cn12,0.16045639276953205,0.3600273612052183,
B54,0.21332912193487863,0.38314652755880974,
