,job123_scenario0_251,job124_scenario1_252,
in27,0.47822351673920505,0.5097900444187127,
B14,0.49861606669656117,0.5217352330501527,
B11,0.2640946863947078,0.42841523151701344,
cn12,0.0,0.18132921089300225,
B54,0.5982326371409443,0.8586434279017794,
