,job999_scenario2_2608,
in27,0.0,
B14,0.1995709684356861,
B11,0.09462669877608498,
cn12,0.0,
B54,0.1995709684356861,
