,job343_scenario1_651,job345_scenario3_654,job346_scenario1_655,job347_scenario1_658,job348_scenario3_659,job350_scenario3_661,
in27,0.161471859392313,0.46179472406427374,0.25334301094030265,0.2217764832607949,0.5319955592438215,0.23684133400293328,
B14,0.5004290315643138,0.690638987145601,0.4506207463421222,0.47373991269571364,0.6204381519660531,0.43022819638476595,
B11,0.0,0.07020083517954778,0.03156652767950774,0.09332000153313924,0.12000912040173939,0.04980828522219172,
cn12,0.09332000153313924,0.16352083671268702,0.10321621284420512,0.0839589886787403,0.16352083671268702,0.3537307922939742,
B54,0.5706298667438616,0.8106481075473404,0.5502373167865053,0.652004679645561,0.7404472723677926,0.652004679645561,
