,job868_scenario4_2056,job870_scenario0_2060,job871_scenario0_2061,job872_scenario3_2064,
in27,0.31090476623714813,0.038121816066548075,0.038121816066548075,0.22246217351491648,
B14,0.264216143125655,0.0,0.06283220982221627,0.42285957102743443,
B11,0.5139455213980286,0.44824199265308884,0.42285957102743443,0.7180137962683227,
cn12,0.4077947202852962,0.07718309434491322,0.0804193860072534,0.5278038406870356,
B54,0.7678220814905143,0.6211238422201748,0.5428686914291738,0.8380229166700621,
