,job195_scenario1_384,job197_scenario3_386,job198_scenario0_387,job199_scenario1_388,
in27,0.4415711702773534,0.40293686277731333,0.21859650532894492,0.5229459831790527,
B14,0.8633520053362032,1.0100502446065427,0.7700320038030639,0.7850968545452022,
B11,0.7496394538457075,0.8900411242048032,0.6395265447550342,0.7313976963030238,
cn12,0.11321858093326487,0.6773142170087773,0.0,0.14214175096441029,
B54,0.8900411242048032,0.7700320038030639,0.6731420497549159,0.8198402890252555,
