,job529_scenario1_1087,job531_scenario3_1092,job532_scenario2_1093,
in27,0.24001824080347883,0.3600273612052183,0.2235165638661094,
B14,0.32846083352571054,0.44846995392744987,0.25825999834616264,
B11,0.2786525483035189,0.6386799095087371,0.19459339383496416,
cn12,0.0,0.13825087794442326,0.008880744688285036,
B54,0.3600273612052183,0.24001824080347883,0.44846995392744987,
