,job9_scenario2_23,job10_scenario2_24,job11_scenario3_26,job12_scenario1_27,
in27,0.5965678496713522,0.5965678496713522,0.7015121193309534,0.5676446796402069,
B14,0.8419137896900488,0.60189554888657,0.5815029989292139,0.6250147152401615,
B11,0.4792020869179754,0.32762643883672826,0.7578546352214941,0.37743472405891965,
cn12,0.024197902322176112,0.052335871175926085,0.09878217575540105,0.0,
B54,0.6250147152401615,0.8419137896900488,0.5815029989292139,0.5316947137070223,
