,job158_scenario0_319,job167_scenario3_334,job168_scenario2_336,job169_scenario1_339,
in27,0.25825999834616276,0.5186707891069977,0.3284608335257105,0.2786525483035189,
B14,0.2315708794775626,0.5186707891069977,0.5684790743291892,0.4217808350588497,
B11,0.21582033848130266,0.4484699539274499,0.3435256842678488,0.4217808350588497,
cn12,0.06487313596432998,0.4217808350588497,0.3017717146571104,0.2488989854917638,
B54,0.0,0.169817405623931,0.24001824080347878,0.12000912040173939,
