,job878_scenario2_2085,
in27,0.011173977722151562,
B14,0.2898265260256705,
B11,0.0,
cn12,0.08137481290169934,
B54,0.600045602008697,
