,job376_scenario3_716,job381_scenario2_728,job382_scenario0_733,
in27,0.8743147120585391,0.6454704489772118,0.587214802429104,
B14,0.7543055916567996,0.6342964712550603,0.4938948008959647,
B11,0.7339130416994434,0.777424758010391,0.5437030861181562,
cn12,0.2898265260256704,0.14312828675533107,0.0,
B54,0.3102190759830268,0.3738856804942252,0.28544308777199356,
