,job945_scenario0_2342,job946_scenario4_2348,
in27,0.24771446618828552,0.3677235865900249,
B14,0.29235411197940475,0.6628778118309132,
B11,0.0,0.5428686914291738,
cn12,0.11264049504440776,0.47266785624962604,
B54,0.33880041655887966,0.3526587358478866,
