,job47_scenario0_98,job49_scenario0_101,job50_scenario1_103,job53_scenario0_108,job55_scenario2_111,job56_scenario1_113,job57_scenario2_114,
in27,0.6293576773831071,0.6736691021036733,0.7936782225054126,0.714116374471466,0.7936782225054126,0.7936782225054126,0.7936782225054126,
B14,0.5648339594240854,0.6185331176662638,0.5767791480555253,0.5767791480555253,0.6967882684572648,0.5896099476351185,0.653276552146317,
B11,0.7438699372832211,0.6967882684572648,0.8434865077276043,0.6666013222831411,0.8869982240385519,0.8638790576849604,0.8869982240385519,
cn12,0.0037235104522277407,0.0,0.1568112778644284,0.023646218702349175,0.20968400702977497,0.20968400702977497,0.1568112778644284,
B54,0.8638790576849604,0.808743073247551,0.9452538705866599,0.7550439150053727,1.1038972984884392,0.9452538705866599,0.8638790576849604,
