,job24_scenario1_57,job25_scenario4_58,job26_scenario0_59,job27_scenario3_61,
in27,0.12000912040173939,0.0597044965332576,0.0,0.21332912193487863,
B14,0.19682744499750937,0.37509221194735654,0.11087606882170153,0.533735639849136,
B11,0.600045602008697,0.7902555575899842,0.533735639849136,1.068908105893503,
cn12,0.18805916316661497,0.17869815031221592,0.00438343825367693,0.18805916316661497,
B54,0.7319999110418762,0.7586890299104765,0.7088807446882848,0.611990790640137,
