,job270_scenario0_528,job271_scenario2_530,job274_scenario0_534,job275_scenario3_535,job276_scenario3_536,job277_scenario4_537,job279_scenario1_540,
in27,0.6556439006403354,0.7861493596883651,0.689259405640217,0.9061584800901044,0.9292776464436958,0.7861493596883651,0.9292776464436958,
B14,0.7756530210420748,0.9292776464436958,0.7861493596883651,0.9292776464436958,0.9061584800901044,1.0759758857140354,0.9061584800901044,
B11,0.4446646015626299,0.9875332929918038,0.4169034262479422,0.6773142170087771,0.5888716242865455,0.650625098140177,0.5723699473491761,
cn12,0.01071289472563608,0.16752417259006447,0.0,0.34040602215715043,0.27865254830351893,0.26215087136614956,0.20845171312397115,
B54,0.4261219984831468,0.5692502852384776,0.4156256598368565,0.5461311188848862,0.52573856892753,0.4909951344474768,0.7861493596883651,
