,job301_scenario0_576,job302_scenario0_578,job303_scenario1_579,job304_scenario0_582,job306_scenario2_584,job307_scenario2_585,
in27,0.11112837571345446,0.13590436392448746,0.3399726387947817,0.1497626832134944,0.30133833129474163,0.20946717974675189,
B14,0.6363333954888013,0.5898870909093265,0.8017673628590555,0.6363333954888013,0.9604107907608349,0.9604107907608349,
B11,0.020392549957356065,0.013324770136823982,0.12654335107008863,0.0,0.14040167035909557,0.19020995558128717,
cn12,0.13516604057591453,0.09875621630368958,0.2746492124261415,0.11112837571345446,0.3112345426058075,0.3217308812520978,
B54,0.6363333954888013,0.6363333954888013,0.6999999999999998,0.6115574072777683,0.9604107907608349,0.9604107907608349,
