,job738_scenario1_1699,job739_scenario1_1701,
in27,0.10350744346437002,0.12000912040173944,
B14,0.27865254830351893,0.5186707891069977,
B11,0.04980828522219166,0.27865254830351893,
cn12,0.0386343075000401,0.0386343075000401,
B54,0.0,0.0386343075000401,
