,job881_scenario0_2094,job882_scenario2_2099,
in27,0.5142873508533206,0.6841047564772516,
B14,0.28689193775714295,0.537406517206912,
B11,0.3668179006736927,0.6841047564772516,
cn12,0.0,0.17431471205853888,
B54,0.6454704489772116,0.7543055916567993,
