,job810_scenario0_1899,
in27,0.0,
B14,0.33144602062936523,
B11,0.15836618754972187,
cn12,0.43022819638476606,
B54,0.6702464371882448,
