,job110_scenario2_224,job111_scenario4_225,job113_scenario2_228,job114_scenario1_229,
in27,0.36002736120521817,0.5849807512665586,0.2951542252408882,0.31827339159447976,
B14,0.7049898716682981,0.6551815864461064,0.5849807512665586,0.6165472789460664,
B11,0.5463464437665186,0.8951998272495852,0.6551815864461064,0.7049898716682981,
cn12,0.05513598443740941,0.03474343448005324,0.04463964579111912,0.0,
B54,0.6165472789460664,0.8249989920700374,0.7049898716682981,0.8249989920700374,
