,job556_scenario0_1128,job557_scenario2_1132,
in27,0.1569866060443379,0.24001824080347883,
B14,0.2689414108346241,0.3738856804942252,
B11,0.13386743969074633,0.2689414108346241,
cn12,0.0,0.19357193622400393,
B54,0.24001824080347883,0.40545220817373295,
B51,0.13386743969074644,0.09523313219070628,
os4,0.20406827487029416,0.49389480089596455,
