,job1077_scenario2_3435,
in27,0.06570352874493973,
B14,0.1995709684356861,
B11,0.11112837571345441,
cn12,0.0,
B54,0.23113749611519385,
B51,0.05287272916534658,
os4,0.2697718036152339,
