,job552_scenario1_1115,job553_scenario1_1118,
in27,0.0,0.0,
B14,0.4586750619535754,0.5169307085016833,
B11,0.3969215880999439,0.36535506042043614,
cn12,0.27691246769820443,0.2951542252408884,
B54,0.36535506042043614,0.4355558955999839,
B51,0.23148762072968976,0.27691246769820443,
os4,0.4355558955999839,0.5169307085016833,
