,job294_scenario1_551,
in27,0.4605881926111424,
B14,0.444086515673773,
B11,0.47882995015382623,
cn12,0.36871704106315284,
B54,0.0,
B51,0.06542435121140777,
os4,0.47882995015382623,
