,job365_scenario2_692,
in27,0.023119166353591514,
B14,0.3600273612052182,
B11,0.049808285222191606,
cn12,0.03594996593318467,
B54,0.0,
B51,0.06487313596432992,
os4,0.3600273612052182,
