,job629_scenario0_1318,job630_scenario3_1321,
in27,0.11321858093326476,0.2786525483035189,
B14,0.1867813967555293,0.3670951410257506,
B11,0.13444552557960332,0.3986616687052583,
cn12,0.0,0.2968943058462027,
B54,0.2968943058462027,0.3172868558035589,
B51,0.22039690175541105,0.6773142170087771,
os4,0.15864342790177943,0.3986616687052583,
