,job290_scenario3_544,
in27,0.04980828522219166,
B14,0.04980828522219166,
B11,0.24001824080347883,
cn12,0.04980828522219166,
B54,0.0813748129016994,
B51,0.3600273612052182,
os4,0.0,
