,job66_scenario1_133,job67_scenario4_135,
in27,0.48392735462694436,0.5621825054179452,
B14,0.5888716242865455,0.5621825054179452,
B11,0.0,0.12000912040173939,
cn12,0.35622200884039823,0.5186707891069976,
B54,0.31021907598302656,0.430228196384766,
B51,0.48392735462694436,0.6590724594660933,
os4,0.5390633390643538,0.5621825054179452,
