,job367_scenario2_695,job369_scenario1_702,
in27,0.09332000153313924,0.07020083517954773,
B14,0.3600273612052181,0.2715847684829865,
B11,0.1061508011127324,0.15157564808124707,
cn12,0.03156652767950763,0.040447272367792664,
B54,0.2715847684829865,0.31021907598302656,
B51,0.0,0.0,
os4,0.31021907598302656,0.16981740562393088,
