,job629_scenario0_1318,
in27,0.11321858093326476,
B14,0.1867813967555293,
B11,0.13444552557960332,
cn12,0.0,
B54,0.1066843502649154,
B51,0.22039690175541105,
os4,0.15864342790177943,
