,job189_scenario0_348,
in27,0.30216476037157347,
B14,0.0,
B11,0.2870999096294351,
cn12,0.1499345309326796,
B54,0.42217388077331286,
B51,0.40710903003117455,
os4,0.09688995404814793,
