,job361_scenario2_677,job362_scenario1_678,
in27,0.22884426308132733,0.24167506266092043,
B14,0.6155607431551455,0.527118150432914,
B11,0.40710903003117455,0.40710903003117455,
cn12,0.29598065431772014,0.2870999096294351,
B54,0.49555162275340625,0.49555162275340625,
B51,0.0,0.05369915824217841,
os4,0.4457433375312146,0.30534166717211897,
