,job254_scenario2_473,job257_scenario2_476,
in27,0.09187115154798964,0.0,
B14,0.07536947461062027,0.1567442875123196,
B11,0.1567442875123196,0.1567442875123196,
cn12,0.34077013703975345,0.34077013703975345,
B54,0.3816976775736601,0.3816976775736601,
B51,0.3003228646719608,0.3318893923514684,
os4,0.8505601814584661,0.660350225877179,
