,job946_scenario4_2584,
in27,0.02892317003114525,
B14,0.10717832082214618,
B11,0.20406827487029414,
cn12,0.0,
B54,0.13386743969074638,
B51,0.10717832082214618,
os4,0.2538765600924857,
