,job527_scenario3_1057,job530_scenario4_1062,
in27,0.430228196384766,0.430228196384766,
B14,0.6471272708346534,0.527118150432914,
B11,0.0,0.12000912040173939,
cn12,0.3867164800738183,0.40710903003117455,
B54,0.08982217422761563,0.12845648172765567,
B51,0.45691731525336615,0.45691731525336615,
os4,0.20304075516088038,0.1328399199813326,
