,job426_scenario2_834,
in27,0.07956184803394667,
B14,0.31958008883742545,
B11,0.09462669877608498,
cn12,0.0,
B54,0.23113749611519385,
B51,0.05287272916534658,
os4,0.23113749611519385,
