,job963_scenario0_2672,
in27,0.11347488973339015,
B14,0.18367572491293804,
B11,0.14123606504807795,
cn12,0.0,
B54,0.21524225259244573,
B51,0.25387656009248577,
os4,0.19357193622400393,
