,job779_scenario1_1817,job781_scenario0_1819,
in27,0.3438345809829083,0.24344679962923677,
B14,0.1803137442702213,0.0,
B11,0.42033198507369995,0.26557943019190733,
cn12,0.2820811071292767,0.11664713975902263,
B54,0.6105419406549872,0.3855885505936467,
B51,0.04868035574202001,0.04868035574202001,
os4,0.46384370138464764,0.31021907598302656,
