,job1023_scenario4_3036,
in27,0.04980828522219155,
B14,0.12000912040173944,
B11,0.24001824080347878,
cn12,0.0,
B54,0.09332000153313924,
B51,0.15157564808124718,
os4,0.1902099555812872,
