,job193_scenario1_357,
in27,0.4137265194473966,
B14,0.34885338348306666,
B11,0.21332912193487863,
cn12,0.3383570448367764,
B54,0.2715847684829866,
B51,0.0,
os4,0.3719725498366582,
