,job128_scenario2_246,job129_scenario0_247,
in27,0.243316179809488,0.15223022943889386,
B14,0.6874026954832609,0.20736621387630333,
B11,0.3273753342780427,0.1371653786967555,
cn12,0.1968698752300131,0.0,
B54,0.1869736639189472,0.028330236017167665,
B51,0.25717449909849494,0.23048538022989484,
os4,0.5673935750815216,0.20736621387630333,
