,job257_scenario2_476,job259_scenario1_480,job260_scenario0_481,
in27,0.13620190062404935,0.22807305217203888,0.0626390848017847,
B14,0.22807305217203888,0.26670735967207904,0.049808285222191606,
B11,0.4017813308159567,0.4182830077533261,0.2667073596720789,
cn12,0.3071546320398717,0.29827388735158666,0.12954198097532343,
B54,0.6267347208772971,0.5067256004755578,0.3264118562053365,
B51,0.08137481290169934,0.049808285222191606,0.0,
os4,0.6267347208772971,0.4800364816069576,0.37285816078481143,
