,job1081_scenario2_3452,
in27,0.09108595037059414,
B14,0.2951542252408883,
B11,0.10494426965960107,
cn12,0.0,
B54,0.2951542252408883,
B51,0.07825515079100098,
os4,0.05513598443740947,
