,job195_scenario3_360,
in27,0.16709078922769566,
B14,0.24846560212939506,
B11,0.09688995404814787,
cn12,0.14669823927033943,
B54,0.07020083517954773,
B51,0.0,
os4,0.1284564817276556,
