,job855_scenario1_2082,
in27,0.4919816702383975,
B14,0.4919816702383975,
B11,0.4484699539274498,
cn12,0.2937173990456572,
B54,0.15507347538677074,
B51,0.0,
os4,0.20845171312397104,
