,job343_scenario2_647,job345_scenario2_650,
in27,0.24001824080347883,0.2786525483035189,
B14,0.5186707891069977,0.4688625038848061,
B11,0.3102190759830266,0.2519634294349188,
cn12,0.1990907002695722,0.19020995558128717,
B54,0.3719725498366581,0.5186707891069977,
B51,0.0,0.0,
os4,0.05369915824217841,0.2937173990456572,
