,job19_scenario2_43,
in27,0.0,
B14,0.4440865156737729,
B11,0.34231915281471725,
cn12,0.22231003241297798,
B54,0.41251998799426515,
B51,0.2658217487239256,
os4,0.48272082317381293,
