,job560_scenario1_1137,
in27,0.21332912193487874,
B14,0.0,
B11,0.2898265260256704,
cn12,0.13507397114387776,
B54,0.43022819638476606,
B51,0.24001824080347883,
os4,0.3102190759830266,
