,job585_scenario1_1201,
in27,0.3519730455937651,
B14,0.5769264356551056,
B11,0.40710903003117455,
cn12,0.28709990962943516,
B54,0.527118150432914,
B51,0.0,
os4,0.33690819485162676,
