,job135_scenario2_259,
in27,0.39516384139973465,
B14,0.5151729618014741,
B11,0.03513648019451643,
cn12,0.3369081948516268,
B54,0.24358819331848758,
B51,0.0,
os4,0.3786621644623652,
