,job307_scenario0_577,job310_scenario1_580,job311_scenario1_581,
in27,0.23348401013512943,0.34719656162562496,0.38895053123636336,
B14,0.3135810566257432,0.4672056820273643,0.44408651567377283,
B11,0.0,0.10717832082214618,0.22718744122388546,
cn12,0.12000912040173928,0.3135810566257432,0.2769957264460772,
B54,0.37388568049422505,0.5254613285754722,0.5640956360755123,
B51,0.06854401332210602,0.06854401332210602,0.06854401332210602,
os4,0.3036848453146773,0.4938948008959645,0.37388568049422505,
