,job423_scenario3_828,
in27,0.0,
B14,0.0,
B11,0.14669823927033954,
cn12,0.05825564654810794,
B54,0.05825564654810794,
B51,0.05825564654810794,
os4,0.21689907444988737,
