,job107_scenario0_204,job109_scenario2_206,job110_scenario2_207,job111_scenario2_208,
in27,0.06366660451119865,0.19753404420194498,0.14772575897975337,0.22910057188145272,
B14,0.6010731217181109,1.0081821517492853,1.0081821517492853,1.0081821517492853,
B11,0.16279060972189152,0.28279973012363113,0.28279973012363113,0.2689414108346241,
cn12,0.0,0.2152422525924459,0.156986606044338,0.19357193622400393,
B54,0.5281456701423277,0.6095204830440271,0.7681639109458065,0.7681639109458065,
B51,0.6712739568976587,0.6593287682662188,0.6712739568976587,0.6712739568976587,
os4,0.40813654974058833,0.6979630757662587,0.6481547905440672,0.6481547905440672,
