,job442_scenario1_870,
in27,0.24390911382346558,
B14,0.38041991116257445,
B11,0.24390911382346558,
cn12,0.1238999934217262,
B54,0.3488533834830667,
B51,0.0,
os4,0.3221642646144665,
