,job312_scenario1_584,job313_scenario1_586,
in27,0.33333824233661813,0.3213930537051782,
B14,0.049808285222191606,0.0,
B11,0.3600273612052182,0.45334736273835746,
cn12,0.28046551317127155,0.2715847684829865,
B54,0.5502373167865054,0.5502373167865054,
B51,0.22615992151447184,0.2715847684829865,
os4,0.430228196384766,0.37509221194735654,
