,job39_scenario0_80,job41_scenario1_86,job44_scenario1_89,job45_scenario1_91,
in27,0.35622200884039823,0.46886250388480605,0.46886250388480605,0.48392735462694436,
B14,0.4085578800163242,0.6204381519660532,0.5621825054179452,0.5390633390643538,
B11,0.24390911382346558,0.46886250388480605,0.38041991116257434,0.3986616687052582,
cn12,0.2116880047863111,0.35622200884039823,0.363918234225205,0.3719725498366582,
B54,0.46886250388480605,0.6204381519660532,0.5621825054179452,0.6204381519660532,
B51,0.5004290315643138,0.48392735462694436,0.5004290315643138,0.44217338501620596,
os4,0.0,0.10176736285905552,0.10176736285905552,0.19020995558128717,
