,job391_scenario2_765,job395_scenario2_775,
in27,0.07020083517954773,0.05634251589054079,
B14,0.26041079076083495,0.26041079076083495,
B11,0.16352083671268697,0.08526568592168604,
cn12,0.0,0.009896211311065883,
B54,0.26041079076083495,0.16352083671268697,
B51,0.05634251589054079,0.043511716310947635,
os4,0.3102190759830265,0.38041991116257434,
