,job25_scenario1_56,job28_scenario1_61,
in27,0.3986616687052582,0.3349950641940597,
B14,0.3804199111625744,0.4688625038848061,
B11,0.34885338348306666,0.3986616687052582,
cn12,0.24390911382346558,0.26929153544912,
B54,0.5888716242865455,0.4688625038848061,
B51,0.0,0.05369915824217841,
os4,0.3986616687052582,0.3804199111625744,
