,job454_scenario3_895,job455_scenario1_896,
in27,0.1066843502649154,0.05687606504272402,
B14,0.43729597620529836,0.43729597620529836,
B11,0.4871042614274899,0.2786525483035189,
cn12,0.2968943058462027,0.14214175096441006,
B54,0.15019606657586326,0.1768851854444634,
B51,0.3986616687052583,0.26215087136614945,
os4,0.2084517131239711,0.0,
