,job136_scenario0_262,
in27,0.2786525483035188,
B14,0.09833880403329764,
B11,0.0,
cn12,0.13507397114387776,
B54,0.3719725498366582,
B51,0.19020995558128717,
os4,0.0,
