,job272_scenario4_502,
in27,0.3333382423366181,
B14,0.3600273612052183,
B11,0.3600273612052183,
cn12,0.2898265260256704,
B54,0.43022819638476606,
B51,0.4800364816069576,
os4,0.3600273612052183,
in4,0.391593888884726,
B33,0.2261599215144719,
sh10,0.0,
in22,0.43022819638476606,
