,job988_scenario0_2789,
in27,0.4098356464274099,
B14,0.43652476529601003,
B11,0.41828300775332605,
cn12,0.25621102102578874,
B54,0.5067256004755577,
B51,0.48003648160695767,
os4,0.0,
in4,0.4271637524416111,
B33,0.4569173152533661,
sh10,0.7467438412790365,
in22,0.13620190062404935,
