,job552_scenario1_1115,
in27,0.10350744346437002,
B14,0.18176259425537095,
B11,0.12000912040173944,
cn12,0.0,
B54,0.20845171312397115,
B51,0.07458427343322477,
os4,0.1586434279017795,
in4,0.04980828522219166,
B33,0.0884425927222317,
sh10,0.12000912040173944,
in22,0.0884425927222317,
