,job682_scenario1_1479,
in27,0.07020083517954778,
B14,0.14669823927033943,
B11,0.14669823927033943,
cn12,0.0,
B54,0.33690819485162665,
B51,0.09688995404814787,
os4,0.14669823927033943,
in4,0.03658533017966603,
B33,0.1284564817276556,
sh10,0.33690819485162665,
in22,0.09688995404814787,
