,job581_scenario3_1192,
in27,0.15157564808124718,
B14,0.3102190759830266,
B11,0.24001824080347878,
cn12,0.04980828522219155,
B54,0.04980828522219155,
B51,0.430228196384766,
os4,0.1902099555812872,
in4,0.15157564808124718,
B33,0.24001824080347878,
sh10,0.0,
in22,0.12000912040173944,
