,job855_scenario1_2082,
in27,0.4919816702383975,
B14,0.4919816702383975,
B11,0.4484699539274498,
cn12,0.2937173990456572,
B54,0.4919816702383975,
B51,0.0,
os4,0.4484699539274498,
in4,0.34885338348306666,
B33,0.46886250388480605,
sh10,0.430228196384766,
in22,0.4484699539274498,
