,job687_scenario4_1505,
in27,0.2538765600924857,
B14,0.1071783208221462,
B11,0.32407739527203355,
cn12,0.045424846968514676,
B54,0.444086515673773,
B51,0.16543396737025415,
os4,0.20406827487029416,
in4,0.32407739527203355,
B33,0.0,
sh10,0.08405915446855475,
in22,0.045424846968514676,
