,job719_scenario2_1595,
in27,0.07020083517954773,
B14,0.26041079076083495,
B11,0.08526568592168604,
cn12,0.03156652767950768,
B54,0.19020995558128717,
B51,0.03156652767950768,
os4,0.26041079076083495,
in4,0.07020083517954773,
B33,0.0,
sh10,0.19020995558128717,
in22,0.19020995558128717,
