,job331_scenario3_621,
in27,0.31728685580355886,
B14,0.22039690175541088,
B11,0.5573050966070376,
cn12,0.12707690022227164,
B54,0.22039690175541088,
B51,0.5573050966070376,
os4,0.43729597620529825,
in4,0.3670951410257504,
B33,0.31728685580355886,
sh10,0.24708602062401103,
in22,0.0,
