,job731_scenario1_1630,
in27,0.13825087794442323,
B14,0.2786525483035189,
B11,0.12000912040173942,
cn12,0.0,
B54,0.2786525483035189,
B51,0.12000912040173942,
os4,0.0617534738536315,
in4,0.008880744688285036,
B33,0.12000912040173942,
sh10,0.24001824080347886,
in22,0.08844259272223165,
