,job276_scenario0_511,
in27,0.1300975988762233,
B14,0.20736621387630333,
B11,0.15223022943889386,
cn12,0.0,
B54,0.25717449909849494,
B51,0.27223934984063325,
os4,0.1968698752300131,
in4,0.1968698752300131,
B33,0.1869736639189472,
sh10,0.44738445467978216,
in22,0.25717449909849494,
