,job1048_scenario0_3182,
in27,0.10381634017942942,
B14,0.1620719867275373,
B11,0.1378740844053612,
cn12,0.0,
B54,0.17095273141582235,
B51,0.250514579449769,
os4,0.19020995558128717,
in4,0.1803137442702213,
B33,0.250514579449769,
sh10,0.3207154146293168,
in22,0.21188027194972897,
