,job60_scenario3_118,
in27,0.2715847684829865,
B14,0.3600273612052181,
B11,0.19020995558128712,
cn12,0.19020995558128712,
B54,0.0,
B51,0.43022819638476595,
os4,0.21332912193487857,
in4,0.5502373167865053,
B33,0.2715847684829865,
sh10,0.2715847684829865,
in22,0.19020995558128712,
