,job36_scenario0_73,job38_scenario1_77,job39_scenario0_78,job40_scenario0_79,job42_scenario1_84,job43_scenario1_85,job44_scenario2_87,job46_scenario4_90,job47_scenario0_91,job48_scenario1_98,job50_scenario3_100,job51_scenario1_101,job52_scenario2_102,job53_scenario4_105,job54_scenario1_106,job55_scenario2_108,job56_scenario1_109,
in27,0.4756846840060016,0.5765362737069161,0.43853239561155377,0.4528204365840087,0.5653074006579512,0.5934110961557947,0.5996511570326103,0.5206699682155815,0.36294358918053704,0.39002010815899785,0.4542707692253665,0.3262780958449538,0.28288876247654926,0.28373783619903703,0.16674521895716943,0.05825564654810789,0.0,
B14,0.6797529588762956,0.7806045485772101,0.6666054477835928,0.6500981719858282,0.7902607907192917,0.8151875794165896,0.7694685626565414,0.6754225230973742,0.5781858417729826,0.6069191826088851,0.5973990559806974,0.5782415252798725,0.6147781548280176,0.562390384502556,0.4187086483920881,0.5769264356551056,0.17826476694984728,
B11,0.9197711996797744,1.0704310746028805,0.89544971086492,0.8830486329687748,0.9804707463005788,1.0671510088515084,1.079687638639568,1.175851554661688,0.7999623250337776,0.8330791041233571,1.1245172064136113,0.7684514808611598,0.7595632634407902,0.9926185808873218,0.6671742505214832,0.47198216599550447,0.5271181504329139,
