,job325_scenario0_602,job328_scenario1_608,job329_scenario0_610,job330_scenario3_611,job331_scenario4_615,job332_scenario2_616,job333_scenario3_619,job334_scenario0_620,job335_scenario2_624,job336_scenario0_625,job337_scenario2_626,job338_scenario1_628,job339_scenario1_629,job340_scenario3_632,job341_scenario0_634,job342_scenario2_636,job343_scenario2_639,job344_scenario2_640,
in27,0.4716479730285681,0.6054594437380612,0.46725684176187254,0.6943923353023217,0.643562551448952,0.5751693386131107,0.592084629113188,0.4013075289987277,0.42784521294826666,0.37026628793266786,0.4292453623018955,0.4308617161081385,0.4482757547071057,0.5551223589262809,0.1777189509235783,0.2837378361990369,0.0,0.012830799579593155,
B14,0.529903619576676,0.6402028782181144,0.5096965016267326,0.6943923353023217,0.7018181979970599,0.7338127665148902,0.7120937495149275,0.47531371654309545,0.7878725741534849,0.38759439394686906,0.575943601572235,0.5824373641893856,0.4665175122497895,0.6049306441484725,0.22123066723452606,0.3721804289212686,0.17826476694984728,0.2168990744498873,
B11,0.4844787726081613,0.6402028782181144,0.46725684176187254,0.7645931704818695,0.6702516703175522,0.6951784590148502,0.6734594420148875,0.3800805843523891,0.5478543333500061,0.3400793417585441,0.4875010088500033,0.5010625512876863,0.43177407776973625,0.5551223589262809,0.22123066723452606,0.30197959374172073,0.07649740409079164,0.026689118868600092,
