,job493_scenario0_968,job497_scenario2_980,job498_scenario1_981,job500_scenario0_988,job501_scenario2_992,job502_scenario0_996,job503_scenario0_997,job504_scenario4_998,job505_scenario2_999,
in27,0.45233465185617794,0.4927182548494671,0.48392416624730716,0.3050401886482211,0.34416484301006206,0.07248354343149399,0.0,0.027660575533631104,0.09786141071317883,
B14,0.5475677840468842,0.6967865297197613,0.6493581336175613,0.3790463761925888,0.6543839189930886,0.1267891350882937,0.08009704649061378,0.0774688607558226,0.21787053111491822,
B11,0.5791343117263921,0.6265856945402135,0.6039332866490466,0.4407998500462204,0.49574049109130913,0.22141583386437869,0.16352083671268713,0.3876879367388492,0.1338113766463635,
