,job229_scenario1_416,job232_scenario0_420,job235_scenario1_425,job236_scenario1_430,job237_scenario1_432,job238_scenario0_433,job239_scenario4_434,job240_scenario2_436,job241_scenario1_438,job242_scenario0_439,job243_scenario2_440,job244_scenario1_441,job245_scenario0_442,job246_scenario1_443,
in27,0.9440939043254849,0.7411288235518814,0.8283363063401485,0.7367717139962856,0.7343761852074564,0.5860339674161968,0.8356043319164235,0.6747186638138964,0.6199911118610718,0.47105609094398676,0.5230464846370678,0.47095549116293,0.2115161570671259,0.34435607704845855,
B14,0.8444773338811018,0.6779957681928659,0.7581354711606008,0.8456068566758734,0.7215453856278632,0.5629148010626054,0.6889060926460839,0.6480295449452963,0.6515576395405795,0.40338284171817335,0.6569139243278141,0.4007546559833822,0.17790065206724426,0.3582143963374655,
B11,0.6017747515107676,0.47691268042622625,0.6198845932161775,0.5118183239349452,0.5397827913724922,0.34913538872341654,0.5569517836129045,0.4276326431898853,0.39114684877974454,0.19240354264046788,0.25825225562255594,0.22386947053891892,0.0,0.11112837571345435,
