,job362_scenario0_676,job363_scenario1_677,job366_scenario1_682,job367_scenario0_684,job369_scenario2_688,job371_scenario0_690,job372_scenario2_692,job373_scenario4_695,job374_scenario0_696,job375_scenario1_698,job376_scenario3_700,job377_scenario0_703,job378_scenario2_705,job379_scenario1_706,job380_scenario2_709,job381_scenario3_710,job382_scenario0_712,job383_scenario0_713,job384_scenario1_716,
in27,0.49384919888726747,0.5830512331678763,0.5376161646732471,0.45755467301459024,0.54198645712736,0.4033893689142361,0.5169136920650029,0.5792538295335949,0.35441898519320275,0.4701219100026831,0.6163983466721124,0.3184094494034593,0.36524411994796474,0.3883761296380779,0.3303625867654379,0.39860982323622,0.1267000138955282,0.07253960647587682,0.0,
B14,0.5640500340668153,0.7613160001177235,0.6372327351176303,0.5389294859162896,0.7460547319976543,0.46422919123938505,0.720981966935297,0.6992629499353344,0.4408126005950605,0.5773002308248293,0.4798875493330034,0.36084910926831937,0.8341066238327708,0.4199426573175856,0.4819382348466851,0.5453080625065596,0.1691396737603883,0.13224410300913442,0.13386743969074638,
B11,0.501217824244599,0.6413068797159841,0.5874244498954387,0.4726195237567286,0.555844776416367,0.43884676961373065,0.6240920128871491,0.6992629499353344,0.3884767294191345,0.49904508003382836,0.7048409393943439,0.31104082404612765,0.45368671267019633,0.3883761296380779,0.3303625867654379,0.4252989421048202,0.10547306924918964,0.07990823183320844,0.045424846968514676,
