,job715_scenario1_1530,job716_scenario1_1536,job717_scenario0_1540,job719_scenario3_1544,job720_scenario0_1545,job721_scenario0_1547,job722_scenario2_1549,
in27,0.639808649582739,0.6047733950053562,0.45651999230148294,0.6009341334513496,0.27919651980667876,0.17324596444968898,0.148947462346456,
B14,0.47628781287005184,0.5163308022831246,0.23474350904068803,0.25914852978881514,0.10284488351439858,0.0,0.13777348462430444,
B11,0.6664977684513391,0.6545816802275477,0.417885684801443,0.5693676057718418,0.3004234644530173,0.19537859501235955,0.2373900550686876,
