,job169_scenario4_302,job170_scenario1_306,job171_scenario2_308,job172_scenario2_310,job173_scenario1_311,job178_scenario1_318,job179_scenario2_319,job181_scenario2_322,job182_scenario2_323,job183_scenario1_324,job184_scenario2_328,job185_scenario1_329,job186_scenario0_333,job187_scenario2_334,job188_scenario1_335,job189_scenario2_338,job190_scenario1_340,job191_scenario0_342,
in27,0.8786525483035188,0.8063795686942571,0.7433835362303629,0.7335228797512539,0.7283589216372244,0.711507085899967,0.6798087330606186,0.6818522990094995,0.660678592860214,0.6785736231266541,0.6527619261680049,0.6117850189938243,0.43875562807891805,0.5328166783113578,0.49826686173180196,0.42007558348589324,0.3073344886604287,0.06805004276487547,
B14,0.8582599983461626,0.8615155531316665,0.8135843714099107,0.923732835332541,0.8168015143594559,0.8453745255907135,0.9584612813641373,0.8157197387002459,0.8775776673101013,0.7985827435283936,0.7892727235071137,0.657209865962339,0.5160242430789981,0.698250645681612,0.7649742214038808,0.8641620991596661,0.41451280948257485,0.13825087794442337,
B11,0.781762594255371,0.7211138827725709,0.7322095585082113,0.701956352071746,0.6785506364150327,0.6053562847872347,0.6300004478384269,0.5907663486389054,0.6171668765492663,0.6083727879471064,0.5038296357351202,0.5554425031032835,0.2991251686291107,0.3999767583300253,0.4547551454208542,0.4339339027749002,0.23275021522720396,0.0,
