,job609_scenario0_1233,job611_scenario2_1236,job612_scenario3_1239,job613_scenario2_1241,job614_scenario1_1242,job616_scenario0_1248,job617_scenario4_1253,job618_scenario4_1254,job619_scenario1_1255,job620_scenario0_1257,
in27,0.5234479227333523,0.621738026135129,0.6807244155413265,0.5775077303719469,0.5808687934713113,0.34500865576745354,0.43608469518957244,0.4391011983494443,0.22645364631596,0.0,
B14,0.9675344384071252,1.3058427826123806,1.2807700175500236,1.0714025312679114,1.0110969898560773,0.8080015615193408,0.7961120563947907,0.7991285595546626,0.7647457744710255,0.43022819638476606,
B11,0.9204527695811688,1.0454319918515456,1.1221265896482442,1.1029690589474193,0.9724626823560372,0.7782479987075857,0.8192312227483821,0.8693293947342102,0.7064901279229175,0.37335213134204215,
