,job309_scenario0_571,job310_scenario0_574,job312_scenario0_576,job314_scenario1_582,job318_scenario0_592,job319_scenario1_594,job320_scenario1_596,job321_scenario1_597,job322_scenario3_599,job323_scenario1_600,job325_scenario0_602,job326_scenario4_605,job327_scenario2_607,job328_scenario1_608,job329_scenario0_610,job330_scenario3_611,
in27,0.808451713123971,0.8235323643218676,0.8000574662608323,0.9281140071945566,0.6939019423971633,0.8247432700061723,0.7506861990952423,0.7642404264959552,0.9432359363038922,0.7539383423842028,0.5595359593899456,0.6718514135766482,0.6059021008135035,0.5426086418138143,0.23621288843865884,0.4688625038848061,
B14,0.5906389871456011,0.6308311921941565,0.5782809830000373,0.6677032164337215,0.4888122099159089,0.6012267061400629,0.6306770786935028,0.5145110482235816,0.6645833880003733,0.6117965914197929,0.3391390576345347,0.4318331727731694,0.725911221215243,0.2986995279903487,0.0,0.19020995558128717,
B11,0.8362128884386588,0.8235323643218676,0.8000574662608323,0.9281140071945566,0.7077602616861702,0.8594867044862256,0.82088703427479,0.84829958096451,0.9930442215260838,0.8090743268216123,0.5723667589695389,0.8304948414784277,0.667655574667135,0.5773520762938675,0.23621288843865884,0.5390633390643539,
