,job347_scenario0_646,job348_scenario1_648,job349_scenario0_652,job351_scenario3_655,job352_scenario1_656,job353_scenario1_657,job355_scenario1_662,job357_scenario3_666,job358_scenario1_668,job359_scenario1_670,job360_scenario1_674,job361_scenario3_675,job362_scenario0_676,job363_scenario1_677,job364_scenario2_678,job365_scenario4_679,job366_scenario1_682,
in27,0.5126621696485998,0.5966852969600234,0.48300738275813243,0.705888628389759,0.6113075328860241,0.5466725974008042,0.5232088711077201,0.594092666057189,0.46519532823508014,0.4272917635931299,0.419598097378093,0.486321673100362,0.221230667234526,0.28489588187719783,0.3454913100526685,0.32181869434394017,0.0,
B14,0.6188129707613323,0.7166944173617626,0.5427118792913901,0.705888628389759,0.6730610067396556,0.6666817178025435,0.5868754756189185,0.690982620105337,0.5723736490572263,0.5739900028634695,0.5396072177798324,0.43651338787817034,0.29143150241407384,0.4631606488270451,0.4655004304544079,0.3485078132125403,0.09961657044438316,
B11,0.5200307950059315,0.7166944173617626,0.4980722335002708,0.7760894635693067,0.6295492904287079,0.5884265670115425,0.6072680255762748,0.7407909053275286,0.4941184982662254,0.45398088246173,0.4030964204407236,0.6765316286816492,0.22859929259185763,0.34315152842530566,0.30685700255262843,0.4685169336142797,0.049808285222191606,
