,job401_scenario0_764,job406_scenario1_775,job407_scenario1_776,job409_scenario1_783,job410_scenario2_785,job414_scenario0_793,job415_scenario0_794,job416_scenario0_798,job417_scenario4_799,job418_scenario1_800,job419_scenario2_801,job420_scenario2_802,
in27,0.4784385124970429,0.5814960697343425,0.5753575669528395,0.4541400103938099,0.4746833550699742,0.2512300140644861,0.22500470354312896,0.1267000138955282,0.31255784727935565,0.19680024929401926,0.0,0.0,
B14,0.4252016684490933,0.47972870687528696,0.5171019204047316,0.5243408455733577,0.5448841902495221,0.21259570656444604,0.20538336449506112,0.08069708103815654,0.1427404416554246,0.0999102952458713,0.08405915446855472,0.13386743969074633,
B11,0.5170728199970829,0.5997378272770264,0.5753575669528395,0.5078391686359882,0.5244916402921658,0.2441622342439539,0.24713733410579952,0.1267000138955282,0.38275868245890343,0.17640769933666306,0.06366660451119849,0.06366660451119849,
