,job902_scenario0_2065,job903_scenario0_2067,job904_scenario0_2070,job906_scenario1_2076,job907_scenario1_2077,job909_scenario2_2084,job910_scenario1_2085,job911_scenario2_2094,job912_scenario4_2095,
in27,0.4042759275047956,0.4069124859834823,0.3958480852606664,0.4954176755422124,0.45505705926054474,0.33632094991681943,0.47946208000867196,0.0,0.05513598443740941,
B14,0.4679425320159941,0.4567207712056739,0.41661742875708474,0.5024854553627447,0.4936913667605848,0.49496437781859887,0.4212064334605641,0.19338686238183278,0.14357857715964117,
B11,0.5841463000529136,0.5584881340647295,0.5400551079845821,0.6224945757644842,0.683901322341872,0.519740366029632,0.5882972226882599,0.15864342790177943,0.29515422524088825,
