,job1130_scenario1_3288,
in27,0.0,
B14,0.6011243379772817,
B11,0.23264961544614726,
