,job733_scenario0_1582,job737_scenario0_1593,job738_scenario0_1594,job740_scenario0_1598,job741_scenario1_1600,job742_scenario1_1602,job743_scenario1_1604,job744_scenario1_1608,job745_scenario0_1610,job746_scenario0_1611,job747_scenario2_1613,job748_scenario4_1614,
in27,0.451064979082915,0.361327235374294,0.367249784772796,0.3238874790795865,0.39061105480185543,0.4041725972395384,0.3478286914804708,0.277573183125067,0.09161474996018293,0.03828873722951387,0.0,0.1200091204017395,
B14,0.5840980240846789,0.5155872250223964,0.5076514551318916,0.46086059061292417,0.5927661990145825,0.544574267598634,0.538038647061758,0.4318331727731694,0.19879307078232888,0.17869040758860932,0.14040167035909557,0.19020995558128728,
B11,0.4012566938607234,0.33274589479844086,0.3174414995506044,0.26728865438892035,0.4110036047592116,0.3543643120173468,0.37451781034907095,0.27318974487139,0.05566478402699815,0.016241627322009955,0.07020083517954778,0.19020995558128728,
