,job63_scenario0_119,job68_scenario0_125,job69_scenario0_127,job70_scenario0_128,job73_scenario0_134,job74_scenario0_137,job77_scenario1_142,job78_scenario1_144,job79_scenario0_148,job80_scenario1_153,job81_scenario1_157,job82_scenario1_158,job83_scenario1_159,
in27,0.4867814190667351,0.47478395485103086,0.4575546730145902,0.42570159603196056,0.40354431064547325,0.382752082582723,0.4608250357809673,0.45432544240122247,0.276801527225733,0.25548153648088906,0.08796510661443135,0.06366660451119843,0.0,
B14,0.7654339673702539,0.7509452866081258,0.707469125129135,0.6830479428496407,0.657420870737959,0.6366286426752087,0.7849024310530007,0.7147362331620575,0.5056457903070601,0.5453080625065594,0.3483758973752663,0.2973882764034333,0.2040682748702941,
B11,0.6769913746480224,0.6576252850749864,0.6477646285958774,0.6657198368354393,0.5809234666471671,0.6018852081951553,0.696459838330769,0.6445353979825097,0.46701148280702026,0.5453080625065594,0.43681849009749796,0.2538765600924856,0.2973882764034333,
