,job719_scenario3_1544,job720_scenario0_1545,job721_scenario0_1547,job724_scenario1_1553,job725_scenario0_1559,job726_scenario4_1565,job727_scenario1_1566,
in27,0.6929711585657495,0.39996154287433405,0.39047340588261137,0.41719162515886016,0.2280616747541993,0.05369915824217841,0.0,
B14,0.8312220365101728,0.7036463881890114,0.69726392303988,0.7274107011418868,0.5951568157799498,0.3986616687052583,0.3986616687052583,
B11,0.6227703233862018,0.38255418002063235,0.373971728945242,0.41719162515886016,0.21155999781682994,0.24001824080347883,0.049808285222191606,
