,job34_scenario1_70,job35_scenario1_72,job36_scenario0_73,job38_scenario1_77,job39_scenario0_78,job40_scenario0_79,job42_scenario1_84,job43_scenario1_85,job44_scenario2_87,job46_scenario4_90,job47_scenario0_91,job48_scenario1_98,job49_scenario3_99,job50_scenario3_100,job51_scenario1_101,job52_scenario2_102,
in27,0.5072713403604421,0.4845798843017399,0.37223760536556416,0.46977643251983814,0.33079800975700246,0.34404005986795827,0.449887284959691,0.47628781287005184,0.47858940000353234,0.39187374208705106,0.23088771451113105,0.21230591258849102,0.39955020014791076,0.24324655387349414,0.0876196291315865,0.0,
B14,0.7344587815843278,0.7245981251052187,0.5763058802358583,0.6738447073901324,0.5588710619290413,0.5413177952697776,0.6748406750210315,0.6980642961308469,0.6484068056274634,0.5466262969688437,0.4461299671035768,0.4292049870383783,0.5195593205496501,0.386374840628825,0.33958305856650517,0.3318893923514684,
B11,0.6727053077306961,0.6628446512515871,0.5061050450563105,0.6534521574327761,0.477496249027342,0.46404918026969766,0.5548315546192921,0.6398086495827389,0.6484068056274634,0.7368362525501309,0.3576873743813452,0.34514583256982356,0.759577561353129,0.6032739150787123,0.2195739381647659,0.16645542498121424,
