,job521_scenario3_1035,job523_scenario0_1041,job525_scenario0_1044,job526_scenario0_1046,job531_scenario1_1062,job532_scenario4_1070,job533_scenario3_1074,
in27,1.0963110643117833,0.7739853220710327,0.7363503936984352,0.7055072938400471,0.7459582009020728,0.5855095508561472,0.4617947240642738,
B14,0.7158911531492089,0.38839677147738594,0.3833908123137493,0.3517765015460729,0.43573912491904615,0.22548218965092914,0.0,
B11,0.7860919883287567,0.42830884538851166,0.4405677228932725,0.4450965030792121,0.3903142779505316,0.41569214523221637,0.2400182408034789,
