,job696_scenario1_1472,job697_scenario1_1475,job698_scenario0_1477,job699_scenario0_1478,job700_scenario0_1484,job701_scenario0_1487,
in27,0.5541796746027112,0.517885148730034,0.3810520410174203,0.363915045845568,0.1920151777254333,0.0,
B14,1.0875943939468689,1.1215007032537396,0.9220285107393411,0.8844989656101325,0.7262011079788794,0.527118150432914,
B11,1.0875943939468689,1.033058110531508,0.844759895739261,0.8844989656101325,0.6421419535103247,0.49237471595286064,
