,job6_scenario0_16,job9_scenario4_20,job17_scenario1_42,job18_scenario2_44,job19_scenario0_46,job20_scenario2_47,job21_scenario1_48,job22_scenario4_49,job23_scenario1_50,job24_scenario2_51,
in27,0.471102662177891,0.6350389201040849,0.3573808151772186,0.3293350670560241,0.19157588034405848,0.22548218965092903,0.19152120716820242,0.2594393340958041,0.041753969610738406,0.0,
B14,0.5956090890142385,0.7052397552836328,0.5475907707585057,0.6036041771058662,0.32003236207171415,0.562390384502556,0.307146889316265,0.2798318840531603,0.1670907892276957,0.3369081948516268,
B11,0.8515225733404654,1.117226194125715,0.7960563728879009,0.7551798251871132,0.5418088453325092,0.6641577473616114,0.5857994376197838,0.7100600804379262,0.47730986521072233,0.40710903003117455,
