,job349_scenario0_652,job352_scenario1_656,job353_scenario1_657,job355_scenario1_662,job358_scenario1_668,job359_scenario1_670,job360_scenario1_674,job361_scenario3_675,job362_scenario0_676,job363_scenario1_677,job364_scenario2_678,job365_scenario4_679,job366_scenario1_682,job367_scenario0_684,job368_scenario3_685,job369_scenario2_688,
in27,0.5160242430789981,0.6484423604594203,0.5850227557972829,0.5692447593479076,0.5265709445381183,0.4966031497866728,0.513982248633993,0.5903711042131894,0.33733383549038876,0.41650134794298754,0.4978890041812085,0.5038711753629477,0.294793575844472,0.15864342790177943,0.3020616014207469,0.03931203936358285,
B14,0.33571049880877685,0.47017759350957294,0.46501363539554347,0.39289312305562735,0.3937310245567856,0.40328314825353356,0.39397312823225356,0.3005445781875189,0.16751642986645776,0.35474787408935593,0.37787988377946913,0.29054205342806905,0.1543919054853764,0.0,0.08516252697085952,0.0033620734303981825,
B11,0.5310890938211363,0.6666841180021041,0.6267767254080214,0.6533039138164624,0.5554941145692636,0.5232922686552729,0.4974805716966236,0.7805810597944766,0.3447024608477204,0.4747569944910954,0.4592546966811685,0.6505694146332872,0.34460186106666363,0.1737082786439178,0.4220707218224863,0.05317035865258979,
