,job814_scenario0_1821,job819_scenario1_1836,job820_scenario0_1837,job821_scenario2_1843,job822_scenario4_1844,job823_scenario0_1846,job824_scenario1_1848,job825_scenario2_1851,job826_scenario0_1853,
in27,0.2863672717272268,0.311879826555753,0.19747138128138159,0.2528528784209237,0.42062038918112843,0.11190180345577938,0.16878944092447185,0.15294258317505233,0.0,
B14,0.3935455925493731,0.43188894695749236,0.33133882097212797,0.5897610732725505,0.3623647426330205,0.17556840796697804,0.28879856132621123,0.2868100228657987,0.04980828522219172,
B11,0.30022559101623375,0.4087697806039009,0.2344488669239801,0.32935028251171533,0.4592546966811685,0.12576012274478632,0.23366257688880177,0.21660918768625081,0.0,
