,job1029_scenario1_2692,job1030_scenario2_2697,job1031_scenario1_2699,
in27,0.30264594818742396,0.09888277553645752,0.0,
B14,0.853910784683343,0.7470375660805246,0.5640956360755123,
B11,0.5521390700262327,0.2781750621957185,0.18049881811239232,
