,job181_scenario2_322,job182_scenario2_323,job183_scenario1_324,job184_scenario2_328,job185_scenario1_329,job186_scenario0_333,job187_scenario2_334,job188_scenario1_335,job190_scenario1_340,job191_scenario0_342,job192_scenario0_343,job193_scenario0_345,job194_scenario2_346,job195_scenario3_348,job196_scenario1_350,job197_scenario1_351,job198_scenario1_353,job199_scenario2_355,job200_scenario1_356,
in27,0.5863969301860251,0.5687105157476071,0.5903945929959229,0.5837404267380986,0.5489020223454212,0.40960354608301597,0.5155920025640557,0.4951946750650402,0.4637951788814515,0.31553281081140017,0.2971825047571206,0.2700109877572583,0.3513986439954795,0.4849215237467332,0.31812062128267393,0.2746075151031997,0.2551878116794011,0.05825564654810789,0.0,
B14,1.1504925662615375,1.2158377865822605,1.1406319097824285,1.1504794204619735,1.0245550656987017,0.917100357467862,1.1112541663190756,1.192130231121885,1.0012016960883636,0.8159618423757139,0.8138043165437445,0.7971291381901724,0.9514442460041765,1.1053596757127864,0.9883670584709188,0.768502315999164,0.685416008064167,0.5502373167865053,0.5067256004755577,
B11,1.0455482966019363,1.0754361162231647,1.0704310746028805,0.9850454530917192,1.0427968232413856,0.8202104034197141,0.9329893993692284,1.001920275540598,0.939448222234732,0.7977200848330299,0.7614684453678184,0.7419931537527629,0.8175768063134301,1.0351588405332386,0.7634136684095782,0.7888948659565203,0.685416008064167,0.5271181504329139,0.45691731525336615,
