,job639_scenario0_1314,job642_scenario2_1321,job647_scenario3_1339,job648_scenario2_1346,job649_scenario2_1347,job650_scenario1_1349,
in27,0.4315827437296976,0.528128137838353,0.5260934584303181,0.17869040758860932,0.11274109482546457,0.0,
B14,0.9795860093536579,1.0771589231717271,0.909690276393438,0.7840637088125241,0.6794800885493393,0.4649716308648192,
B11,0.9934443286426649,1.0504698043031269,1.1497085171969168,0.8071828751661155,0.6794800885493393,0.5667389937238747,
