,job732_scenario1_1578,job733_scenario0_1582,job735_scenario4_1588,job736_scenario3_1589,job737_scenario0_1593,job738_scenario0_1594,job739_scenario1_1597,job740_scenario0_1598,job741_scenario1_1600,job742_scenario1_1602,job743_scenario1_1604,
in27,0.5179875313528849,0.41680982680865475,0.5709734997035976,0.6187318900620629,0.2828417873368518,0.2811978088159317,0.3293350670560243,0.19104372106040224,0.21353700101948914,0.13943021369406472,0.0,
B14,0.9370417500154993,0.7898611126138975,0.8580734093330327,0.9289509660450896,0.677120017788433,0.661617719978506,0.746732463861197,0.5680350733972188,0.6557103860356951,0.5198501248566391,0.430228196384766,
B11,0.9166492000581431,0.7270289027916813,0.9078816945552244,1.017393558767321,0.6142878079662168,0.5914168847989583,0.6849789900075655,0.4944722575749542,0.5939569121820636,0.4496492896770913,0.3867164800738183,
