,job1141_scenario4_3353,
in27,0.06487313596432992,
B14,0.0,
B11,0.2013839333034388,
