,job358_scenario1_668,job360_scenario1_674,job362_scenario0_676,job363_scenario1_677,job366_scenario1_682,job367_scenario0_684,job368_scenario3_685,job369_scenario2_688,job371_scenario0_690,job372_scenario2_692,job373_scenario4_695,job374_scenario0_696,job375_scenario1_698,job376_scenario3_700,job377_scenario0_703,job378_scenario2_705,job379_scenario1_706,
in27,0.7048756743635723,0.7223489020291022,0.5602759977582126,0.6480818773856538,0.594182307065083,0.5098289828049947,0.6924724104668598,0.5833404909359479,0.4376396091650343,0.5424639432351602,0.5872978435608174,0.3548964713010031,0.4514418654096584,0.5700840507175927,0.19312681276647325,0.08844259272223165,0.1270769002222718,
B14,0.6534105672839391,0.6837145945290622,0.4718334050359809,0.6677032164337217,0.5351554496076868,0.4325603678049146,0.5569481489186717,0.6287653379044625,0.3398360035884038,0.5878887902036749,0.5486635360607772,0.2826466588010813,0.39997675833002516,0.27492982547670447,0.0769230447295538,0.3986616687052583,0.0,
B11,0.853807964796457,0.8258563454934722,0.6876537435172836,0.826346644335501,0.7639997126890141,0.6449029539488724,0.9324906512703386,0.7172079306266943,0.5931061302662682,0.7696513844590458,0.8273160843642962,0.5089633359286743,0.6003741558425431,0.7785357638415638,0.305767307810881,0.2968943058462027,0.24708602062401114,
