,job997_scenario1_2515,job998_scenario0_2518,job999_scenario2_2519,job1000_scenario2_2520,
in27,0.552374452458565,0.296160510938277,0.317286855803559,0.317286855803559,
B14,0.5088627361476175,0.16025614701378954,0.2786525483035188,0.36709514102575036,
B11,0.33197755070315405,0.03873490728109685,0.038634307500040044,0.0,
