,job500_scenario0_988,job502_scenario0_996,job503_scenario0_997,job504_scenario4_998,job506_scenario2_1001,job507_scenario0_1002,job508_scenario1_1003,job509_scenario2_1006,job510_scenario3_1007,job511_scenario1_1010,job512_scenario4_1012,
in27,0.23435029493490456,0.15331254030692443,0.13748143541685953,0.2680224492968458,0.24931454589598617,0.06845683746566544,0.20707817815398555,0.17034620521351973,0.28513798555266573,0.07410678732542453,0.0,
B14,0.6887763936418467,0.5880380431262985,0.5979983930700474,0.6982506456816118,0.7346787267181616,0.5630162708970603,0.7075072097182993,0.6872769137152028,0.7540004894374718,0.4931610059880389,0.43022819638476595,
B11,0.7505298674954783,0.6826647419023835,0.6814221832921208,1.0084697216646383,0.7346787267181616,0.5877922591080935,0.7075072097182993,0.6707752367778335,1.0642195654204984,0.6362892927433698,0.7404472723677926,
