,job108_scenario1_209,job111_scenario0_216,job112_scenario0_217,job113_scenario1_219,job114_scenario1_221,job115_scenario2_222,job116_scenario2_223,job117_scenario0_226,job119_scenario1_228,job120_scenario1_229,job121_scenario2_233,job122_scenario0_234,job123_scenario1_236,job124_scenario2_239,job125_scenario2_240,job126_scenario3_241,job127_scenario1_242,job128_scenario0_243,job129_scenario0_244,job130_scenario3_246,job131_scenario2_247,job132_scenario0_249,
in27,0.7200091204017394,0.5616427359270749,0.5370163552587226,0.6465282194708196,0.6619955775290995,0.6711451939097056,0.681508368065572,0.47722661806956634,0.6467703231462874,0.5934097062872679,0.5709734997035976,0.4137780042436155,0.5522655963027379,0.45589262325077035,0.4635316162899511,0.6982506456816119,0.4515782386203087,0.28436372259354165,0.26914534088093794,0.3485078132125403,0.20606109635860392,0.01506485074213837,
B14,0.8400182408034789,0.6002770434271149,0.6135137593495145,0.8247929864206669,0.7553155790622388,0.896098583971046,0.7699509607878037,0.5801921626162354,0.708523796999919,0.758843673657522,0.8109917405070763,0.4809143954800084,0.6572098659623391,0.7345451715542892,0.7876090115619847,0.7684514808611598,0.5298333894113096,0.3616323375936217,0.29334324320311406,0.45027517607159595,0.66297841161197,0.0597044965332576,
B11,0.7515756480812472,0.5918296821011987,0.5566376943067906,0.7047838660189274,0.6935621052086072,0.6711451939097056,0.6997501256082558,0.5250561781788259,0.6650120806889712,0.6223328763184132,0.6025400273831054,0.43339934329168345,0.5687672732401073,0.4945269307508104,0.49245478632109635,0.6484423604594203,0.46807991555767814,0.29880012777140547,0.3022239878913991,0.48890948357163594,0.24781506596934233,0.0,
