,job1005_scenario1_2568,
in27,0.0,
B14,0.3102190759830266,
B11,0.28709990962943516,
