,job406_scenario1_775,job409_scenario1_783,job410_scenario2_785,job414_scenario0_793,job415_scenario0_794,job416_scenario0_798,job418_scenario1_800,job419_scenario2_801,job420_scenario2_802,job421_scenario3_803,job422_scenario1_805,job423_scenario3_808,
in27,0.44729813063188895,0.33488753521813175,0.3610040509995567,0.17826653533157172,0.16133809903193042,0.12898272214747458,0.28216926548096277,0.1809731158405556,0.16181558513973066,0.24727488896191424,0.09922733547595036,0.0,
B14,0.65574984375586,0.7153074463807062,0.741423962162131,0.4498513038145584,0.45193583596688924,0.3931988652731295,0.49549838741584135,0.5752513462921369,0.6059021008135036,0.46417396341180156,0.4094464114589769,0.23372167189223494,
B11,0.5357407233541206,0.45878752863985794,0.48101317140129596,0.24139959069058742,0.25367156477414887,0.19918355732702236,0.33197755070315427,0.3148405555313019,0.295683024830477,0.37573137068956985,0.21923645587768964,0.14040167035909568,
