,job347_scenario0_646,job348_scenario1_648,job349_scenario0_652,job352_scenario1_656,job353_scenario1_657,job355_scenario1_662,job358_scenario1_668,job359_scenario1_670,job360_scenario1_674,job361_scenario3_675,job362_scenario0_676,job363_scenario1_677,job364_scenario2_678,job365_scenario4_679,job366_scenario1_682,job367_scenario0_684,
in27,0.5916570934303076,0.676183006361287,0.5637054741273227,0.6935621052086072,0.6293912242989672,0.6089120040971948,0.5571151804145906,0.5225653638350348,0.5260934584303181,0.5973990559806974,0.33822328447639366,0.4098242690095703,0.481641457995361,0.47510583745848495,0.18294193000501235,0.0,
B14,0.9378261353465189,1.036210367566505,0.8634282114640591,0.9953338198657176,0.9894185855041853,0.9125968494118721,0.9043117420402156,0.9092818439088531,0.8861208196355363,0.7876090115619846,0.6484423604594203,0.8281072767628963,0.8416688192005792,0.7418131971305639,0.5225767412528743,0.3213930537051782,
B11,0.839043959591118,1.036210367566505,0.8187885656729399,0.9518221035547698,0.9111634347131844,0.9329893993692284,0.8260565912492147,0.7892727235071137,0.7496100222964275,1.0276272523654635,0.585610150637204,0.7080981563611569,0.6830253912987998,0.8618223175323033,0.47276845603068274,0.25508309154561715,
