,job1038_scenario0_2764,job1039_scenario2_2766,
in27,0.13633774728685644,0.17252894289427645,
B14,0.5684790743291893,0.6143814074055043,
B11,0.0,0.06414409061899884,
