,job1060_scenario0_2871,job1061_scenario4_2878,
in27,0.1547411774639531,0.0,
B14,0.3298862823031019,0.11299858527105422,
B11,0.6039622673325125,0.6401167357039681,
