,job737_scenario0_1593,job738_scenario0_1594,job740_scenario0_1598,job742_scenario1_1602,job743_scenario1_1604,job744_scenario1_1608,job745_scenario0_1610,job746_scenario0_1611,job749_scenario4_1617,job750_scenario4_1622,job751_scenario1_1630,
in27,0.4673103554814694,0.476712203715415,0.450486893194058,0.5558447764163669,0.5171019204047316,0.5027612029844624,0.367249784772796,0.3523726475347543,0.4626164721273747,0.4018898889875921,0.0,
B14,1.00828682520339,1.003830354148329,0.9741764848012139,1.0829629268492809,1.094028356059837,1.0437376727063832,0.8611445856687605,0.8794907979676683,1.0395429077824803,0.9605745671000139,0.5205839197645645,
B11,0.8254454949794345,0.8136203985670418,0.78060454857721,0.8927529712679937,0.9305075193471499,0.8850942448046036,0.7180162989134296,0.7170420177010688,0.8879672597012331,0.8089989190187666,0.5023421622218807,
