,job841_scenario1_1891,job842_scenario1_1892,job845_scenario1_1897,job847_scenario1_1904,job848_scenario0_1905,job849_scenario1_1907,job850_scenario1_1915,job851_scenario4_1917,job852_scenario0_1920,job853_scenario3_1922,job854_scenario0_1926,
in27,0.6914995639333019,0.6620087233286633,0.6747709962542539,0.6298381032067341,0.4951946750650402,0.6558011840493062,0.5032386890922624,0.5777777169326295,0.3389465546023988,0.44587909140633997,0.0,
B14,0.9186870051571876,0.9406612716321823,0.9463557647372404,0.7498472236084734,0.7036463881890112,0.8193220207619933,0.7073069639625567,0.724475956202969,0.48870923781589326,0.9027964066597061,0.19727773540181942,
B11,0.8253670036240484,0.8704604364526344,0.8649809518355409,0.7996555088306649,0.6296402006446434,0.7121436999398472,0.6686726564625166,0.6746676709807774,0.441627568989937,0.7827872862579667,0.15864342790177932,
