,job836_scenario0_1880,job838_scenario0_1882,job839_scenario1_1887,job841_scenario1_1891,job842_scenario1_1892,job843_scenario1_1893,job845_scenario1_1897,job847_scenario1_1904,job848_scenario0_1905,job849_scenario1_1907,job850_scenario1_1915,job851_scenario4_1917,
in27,0.680639477416348,0.6982901034017767,0.8634272939207068,0.7560926414987967,0.7249373643506514,0.7569319328684818,0.7272771459780143,0.657209865962339,0.5171139378207457,0.6643443363747413,0.3389010163399364,0.3333382423366181,
B14,0.8006485978180875,0.7796649163034761,0.8247929864206669,0.8632709623209429,0.8835807922524309,0.9085075809497289,0.8788527940592614,0.657209865962339,0.6055565305429772,0.707856052685689,0.42296017080849113,0.3600273612052183,
B11,0.43755679266971426,0.3742127081297433,0.5145739104376402,0.459731884804777,0.5031608810898565,0.49652114210764675,0.4872589051745354,0.396799075201504,0.22133126701558287,0.29045865588051634,0.07410678732542453,0.0,
