,job893_scenario0_2031,job897_scenario1_2047,job898_scenario1_2058,job899_scenario2_2059,job900_scenario2_2060,job901_scenario1_2062,job902_scenario0_2065,job903_scenario0_2067,
in27,0.9847015803339513,1.0996999862189825,0.9311875887216255,0.8804635303412929,0.8738093640834685,0.8040169613885055,0.5211139009996174,0.4222311254631598,
B14,0.6744825043509248,0.719280075056408,0.569009435101735,0.6516192672599657,0.7183428429822345,0.47340533544812263,0.23592712202774935,0.12318602720228478,
B11,0.5899307846486797,0.6845366405763548,0.5160242430789979,0.496866712378173,0.45864601844084074,0.45905445092542574,0.12717750000332828,0.0,
