,job782_scenario0_1708,job783_scenario0_1711,job784_scenario2_1716,job786_scenario4_1730,job787_scenario1_1731,job788_scenario0_1734,job789_scenario0_1737,job790_scenario0_1738,job791_scenario3_1739,job792_scenario0_1742,
in27,0.4701219100026831,0.45596942092214254,0.5244784944926018,0.5205725423467251,0.43831797002414197,0.2756350348126133,0.20376317265096638,0.16585960800901606,0.3327113456110797,0.0,
B14,0.3870902752435421,0.3996269050316018,0.5364236831240417,0.481938234846685,0.38850968480195036,0.17874508076446538,0.15731686807149153,0.1427404416554246,0.4731130159701753,0.0,
B11,0.5155467569711978,0.4494351902537933,0.6564328035257812,0.5703808275689167,0.5898936181053891,0.2617767155236064,0.2326863426821117,0.19991735223494783,0.4731130159701753,0.006790539468474743,
