,job358_scenario1_668,job359_scenario1_670,job360_scenario1_674,job362_scenario0_676,job363_scenario1_677,job366_scenario1_682,job367_scenario0_684,job368_scenario3_685,job369_scenario2_688,job371_scenario0_690,job372_scenario2_692,job373_scenario4_695,job374_scenario0_696,job375_scenario1_698,job376_scenario3_700,job377_scenario0_703,
in27,0.6770631587554383,0.654661891923415,0.6919011187558978,0.5287025974084963,0.6158840961601326,0.5580268848872565,0.4715473732475115,0.6529632402266388,0.5392492988676167,0.38943044984417247,0.4888022839143989,0.5210646147003493,0.28244652325049935,0.36055889127900737,0.44290655071426444,0.0,
B14,1.0628940278811032,1.0800126794972733,1.090562787461156,0.877555980891563,1.0728014114134987,0.9362960036351585,0.8315747344527298,0.9547349548837492,1.0219701220414297,0.7289228204728402,0.9715231070882118,0.9197262834056076,0.6474926869558759,0.7463897604046723,0.5850483016786744,0.321092208168379,
B11,0.7944289215088152,0.7697936035142467,0.76384203454076,0.6245138154880596,0.762582335430472,0.6962777628316799,0.5750548167118815,0.8614149533506099,0.6415502108788553,0.5133304432658987,0.6844231974587767,0.7295163278243204,0.4049468601986627,0.4779246540323842,0.6197917361587276,0.08107396736490002,
