,job296_scenario3_552,job299_scenario4_556,job300_scenario3_557,job301_scenario2_559,job302_scenario0_561,
in27,0.6737926215027366,0.4943143422468924,0.538064646552546,0.22942031303275956,0.0,
B14,0.9458276803900333,0.8779111602100123,0.864785399472942,0.8144010642993182,0.3752512717315021,
B11,0.6356086044070066,0.8779111602100123,0.713209751391695,0.3343645826923606,0.028446865568809376,
cn12,1.0454442508344164,0.9277194454322039,0.8193605525044274,0.6148300958636321,0.30168845590923754,
B54,0.9689468467436247,0.9094776878895201,0.8332188717934343,0.6677028250289787,0.3653550604204362,
