,job212_scenario1_378,job214_scenario3_381,job215_scenario2_382,job216_scenario1_386,
in27,0.49328708449341774,0.5079875876937281,0.40815931483974066,0.13050545904802968,
B14,0.6021222271730056,0.5311067540473196,0.6331127049010812,0.20876060983903055,
B11,0.41648078368756647,0.45885694154739776,0.29415553272908035,0.0,
cn12,0.518063072704451,0.5893624005954274,0.4429027493197939,0.15588788067368398,
B54,1.1319669940021548,0.8476223989415901,0.9931400661062992,0.595477089912849,
