,job274_scenario1_503,job278_scenario1_510,job281_scenario4_519,
in27,0.8996637886318806,0.8298518736274748,0.4284152315170133,
B14,0.9450886356003951,0.8684861811275149,0.38978092401697323,
B11,0.3898737442131678,0.3200618292087621,0.0,
cn12,0.7233121523396003,0.60807539036668,0.2532701266778644,
B54,1.033531228322627,0.8684861811275149,0.6684334723204921,
