,job651_scenario2_1351,job653_scenario1_1356,
in27,0.7143903234973252,0.40321815701118774,
B14,0.954408564300804,0.5120532996907756,
B11,0.24409099341728802,0.0,
cn12,0.6846367606855701,0.3534098717889961,
B54,0.693997773539969,0.30145079415213205,
