,job731_scenario3_1576,job732_scenario1_1578,
in27,0.3788451686993344,0.04980828522219166,
B14,0.34727864101982664,0.1586434279017795,
B11,0.5374885966011138,0.13825087794442326,
cn12,0.27707780584027875,0.0,
B54,0.3472786410198266,0.04980828522219166,
