,job746_scenario0_1611,job749_scenario4_1617,
in27,0.07147860159063346,0.11946258103846952,
B14,0.5403411054754396,0.6381333701454672,
B11,0.4979014456105795,0.6065668424659595,
cn12,0.0,0.15809688853850956,
B54,0.23499943830332048,0.26965864761433267,
