,job873_scenario0_1983,job878_scenario0_1991,
in27,0.23286627438484397,0.0,
B14,0.7969619104603562,0.5675654228007065,
B11,0.42531028112867625,0.19020995558128706,
cn12,0.31335547633838995,0.07649740409079175,
B54,0.7332953059491576,0.4884838429328737,
