,job1003_scenario0_2536,
in27,0.23665626016076202,
B14,0.0,
B11,0.24344679962923677,
cn12,0.11664713975902263,
B54,0.35666538056250147,
