,job143_scenario3_265,job144_scenario3_267,job145_scenario4_270,job146_scenario4_271,job147_scenario3_273,job148_scenario1_274,job149_scenario4_275,job150_scenario2_276,job151_scenario1_277,job152_scenario0_278,
in27,0.9257071167754155,0.8108738898215857,0.7702115759815408,0.7203480852829489,0.7729668905504112,0.6313846480856853,0.6004553859678252,0.4308042463361983,0.2754756415029733,0.12654335107008863,
B14,1.3795047699180834,1.3958546410881443,1.2822648756723163,1.1853197161477682,1.1881302361930388,1.0030362774173653,1.0858195667900006,0.9344101847010576,0.7253824216256543,0.605373301223915,
B11,1.3795047699180834,1.3958546410881443,1.4022739960740558,1.2168862438272758,1.3081393565947783,1.0732371125969131,1.20582868719174,0.8459675919788259,0.6617158171144557,0.5706298667438616,
cn12,0.7474423498255683,0.8108738898215857,0.726699859670593,0.6999555353255926,0.7027660553708635,0.46786381137299826,0.48044626556608583,0.33893309478820866,0.15546652110123393,0.0,
B54,1.1754364950477891,1.275845520686405,1.1853749216241685,1.3755296717290553,1.091240282144891,1.1048036402764208,1.0471852592899606,0.8642093495215097,0.8271497844847099,0.6755741364034626,
