,job753_scenario1_1639,job754_scenario1_1640,
in27,0.13825087794442326,0.07458427343322477,
B14,0.13825087794442326,0.0884425927222317,
B11,0.18176259425537095,0.10350744346437002,
cn12,0.0,0.0,
B54,0.2400182408034789,0.20845171312397115,
