,job606_scenario2_1214,job607_scenario4_1217,
in27,0.09150703666538662,0.11738151758784854,
B14,0.908451713123971,0.504097997661667,
B11,0.2697718036152339,0.3840888772599275,
cn12,0.0,0.0787472100878085,
B54,0.5484243519187528,0.6943079532429541,
