,job258_scenario0_467,job260_scenario4_476,job261_scenario0_478,job262_scenario3_479,
in27,0.9921622173817835,0.897349691814028,0.4944728867848216,0.7271225022309689,
B14,0.8443919216653564,0.7302589025863323,0.3670951410257506,0.4871042614274901,
B11,0.5140179574820789,0.46355154291425327,0.009794396216767698,0.46041514255888993,
cn12,0.48760085212247817,0.5373223306088097,0.0,0.2968943058462028,
B54,1.066168404926151,1.067167097437959,0.5932550625402224,0.6773142170087771,
