,job596_scenario2_1194,job602_scenario3_1205,job603_scenario1_1206,
in27,0.7496527600318805,0.3719725498366582,0.2647942290145119,
B14,0.7415984444204273,0.1238999934217262,0.1737082786439178,
B11,0.4478810453747702,0.07020083517954778,0.0,
cn12,0.8963509993022201,0.5004290315643138,0.3488533834830666,
B54,1.396780030866534,0.6590724594660933,0.5621825054179452,
