,job735_scenario4_1588,
in27,0.4217808350588497,
B14,0.0,
B11,0.4484699539274499,
cn12,0.5186707891069977,
B54,0.4484699539274499,
