,job396_scenario0_747,job398_scenario0_750,job399_scenario1_756,
in27,0.6431117047713819,0.5490723582823935,0.31021907598302656,
B14,0.8969882648638678,0.8361722679118286,0.6471272708346534,
B11,0.4485183109364179,0.36730976402702264,0.17826476694984728,
cn12,0.28308434356616385,0.20187579665676858,0.0,
B54,0.8333216603526692,0.7810362834744191,0.5973189856124617,
