,job343_scenario2_639,job344_scenario2_640,job346_scenario4_642,job347_scenario0_646,job348_scenario1_648,
in27,0.4400709496105016,0.4293115832671598,0.4171180492492142,0.04550692636271625,0.0,
B14,1.048563912945115,1.0636080545222197,0.9357888383562118,0.5818859238602148,0.5502373167865053,
B11,0.6098883552344325,0.5364899040893059,0.598880643504585,0.14619555325318712,0.21332912193487863,
cn12,0.8267874296843201,0.793836250906986,0.8157797179544725,0.3521560498307341,0.3600273612052183,
B54,0.7502900255935281,0.823589813718741,0.7273371252322407,0.3557260023457428,0.45691731525336615,
