,job610_scenario4_1234,job611_scenario2_1236,
in27,0.3225026528087934,0.12000912040173944,
B14,0.06862609271630771,0.0,
B11,0.42427001566784905,0.18367572491293793,
cn12,0.2877592183287402,0.07356281582226454,
B54,0.42427001566784905,0.22718744122388562,
