,job1116_scenario2_3191,job1117_scenario4_3196,
in27,0.23828698973973428,0.0,
B14,0.4423552646100284,0.023119166353591458,
B11,0.23828698973973428,0.169817405623931,
cn12,0.1637027163065095,0.0,
B54,0.4423552646100284,0.12000912040173942,
