,job9_scenario4_20,job10_scenario1_21,job11_scenario1_23,job12_scenario4_29,job13_scenario4_30,
in27,0.5248396766153429,0.45392926889950863,0.41865962937371126,0.0,0.2538765600924857,
B14,0.9689261922891159,0.9682166197528292,0.8792478219848536,0.5512648364959192,0.6481547905440671,
B11,1.0706935551481715,0.8980157845732815,0.9410012958384852,0.6481547905440671,0.8881730313475459,
cn12,0.8141736374073234,0.7177020403030603,0.6392295811813749,0.38774399978323204,0.33793571456104055,
B54,1.1093278626482117,1.0882257401545687,0.9178821294848938,0.5779539553645193,0.6481547905440671,
