,job634_scenario0_1302,
in27,0.0,
B14,0.5271181504329141,
B11,0.015815986683247907,
cn12,0.343442425519976,
B54,0.6123838363546001,
