,job435_scenario3_842,
in27,0.4688625038848061,
B14,0.27865254830351893,
B11,0.06175347385363161,
cn12,0.1737082786439178,
B54,0.0,
