,job122_scenario0_234,job128_scenario0_243,job129_scenario0_244,job130_scenario3_246,job132_scenario0_249,job134_scenario1_253,job135_scenario0_254,
in27,1.037789946762529,0.9376735496917996,0.9330207630926053,1.0507772549426266,0.8018900605815564,0.5995530367750068,0.45741128581059687,
B14,1.2249354584006613,1.134951285093619,1.0772277858165207,1.2725537382034215,0.966538826774415,0.8245064268363473,0.644192682566126,
B11,0.817393045007118,0.7120917140661847,0.7260811692995874,0.9511606844982433,0.5468069690359393,0.3942782304515813,0.2742691100498419,
cn12,0.60323629166234,0.48026226388120286,0.4611730721041445,0.7969006948501409,0.32558243587062907,0.1719681980386033,0.0,
B54,1.290638987145601,1.2163260979953185,1.215478663760944,1.1360429408643127,1.0001543317742967,0.7978173079677471,0.7044973064346078,
