,job168_scenario1_301,job169_scenario4_302,job170_scenario1_306,job171_scenario2_308,job172_scenario2_310,job174_scenario4_313,job175_scenario3_314,job176_scenario2_315,job177_scenario2_316,job178_scenario1_318,job179_scenario2_319,job180_scenario3_320,
in27,0.6016719152470933,0.6877330201859448,0.5822625454805997,0.4976893305969618,0.46117307210414454,0.6683890076460848,0.4908167117342856,0.36098045170832904,0.3864889984712988,0.16360291610688849,0.0,0.2786525483035187,
B14,1.1222558350116578,1.1114269859023613,1.0814850455917822,1.0119766814502824,1.0954695433592045,1.0240329305976261,1.1518023018579457,1.1152860433651286,1.0705937549485505,0.7415568714714078,0.7227390639772917,0.7929398991568395,
B11,0.607475918924647,0.6749022206063515,0.5810560140274684,0.5705745073433648,0.5136656988931914,0.6324390417129001,0.5517566998492487,0.39523132095469204,0.2954030481007046,0.14151126946271075,0.034250869246363,0.19289429714814244,
cn12,1.0022467146099185,1.047760381391163,0.9143942563640866,0.9306018685485831,0.8835892714094755,0.8875221332585173,0.8415832258749192,0.7255051193481552,0.700070055097042,0.5513469158901206,0.42241619930533103,0.4827208231738129,
B54,1.142648384969014,1.2131943487614172,1.1628598584934817,1.131985801852022,1.1839121360814362,1.3026854789011448,0.9349032274080584,0.9250760877838413,0.911950327046771,0.6531142787491762,0.6027299435755523,0.6027299435755523,
