,job928_scenario2_2136,
in27,0.08252598495433411,
B14,0.3776802101952224,
B11,0.09902766189170353,
cn12,0.0407720153435957,
B54,0.18747025461393524,
