,job403_scenario2_768,job404_scenario2_773,
in27,0.45772901206722616,0.0899580208904226,
B14,1.0732897552223717,0.8007518962362743,
B11,0.47597076960991,0.21188027194972892,
cn12,0.3539126718877966,0.0,
B54,0.8563906807724844,0.6309344906123433,
