,job295_scenario1_551,job296_scenario3_552,job297_scenario1_553,job298_scenario1_554,job299_scenario4_556,
in27,0.6038512013861337,0.691113222002735,0.5263165201941286,0.4451079732847332,0.3517058923573924,
B14,0.7624946292879131,0.6679940556491435,0.5401748394831355,0.5291671277532879,0.4401484850796241,
B11,0.13809436934391883,0.17746123539589553,0.02295290036128761,0.0,0.25983474080940283,
cn12,0.2842711125487082,0.3689489573882684,0.15657802152001554,0.1101129090906735,0.0912951015965574,
B54,0.7358055104193129,0.691113222002735,0.6334948410162747,0.6491762481550274,0.47171501275913186,
