,job65_scenario3_122,job66_scenario4_123,job67_scenario2_124,job68_scenario0_125,job69_scenario0_127,job70_scenario0_128,job73_scenario0_134,job74_scenario0_137,
in27,1.0887280627800584,0.8846998754236529,0.8200488808963731,0.6913770385155937,0.6474921546654449,0.5997009133032019,0.3924962380775442,0.17246076327229343,
B14,1.0775540850579068,0.9668458992346406,1.0488931439777003,0.8159627221914416,0.7458309586987426,0.7054716120396347,0.4947971500887828,0.274761675283532,
B11,0.837535844254428,0.7268276584311618,0.6502314752724421,0.4826244798548234,0.446108221362006,0.4481252652219545,0.17828150519451225,0.0,
cn12,0.9371524146988113,1.0166541844568324,0.838290638439057,0.6385835661897474,0.5831609176188162,0.5843271658460041,0.3543954797296871,0.14425621623550244,
B54,1.17717065550229,1.2335532589067197,1.288911384781179,1.114236609543028,1.0612186741128415,0.9752434156548686,0.7911579067828025,0.5711224319775516,
