,job143_scenario3_265,job147_scenario3_273,job149_scenario4_275,job150_scenario2_276,job151_scenario1_277,job152_scenario0_278,job153_scenario1_279,job154_scenario1_280,job155_scenario1_282,job156_scenario1_284,
in27,0.8297449674191323,0.7589148121847216,0.6485226627344727,0.5364899040893059,0.4932439028069361,0.31343755573259163,0.425853587672659,0.36609644851394263,0.2005804017494871,0.06175347385363161,
B14,1.147031823222691,1.0375673604882405,0.9973760462175393,0.9035850451150564,0.8066398855905081,0.655756708547309,0.7392495704562311,0.7380689983506008,0.5992420704547452,0.5186707891069977,
B11,1.147031823222691,1.15757648088998,1.1173851666192787,0.8151424523928248,0.7429732810793097,0.6210132740672558,0.7210078129135473,0.7149498319970093,0.4920637496325991,0.4372959762052983,
cn12,0.651480200469285,0.6887139770051738,0.5285135423327332,0.4446187525413162,0.3732347824051967,0.18689420466250295,0.34058790175097287,0.2692064944657947,0.11462902557367927,0.0,
B54,0.7527535927711098,0.7504674508588054,0.7685317831362121,0.6431742543542213,0.7181972928682765,0.5357475881455698,0.6894412852340395,0.5478590427693136,0.6259311893233455,0.27020518697760265,
