,job266_scenario1_486,job270_scenario1_491,job272_scenario2_497,job273_scenario1_498,job274_scenario1_503,job275_scenario2_504,
in27,1.1192389829817964,1.107760941650951,0.9837767230601838,0.8992035081765457,0.5651170936864724,0.5403411054754395,
B14,1.2280741256613843,1.24427173899006,1.1202875203992928,1.0080386508561334,0.6105419406549872,0.6722954145086186,
B11,1.1729381412239748,1.1425043761310043,0.9687118723180455,0.9529026664187241,0.5651170936864724,0.5522862941068793,
cn12,0.578897877506357,0.5137206779333333,0.4178744281963158,0.34236072576373666,0.018241757542683867,0.0,
B54,1.2280741256613843,1.186016092441952,1.088720992719785,1.1778560564800644,0.6989845333772189,0.6989845333772189,
