,job961_scenario3_2347,job962_scenario0_2352,
in27,0.96658081560347,0.4440865156737728,
B14,1.1252242435052495,0.48453378804156555,
B11,0.47809697267059603,0.0,
cn12,0.8852060027017705,0.31021907598302645,
B54,0.8300700182643611,0.5791604868176505,
