,job546_scenario0_1098,job550_scenario2_1107,job554_scenario1_1116,job555_scenario2_1117,job556_scenario1_1118,
in27,1.2709321274423666,1.2213952265031172,0.8568407241641782,0.7291877739904744,0.7291877739904744,
B14,1.3180137962683227,1.4382943009530045,0.9768498445659177,0.8611420830236536,0.9580320370718016,
B11,0.7993430071613251,0.7680478637647596,0.4764208130016039,0.35798643506310457,0.30285045062569516,
cn12,0.4510677095671153,0.5465722260407639,0.17357036237590906,0.025382421625654406,0.0,
B54,1.1509230070406269,1.2094500378716773,0.8680147018863298,0.6478129610887751,0.7291877739904744,
