,job629_scenario1_1294,job631_scenario0_1297,job632_scenario2_1300,
in27,0.3437975519589681,0.07110318437236596,0.0,
B14,0.9491708531828829,0.7134539712388794,0.7601258561057076,
B11,0.9105365456828428,0.6275025950630717,0.5351724660443671,
cn12,0.3918657565758451,0.08760486130973555,0.05124511141742272,
B54,1.0305456660845822,0.7262847708184726,0.6401167357039682,
