,job9_scenario4_20,job11_scenario1_23,job12_scenario4_29,job13_scenario4_30,job14_scenario4_31,
in27,0.4802622638812028,0.38173734920751323,0.07516032338465706,0.19020995558128728,0.0,
B14,0.5735822654143421,0.49155902767802184,0.27565864573994237,0.2337216718922348,0.11371255149049542,
B11,1.0122578231250243,0.8902206963832802,0.7094567946397171,0.8106481075473404,0.690638987145601,
cn12,0.8757470257859155,0.7084581021279092,0.5690551242806214,0.3804199111625744,0.43022819638476595,
B54,1.0508921306250645,0.8671015300296887,0.6392559594601693,0.5706298667438616,0.5319955592438216,
