,job77_scenario1_142,job78_scenario1_144,job79_scenario0_148,job81_scenario1_157,job82_scenario1_158,
in27,0.5800836997944552,0.5671976947384616,0.37273047938191284,0.0,0.08844259272223165,
B14,1.1441793358699675,1.0676267263027754,0.8415929832667188,0.5004290315643138,0.5621825054179452,
B11,0.5652039228944878,0.5068930708699798,0.31242585551343116,0.09833880403329764,0.02813796885374964,
cn12,0.5988194278943696,0.5478772012271931,0.3426128016875547,0.019313813988771522,0.043511716310947635,
B54,1.0943710506477757,1.117435011524967,0.771392148087171,0.4421733850162059,0.5004290315643138,
