,job626_scenario0_1278,
in27,0.7234832812361944,
B14,0.680742775834535,
B11,0.745615911798865,
cn12,0.0,
B54,0.5332733256549071,
