,job823_scenario0_1846,job824_scenario1_1848,
in27,0.05476777342730088,0.0,
B14,0.5872968818233054,0.5888716242865455,
B11,0.5374885966011137,0.533735639849136,
cn12,0.40698313755308413,0.439108941073051,
B54,0.6890642446823609,0.8288898650900243,
