,job260_scenario4_476,job261_scenario0_478,job262_scenario3_479,job264_scenario1_483,job265_scenario0_484,job266_scenario1_486,job267_scenario1_488,
in27,0.5180818805543179,0.2987242918375451,0.5102717847900493,0.2725378589860974,0.09397813087877316,0.05038433517362384,0.0,
B14,1.0212375285148672,0.8415929832667189,0.9404999811748154,0.8023826258152466,0.6692477446764369,0.6392559594601692,0.48003648160695755,
B11,0.7425849802113482,0.4723470498262961,0.9018656736747753,0.4600634730005293,0.3323395498248102,0.305467426719241,0.20138393330343873,
cn12,0.9981183621612756,0.6443152478648995,0.9201074312174591,0.6823735054135073,0.447471261415642,0.4806125315583898,0.3804199111625744,
B54,1.1679357677852065,0.8775429491999036,0.9404999811748154,0.9041499886743022,0.707882052176477,0.6392559594601692,0.6702464371882448,
