,job350_scenario1_654,
in27,0.4635348046695882,
B14,0.6884881947309287,
B11,0.4800364816069576,
cn12,0.3435256842678488,
B54,0.5417899554605892,
B51,0.0,
os4,0.5186707891069977,
in4,0.39866166870525827,
B33,0.169817405623931,
