,job1030_scenario2_2697,
in27,0.25284904038307193,
B14,0.4569173152533661,
B11,0.26670735967207887,
cn12,0.20640273580359703,
B54,0.41828300775332605,
B51,0.0,
os4,0.6969355560568449,
in4,0.20640273580359703,
B33,0.6969355560568449,
