,job837_scenario1_1881,job839_scenario1_1887,
in27,0.4114924682848515,0.4955516227534062,
B14,0.038634307500040044,0.0,
B11,0.4955516227534062,0.45691731525336615,
cn12,0.34578893953991174,0.34578893953991174,
B54,0.8555789839586244,0.735569863556885,
B51,0.38671648007381837,0.4114924682848515,
os4,0.45691731525336615,0.47515907279604996,
in4,0.38671648007381837,0.36504616370537657,
B33,0.1151317115908318,0.05482708772235001,
