,job411_scenario1_786,
in27,0.07458427343322477,
B14,0.2084517131239711,
B11,0.0884425927222317,
cn12,0.0,
B54,0.20845171312397115,
B51,0.07458427343322477,
os4,0.18176259425537095,
in4,0.028137968853749862,
B33,0.13825087794442326,
