,job271_scenario2_494,job272_scenario2_497,
in27,0.08137481290169929,0.13507397114387765,
B14,0.21332912193487857,0.2715847684829865,
B11,0.15157564808124707,0.12000912040173933,
cn12,0.049808285222191606,0.05970449653325749,
B54,0.0,0.0,
B51,0.12000912040173933,0.12000912040173933,
os4,0.43022819638476595,0.31021907598302656,
in4,0.12000912040173933,0.08137481290169929,
B33,0.31021907598302656,0.43022819638476595,
