,job996_scenario2_2504,
in27,0.0884425927222317,
B14,0.3284608335257105,
B11,0.1586434279017795,
cn12,0.01824175754268398,
B54,0.20845171312397115,
B51,0.06175347385363161,
os4,0.3284608335257105,
in4,0.07458427343322477,
B33,0.0,
