,job690_scenario3_1449,job692_scenario2_1452,
in27,0.2217764832607949,0.043511716310947635,
B14,0.38041991116257434,0.38041991116257434,
B11,0.26041079076083495,0.05634251589054079,
cn12,0.08526568592168604,0.0,
B54,0.2217764832607949,0.38041991116257434,
B51,0.3102190759830265,0.07020083517954773,
os4,0.16352083671268697,0.2217764832607949,
in4,0.26041079076083495,0.03156652767950768,
B33,0.2217764832607949,0.5004290315643137,
