,job1146_scenario0_3389,
in27,0.13333389053856337,
B14,0.20010616689235317,
B11,0.14040167035909557,
cn12,0.0,
B54,0.23372167189223492,
B51,0.260410790760835,
os4,0.24655247147182807,
in4,0.1719681980386033,
B33,0.24655247147182807,
