,job101_scenario3_197,job103_scenario3_200,
in27,0.13386743969074638,0.10717832082214618,
B14,0.10717832082214618,0.20406827487029414,
B11,0.20406827487029414,0.16543396737025412,
cn12,0.06366660451119849,0.0,
B54,0.045424846968514676,0.08405915446855472,
B51,0.2538765600924857,0.20406827487029414,
os4,0.16543396737025412,0.32407739527203355,
in4,0.16543396737025412,0.20406827487029414,
B33,0.32407739527203355,0.08405915446855472,
