,job240_scenario2_436,
in27,0.24001824080347883,
B14,0.3333382423366181,
B11,0.27158476848298657,
cn12,0.179713616934997,
B54,0.5502373167865054,
B51,0.2013839333034388,
os4,0.43022819638476606,
in4,0.179713616934997,
B33,0.0,
