,job635_scenario1_1306,
in27,0.29515422524088825,
B14,0.0,
B11,0.38359681796311995,
cn12,0.13651079733910887,
B54,0.23689857869278036,
B51,0.24972937827237357,
os4,0.29515422524088825,
in4,0.23689857869278041,
B33,0.24972937827237357,
