,job409_scenario1_783,
in27,0.0813748129016994,
B14,0.2715847684829866,
B11,0.13507397114387776,
cn12,0.0,
B54,0.2400182408034789,
B51,0.13507397114387776,
os4,0.15157564808124718,
in4,0.04980828522219172,
B33,0.15157564808124718,
