,job983_scenario0_2457,
in27,0.2963607566940196,
B14,0.26041079076083495,
B11,0.31021907598302656,
cn12,0.18314217576075487,
B54,0.48003648160695755,
B51,0.4452930471269043,
os4,0.0,
in4,0.3175877013403582,
B33,0.41636987709575907,
