,job353_scenario1_657,
in27,0.3369081948516268,
B14,0.45691731525336615,
B11,0.3786621644623652,
cn12,0.25865304406062584,
B54,0.45691731525336615,
B51,0.0,
os4,0.3786621644623652,
in4,0.19377990809629586,
B33,0.3786621644623652,
