,job989_scenario0_2474,job990_scenario1_2475,
in27,0.31728685580355886,0.4523608269474366,
B14,0.37699135233681647,0.48710426142748986,
B11,0.31021907598302667,0.42343765691629137,
cn12,0.18341941611281254,0.3670951410257506,
B54,0.0,0.19020995558128717,
B51,0.20845171312397104,0.1737082786439178,
os4,0.4106068573366982,0.46886250388480605,
in4,0.3670951410257506,0.3874876909831067,
B33,0.42343765691629137,0.4523608269474366,
