,job309_scenario0_571,
in27,0.274761675283532,
B14,0.33560149760868097,
B11,0.3025228505982198,
cn12,0.14845598597054854,
B54,0.38847422677402754,
B51,0.5084833471757668,
os4,0.3548587217741458,
in4,0.33560149760868097,
B33,0.0,
