,job589_scenario1_1183,job591_scenario3_1185,
in27,0.07020083517954778,0.21689907444988732,
B14,0.24846560212939506,0.33690819485162665,
B11,0.09688995404814787,0.33690819485162665,
cn12,0.0,0.11195480479028619,
B54,0.21689907444988732,0.08303163475914094,
B51,0.08303163475914094,0.33690819485162665,
os4,0.21689907444988732,0.33690819485162665,
in4,0.05825564654810783,0.5271181504329139,
B33,0.07020083517954778,0.33690819485162665,
