,job155_scenario1_282,job158_scenario2_286,job159_scenario1_288,
in27,0.22718744122388568,0.21524225259244573,0.21524225259244573,
B14,0.347196561625625,0.49389480089596455,0.3036848453146773,
B11,0.0,0.045424846968514676,0.028923170031145307,
cn12,0.14123606504807795,0.18367572491293804,0.16543396737025406,
B54,0.5640956360755124,0.49389480089596455,0.49389480089596455,
B51,0.22718744122388568,0.20406827487029416,0.32407739527203355,
os4,0.32407739527203355,0.6841047564772518,0.3738856804942252,
in4,0.24001824080347883,0.25387656009248577,0.25387656009248577,
B33,0.013858319289006937,0.25387656009248577,0.10717832082214618,
