,job1027_scenario3_2682,
in27,0.3986616687052583,
B14,0.5186707891069977,
B11,0.3986616687052583,
cn12,0.3284608335257104,
B54,0.13825087794442315,
B51,0.5186707891069977,
os4,0.43022819638476606,
in4,0.5186707891069977,
B33,0.0,
