,job482_scenario2_932,
in27,0.42799414522222073,
B14,0.6818707053147064,
B11,0.32184334410948834,
cn12,0.362290616477281,
B54,0.5934281125924749,
B51,0.0,
os4,0.8720806608959937,
in4,0.42799414522222073,
B33,0.7520715404942543,
