,job101_scenario3_197,job103_scenario3_200,
in27,0.1466982392703396,0.12000912040173939,
B14,0.0,0.09688995404814793,
B11,0.21689907444988735,0.17826476694984733,
cn12,0.0764974040907917,0.01283079957959321,
B54,0.05825564654810789,0.09688995404814793,
B51,0.2667073596720789,0.21689907444988735,
os4,0.17826476694984733,0.33690819485162676,
in4,0.17826476694984733,0.21689907444988735,
B33,0.33690819485162676,0.09688995404814793,
