,job211_scenario1_376,
in27,0.5453599079755977,
B14,0.5888716242865455,
B11,0.4955516227534062,
cn12,0.4457433375312146,
B54,0.37554250235166686,
B51,0.1151317115908318,
os4,0.5453599079755977,
in4,0.0,
B33,0.5106164734955445,
