,job248_scenario1_449,
in27,0.4000984949004894,
B14,0.19164678177651828,
B11,0.0716376613747789,
cn12,0.3032085408523415,
B54,0.3032085408523415,
B51,0.2951542252408883,
os4,0.0,
in4,0.3734093760318893,
B33,0.4000984949004894,
