,job52_scenario2_102,job55_scenario2_108,
in27,0.028137968853749862,0.12000912040173944,
B14,0.2400182408034789,0.5186707891069977,
B11,0.07458427343322477,0.10350744346437002,
cn12,0.01824175754268398,0.028137968853749862,
B54,0.0,0.1586434279017795,
B51,0.07458427343322477,0.1586434279017795,
os4,0.5186707891069977,0.27865254830351893,
in4,0.04980828522219166,0.0884425927222317,
B33,0.2084517131239711,0.13825087794442326,
