,job622_scenario1_1263,
in27,0.32216426461446657,
B14,0.41905421866261444,
B11,0.3804199111625744,
cn12,0.26041079076083495,
B54,0.5004290315643138,
B51,0.363918234225205,
os4,0.3804199111625744,
in4,0.2519634294349188,
B33,0.0,
