,job279_scenario2_512,
in27,0.26215087136614945,
B14,0.43729597620529836,
B11,0.26215087136614945,
cn12,0.1768851854444634,
B54,0.08844259272223165,
B51,0.0,
os4,0.4871042614274899,
in4,0.22039690175541105,
B33,0.4871042614274899,
