,job392_scenario1_730,
in27,0.5067256004755578,
B14,0.43652476529601003,
B11,0.5067256004755578,
cn12,0.4017813308159567,
B54,0.696935556056845,
B51,0.3867164800738184,
os4,0.5067256004755578,
in4,0.0,
B33,0.22807305217203888,
