,job140_scenario2_260,job141_scenario2_261,job142_scenario3_262,job143_scenario3_265,
in27,0.045424846968514565,0.0,0.10717832082214607,0.16543396737025395,
B14,0.5640956360755123,0.5142873508533207,0.5640956360755123,0.5142873508533207,
B11,0.32407739527203344,0.33914224601417176,0.6342964712550601,0.5142873508533207,
cn12,0.27426911004984184,0.2538765600924857,0.373885680494225,0.29738827640343335,
B54,0.22718744122388557,0.2854430877719934,0.22718744122388557,0.12000912040173928,
B51,0.32407739527203344,0.2854430877719934,0.5142873508533207,0.5142873508533207,
os4,0.4440865156737729,0.5142873508533207,0.5640956360755123,0.5640956360755123,
in4,0.2854430877719934,0.2637727714035516,0.4756530433532806,0.6342964712550601,
B33,0.4440865156737729,0.7543055916567994,0.3942782304515812,0.373885680494225,
