,job945_scenario0_2251,
in27,0.1108138677925199,
B14,0.2137794123391889,
B11,0.1751451048391488,
cn12,0.0,
B54,0.24972937827237357,
B51,0.23689857869278041,
os4,0.19338686238183278,
in4,0.16669774351323263,
B33,0.2635876975613805,
