,job394_scenario4_764,job395_scenario4_765,
in27,0.5186707891069977,0.3600273612052182,
B14,0.169817405623931,0.0,
B11,0.5684790743291892,0.5186707891069977,
cn12,0.37826911874790203,0.37826911874790203,
B54,0.15331572868656163,0.2235165638661094,
