,job295_scenario0_566,job297_scenario1_569,job298_scenario2_571,job299_scenario1_573,job300_scenario0_574,job301_scenario0_576,job302_scenario0_578,job303_scenario1_579,
in27,0.6194501487703298,0.6482773558428405,0.6572842256684408,0.5707426746508355,0.42100783522475316,0.36621221801004,0.09866169101646416,0.2573051189182437,
B14,1.1480171491883935,1.275783287629426,1.3511001196145873,1.085030025504156,0.9566426154633492,0.8648282847066012,0.6061585024013103,0.8146102155252815,
B11,1.1198791803346437,1.170839017969825,1.1426484064906162,1.0534634978246484,0.9043067442874232,0.7946274495270533,0.5819606000791342,0.694601095123542,
cn12,0.5103586972906166,0.5990471565095059,0.617187077915144,0.5209343894286438,0.3292725303395706,0.21013926349418488,0.0,0.1378740844053613,
B54,1.1944634537678684,1.2259750024072344,1.231090999212848,1.1734726182263877,1.0320120900739693,0.9462030976083006,0.7648019303030897,0.8146102155252815,
