,job747_scenario0_1714,job750_scenario1_1721,job751_scenario0_1722,
in27,0.9269443972819293,0.9187843613200419,0.7773238331676235,
B14,1.013338012683787,0.9685926465422334,0.802706254793278,
B11,0.6981001342006021,0.6899400982387147,0.48360643412196636,
cn12,0.18108616695104618,0.23029616658911312,0.0,
B54,0.8695743616819748,0.8485835261404941,0.6534238397458974,
