,job371_scenario0_708,job375_scenario1_714,job376_scenario3_716,job377_scenario4_717,job378_scenario0_719,
in27,0.7651567947861425,0.7689969264958368,0.8840964035981554,0.8216558192771879,0.49336125174378154,
B14,0.8248612913194001,0.876175247317983,1.1627489519016743,0.8918566544567357,0.5706298667438616,
B11,0.7882759611397341,0.7979200965269821,0.9227307110981955,1.0118657748584752,0.5077976569216454,
cn12,0.2647277632218288,0.3343852918573939,0.4040599219911978,0.41182017284977807,0.0,
B54,0.9002307659300203,1.0228734865883227,0.8525298759186477,0.8216558192771879,0.6065798326770462,
