,job309_scenario1_590,job310_scenario3_591,job311_scenario2_593,job312_scenario0_595,job314_scenario3_598,job315_scenario2_600,job316_scenario3_601,job317_scenario2_602,job318_scenario1_604,job319_scenario3_605,
in27,0.2873857024256392,0.4413717014287857,0.22609345572178874,0.12342632709721457,0.6137474126971996,0.1388269278958555,0.30229255913214237,0.03140026168720372,0.0,0.035701620546679025,
B14,0.5847739788290724,0.7902250849118524,0.4865042464826237,0.35607594254336183,0.6137474126971996,0.4490460038788821,0.39561256066528155,0.3647385040238218,0.20527480632342554,0.37260981539830584,
B11,0.3163088724567844,0.5298142941510174,0.2647277632218288,0.10219938245087612,0.37372917189372085,0.23214692942899473,0.20540260508399433,0.0962733976515337,0.19020995558128728,0.13259157459482707,
cn12,0.5511584738291908,0.6498234145527567,0.4700025695452543,0.2991998775006378,0.5435465775176518,0.3606034111566504,0.4925025147134295,0.29453766884427407,0.21332912193487874,0.32280153017611424,
B54,0.7314722180994121,0.6933351308637044,0.6682668407379946,0.49647761290245734,0.6137474126971996,0.6006216519601293,0.47210996475607325,0.7016466988754486,0.4617947240642738,0.3459206965297057,
