,job582_scenario2_1212,
in27,0.3587495947941326,
B14,0.5888716242865454,
B11,0.020392549957356176,
cn12,0.0,
B54,0.22884426308132721,
