,job522_scenario2_1072,job523_scenario0_1073,
in27,0.169817405623931,0.0,
B14,0.8288898650900243,0.5888716242865455,
B11,0.62482159021973,0.5591180614747904,
cn12,0.533735639849136,0.38816533005896803,
B54,0.638679909508737,0.5048124698179907,
