,job198_scenario0_387,job199_scenario1_388,job201_scenario3_391,job204_scenario0_399,job205_scenario1_401,job206_scenario1_402,job207_scenario0_406,job208_scenario2_407,
in27,1.0535553346106492,1.163291181628042,1.1925387711070092,0.8768266577666906,0.946285177002502,0.8711346110096446,0.45355533461064934,0.5376144890792041,
B14,1.2807427758345349,1.3904786228519277,1.5027578470900358,1.044350830356755,1.1863034178059808,1.0795863241336157,0.6687975872030951,0.8976418502844223,
B11,0.9318893923514683,1.033570923757408,1.2943061339660649,0.7252510096854433,0.7876417491007226,0.782692018287413,0.3318893923514683,0.4438441971417546,
cn12,0.5966380193572832,0.7517987133431907,0.8991422925663302,0.4065845723765006,0.5209343894286436,0.46791645399845705,0.0,0.18031374427022118,
B54,1.103363619832841,1.226957786139241,1.0875945014474082,0.8733980989409326,0.9694043433560935,1.0795863241336157,0.503363619832841,0.6687975872030951,
