,job518_scenario0_1061,job519_scenario4_1062,
in27,0.3036848453146772,0.4756530433532805,
B14,0.18367572491293782,0.3738856804942251,
B11,0.14123606504807784,0.5640956360755123,
cn12,0.0,0.3036848453146772,
B54,0.15698660604433767,0.373885680494225,
