,job131_scenario1_271,job132_scenario4_273,
in27,0.03164860707370931,0.0,
B14,0.27707780584027875,0.1151317115908318,
B11,0.7157533635509611,0.8555789839586244,
cn12,0.22726952061808714,0.18533254677037958,
B54,0.7157533635509611,0.5769264356551056,
