,job983_scenario0_2522,
in27,0.21143690022762562,
B14,0.35564392295154124,
B11,0.34963858466046216,
cn12,0.0,
B54,0.8461767432047892,
