,job767_scenario1_1773,
in27,0.25508309154561726,
B14,0.6617990758623287,
B11,0.7448307106214695,
cn12,0.0,
B54,0.515100836591989,
