,job9_scenario2_23,job10_scenario2_24,job11_scenario3_26,job12_scenario1_27,
in27,0.8785427939191814,0.8707326981549129,0.7707063437514015,0.6657620740918004,
B14,1.168369319944852,0.9521075110566123,0.7320720362513615,0.7707063437514015,
B11,0.6995068160600458,0.5653910309827939,0.6822637510291698,0.37204467504614325,
cn12,0.34785469097125876,0.2566208049849169,0.09688995404814804,0.0,
B54,1.1999358476243596,1.1107509389583918,0.9222819918326487,0.890715464153141,
