,job217_scenario1_424,job219_scenario1_429,job220_scenario0_430,job221_scenario0_431,job222_scenario1_432,job223_scenario2_434,job224_scenario1_435,
in27,0.9104904602659688,0.825040565019057,0.675305725592975,0.630613437176397,0.7151368071543467,0.4533473627383575,0.4951013323490959,
B14,1.010107030710352,0.9589080047098033,0.752574340593055,0.707882052176477,0.7702727915917562,0.9102646779917236,0.600045602008697,
B11,0.8900979103086126,0.7339546146484628,0.5485060657227608,0.5038137773061828,0.6298711212326605,0.3915938888847259,0.3915938888847259,
cn12,0.44162795638116276,0.32910883988935113,0.11174363866964565,0.0702876419154077,0.17295380597929444,0.023119166353591458,0.0,
B54,1.1505087010694477,0.9322188858412032,0.7637483183152065,0.7576903373986685,0.8516476044934556,0.6316121296882048,0.600045602008697,
