,job612_scenario2_1268,job614_scenario2_1274,job617_scenario3_1278,job618_scenario3_1279,
in27,0.45402343541691287,0.28224899645499224,0.1253368196169572,0.023569456757901674,
B14,1.0540690374256099,1.0161620381544354,0.547117654675807,0.5738067735444071,
B11,0.7438499614425833,0.635742126991861,0.4537976531426677,0.38359681796311995,
cn12,0.37675482041683284,0.23708045828660285,0.0,0.0,
B54,1.0042607522034181,0.8077103250304645,0.42710853427406753,0.365355060420436,
