,job1124_scenario0_3385,
in27,0.23652041349795527,
B14,0.30329268985174507,
B11,0.25865304406062584,
cn12,0.10972075362774114,
B54,0.0,
