,job382_scenario0_733,
in27,0.0,
B14,0.4782235167392048,
B11,0.12406575366690542,
cn12,0.36709514102575036,
B54,0.5319226749813832,
