,job240_scenario0_477,job241_scenario0_478,job242_scenario0_479,job245_scenario0_483,job246_scenario2_486,job247_scenario4_487,job248_scenario1_488,job249_scenario1_489,job250_scenario2_490,
in27,0.6751394596006709,0.654530688357078,0.6396879790519897,0.5660382507291579,0.6186971435105091,0.675500886550831,0.5107994777325137,0.45318109674605345,0.39866166870525827,
B14,0.7755272409543424,0.6999555353255926,0.7237471335205445,0.6396010665514225,0.8089070990917963,0.675500886550831,0.6076894317806616,0.7198884564181324,0.638679909508737,
B11,0.6895758647785347,0.6834538583882233,0.6766654646945882,0.5798965700181649,0.6337619942526473,0.733756533098939,0.5872968818233053,0.5114367432941613,0.3719725498366582,
cn12,0.19167441916795525,0.16795997608177116,0.15965149744503226,0.07946753845385113,0.17022718958305927,0.23721837455461192,0.11715661152741363,0.03140026168720367,0.0,
B54,0.7755272409543424,0.7497638205477843,0.7349211112426961,0.7314722180994121,0.6685054287327006,0.733756533098939,0.6890642446823609,0.5114367432941613,0.7088807446882849,
