,job440_scenario2_880,job446_scenario0_895,job448_scenario0_898,
in27,1.1578732904818365,0.6153351628677923,0.41652663270888013,
B14,0.841357645587566,0.35054093385328045,0.13050545904802968,
B11,1.094206685970638,0.6523126485103908,0.43227717370514007,
cn12,0.7167719619117182,0.20696235669363927,0.0,
B54,0.7325225029079782,0.23053181345154106,0.09187115154798964,
