,job837_scenario0_1971,job838_scenario1_1972,
in27,0.021670316368441855,0.1348888973017066,
B14,0.0,0.13050545904802968,
B11,0.21188027194972914,0.30032286467196073,
cn12,0.08178267307350584,0.27865254830351893,
B54,0.1348888973017066,0.26875633699245305,
