,job371_scenario0_708,job373_scenario1_711,job374_scenario2_712,job375_scenario1_714,
in27,0.4578013340696281,0.42512520728650516,0.2974703557976348,0.2050897324812544,
B14,0.4473049954233379,0.4887918117977036,0.4075832648883083,0.24206721812385268,
B11,0.8409478616284378,0.7851525684917233,0.7676106260935265,0.5940402637176178,
cn12,0.18689420466250284,0.21158811347933437,0.1388269278958555,0.0,
B54,0.9529026664187241,1.039029128584209,0.8693779889525821,0.8189936537789582,
