,job854_scenario0_2017,
in27,0.3240773952720336,
B14,0.3738856804942253,
B11,0.04542484696851479,
cn12,0.0,
B54,0.41739739680517296,
