,job747_scenario0_1714,job749_scenario1_1719,job750_scenario1_1721,job751_scenario0_1722,
in27,1.1724431972018077,1.1088378083008246,0.9026606527845806,0.7977163831249796,
B14,0.9801842643001464,0.964052699688052,0.6738163897032534,0.5444462564471152,
B11,1.2222514824239994,1.2160161291229707,0.9524689380067722,0.7826515323828412,
cn12,0.40619241691356833,0.37518107540150647,0.19377990809629586,0.0,
B54,1.3052831171831403,1.242705247991571,1.0226697731863201,0.8640263452845407,
