,job798_scenario1_1853,job799_scenario1_1855,job800_scenario3_1858,job801_scenario1_1864,
in27,0.4795972975948338,0.4528529732498334,0.5410626472317235,0.21771256018855567,
B14,0.5614224009008434,0.4644772413762952,0.4596878343300241,0.3986616687052582,
B11,0.4343455006785717,0.4693546501872028,0.4793091733780919,0.20138393330343873,
cn12,0.22451420604921657,0.19776988170421617,0.23250039310613863,0.0,
B54,0.9530162897855694,0.964906272940609,0.8197151955352423,0.7586890299104765,
