,job59_scenario1_118,job60_scenario2_120,job61_scenario4_122,job62_scenario3_123,job63_scenario4_124,job64_scenario3_127,job65_scenario4_130,
in27,0.6713976092408795,0.5931273811373239,0.6249324968115374,0.6185807224238934,0.6108258321360251,0.6888979786900569,0.2519634294349188,
B14,0.6713976092408795,0.8100264555872112,0.6951333319910854,0.6416998887774849,0.6375149510046252,0.618697143510509,0.19020995558128717,
B11,0.4478810453747702,0.46506394512413135,0.556882454046662,0.6185807224238934,0.46769754538069414,0.36043714516434633,0.41905421866261444,
cn12,0.38656095488350734,0.35940570924508913,0.41648078368756647,0.4283707668426061,0.34236072576373683,0.22003547480525076,0.0,
B54,0.7967344288578369,0.8415929832667189,0.7653341671706331,0.7701563705051404,0.7779166213637208,0.5190805730661259,0.5390633390643539,
