,job607_scenario3_1258,job612_scenario2_1268,job614_scenario2_1274,job615_scenario2_1275,job616_scenario2_1276,job617_scenario3_1278,
in27,0.6,0.3095974240228975,0.11221988842145691,0.06845982672400375,0.0023161305567467316,0.0,
B14,1.129167127753288,0.9201393646778848,0.8566292687671906,0.7492026025585388,0.5711041016009955,0.43227717370514,
B11,1.129167127753288,0.8001302442761453,0.6664193131859033,0.5589926469772516,0.5093506277473641,0.529167127753288,
cn12,1.0091580073515485,0.7116876515539137,0.546410192784164,0.4986880231087697,0.42797581484566466,0.3540220229141391,
B54,1.129167127753288,0.9903401998574325,0.7681866760449589,0.7990108877807304,0.547984935247404,0.43227717370514,
