,job554_scenario2_1138,
in27,0.430228196384766,
B14,0.3600273612052183,
B11,0.5004290315643138,
cn12,0.0,
B54,0.5818038444660132,
