,job24_scenario1_57,job25_scenario4_58,job26_scenario0_59,
in27,0.39923771865669055,0.2919773184403427,0.10763696099197428,
B14,0.5226753978841878,0.5424918978901118,0.26383934958659294,
B11,0.6497522981064595,0.6625010182918512,0.39828487516619626,
cn12,0.2942934489970893,0.26041079076083506,0.0,
B54,0.7311271110081589,0.5038575903900717,0.2919773184403427,
