,job400_scenario2_781,job401_scenario1_783,
in27,0.4703522053647209,0.40802268155965704,
B14,0.927269520618087,0.4284152315170133,
B11,0.20994141460388582,0.052872729165346466,
cn12,0.1685804907076105,0.0,
B54,0.7370595650367997,0.47822351673920493,
