,job387_scenario3_748,
in27,0.27865254830351893,
B14,0.39866166870525827,
B11,0.2715847684829866,
cn12,0.0,
B54,0.1817625942553709,
