,job171_scenario0_346,job178_scenario1_355,job179_scenario0_356,job181_scenario2_358,job182_scenario3_359,job183_scenario1_360,job184_scenario4_361,
in27,0.6037680860825428,0.5994971999011993,0.46011238051179115,0.5551708456441135,0.6508802275866311,0.418116741761022,0.44185246451122784,
B14,0.4308862365154569,0.4296797942772683,0.27243001088423835,0.5053625604219218,0.4108619867831523,0.2563536517485441,0.3218433441094884,
B11,0.20822607948798322,0.2545346894381195,0.06914693719133969,0.07634089549028722,0.16551604676445564,0.058089380555803816,0.0,
cn12,0.256571524456918,0.28927812391817276,0.08564861412870906,0.1951434844388953,0.2522185588813728,0.09283281503585705,0.09688995404814793,
B54,0.7006580401306908,0.6928172014343386,0.572752875556199,0.6253716808236613,0.5308711071848917,0.49637189255202296,0.632062420092515,
