,job356_scenario0_674,job359_scenario3_680,job360_scenario0_681,job361_scenario1_682,job364_scenario0_690,job366_scenario3_693,
in27,0.38354957109940946,0.5475617632205684,0.264823056212118,0.3940942287666985,0.0,0.0654076129667428,
B14,0.8774443719953742,1.061849114073889,0.8057995259340387,0.9315007459736105,0.4983921073305726,0.45123848209240774,
B11,0.38354957109940946,0.5475617632205684,0.2844443952601857,0.44390251398888986,0.013858319289006826,0.10404192046678273,
cn12,0.6971306277251529,0.9418399936721495,0.5984333120577354,0.7586188964065246,0.31436625780313876,0.40772676578146005,
B54,0.8137777674841755,0.8449500396240017,0.7089095718858909,0.8381807444404713,0.45794483496277993,0.3579184805592685,
