,job311_scenario2_593,job312_scenario0_595,job314_scenario3_598,job315_scenario2_600,job318_scenario1_604,job319_scenario3_605,job320_scenario4_609,
in27,0.4588569415473978,0.3637486315093871,0.8701010644457436,0.4112119269807712,0.33756219865793946,0.4072920342681436,0.2067116325186566,
B14,0.5290577767269455,0.40618829137424717,0.6798911088644564,0.5312210473825106,0.3526270494000778,0.5539902735384832,0.2951542252408883,
B11,0.49749124904743786,0.3425216868630485,0.6300828236422649,0.5045319285139105,0.5277721542392266,0.5041819883162916,0.3653550604204361,
cn12,0.2023370238065496,0.039093150348496586,0.2994711977018819,0.13255937867725232,0.050462289028504304,0.19396291233326501,0.0,
B54,0.5908112505805772,0.4265808413316033,0.5598819884627171,0.5627875750620184,0.48913784673918664,0.4072920342681436,0.3653550604204361,
