,job750_scenario1_1721,job754_scenario1_1737,
in27,0.8188954091448025,0.24972937827237374,
B14,0.9620236959001334,0.45022770062765904,
B11,1.29893189075176,0.7253824216256544,
cn12,0.6104436960208315,0.0,
B54,1.2491236055295685,0.7253824216256544,
