,job227_scenario2_451,job228_scenario1_455,job229_scenario0_456,
in27,0.46448789517269906,0.10038778135367155,0.0,
B14,0.9498520759948745,0.5074968113848461,0.4106068573366982,
B11,0.43556472514155387,0.1768851854444633,0.014436405177863931,
cn12,0.7596421204135873,0.34040602215715043,0.1768851854444633,
B54,0.6627521663654394,0.3670951410257506,0.19727773540181948,
