,job598_scenario1_1247,job600_scenario4_1249,job601_scenario1_1250,job605_scenario2_1256,job606_scenario2_1257,job607_scenario3_1258,job608_scenario3_1259,
in27,0.6033475664760042,0.5833329849205564,0.5168060154583987,0.2839397410735548,0.2609868407122673,0.2421690332181512,0.4008124611199307,
B14,0.7581001213577969,0.7917846980445274,0.6506734551491451,0.5120127932455937,0.5192468390584299,0.3306116259403829,0.29197731844034286,
B11,0.6696575286355653,0.7215838628649798,0.6120391476491049,0.41024543038653793,0.2792285982549513,0.3306116259403829,0.4506207463421223,
cn12,0.3278719249730308,0.41136478688195305,0.31070081635436336,0.08178459686082762,0.028714018805181984,0.020392549957356287,0.0,
B54,1.0185109121186318,0.9433603461257747,0.9608925311321717,0.8608661767286603,0.5894476742379778,0.5208215815216701,0.4008124611199307,
