,job340_scenario2_645,job342_scenario0_650,job344_scenario1_653,job345_scenario3_654,job346_scenario1_655,job347_scenario1_658,job348_scenario3_659,job349_scenario2_660,job350_scenario3_661,
in27,1.0770429446335745,0.8882849454408599,0.9510468163173122,1.089736459342566,0.9072867546198591,0.7546015074349967,0.8072604002163477,0.49861606669656117,0.73863430750004,
B14,1.3437503043056536,0.9683819919314738,1.0582251371394584,1.0083616464408667,1.1473049954233379,0.8182681119461951,0.927269520618087,0.9786525483035188,0.6684334723204922,
B11,0.7935129875191481,0.5913906395946573,0.7480060611564319,0.7795173833595394,0.6672685138163803,0.5284415859205247,0.6170504446350605,0.22434695664671933,0.42841523151701344,
cn12,0.5646687244378209,0.29623641435376913,0.40760003899928154,0.4692983073765128,0.3781196268665711,0.18695682779478973,0.2681970611519938,0.0,0.11112837571345446,
B54,1.255307711583422,1.0602531434794633,1.1164807836875665,1.089736459342566,1.0272958750215986,0.9200354748052507,0.757452114994156,0.7884425927222316,0.6186251870983006,
