,job47_scenario0_98,job49_scenario0_101,job50_scenario1_103,job51_scenario1_106,job52_scenario1_107,job53_scenario0_108,job55_scenario2_111,job56_scenario1_113,job57_scenario2_114,job58_scenario3_116,
in27,0.5190366253599785,0.4893109063356357,0.549092557977661,0.56674578732802,0.44387630197532146,0.3500853008728386,0.4461606169748483,0.26735254348101833,0.19897479615121638,0.2642161431256549,
B14,1.0831322614354908,1.0466160029426734,1.2081650174437542,1.1240508839350578,1.1345152891209225,0.9207151676167002,1.1052330764409415,0.8562241677675638,0.8719055749063165,0.6628778118309132,
B11,1.0168222992759297,0.9726098153983057,1.1063976545846987,1.0040417635333183,0.9980044917818136,0.8467089800723324,0.8513565163484558,0.7362150473658244,0.713262147004537,0.694444339510421,
cn12,0.3318118568823458,0.2918670395637707,0.42527808521110155,0.4008684482356625,0.3605091015765548,0.16260422359508064,0.24278429617434227,0.11509120514564963,0.059265079861908765,0.0,
B54,0.6964157813616724,0.6865886417374553,0.8095033487384959,0.6755809300076079,0.6544788075139649,0.546829487122475,0.5598731684653437,0.604260738332645,0.4346095987010181,0.29578267080516263,
