,job237_scenario2_470,job240_scenario0_477,job241_scenario0_478,job242_scenario0_479,job243_scenario3_480,job244_scenario1_482,
in27,0.952115429303904,0.6181288150134517,0.566645987128399,0.5090276061419388,0.6550065004564293,0.3961704521588343,
B14,1.3009688127869707,0.9087265519484106,0.8022807896782009,0.7832967161917809,0.9421064100858644,0.6832703617882694,
B11,0.8707406164022047,0.5827569349691241,0.5457608719373528,0.49619680656234566,0.7518964545045772,0.40461781348475057,
cn12,0.5401289904618221,0.1844720598029278,0.1298835600752839,0.07879940975717303,0.3012757081624551,0.0,
B54,1.2623345052869306,0.9087265519484106,0.8520890749003927,0.7944706939139324,0.9034721025858243,0.8530877674122004,
