,job557_scenario2_1107,
in27,0.5225616621269844,
B14,0.8177158873678727,
B11,0.5225616621269844,
cn12,0.44719218751636425,
B54,0.6275059317865855,
B51,0.0,
os4,0.4106068573366982,
in4,0.49363849209583915,
B33,0.5776976465643939,
