,job757_scenario0_1638,job759_scenario4_1645,
in27,0.1101129090906734,0.30032286467196057,
B14,0.15362462540162114,0.3207154146293168,
B11,0.15362462540162114,0.680742775834535,
cn12,0.0,0.26557943019190733,
B54,0.22382546058116892,0.4905328202532478,
B51,0.21188027194972897,0.5607336554327956,
os4,0.17095273141582235,0.4020902275310162,
in4,0.11664713975902263,0.44072453503105624,
B33,0.22382546058116892,0.22382546058116892,
