,job522_scenario2_1029,job525_scenario0_1039,
in27,0.45189851275320786,0.3003228646719607,
B14,0.6105419406549873,0.3816976775736601,
B11,0.43539683581583843,0.2932550848514285,
cn12,0.4203319850737001,0.1767437917552126,
B54,0.3936428662051,0.03361550499988175,
B51,0.0,0.0603046238684819,
os4,0.660350225877179,0.3501311498941524,
in4,0.4203319850737001,0.3318893923514684,
B33,0.7305510610567267,0.4064736657846932,
