,job131_scenario1_275,job133_scenario2_278,
in27,0.444086515673773,0.41516334564262775,
B14,0.5805973130128819,0.49922250011118247,
B11,0.47882995015382623,0.4023325460630346,
cn12,0.349459816897688,0.35882082975208696,
B54,0.4290216649316347,0.4290216649316347,
B51,0.06366660451119854,0.03474343448005324,
os4,0.055135984437409635,0.10494426965960124,
in4,0.444086515673773,0.3792133797094431,
B33,0.0,0.444086515673773,
