,job360_scenario1_691,job361_scenario1_692,
in27,0.25865304406062584,0.25865304406062584,
B14,0.14669823927033965,0.12357907291674819,
B11,0.25865304406062584,0.3137890284980353,
cn12,0.15514560059625582,0.15514560059625582,
B54,0.4836064341219663,0.33690819485162676,
B51,0.24358819331848752,0.21689907444988743,
os4,0.0,0.0,
in4,0.21689907444988743,0.20495388581844748,
B33,0.25865304406062584,0.20495388581844748,
