,job668_scenario2_1398,
in27,0.12000912040173939,
B14,0.2715847684829865,
B11,0.03818401709572983,
cn12,0.28046551317127155,
B54,0.48003648160695767,
B51,0.0,
os4,0.600045602008697,
in4,0.33333824233661813,
B33,0.2715847684829865,
