,job18_scenario2_43,job20_scenario3_47,
in27,0.15157564808124707,0.2715847684829865,
B14,0.0,0.03156652767950763,
B11,0.15157564808124707,0.3600273612052181,
cn12,0.049808285222191606,0.13507397114387765,
B54,0.2715847684829865,0.31021907598302656,
B51,0.13507397114387765,0.3600273612052181,
os4,0.43022819638476595,0.43022819638476595,
in4,0.13507397114387765,0.43022819638476595,
B33,0.2715847684829865,0.2715847684829865,
