,job172_scenario0_354,job175_scenario1_362,
in27,0.21689907444988732,0.3684747225311345,
B14,0.2766035709831449,0.430228196384766,
B11,0.20304075516088038,0.3684747225311345,
cn12,0.07649740409079175,0.22426769980721895,
B54,0.26670735967207904,0.527118150432914,
B51,0.0,0.026689118868600148,
os4,0.26670735967207904,0.3867164800738183,
in4,0.24846560212939506,0.33690819485162676,
B33,0.31021907598302667,0.33690819485162676,
