,job763_scenario1_1658,
in27,0.16543396737025412,
B14,0.16543396737025412,
B11,0.18367572491293793,
cn12,0.06366660451119865,
B54,0.2538765600924858,
B51,0.0,
os4,0.22718744122388562,
in4,0.10717832082214629,
B33,0.06366660451119854,
