,job904_scenario1_2090,
in27,0.3369081948516267,
B14,0.3186664373089429,
B11,0.3369081948516267,
cn12,0.19020995558128728,
B54,0.43867555771068234,
B51,0.0,
os4,0.3186664373089429,
in4,0.2267952857609533,
B33,0.3804199111625744,
