,job944_scenario3_2250,
in27,0.2631374071570703,
B14,0.2898265260256705,
B11,0.48003648160695767,
cn12,0.2013839333034388,
B54,0.0,
B51,0.04980828522219172,
os4,0.18488225636606936,
in4,0.3600273612052183,
B33,0.4098356464274098,
