,job577_scenario0_1162,
in27,0.1768851854444633,
B14,0.29059773693495883,
B11,0.21234258614395785,
cn12,0.05687606504272391,
B54,0.0,
B51,0.303428536514552,
os4,0.2674785705813673,
in4,0.14746945017962787,
B33,0.2674785705813673,
