,job785_scenario3_1707,
in27,0.44846995392744987,
B14,0.2786525483035189,
B11,0.3986616687052583,
cn12,0.24001824080347883,
B54,0.2786525483035189,
B51,0.6386799095087371,
os4,0.0,
in4,0.30177171465711033,
B33,0.3986616687052583,
