,job29_scenario1_60,
in27,0.3684747225311345,
B14,0.40710903003117455,
B11,0.2400182408034789,
cn12,0.26670735967207904,
B54,0.527118150432914,
B51,0.0,
os4,0.40710903003117455,
in4,0.31021907598302667,
B33,0.3230498755626198,
