,job322_scenario1_615,
in27,0.13386743969074638,
B14,0.16543396737025412,
B11,0.20406827487029416,
cn12,0.028923170031145307,
B54,0.28544308777199356,
B51,0.13386743969074638,
os4,0.20406827487029416,
in4,0.1489322904328847,
B33,0.0,
