,job472_scenario1_928,
in27,0.26479422901451194,
B14,0.43022819638476606,
B11,0.26479422901451194,
cn12,0.19020995558128717,
B54,0.43022819638476606,
B51,0.0,
os4,0.26479422901451194,
in4,0.22884426308132727,
B33,0.2937173990456572,
