,job16_scenario1_38,
in27,0.28709990962943516,
B14,0.3186664373089429,
B11,0.30216476037157347,
cn12,0.2075380615954885,
B54,0.4773098652107224,
B51,0.28709990962943516,
os4,0.28709990962943516,
in4,0.2732415903404282,
B33,0.0,
