,job382_scenario1_723,job385_scenario4_731,
in27,0.2689414108346241,0.3738856804942252,
B14,0.3738856804942252,0.40545220817373295,
B11,0.11347488973339004,0.25387656009248577,
cn12,0.18367572491293804,0.3036848453146773,
B54,0.347196561625625,0.444086515673773,
B51,0.0,0.08405915446855472,
os4,0.24001824080347883,0.40545220817373295,
in4,0.20406827487029416,0.3738856804942252,
B33,0.3036848453146773,0.25387656009248577,
