,job376_scenario2_713,job380_scenario4_720,job381_scenario1_722,
in27,0.060304623868481844,0.07536947461062016,0.060304623868481844,
B14,0.15362462540162108,0.09187115154798958,0.1101129090906734,
B11,0.09187115154798958,0.21188027194972903,0.15362462540162108,
cn12,0.0216703163684418,0.07536947461062016,0.0,
B54,0.3003228646719606,0.37052369985150846,0.37052369985150846,
B51,0.0216703163684418,0.3003228646719606,0.09187115154798958,
os4,0.49053282025324785,0.25051457944976907,0.1101129090906734,
in4,0.010496338646290237,0.13050545904802963,0.060304623868481844,
B33,0.25051457944976907,0.046446304579474906,0.060304623868481844,
