,job962_scenario2_2346,
in27,0.03361550499988175,
B14,0.3003228646719606,
B11,0.07536947461062016,
cn12,0.0,
B54,0.010496338646290237,
B51,0.0,
os4,0.25051457944976907,
in4,0.060304623868481844,
B33,0.3003228646719606,
