,job354_scenario0_675,job355_scenario1_678,
in27,0.14187518191580828,0.27574262160655466,
B14,0.24905350273795457,0.34594345678610244,
B11,0.15573350120481522,0.3073091492860624,
cn12,0.0,0.14866572138428302,
B54,0.22593433638436305,0.3690626231396939,
B51,0.012154924045174154,0.04689835852522739,
os4,0.20554178642700693,0.34594345678610244,
in4,0.21543799773807282,0.24905350273795457,
B33,0.23710831410651462,0.27574262160655466,
