,job708_scenario1_1504,job712_scenario4_1509,
in27,0.3435256842678488,0.4217808350588497,
B14,0.48003648160695767,0.4484699539274499,
B11,0.37826911874790203,0.6386799095087371,
cn12,0.2235165638661094,0.28982652602567044,
B54,0.5186707891069977,0.6386799095087371,
B51,0.31460251423670355,0.7586890299104765,
os4,0.37826911874790203,0.6386799095087371,
in4,0.3284608335257105,0.4484699539274499,
B33,0.06487313596432998,0.0,
