,job849_scenario0_1908,
in27,0.2046463607591511,
B14,0.2470860206240112,
B11,0.2046463607591511,
cn12,0.05687606504272391,
B54,0.2674785705813673,
B51,0.0,
os4,0.2674785705813673,
in4,0.22884426308132721,
B33,0.2569822319350771,
