,job261_scenario3_499,
in27,0.0,
B14,0.10883514267958794,
B11,0.29904509826087505,
cn12,0.29904509826087505,
B54,0.011945188631439896,
B51,0.6590724594660933,
os4,0.22884426308132727,
in4,0.4190542186626145,
B33,0.003890873019986807,
