,job354_scenario0_675,
in27,0.16128678555014186,
B14,0.26846510637228815,
B11,0.1751451048391488,
cn12,0.019411603634333585,
B54,0.24534594001869664,
B51,0.0,
os4,0.22495339006134052,
in4,0.2348496013724064,
B33,0.2565199177408482,
