,job283_scenario1_538,job284_scenario3_541,
in27,0.08303163475914094,0.19020995558128712,
B14,0.19020995558128712,0.21689907444988732,
B11,0.11195480479028619,0.24846560212939506,
cn12,0.0,0.24846560212939506,
B54,0.24846560212939506,0.33690819485162665,
B51,0.00844736132591617,0.2870999096294351,
os4,0.16709078922769566,0.4071090300311745,
in4,0.08303163475914094,0.5271181504329139,
B33,0.11195480479028619,0.33690819485162665,
