,job703_scenario3_1560,
in27,0.2400182408034789,
B14,0.13825087794442326,
B11,0.3284608335257105,
cn12,0.13825087794442326,
B54,0.10350744346437002,
B51,0.5186707891069977,
os4,0.2400182408034789,
in4,0.27865254830351893,
B33,0.0,
