,job210_scenario1_410,job213_scenario0_416,job214_scenario3_417,
in27,0.5283845394261599,0.10381634017942942,0.4905328202532478,
B14,0.8070370877296787,0.28208110712927675,0.4020902275310162,
B11,0.7572288025074871,0.15362462540162114,0.44072453503105624,
cn12,0.4874569988922533,0.0,0.3207154146293168,
B54,0.7185944950074472,0.21188027194972897,0.37052369985150846,
B51,0.49681801174665213,0.10381634017942953,0.3705236998515084,
os4,0.5820836976683383,0.1620719867275373,0.680742775834535,
in4,0.49681801174665224,0.19020995558128717,0.5607336554327956,
B33,0.5820836976683383,0.2007062942275774,0.4905328202532478,
