,job451_scenario2_904,job454_scenario0_908,job455_scenario1_909,
in27,0.4600409867163466,0.008054315611453089,0.19826427119274026,
B14,0.6421966266861807,0.0,0.08526568592168604,
B11,0.7332825770567748,0.3727236857777676,0.5786841823553146,
cn12,0.6675790483118351,0.21865682115009633,0.35149674113142904,
B54,0.9373508519270689,0.45867506195357527,0.45867506195357527,
B51,0.7471408963457817,0.5555650160017231,0.4250595569536936,
os4,0.9871591371492605,0.5169307085016832,0.5555650160017231,
in4,0.6502509422976339,0.35149674113142904,0.4355558955999838,
B33,0.9871591371492605,0.4586750619535753,0.4355558955999838,
