,job13_scenario4_28,
in27,0.2786525483035188,
B14,0.011945188631439896,
B11,0.6590724594660933,
cn12,0.22884426308132727,
B54,0.46886250388480605,
B51,0.46886250388480605,
os4,0.46886250388480605,
in4,0.0,
B33,0.19020995558128723,
