,job604_scenario2_1255,job608_scenario3_1259,job610_scenario0_1262,
in27,0.5224647640539781,0.5046600245678958,0.11264049504440787,
B14,0.859372958905605,0.6513582638382354,0.19401530794610727,
B11,0.5491538829225783,0.5046600245678958,0.12770534578654624,
cn12,0.47895304774303055,0.37270571553471654,0.0,
B54,0.7393638385038654,0.4611483082569482,0.1624487802665996,
B51,0.5105195754225382,0.7215590990177833,0.20596049657754723,
os4,0.9793820793073442,0.42640487377689495,0.15308776741220065,
in4,0.5352955636335713,0.6015499786160439,0.11264049504440787,
B33,0.7393638385038654,0.5629156711160038,0.1828413302239557,
