,job503_scenario2_1024,job505_scenario2_1029,
in27,0.5719957915066329,0.27158476848298657,
B14,0.8822148674896595,0.3102190759830266,
B11,0.6653157930397722,0.36002736120521817,
cn12,0.4519866711048935,0.2217764832607949,
B54,0.3866632447362533,0.08137481290169934,
B51,0.29334324320311406,0.0,
os4,0.6653157930397722,0.6204381519660532,
in4,0.5719957915066329,0.2835299571144265,
B33,0.5221875062844413,0.260410790760835,
