,job346_scenario1_655,job347_scenario1_658,job350_scenario3_661,
in27,0.43681849009749796,0.29251086759252565,0.1288853107460547,
B14,0.475452797597538,0.3858308691256649,0.16362874522610793,
B11,0.43681849009749796,0.3858308691256649,0.16362874522610793,
cn12,0.3449473385495084,0.21294901955857903,0.3040304155852036,
B54,0.45506024764018177,0.4440865156737729,0.26539610808516356,
B51,0.42031681316012853,0.29251086759252565,0.26539610808516356,
os4,0.3666176549179502,0.34231915281471725,0.23382958040565582,
in4,0.07679112889227974,0.0,0.14538698768342412,
B33,0.42031681316012853,0.2538765600924856,0.16362874522610793,
