,job730_scenario1_1662,
in27,0.2604107907608349,
B14,0.3417856036625343,
B11,0.16352083671268702,
cn12,0.0,
B54,0.24001824080347867,
B51,0.03156652767950763,
os4,0.22177648326079485,
in4,0.22177648326079485,
B33,0.020392549957356065,
