,job849_scenario3_2003,job850_scenario1_2004,
in27,0.20845171312397115,0.0884425927222317,
B14,0.3986616687052583,0.20845171312397115,
B11,0.5186707891069977,0.18176259425537095,
cn12,0.12000912040173944,0.0,
B54,0.2084517131239711,0.0884425927222317,
B51,0.1586434279017795,0.06175347385363161,
os4,0.2400182408034789,0.0386343075000401,
in4,0.3986616687052583,0.07458427343322477,
B33,0.12000912040173944,0.0,
