,job267_scenario0_522,job270_scenario0_528,
in27,0.4190099536840595,0.056059381628153715,
B14,0.45598743932665803,0.1760685020298931,
B11,0.44793312371520483,0.12373263085396713,
cn12,0.2861700337027268,0.0,
B54,0.5261882745062059,0.18656484067618334,
B51,0.5142430858747659,0.30657396107792273,
os4,0.5030691081526143,0.25143797664051326,
in4,0.47331554534085923,0.1163640054966355,
B33,0.5142430858747659,0.1760685020298931,
