,job267_scenario0_522,job275_scenario3_535,
in27,0.36738333993666855,0.15425998964810256,
B14,0.40436082557926695,0.17737915600169402,
B11,0.5163156303695533,0.3240773952720336,
cn12,0.35455254035707523,0.2973882764034334,
B54,0.5945707811605543,0.27426911004984195,
B51,0.34260735172563545,0.27426911004984195,
os4,0.5714516148069627,0.17737915600169407,
in4,0.5416980519952077,0.44408651567377294,
B33,0.13853907685534145,0.0,
