,job1032_scenario1_2759,
in27,0.4119864388420821,
B14,0.4506207463421221,
B11,0.3665615918735674,
cn12,0.28352995711442647,
B54,0.6906389871456009,
B51,0.0,
os4,0.4302281963847659,
in4,0.33061162594038274,
B33,0.38041991116257434,
