,job738_scenario1_1699,job739_scenario1_1701,
in27,0.20736779360154955,0.11112837571345441,
B14,0.3825128984406984,0.5097900444187127,
B11,0.15366863535937114,0.2697718036152339,
cn12,0.14249465763721958,0.029753562811755063,
B54,0.22386947053891892,0.14976268321349445,
B51,0.15366863535937114,0.029753562811755063,
os4,0.26250377803895897,0.3897809240169733,
in4,0.17844462357040425,0.0,
B33,0.16561382399081115,0.12937013325613822,
