,job939_scenario0_2317,
in27,0.18402584952743384,
B14,0.20328307369289866,
B11,0.19338686238183278,
cn12,0.0,
B54,0.35690769909451975,
B51,0.29515422524088825,
os4,0.2635876975613805,
in4,0.12972025787063413,
B33,0.4151633456426277,
