,job346_scenario1_655,job347_scenario1_658,job349_scenario2_660,
in27,0.5884974684440023,0.40789532006635276,0.326720752920396,
B14,0.6271317759440423,0.501215321599492,0.5351724660443671,
B11,0.5884974684440023,0.501215321599492,0.326720752920396,
cn12,0.4966263168960127,0.32833347203240615,0.26846510637228815,
B54,0.6067392259866862,0.5594709681476,0.3884742267740275,
B51,0.5719957915066329,0.40789532006635276,0.2812959059518813,
os4,0.5182966332644545,0.45770360528854437,0.7253824216256543,
in4,0.1969035795592763,0.08381792479431938,0.0,
B33,0.5719957915066329,0.3692610125663127,0.29515422524088825,
