,job1035_scenario2_2775,
in27,0.21109507077233353,
B14,0.4151633456426277,
B11,0.22495339006134046,
cn12,0.21109507077233353,
B54,0.0,
B51,0.11231289501693265,
os4,0.3449625104630799,
in4,0.22495339006134046,
B33,0.5351724660443671,
