,job260_scenario1_509,
in27,0.1714742274813727,
B14,0.18533254677037964,
B11,0.2555333819499274,
cn12,0.1250279229018978,
B54,0.0,
B51,0.15864342790177954,
os4,0.21689907444988737,
in4,0.15864342790177954,
B33,0.15864342790177954,
