,job712_scenario1_1596,
in27,0.028137968853749862,
B14,0.10350744346437002,
B11,0.0884425927222317,
cn12,0.0,
B54,0.5186707891069977,
B51,0.12000912040173944,
os4,0.1586434279017795,
in4,0.0884425927222317,
B33,0.12000912040173944,
