,job468_scenario4_914,job469_scenario2_915,
in27,0.12937013325613822,0.06570352874493973,
B14,0.1728818495670859,0.23113749611519385,
B11,0.31958008883742545,0.12937013325613822,
cn12,0.11112837571345441,0.0,
B54,0.2697718036152339,0.1995709684356861,
B51,0.2697718036152339,0.06570352874493973,
os4,0.23113749611519385,0.2697718036152339,
