,job671_scenario1_1397,job675_scenario0_1409,
in27,0.6896156850115319,0.12000912040173939,
B14,0.7780582777337637,0.20406827487029416,
B11,0.7078574425542157,0.1489322904328847,
cn12,0.5784873092980776,0.0,
B54,0.8096248054132713,0.24001824080347883,
B51,0.6194148498319841,0.2854430877719935,
os4,0.6731140080741624,0.18367572491293804,
