,job452_scenario2_874,
in27,0.41251998799426515,
B14,0.5640956360755124,
B11,0.0,
cn12,0.3075757183346641,
B54,0.48272082317381293,
B51,0.0,
os4,0.6525382287977439,
