,job260_scenario4_476,
in27,0.07020083517954778,
B14,0.09332000153313924,
B11,0.09332000153313924,
cn12,0.07020083517954778,
B54,0.24001824080347878,
B51,0.12000912040173944,
os4,0.0,
