,job602_scenario3_1205,job603_scenario1_1206,
in27,0.4672056820273643,0.3600273612052181,
B14,0.0,0.049808285222191606,
B11,0.4938948008959645,0.4236939657164166,
cn12,0.4054522081737328,0.2538765600924856,
B54,0.5640956360755123,0.4672056820273643,
B51,0.6841047564772517,0.4054522081737328,
os4,0.4672056820273643,0.3600273612052181,
