,job762_scenario2_1657,job763_scenario1_1658,job764_scenario3_1660,
in27,0.3761683887461713,0.31021907598302656,0.2907979826907013,
B14,0.4961775091479107,0.16981740562393088,0.31748710155930143,
B11,0.11258069118479086,0.017708208390500912,0.0704010809352904,
cn12,0.3158637648776895,0.26041079076083495,0.1836196618685551,
B54,0.5663783443274586,0.6204381519660532,0.2676788163371098,
B51,0.08101416350528312,0.0,0.19747798115756204,
os4,0.46948839027931055,0.004877408810907591,0.012145434387182408,
