,job165_scenario1_298,job167_scenario0_300,
in27,0.2745041848379425,0.0,
B14,0.7710423433822694,0.41828300775332605,
B11,0.65103322298053,0.39408510543114994,
cn12,0.659913967668815,0.3728581607848114,
B54,1.0496948916857882,0.5769264356551056,
B51,0.4758881181413812,0.46809129297551766,
os4,0.7892841009249533,0.5664300970088153,
