,job129_scenario0_244,job132_scenario0_249,job133_scenario3_251,
in27,0.15183665150297765,0.0,0.16627210287447047,
B14,0.6560710354321113,0.5246761273980768,0.5965002992592365,
B11,0.6649517801203964,0.4649716308648192,0.5965002992592365,
cn12,0.48410283739350796,0.3278062521680637,0.5262994640796888,
B54,0.7943219133765345,0.5582916323979585,0.5262994640796888,
B51,0.730655308865336,0.5711224319775516,0.646308584481428,
os4,0.744513628154343,0.5246761273980768,0.5965002992592365,
