,job610_scenario4_1234,
in27,0.3284608335257104,
B14,0.5186707891069977,
B11,0.43022819638476606,
cn12,0.2937173990456572,
B54,0.43022819638476606,
B51,0.0,
os4,0.4688625038848061,
