,job173_scenario1_311,job174_scenario4_313,
in27,0.0,0.16591145347805425,
B14,0.2786525483035188,0.2676788163371099,
B11,0.26041079076083495,0.3561214090593415,
cn12,0.11620376803691945,0.131168018998001,
B54,0.5390633390643539,0.5463313646406287,
B51,0.21498594379232028,0.23611228865760214,
os4,0.32216426461446646,0.23611228865760214,
