,job774_scenario4_1682,
in27,0.3102190759830266,
B14,0.2667073596720789,
B11,0.4071090300311746,
cn12,0.17826476694984733,
B54,0.0,
B51,0.21689907444988737,
os4,0.6471272708346534,
