,job572_scenario0_1150,
in27,0.31339598278357206,
B14,0.13651079733910876,
B11,0.32672075292039604,
cn12,0.19662315404417274,
B54,0.04668862311149313,
B51,0.0,
os4,0.374235805108721,
