,job514_scenario3_1018,job517_scenario0_1021,
in27,0.7840637088125242,0.32672075292039604,
B14,0.5826797755090853,0.2368985786927803,
B11,0.8226980163125641,0.34115715809825986,
cn12,0.7840637088125242,0.1999210930501819,
B54,0.23238956583078763,0.0,
B51,0.8226980163125641,0.4853641808221754,
os4,0.9427071367143036,0.4039893679204761,
