,job1061_scenario4_2878,
in27,0.10350744346437002,
B14,0.13825087794442326,
B11,0.3284608335257105,
cn12,0.07458427343322477,
B54,0.0,
B51,0.3284608335257105,
os4,0.3284608335257105,
