,job238_scenario0_433,job239_scenario4_434,job240_scenario2_436,job241_scenario1_438,
in27,0.22771897129767454,0.45813180509707635,0.22538158986987233,0.11264049504440782,
B14,0.32460892534582253,0.43144268622847615,0.3187015914030116,0.264216143125655,
B11,0.26947294090841306,0.45813180509707635,0.2569481175493801,0.16244878026659937,
cn12,0.1172427114695192,0.3114335658267368,0.16507696600139055,0.0,
B54,0.4059837382475219,0.768350881080103,0.6556097862546384,0.30285045062569504,
B51,0.34772809169941404,0.6483417606783635,0.1867472823698323,0.07400618754436777,
os4,0.3357829030679741,0.5781409254988157,0.41559154545115956,0.07400618754436777,
