,job420_scenario2_802,job421_scenario3_803,job422_scenario1_805,
in27,0.16483208829960228,0.2060610963586038,0.0,
B14,0.679119439152923,0.4931610059880389,0.3804199111625744,
B11,0.6089186039733753,0.6447366540692862,0.43022819638476595,
cn12,0.470667726028952,0.4931610059880389,0.3306116259403828,
B54,0.6524303202843229,0.5633618411675867,0.47373991269571364,
B51,0.40046689084940423,0.5247275336675467,0.23372167189223492,
os4,0.4391011983494444,0.30295105040675185,0.08526568592168615,
