,job456_scenario0_887,job457_scenario2_889,
in27,0.11664713975902263,0.15283833536644276,
B14,0.21188027194972892,0.23109348615744368,
B11,0.13050545904802957,0.15283833536644276,
cn12,0.0,0.058211636590357774,
B54,0.21188027194972892,0.2893491327055516,
B51,0.26557943019190733,0.15283833536644276,
os4,0.22382546058116892,0.44799256060733106,
