,job1010_scenario4_2595,
in27,0.07825515079100093,
B14,0.10494426965960107,
B11,0.13651079733910887,
cn12,0.0,
B54,0.22495339006134046,
B51,0.13651079733910887,
os4,0.2951542252408883,
