,job565_scenario2_1134,
in27,0.3034285365145519,
B14,0.6275059317865855,
B11,0.22884426308132721,
cn12,0.2470860206240112,
B54,0.21234258614395785,
B51,0.0,
os4,0.5074968113848461,
