,job1026_scenario0_2680,job1027_scenario3_2682,
in27,0.274269110049842,0.4015462560278563,
B14,0.3339736065830996,0.5215553764295957,
B11,0.28933396079198037,0.4015462560278563,
cn12,0.13069053289020094,0.3313454208483084,
B54,0.0,0.14113546526702114,
B51,0.38041991116257445,0.5215553764295957,
os4,0.3240773952720337,0.43311278370736406,
