,job395_scenario0_745,
in27,0.019621339048068065,
B14,0.20640273580359725,
B11,0.16981740562393122,
cn12,0.0,
B54,0.25284904038307215,
B51,0.31651564489427064,
os4,0.2667073596720791,
