,job877_scenario1_1989,job878_scenario0_1991,
in27,0.2096310488736126,0.0,
B14,0.8096766508823096,0.5858071803433906,
B11,0.7514210043342018,0.5453599079755979,
cn12,0.681220169154654,0.4049582376165023,
B54,0.9683200787840891,0.6267347208772973,
B51,0.6314118839324624,0.5769264356551056,
os4,0.6082927175788708,0.3650461637053767,
