,job206_scenario4_368,job210_scenario0_375,job211_scenario1_376,
in27,0.6049306441484725,0.0,0.19650652449253114,
B14,0.9965245330331987,0.4271637524416111,0.600045602008697,
B11,0.9649580053536908,0.39408510543114994,0.5067256004755578,
cn12,0.8765154126314592,0.24955110137706282,0.45691731525336615,
B54,0.5813611873905709,0.09156225483293012,0.2115713752346695,
B51,1.155167960934978,0.5382921281550654,0.5067256004755578,
os4,0.724939764550212,0.12630568931298336,0.24631480971472275,
