,job671_scenario1_1397,job675_scenario0_1409,
in27,0.7026347129308537,0.12000912040173939,
B14,0.7910773056530853,0.20406827487029416,
B11,0.7208764704735375,0.1489322904328847,
cn12,0.5915063372173992,0.0,
B54,0.8226438333325932,0.24001824080347883,
B51,0.6324338777513059,0.2854430877719935,
os4,0.6861330359934843,0.18367572491293804,
