,job835_scenario4_1879,job837_scenario1_1881,job838_scenario0_1882,
in27,0.7187843184122127,0.6003901619481895,0.45794483496277977,
B14,0.7391768683695689,0.6844493164167442,0.5393196478644792,
B11,0.4649077583197269,0.24036280074297145,0.0,
cn12,0.6689760331900211,0.5346866332032498,0.29930140706100034,
B54,1.099204229574787,1.0444766776219625,0.609520483044027,
B51,0.9089942739934999,0.5756141737371564,0.5281456701423276,
os4,0.9089942739934999,0.6458150089167042,0.5077531201849714,
