,job283_scenario1_522,job284_scenario0_523,
in27,0.3954847619047127,0.2677794161181666,
B14,0.4506207463421222,0.32011528729409255,
B11,0.4506207463421222,0.2754756415029733,
cn12,0.32011528729409255,0.1137125514904953,
B54,0.6204381519660531,0.36656159187356746,
B51,0.34178560366253435,0.3954847619047127,
os4,0.12000912040173939,0.0,
