,job540_scenario2_1087,
in27,0.2319639251920257,
B14,0.047081668825956324,
B11,0.2667073596720789,
cn12,0.12845648172765567,
B54,0.527118150432914,
B51,0.0,
os4,0.36847472253113456,
