,job927_scenario2_2133,
in27,0.13507397114387765,
B14,0.43022819638476595,
B11,0.1061508011127324,
cn12,0.049808285222191606,
B54,0.0,
B51,0.12000912040173933,
os4,0.31021907598302656,
