,job1056_scenario1_2862,job1057_scenario1_2864,
in27,0.3713941388860904,0.21689907444988743,
B14,0.4265301233234998,0.3137890284980353,
B11,0.3713941388860904,0.27515472099799526,
cn12,0.22925238792168046,0.13864392365888645,
B54,0.11274109482546457,0.0,
B51,0.35632928814395204,0.24358819331848752,
os4,0.3878958158234598,0.3137890284980353,
