,job519_scenario0_1028,job520_scenario0_1033,
in27,0.5719957915066329,0.2963607566940196,
B14,0.6653157930397722,0.41636987709575907,
B11,0.558137472217626,0.35066634835081933,
cn12,0.4414903324586033,0.17305369728627107,
B54,0.6781465926193654,0.46179472406427374,
B51,0.7070697626505107,0.41636987709575907,
os4,0.2848958818771977,0.0,
