,job470_scenario2_916,
in27,0.16543396737025412,
B14,0.22718744122388562,
B11,0.0,
cn12,0.06366660451119865,
B54,0.3240773952720336,
B51,0.09523313219070634,
os4,0.25387656009248577,
