,job317_scenario1_590,
in27,0.0,
B14,0.5934281125924749,
B11,0.456917315253366,
cn12,0.3449625104630798,
B54,0.4916607497334192,
B51,0.5120532996907754,
os4,0.13163338852820106,
