,job864_scenario4_1959,
in27,0.2786525483035189,
B14,0.01824175754268398,
B11,0.44846995392744987,
cn12,0.24001824080347883,
B54,0.0,
