,job423_scenario3_808,job424_scenario1_811,job425_scenario3_812,
in27,0.3645109652487093,0.30084436073751075,0.40802268155965704,
B14,0.5097900444187126,0.46627832810776493,0.44803657056508106,
B11,0.8151317115908316,0.7101874419312305,0.8853325467703794,
cn12,0.17288184956708585,0.0,0.0946266987760851,
B54,0.6684334723204921,0.6684334723204921,0.6951225911890921,
