,job119_scenario1_228,job122_scenario0_234,job123_scenario1_236,job124_scenario2_239,job125_scenario2_240,job126_scenario3_241,job127_scenario1_242,job128_scenario0_243,job129_scenario0_244,
in27,0.3488533834830666,0.17058861653321933,0.33235170654569723,0.2786525483035188,0.3034285365145519,0.5573050966070376,0.33235170654569723,0.19020995558128717,0.2046463607591511,
B14,0.6008168129179854,0.4279349633508994,0.6275059317865855,0.7475150521883249,0.8177158873678727,0.8177158873678727,0.6008168129179854,0.4576885261626545,0.4190542186626144,
B11,0.1768851854444632,0.0,0.15864342790177943,0.1270769002222717,0.14214175096440995,0.31728685580355886,0.15864342790177943,0.014436405177863931,0.04751505218832497,
cn12,0.4190542186626144,0.25032231228635116,0.4106068573366982,0.44719218751636425,0.46886250388480605,0.6275059317865855,0.4190542186626144,0.24708602062401108,0.24708602062401108,
B54,0.6275059317865855,0.49363849209583915,0.6590724594660933,0.6977067669661333,0.6275059317865855,0.6008168129179854,0.6977067669661333,0.5390633390643538,0.5573050966070376,
