,job758_scenario4_1649,job759_scenario0_1652,
in27,0.23372167189223503,0.0,
B14,0.45062074634212235,0.3417856036625345,
B11,1.0008580631286277,0.5635620869233295,
cn12,0.8808489427268884,0.4270512895842207,
B54,0.5154938823064523,0.2905404922451118,
