,job516_scenario3_1020,job517_scenario0_1021,job518_scenario0_1022,
in27,0.3240773952720337,0.12679965987021413,0.12679965987021413,
B14,0.5640956360755125,0.3471965616256252,0.41739739680517296,
B11,0.7543055916567997,0.33144602062936523,0.3170096154515014,
cn12,0.405452208173733,0.0,0.006790539468474743,
B54,0.22718744122388568,0.0952331321907064,0.10717832082214629,
