,job507_scenario0_1002,job510_scenario3_1007,job514_scenario3_1018,job516_scenario3_1020,job517_scenario0_1021,job518_scenario0_1022,
in27,0.0,0.3043494778501078,0.3043494778501078,0.22297466494840845,0.025696929546588976,0.025696929546588976,
B14,0.33103859671870794,0.6096911450222269,0.4398737393982958,0.48968202462048743,0.27278295017060006,0.34298378535014795,
B11,0.35581458492974105,0.9199102210052534,0.6798919802017747,0.799901100603514,0.3770415295760796,0.3626051243982158,
cn12,0.22927123385965242,0.5830020261536266,0.6412576727017346,0.6412576727017346,0.23580546452800166,0.2425960039964763,
B54,0.09102035591522917,0.21102947631696856,0.10608520665736754,0.1843403574483684,0.052386048415189124,0.06433123704662902,
