,job98_scenario1_192,job104_scenario1_203,job105_scenario1_204,
in27,0.06366660451119854,0.0,0.013858319289006937,
B14,0.2854430877719935,0.2854430877719935,0.32407739527203355,
B11,0.13386743969074644,0.11347488973339004,0.049808285222191606,
cn12,0.036977485642598396,0.028923170031145307,0.05430559165679971,
B54,0.49389480089596455,0.444086515673773,0.3738856804942252,
