,job197_scenario1_351,job199_scenario2_355,job200_scenario1_356,job201_scenario0_357,job202_scenario1_360,job203_scenario1_363,job204_scenario1_364,job205_scenario0_365,
in27,0.12000912040173939,0.16543396737025395,0.10717832082214607,0.006790539468474521,0.09523313219070617,0.14893229043288458,0.16543396737025395,0.0,
B14,0.4938948008959644,0.537406517206912,0.4938948008959644,0.4054522081737328,0.4938948008959644,0.59566216375502,0.5142873508533206,0.41739739680517274,
B11,0.5142873508533206,0.5142873508533206,0.44408651567377283,0.331446020629365,0.47565304335328057,0.47565304335328057,0.5142873508533206,0.3738856804942251,
cn12,0.331446020629365,0.3942782304515812,0.41739739680517274,0.18367572491293782,0.3556439229515411,0.3556439229515411,0.33914224601417176,0.1869120165752779,
B54,0.5142873508533206,0.5640956360755123,0.8743147120585388,0.44408651567377283,0.59566216375502,0.6342964712550601,0.7543055916567994,0.41739739680517274,
