,job398_scenario0_750,job401_scenario0_764,
in27,0.0,0.019621339048067954,
B14,0.6066799984668607,0.5961836598205704,
B11,0.29646092248383404,0.3280274501633418,
cn12,0.12395917529304767,0.12395917529304767,
B54,0.6715531344311906,0.6880548113685601,
