,job859_scenario1_1940,
in27,0.0,
B14,0.06532342636864008,
B11,0.3053416671721189,
cn12,0.24503704330363707,
B54,0.4253507875738583,
