,job469_scenario2_915,job470_scenario2_916,job471_scenario4_917,job472_scenario0_918,
in27,0.10615080111273256,0.15157564808124735,0.1902099555812874,0.0,
B14,0.6867481141256144,0.6284924675775065,0.7253824216256545,0.43828251199621937,
B11,0.5849807512665588,0.5213141467553604,0.8453915420273939,0.40130502635362086,
cn12,0.4556106180104206,0.4649716308648195,0.5213141467553604,0.2779979669458723,
B54,0.5351724660443673,0.6053733012239151,0.5351724660443673,0.4151633456426279,
