,job406_scenario1_775,job409_scenario1_783,job410_scenario2_785,job411_scenario1_786,
in27,0.15157564808124718,0.0813748129016994,0.12000912040173944,0.1061508011127325,
B14,0.169817405623931,0.2715847684829866,0.31021907598302667,0.3600273612052182,
B11,0.169817405623931,0.13507397114387776,0.169817405623931,0.12000912040173944,
cn12,0.0597044965332576,0.0,0.04980828522219172,0.03156652767950774,
B54,0.2715847684829866,0.2400182408034789,0.2400182408034789,0.2400182408034789,
