,job760_scenario1_1654,job761_scenario1_1655,job763_scenario1_1658,job764_scenario3_1660,
in27,0.05825564654810789,0.0,0.026689118868600148,0.12000912040173939,
B14,0.5565338856977493,0.5382921281550654,0.5565338856977493,0.8169446764585844,
B11,0.031257630964448224,0.08639361540185764,0.0023344609333029176,0.16776842830355698,
cn12,0.4017813308159567,0.4271637524416111,0.45691731525336615,0.4928672811865508,
B54,0.43652476529601003,0.4680912929755177,0.6267347208772971,0.3867164800738184,
