,job588_scenario1_1175,job591_scenario3_1185,job592_scenario2_1186,job593_scenario2_1188,job594_scenario1_1190,
in27,0.5846226610399123,0.6895669306995135,0.5846226610399123,0.5428686914291739,0.5846226610399123,
B14,0.6397586454773219,0.8095760511012529,0.8095760511012529,0.8095760511012529,0.5846226610399123,
B11,0.6193660955199656,0.8095760511012529,0.5846226610399123,0.6397586454773219,0.6011243379772817,
cn12,0.03307864701046126,0.12770534578654635,0.08595137617580784,0.0,0.03307864701046126,
B54,0.7211334583790212,0.5556994910087671,0.6895669306995135,0.6895669306995135,0.8797768862808006,
