,job539_scenario4_1086,
in27,0.1503691166281158,
B14,0.522341666464774,
B11,0.5805973130128819,
cn12,0.0,
B54,0.40233254606303454,
