,job568_scenario2_1146,
in27,0.020392549957356176,
B14,0.3804199111625744,
B11,0.08526568592168615,
cn12,0.0,
B54,0.2400182408034789,
