,job98_scenario1_192,job104_scenario1_203,job105_scenario1_204,
in27,0.06366660451119854,0.0,0.013858319289007048,
B14,0.16543396737025412,0.16543396737025412,0.20406827487029416,
B11,0.20406827487029416,0.18367572491293793,0.12000912040173944,
cn12,0.03697748564259851,0.028923170031145307,0.05430559165679971,
B54,0.37388568049422516,0.3240773952720336,0.2538765600924858,
