,job410_scenario2_785,job415_scenario0_794,job417_scenario4_799,
in27,0.1270769002222717,0.0,0.24708602062401108,
B14,0.8524593218479259,0.6355602473980386,0.7324502014461864,
B11,0.7120576514888303,0.5573050966070376,0.8524593218479259,
cn12,0.592048531087091,0.4222311254631599,0.6938158939461465,
B54,0.3520302902836121,0.20533205101327257,0.4720394106853516,
