,job248_scenario1_449,job252_scenario3_458,job254_scenario1_461,job255_scenario0_462,
in27,0.15864342790177954,0.2519634294349188,0.13195430903317928,0.0,
B14,0.26041079076083495,0.3221642646144665,0.34885338348306666,0.14040167035909557,
B11,0.14040167035909557,0.34885338348306666,0.15864342790177943,0.011945188631439896,
cn12,0.2519634294349188,0.363918234225205,0.27865254830351893,0.08214602381098757,
B54,0.4421733850162059,0.4688625038848061,0.5888716242865455,0.32216426461446657,
