,job469_scenario2_915,job470_scenario2_916,job473_scenario1_920,
in27,0.40647366578469313,0.4518985127532079,0.43539683581583843,
B14,0.9523275443175218,0.8940718977694138,0.8323184239157824,
B11,0.8505601814584661,0.7868935769472676,0.8505601814584661,
cn12,0.040447272367792886,0.04980828522219172,0.0,
B54,0.920761016638014,0.9909618518175618,0.920761016638014,
