,job924_scenario1_2124,job925_scenario2_2130,job926_scenario4_2132,
in27,0.4137265194473966,0.3383570448367764,0.4919816702383975,
B14,0.5186707891069977,0.5502373167865054,0.638679909508737,
B11,0.01506485074213837,0.0,0.31021907598302656,
cn12,0.31021907598302656,0.3383570448367764,0.4484699539274498,
B54,0.4484699539274498,0.5186707891069977,0.638679909508737,
