,job533_scenario3_1074,
in27,0.2024626692720234,
B14,0.569557810297774,
B11,0.6895669306995134,
cn12,0.0,
B54,0.5428686914291738,
