,job496_scenario2_979,job497_scenario2_980,job498_scenario1_981,
in27,0.0,0.056342515890540956,0.056342515890540956,
B14,0.2337216718922348,0.2337216718922348,0.19508736439219476,
B11,0.3537307922939743,0.3804199111625744,0.36656159187356746,
cn12,0.32011528729409255,0.3306116259403828,0.2677794161181666,
B54,0.5004290315643138,0.8106481075473404,0.47373991269571364,
