,job680_scenario0_1428,job681_scenario1_1429,job682_scenario4_1430,
in27,0.0977407496809084,0.23665626016076208,0.37052369985150846,
B14,0.17095273141582235,0.44072453503105624,0.44072453503105624,
B11,0.1378740844053612,0.34383458098290826,0.30032286467196057,
cn12,0.0,0.2007062942275774,0.21188027194972897,
B54,0.010496338646290182,0.21188027194972897,0.30032286467196057,
