,job506_scenario2_1001,job507_scenario0_1002,job508_scenario1_1003,
in27,0.16783868051099904,0.0,0.1527738297688609,
B14,0.8368785862461126,0.6782351583443331,0.8368785862461126,
B11,0.2368329842374155,0.10296554454666929,0.2368329842374155,
cn12,0.3070338194169633,0.09643131387831994,0.25995215059100696,
B54,0.9568877066478518,0.716869465844373,0.7870703010239208,
