,job167_scenario0_300,job170_scenario1_306,job171_scenario2_308,job174_scenario4_313,job176_scenario2_315,job177_scenario2_316,job178_scenario1_318,
in27,0.5512648364959192,0.7130279265083971,0.6593287682662188,0.9379813165697375,0.6979630757662587,0.7681639109458065,0.6841047564772518,
B14,0.6095204830440271,0.7681639109458065,0.7295296034457666,0.849538723847506,1.0081821517492853,1.0081821517492853,0.8179721961679982,
B11,0.46531346032011156,0.6277622405867109,0.6481547905440672,0.8179721961679982,0.6481547905440672,0.5930188061066577,0.5779539553645194,
cn12,0.0,0.156986606044338,0.20406827487029433,0.2689414108346241,0.1743147120585391,0.19357193622400393,0.18367572491293815,
B54,0.6481547905440672,0.849538723847506,0.849538723847506,1.1281912721510248,0.8179721961679982,0.849538723847506,0.7295296034457666,
