,job326_scenario4_605,job331_scenario4_615,
in27,0.0,0.0617534738536315,
B14,0.038634307500040044,0.12000912040173939,
B11,0.5390633390643538,0.46886250388480605,
cn12,0.24001824080347878,0.2647942290145119,
B54,0.7088807446882848,0.6590724594660933,
