,job302_scenario0_561,job304_scenario3_565,job305_scenario1_566,job306_scenario2_567,job307_scenario0_569,job308_scenario3_570,
in27,0.0,0.3306116259403829,0.12654335107008874,0.17196819803860341,0.0,0.38041991116257445,
B14,0.27030700207190106,0.42393162747352214,0.3456764766825212,0.42393162747352214,0.2808033407181913,0.5208215815216701,
B11,0.23372167189223503,0.4821872740216301,0.4008124611199307,0.31675330665137597,0.22566735628078183,0.6408307019234095,
cn12,0.07673506584789713,0.3456764766825212,0.25104977790643623,0.29197731844034286,0.08352560531637176,0.38041991116257445,
B54,0.2604107907608352,0.4008124611199307,0.6408307019234095,0.45062074634212235,0.2808033407181913,0.38041991116257445,
