,job780_scenario0_1703,job781_scenario0_1704,
in27,0.2538765600924856,0.23348401013512943,
B14,0.2943238324602784,0.335251372994185,
B11,0.006790539468474521,0.0,
cn12,0.11029798293284454,0.11029798293284454,
B54,0.38895053123636336,0.3600273612052181,
