,job377_scenario0_703,job379_scenario1_706,job383_scenario0_713,job384_scenario1_716,job386_scenario1_719,
in27,0.007368625357331737,0.12000912040173961,0.0,0.10615080111273256,0.12000912040173961,
B14,0.4649716308648195,0.5667389937238749,0.4748678421758854,0.6551815864461066,0.7751907068478461,
B11,0.5351724660443672,0.6551815864461066,0.5425410914016988,0.6867481141256144,0.670246437188245,
cn12,0.12265247805010204,0.31622441427410586,0.1329408448241003,0.30632820296304,0.2796390840944398,
B54,0.6284924675775065,0.8067572345273538,0.6413232671570996,0.8453915420273939,0.8067572345273538,
