,job314_scenario1_582,job318_scenario0_592,job319_scenario1_594,job320_scenario1_596,job324_scenario3_601,job325_scenario0_602,
in27,0.17826476694984728,0.01283079957959321,0.1617630900124779,0.10806393177029949,0.2982738873515868,0.0,
B14,0.2849491172147627,0.1748362081240894,0.3053416671721191,0.3551499523943107,0.47515907279604996,0.14669823927033954,
B11,0.45691731525336615,0.30534166717211897,0.47515907279604996,0.45691731525336615,0.735569863556885,0.29148334788311203,
cn12,0.32846083352571054,0.1649399968130234,0.3127102925294506,0.3755425023516668,0.45691731525336615,0.1649399968130234,
B54,0.6155607431551456,0.4114924682848515,0.5453599079755979,0.47515907279604996,0.5453599079755979,0.3755425023516668,
