,job761_scenario1_1655,job763_scenario1_1658,job764_scenario3_1660,job765_scenario4_1663,
in27,0.1359043639244878,0.16259348279308794,0.2559134843262272,0.352803438374375,
B14,0.6382465261463686,0.6564882836890523,0.9168990744498874,0.7266891188686002,
B11,0.2199635183930424,0.1359043639244878,0.30133833129474186,0.30133833129474186,
cn12,0.0,0.02975356281175512,0.06570352874494001,0.0946266987760852,
B54,0.758255646548108,0.9168990744498874,0.6768808336464085,0.7266891188686002,
