,job142_scenario3_262,job147_scenario3_273,job148_scenario1_274,job149_scenario4_275,job150_scenario2_276,
in27,0.28352995711442636,0.38041991116257434,0.28352995711442636,0.31021907598302656,0.22177648326079485,
B14,0.4302281963847659,0.38041991116257434,0.24001824080347867,0.38041991116257434,0.31021907598302656,
B11,0.5004290315643137,0.5004290315643137,0.31021907598302656,0.5004290315643137,0.22177648326079485,
cn12,0.12000912040173928,0.19020995558128712,0.0,0.07020083517954778,0.009896211311065883,
B54,0.28352995711442636,0.28352995711442636,0.3417856036625343,0.3417856036625343,0.24001824080347867,
