,job25_scenario2_52,job28_scenario2_56,job29_scenario0_59,job30_scenario4_63,job31_scenario2_64,job32_scenario3_66,job33_scenario4_68,
in27,0.5358270474020137,0.5091379285334137,0.4158179270002743,0.6291470489351529,0.5219687281130068,0.6558361678037532,0.6558361678037532,
B14,0.7758452882054925,0.6874026954832609,0.4562651993680671,0.5673935750815216,0.6558361678037532,0.5856353326242053,0.6874026954832609,
B11,0.2406728221611255,0.27541625664117875,0.10559885101724775,0.4158179270002744,0.27541625664117875,0.46562621222246603,0.46562621222246603,
cn12,0.1869736639189471,0.1869736639189471,0.0,0.27223934984063325,0.16873190637626323,0.27223934984063325,0.3069827843206865,
B54,0.726037002983301,0.6291470489351529,0.4971927399019737,0.6874026954832609,0.6060278825815615,0.6291470489351529,0.6874026954832609,
