,job230_scenario1_417,job232_scenario0_420,job234_scenario1_423,job235_scenario1_425,
in27,0.11321858093326487,0.0,0.10038778135367155,0.1270769002222717,
B14,0.5839942154756379,0.39378425989435073,0.5839942154756379,0.51379338029609,
B11,0.5341859302534462,0.35134460002949064,0.5341859302534462,0.5341859302534462,
cn12,0.39378425989435073,0.20039739751251795,0.35134460002949064,0.39378425989435073,
B54,0.5573050966070376,0.41417680985170685,0.7040033358773772,0.5573050966070376,
