,job456_scenario0_887,job461_scenario1_896,
in27,0.11664713975902274,0.32071541462931685,
B14,0.37052369985150846,0.5607336554327957,
B11,0.2891488869498091,0.5024780088846879,
cn12,0.0,0.17095273141582246,
B54,0.25051457944976907,0.44072453503105624,
