,job237_scenario1_432,job242_scenario0_439,job246_scenario1_443,job247_scenario1_448,job248_scenario1_449,job249_scenario3_450,
in27,0.3017717146571104,0.20298953890170945,0.3017717146571104,0.3156300339461172,0.3156300339461172,0.5058399895274044,
B14,0.7458582303308832,0.5922336049292621,0.7725473491994834,0.6841047564772518,0.6841047564772518,0.8427481843790312,
B11,0.24270258237033415,0.05986125214637861,0.2040682748702941,0.22231003241297798,0.2040682748702941,0.48272082317381293,
cn12,0.16543396737025406,0.0,0.14123606504807784,0.16543396737025406,0.15698660604433778,0.3240773952720335,
B54,0.7725473491994834,0.6027299435755524,0.7725473491994834,0.8925564696012227,0.7458582303308832,0.7458582303308832,
