,job257_scenario1_466,job258_scenario0_467,job259_scenario4_469,
in27,0.3891288081316743,0.30317743195586666,0.4860187621798222,
B14,0.3771836195002344,0.1869736639189472,0.3771836195002344,
B11,0.726037002983301,0.5921695632925547,0.8776126510645482,
cn12,0.14453400405408723,0.0,0.24331617980948816,
B54,0.9162469585645883,0.687402695483261,1.0362560789663275,
