,job282_scenario1_521,job287_scenario1_532,
in27,0.5271181504329139,0.5067256004755577,
B14,0.40710903003117455,0.45691731525336615,
B11,0.03786309659075171,0.05825564654810789,
cn12,0.00844736132591628,0.0,
B54,0.22807305217203888,0.22807305217203888,
