,job503_scenario0_997,job504_scenario4_998,job505_scenario2_999,
in27,0.16493999681302352,0.30534166717211897,0.37554250235166675,
B14,0.5552561192866637,0.6653690283773371,0.8057706987364328,
B11,0.0,0.3369081948516267,0.083031634759141,
cn12,0.36504616370537657,0.6471272708346534,0.5769264356551056,
B54,0.37554250235166675,0.6857615783346933,0.3906073530938051,
