,job146_scenario0_297,job147_scenario0_298,job150_scenario0_304,job151_scenario3_306,job152_scenario1_307,job153_scenario4_308,
in27,0.2811953753284864,0.2601604984516286,0.09431742643894991,0.2713936901831998,0.0,0.169817405623931,
B14,0.4777018998210177,0.473631014075758,0.36102478611102884,0.6083018850348266,0.4365247652960099,0.1826482052035242,
B11,0.29738815555079623,0.23108518731854488,0.1491445141612997,0.5381010498552787,0.0062965689112439716,0.24631480971472264,
cn12,0.2510084291543626,0.21741999304996917,0.07410818678232267,0.39985017191085553,0.1328399199813326,0.21689907444988732,
B54,0.6331684209222515,0.619201323865926,0.42005164356842506,0.519859292312595,0.29827388735158666,0.5769264356551056,
