,job399_scenario1_780,job404_scenario2_788,job405_scenario2_789,job406_scenario3_790,job407_scenario3_795,job408_scenario2_796,job409_scenario2_798,job410_scenario2_800,job411_scenario1_801,job412_scenario3_803,job413_scenario1_804,job414_scenario2_805,
in27,0.7774274273332981,0.7209110582367007,0.6655806032060192,0.7866283548984356,0.7503292038222734,0.6277109735264637,0.619805622001351,0.5704977684720036,0.4960435390873632,0.470964658618886,0.26977180361523395,0.3693883740596171,
B14,0.9428613947035522,0.9249793331069949,1.0361043030575277,0.868003167800135,0.7503292038222734,0.6277109735264637,0.7247498916609523,0.7070085658111125,0.47292437273377164,0.6611746142001732,0.3693883740596171,0.6297991648204522,
B11,0.8063505973644434,0.8049702127052554,0.8458943474762404,0.906637475300175,0.8085848503703814,0.6731358204949784,0.6749416064387606,0.5056246325076736,0.4960435390873632,0.6113663289779816,0.2809457813373855,0.33464493957956387,
cn12,0.4386270107744184,0.5263176644017366,0.41566615109147437,0.449720160046809,0.41699096148565534,0.2966067823523908,0.31491424523354233,0.2551100530579047,0.22240979328400268,0.1962029833353539,0.02975356281175512,0.0,
B54,0.7028431539000732,0.7347693775257076,0.8458943474762404,0.7164275197188879,0.727210037468682,0.6148801739468706,0.6749416064387606,0.5554329177298652,0.7129426135372505,0.5411654937984338,0.38978092401697334,0.26977180361523395,
