,job829_scenario4_1951,job831_scenario0_1957,job832_scenario1_1958,job833_scenario1_1959,
in27,0.4538566331705964,0.13590436392448757,0.20092471761711866,0.16819551905596514,
B14,0.6756331164313913,0.3399726387947817,0.4676320772891976,0.3197711671372122,
B11,0.7142674239314314,0.2697718036152339,0.3337646375984512,0.338012924679896,
cn12,0.4356148756279125,0.0,0.15741300130617103,0.06325124939636395,
B54,0.764075709153623,0.36309180514837325,0.5378329124687453,0.598423715440731,
