,job342_scenario0_650,job353_scenario2_665,job356_scenario0_674,job357_scenario0_677,job358_scenario2_679,job360_scenario0_681,job361_scenario1_682,job362_scenario0_683,job363_scenario3_689,job364_scenario0_690,job365_scenario1_692,job366_scenario3_693,job367_scenario2_695,job368_scenario2_696,
in27,0.49392650979280595,0.6143572298997916,0.4125252226995104,0.40610627226703877,0.5649519719017766,0.3564001585136696,0.452440495725996,0.27010621906788734,0.4145308156779255,0.23718846492263712,0.2560252982838843,0.2266981307339624,0.05287272916534658,0.07956184803394672,
B14,0.5854887646257361,0.7027998226220232,0.5823426283234414,0.5222245196487914,0.5761259496239282,0.4659129402691186,0.5659153854593859,0.4168044583382269,0.5078508172110647,0.34213273458223814,0.6427417783577026,0.3054295859872991,0.16093666093564607,0.28094578133738546,
B11,0.5356804794035444,0.5839972336734152,0.4872945699749063,0.3674719647669987,0.4495113635958853,0.4119122816236007,0.49642851649927944,0.3434267163581337,0.37978738119787225,0.2603076312762286,0.2839209486056158,0.32582213594465537,0.18794670030922433,0.40484577475911165,
cn12,0.3901101696133765,0.5125898670407361,0.26894664553986924,0.2639645213026286,0.434446512853747,0.2437596634692618,0.4164905297928112,0.20835274521425573,0.6047407712592128,0.08825617448975254,0.19427182443025282,0.3605655704247086,0.0,0.009361012854398942,
B54,0.8203383659981426,0.9428180634255021,0.7122479600362468,0.7510687827301187,0.8280893790588469,0.6777932122188477,0.7996370573516209,0.615895158607799,0.5908824519702058,0.5025891273517702,0.6743083060372104,0.5507755260059959,0.439589209239165,0.7498082852221915,
