,job1030_scenario2_2751,
in27,0.3697384986741129,
B14,0.0,
B11,0.04668862311149313,
cn12,0.2709563229187121,
B54,0.573806773544407,
