,job529_scenario1_1087,job533_scenario4_1094,
in27,0.10339808816641638,0.09688995404814793,
B14,0.5905023495939064,0.2555333819499274,
B11,0.5406940643717146,0.4253507875738584,
cn12,0.38205063646993515,0.21689907444988737,
B54,0.2851606824217872,0.0,
