,job158_scenario0_319,job160_scenario1_323,job161_scenario1_324,job162_scenario2_325,job164_scenario1_329,job165_scenario1_331,job166_scenario2_333,job167_scenario3_334,
in27,1.0430562032072472,1.4980340143981328,1.0271496020884412,0.9997645039833376,1.0722715567995118,0.9272124947165468,0.7025512882163256,0.9066195630866198,
B14,1.016367084338647,1.1176141032355584,1.0538387209570412,1.2784170522868565,1.0722715567995118,0.8924690602364935,0.8097296090384718,0.9066195630866198,
B11,0.7605983025389083,0.8593541048893958,1.0538387209570412,0.8481888559020905,0.7438107232738013,0.5578241206569297,0.49145621744399215,0.5964004871035933,
cn12,0.1830680185422735,0.30431454168207783,0.36054827980530035,0.301596654020689,0.2718027948256245,0.10585861755161319,0.0,0.14312828675533074,
B54,0.7532296771815767,0.789153269709848,1.0538387209570412,0.7983805706798989,0.7936190084959929,0.687194253913068,0.7164096075053326,0.5261996519240455,
