,job870_scenario0_2060,job874_scenario1_2069,job875_scenario2_2071,job876_scenario2_2077,
in27,0.15278842912823443,0.16816205776563037,0.17729685546922608,0.049808285222191634,
B14,0.19292176385268722,0.34847580203585166,0.5142050503208528,0.3284608335257104,
B11,0.22600041086314837,0.32178668316725145,0.20398597433782617,0.061753473853631585,
cn12,0.04515146813626003,0.12352241197451114,0.1244241263038795,0.0,
B54,0.3988822604302343,0.468484922437591,0.3239950947395656,0.10350744346436999,
