,job541_scenario0_1110,job544_scenario2_1114,job546_scenario2_1119,job547_scenario0_1120,
in27,0.2500377266682343,0.45781137640828357,0.2982207195595382,0.14214175096441006,
B14,0.6873337028735326,0.8880395727930497,0.8168915086665359,0.5755468541497217,
B11,0.4231175597478777,0.6866556394896108,0.4954984549613577,0.30078517886618955,
cn12,0.1013720052839514,0.24935966328431247,0.16976423783188255,0.0,
B54,0.7371419880957242,0.786272209933994,0.9053341013887675,0.8359576449105566,
