,job111_scenario4_225,job115_scenario0_230,job116_scenario0_234,job117_scenario4_235,job119_scenario2_240,job120_scenario2_241,
in27,0.9258112720573997,0.49434306507194425,0.45133178045384076,0.562435222050266,0.4435985871907585,0.4854997745297981,
B14,0.47734131812994973,0.2739461633165333,0.27444659500937746,0.4492166411170012,0.3690143137575338,0.15171124178886974,
B11,0.9960121072369474,0.544151350294136,0.46465655059066474,0.8865126173222995,0.4725217572219038,0.40144062006124337,
cn12,0.30537312009134643,0.08030764890948827,0.0,0.297640993035754,0.0869332066282571,0.09122154407821692,
B54,0.9258112720573997,0.792616952423531,0.5778751315239294,0.6261018265614644,0.7676759824627921,0.7255180153332769,
