,job45_scenario1_96,job47_scenario0_98,job49_scenario0_101,job50_scenario1_103,job53_scenario0_108,job56_scenario1_113,job57_scenario2_114,job58_scenario3_116,job59_scenario1_118,job60_scenario2_120,job61_scenario4_122,
in27,0.696592332433637,0.45034120543502376,0.47508445889957057,0.5804269887831932,0.4561134138376095,0.47092749886854524,0.4536671485683067,0.5315183018405311,0.31345655650899784,0.23665626016076213,0.26894741529223964,
B14,1.0566196936388552,0.8862465190403159,0.920377506026475,0.8639569458976197,0.8192052189859828,0.7672882555625649,0.8136945097735249,0.8733039055030654,0.6125016547698728,0.8709527314158222,0.649367326454814,
B11,0.7779671453353364,0.6848625857368771,0.6182127456549014,0.7502443944071241,0.5286074820510239,0.6611374544498325,0.6669962705031854,0.8417373778235575,0.4117953605422955,0.3318893923514683,0.5791664912752661,
cn12,0.3857731291153862,0.20169839084096064,0.17840670913271384,0.3205513964790254,0.14263461040530923,0.263924635729724,0.1937915562641389,0.19256112966853023,0.059136624694408724,0.0,0.15883450620156614,
B54,1.088186221318363,0.9950816617199036,0.920377506026475,1.042221712847467,0.8072600303545427,0.932722222932819,0.8340870597308812,0.7715365426440097,0.8525198955733517,0.9909618518175616,0.7693764468565534,
