,job561_scenario4_1170,
in27,0.07649740409079164,
B14,0.09688995404814787,
B11,0.0,
cn12,0.07649740409079164,
B54,0.2168990744498873,
