,job847_scenario3_2001,job849_scenario3_2003,
in27,0.03137544937972103,0.0,
B14,0.6202470736662665,0.5888716242865455,
B11,0.28333887881463987,0.3719725498366581,
cn12,0.3663705135737808,0.3102190759830266,
B54,0.31002799768324,0.3284608335257104,
