,job265_scenario0_519,job267_scenario0_522,job270_scenario0_528,job274_scenario0_534,job278_scenario0_538,job280_scenario1_541,job286_scenario0_550,job287_scenario2_554,job288_scenario2_557,job290_scenario1_560,job292_scenario2_562,job294_scenario4_564,job295_scenario0_566,job296_scenario3_567,job297_scenario1_569,job298_scenario2_571,job299_scenario1_573,job300_scenario0_574,
in27,1.0109430051168906,1.0092576833076237,0.9448447928344899,0.9579790793754189,0.9425391699017555,1.0062856133930214,0.9098099713406019,0.932900198906942,0.9525958058951942,0.9508326030565684,0.8896084996830325,0.9015247495272208,0.7719345357051709,1.159475394480326,0.7501401797457603,0.7250902380645348,0.5791604868176505,0.4113218063066516,
B14,1.0544547214278384,1.0462351689502223,1.0648539132362291,1.0548690334235669,1.0096755611381485,1.0915512993147072,0.9248748220827403,1.1546766821677368,1.029093209985986,1.0006408882787599,1.0798184552643197,0.9717255847067686,0.7719345357051709,0.8808228461768072,0.7613141574679119,0.9153001936458219,0.5640956360755123,0.5254613285754721,
B11,0.8642447658465511,0.8479708977574819,0.8223080864790161,0.7740656927053756,0.7863869585464001,0.8724181737022748,0.7511665434388225,0.7990327592161955,0.7287703453140253,0.7921891751547888,0.6993985441017452,0.8628904420271808,0.5515376339497599,0.9692654388990388,0.7030585109198041,0.549945133225386,0.5640956360755123,0.27699572644607706,
cn12,0.5906110200431907,0.5661986873432645,0.5785663352233095,0.5473722220387208,0.5319323125650574,0.6778247798673107,0.4468170655887149,0.6325773342349813,0.6087612249122859,0.5908052418513501,0.5577191073315642,0.6846256750773334,0.2950177162089117,0.6092380776938207,0.38478511932532433,0.3446703269019603,0.14893229043288458,0.0,
B54,1.1246555566073861,1.11643600412977,1.0753502518825195,1.0443726947772767,1.1208039368516027,1.1466872837521167,0.9695144678738595,1.1546766821677368,1.1308605728450414,1.0441526045897076,1.048251927584812,1.2117438255102475,0.8190162045311271,1.0394662740785867,0.9901584205492391,0.8766658861457819,0.804113876878991,0.5037910122070304,
