,job444_scenario1_890,
in27,0.6471272708346534,
B14,0.735569863556885,
B11,0.7088807446882848,
cn12,0.0,
B54,0.6653690283773371,
