,job382_scenario0_733,job389_scenario0_752,job394_scenario4_764,job396_scenario1_767,job397_scenario1_777,job398_scenario1_779,job399_scenario1_780,job400_scenario2_781,job401_scenario1_783,
in27,0.7875267700307834,0.7094193662615189,0.8359434771606151,0.7035816006828514,0.6670256698162136,0.5004290315643136,0.4582710644347985,0.38602194742545165,0.3609430669569744,
B14,0.31378685733506984,0.24373376917725853,0.2737609717426699,0.21701088840754446,0.10484316439826824,0.0,0.12327600024073881,0.06385768281098503,0.12092482615349576,
B11,0.7440150537198357,0.7094193662615189,0.8128243108070237,0.8107599215049975,0.605272195962582,0.6342964712550601,0.48719423446594373,0.42777591703619006,0.3427013094142906,
cn12,0.6443984832754525,0.557189136822625,0.7426234756274759,0.6472390847923106,0.4768157142349264,0.43472550281937394,0.3594888886793976,0.3988527470050448,0.24093394655523515,
B54,0.5671298682753724,0.5672776152971089,0.5839800477256964,0.47035389934784716,0.344861405201747,0.2672013302293095,0.22504336309979422,0.2856341660717801,0.22269218901255117,
