,job189_scenario0_368,job193_scenario0_378,job194_scenario0_380,job196_scenario2_385,job198_scenario0_387,job199_scenario1_388,job200_scenario1_390,job201_scenario3_391,job204_scenario0_399,job205_scenario1_401,job206_scenario1_402,job207_scenario0_406,job208_scenario2_407,job209_scenario1_408,
in27,1.0078775180546298,0.9120203926829362,0.94054423628257,0.9521648735799679,0.8656215597859338,1.1628211512362092,0.9355009698128167,1.0189959215117743,0.7815888140776218,0.79709616369729,0.8663775193717838,0.5538072693015139,0.6038066328234923,0.6038066328234923,
B14,1.0861326688456308,1.0439747017161156,0.9266859169935631,1.2219366771952018,1.0183953895547944,1.0263103538971003,0.9459973084591069,1.0189959215117743,0.8675401902534295,0.9276016227453195,0.8663775193717838,0.5942545416693068,0.692249225545724,0.6220483903661761,
B11,0.6825935913294648,0.6200430742425936,0.6453900110416819,0.8730832937121351,0.6478716897032859,0.7325929548514432,0.6855865176982718,0.7270186030714316,0.5138093979594552,0.6671908319844846,0.5107335964202425,0.250956818675819,0.19182019398141015,0.35534103069409717,
cn12,0.4320790118796958,0.3832611251014548,0.40537177023820337,0.5748094063605484,0.3410811725460172,0.476073037110595,0.5388882784279323,0.6070094826696922,0.22041291941877617,0.33028263713285777,0.3161402025852783,0.0,0.04512195471107061,0.08170728489073675,
B54,0.9043700745902598,1.0439747017161156,0.8703434011030224,1.1019275567934623,0.8716971502844548,1.011245503154962,0.9073630009590667,0.8989868011100349,0.7742201887202903,0.7235333478750254,0.7009435520015296,0.5039989840793224,0.5455509862753845,0.8824591811270112,
