,job1000_scenario3_2612,
in27,0.16981740562393105,
B14,0.09961657044438316,
B11,0.3600273612052182,
cn12,0.2400182408034788,
B54,0.0,
