,job78_scenario1_165,job81_scenario0_173,job82_scenario2_174,job84_scenario1_177,
in27,0.8866233125793779,0.5631799303237559,0.5634616230591007,0.4877327069917643,
B14,0.9568241477589257,0.6155158014996819,0.753671578640388,0.7126860970531048,
B11,0.7168059069554469,0.37296997474246874,0.45851735339949967,0.2557687817997386,
cn12,0.36414717110756023,0.06527848471317643,0.20343426185388258,0.0,
B54,0.7399250733090383,0.28910394529434535,0.41676338378876115,0.44597873738102584,
