,job1039_scenario0_2785,
in27,0.36255494715895253,
B14,0.0,
B11,0.39009486166031315,
cn12,0.27928099386779326,
B54,0.5161795725605737,
