,job629_scenario4_1293,job631_scenario0_1295,job632_scenario1_1305,job634_scenario0_1311,job635_scenario0_1313,job636_scenario3_1314,
in27,0.5460719048754663,0.34364290797922964,0.45024316489490707,0.2047743746305814,0.13333389053856337,0.34771965138867245,
B14,0.5278301473327824,0.29383462275703814,0.25373664040237603,0.151075216388403,0.006534230668349239,0.29791136616648073,
B11,0.6478392677345219,0.34364290797922964,0.43200140735222325,0.18970952388844303,0.19020995558128728,0.3792861790681802,
cn12,0.5113284703954131,0.22687007923983032,0.30354492562456764,0.04613094672880197,0.0,0.29791136616648073,
B54,0.6478392677345219,0.41384374315877753,0.4706357148522633,0.25991035906799087,0.2337216718922349,0.2592770586664407,
