,job923_scenario4_2246,job924_scenario1_2248,
in27,0.357300744808983,0.3055327454719058,
B14,0.0,0.1588345062015662,
B11,0.527118150432914,0.37573358065145357,
cn12,0.31866643730894295,0.08863367102201847,
B54,0.7173281060142012,0.3055327454719058,
