,job578_scenario0_1204,job582_scenario2_1212,job583_scenario3_1213,
in27,0.8809354177336503,0.629147048935153,0.7056444530259447,
B14,0.8809354177336503,0.6874026954832608,0.726037002983301,
B11,1.02763365700399,0.7491561693368924,0.8256535734276841,
cn12,0.14065999308504296,0.0,0.2786525483035188,
B54,1.0592001846834975,0.9660552437867798,0.9274209362867397,
