,job435_scenario2_869,job436_scenario2_872,
in27,0.4803467295520871,0.30285045062569527,
B14,0.47189936822617096,0.31090476623714836,
B11,0.9990175186590848,0.7180137962683228,
cn12,0.1192406323782842,0.0,
B54,0.9603832111590449,0.7411329626219143,
