,job57_scenario2_110,
in27,0.3218433441094884,
B14,0.20183422370774906,
B11,0.37165162933167994,
cn12,0.2720350588872968,
B54,0.0,
B51,0.2720350588872968,
os4,0.7520715404942544,
in4,0.30798502482048146,
B33,0.4734189921907356,
sh10,0.5618615849129671,
in22,0.632062420092515,
