,job31_scenario0_67,
in27,0.12654335107008863,
B14,0.20010616689235317,
B11,0.13333389053856337,
cn12,0.0,
B54,0.2754756415029733,
B51,0.08526568592168615,
os4,0.1719681980386033,
in4,0.035457400699494546,
B33,0.23372167189223492,
sh10,0.3306116259403828,
in22,0.22177648326079497,
