,job705_scenario4_1556,
in27,0.038634307500040044,
B14,0.2786525483035189,
B11,0.15864342790177946,
cn12,0.0,
B54,0.2786525483035189,
B51,0.2786525483035189,
os4,0.15864342790177946,
in4,0.2786525483035189,
B33,0.0,
sh10,0.018241757542683812,
in22,0.12000912040173944,
