,job0_scenario1_0,
in27,0.10350744346437002,
B14,0.18176259425537095,
B11,0.07458427343322477,
cn12,0.0,
B54,0.20845171312397115,
B51,0.07458427343322477,
os4,0.18176259425537095,
in4,0.07458427343322477,
B33,0.13825087794442326,
sh10,0.18176259425537095,
in22,0.10350744346437002,
