,job974_scenario0_2717,
in27,0.17635163629228023,
B14,0.27158476848298657,
B11,0.2400182408034789,
cn12,0.0597044965332576,
B54,0.2835299571144265,
B51,0.0,
os4,0.2400182408034789,
in4,0.2400182408034789,
B33,0.2963607566940197,
sh10,0.5004290315643138,
in22,0.2963607566940197,
