,job391_scenario2_765,
in27,0.07020083517954773,
B14,0.26041079076083495,
B11,0.16352083671268697,
cn12,0.0,
B54,0.26041079076083495,
B51,0.05634251589054079,
os4,0.03156652767950768,
in4,0.05634251589054079,
B33,0.3102190759830265,
sh10,0.5004290315643137,
in22,0.3102190759830265,
