,job295_scenario4_553,
in27,0.21689907444988737,
B14,0.24001824080347883,
B11,0.0,
cn12,0.1466982392703396,
B54,0.2982738873515868,
B51,0.09688995404814799,
os4,0.2982738873515868,
in4,0.38671648007381837,
B33,0.17826476694984733,
sh10,0.02668911886860026,
in22,0.26670735967207904,
