,job267_scenario3_491,
in27,0.12000912040173942,
B14,0.169817405623931,
B11,0.0813748129016994,
cn12,0.04980828522219166,
B54,0.0,
B51,0.24001824080347883,
os4,0.12000912040173942,
in4,0.24001824080347883,
B33,0.04980828522219166,
sh10,0.04980828522219166,
in22,0.169817405623931,
