,job1100_scenario2_3014,job1101_scenario2_3018,
in27,0.34850781321254015,0.16981740562393088,
B14,0.7925943288863131,0.5254613285754722,
B11,0.22849869281080087,0.0,
