,job1189_scenario1_3550,job1190_scenario0_3554,
in27,0.38412561755270846,0.0,
B14,0.38412561755270846,0.0667722763537898,
B11,0.38412561755270846,0.030186946174123763,
