,job523_scenario0_1035,job524_scenario0_1036,job525_scenario0_1039,job528_scenario0_1045,job529_scenario0_1046,job530_scenario1_1047,job531_scenario0_1053,job532_scenario0_1054,
in27,0.8624900618465332,0.8545542919560284,0.8485129725198164,0.7573154949404908,0.7551379672673879,0.8512195530288003,0.5663783443274585,0.49336125174378154,
B14,0.7130652061799584,0.6946330976431634,0.689869544618037,0.5608089704479597,0.5923883414639891,0.6952604666938762,0.3860646000572373,0.3537307922939743,
B11,0.37538580041904335,0.35412526039171477,0.34101616113497046,0.2772790133335332,0.2617767155236064,0.3962153684330012,0.08101416350528301,0.0,
