,job235_scenario0_460,job240_scenario0_468,job241_scenario0_469,job242_scenario1_470,job243_scenario0_472,job244_scenario2_473,job245_scenario0_479,job246_scenario0_480,job247_scenario1_481,job248_scenario4_482,job249_scenario1_483,job250_scenario1_484,job251_scenario0_485,job252_scenario1_486,job253_scenario3_487,job254_scenario1_489,job255_scenario1_491,job256_scenario1_493,job257_scenario4_494,job258_scenario0_495,job259_scenario0_496,job260_scenario1_497,job261_scenario3_499,job262_scenario1_500,
in27,0.4634892026608912,0.41949845140340725,0.37420115856492486,0.4949525713895725,0.3765524897571061,0.4906463757973132,0.3436190269837931,0.35880242344687974,0.46241432166747365,0.45362023306531374,0.4154001888124526,0.4509643793018582,0.2888914750309685,0.3590445271223477,0.505634217881092,0.31981927297945006,0.2871799799976708,0.3000025905390616,0.41144062281581323,0.11756969279969087,0.0668387617491496,0.17869040758860932,0.12000912040173939,0.0,
B14,0.7481470892554892,0.7223489020291023,0.7403041102686643,0.8549799325947907,0.6708763222173845,0.8645320562915384,0.6152037954667796,0.6354059944300247,0.7371759969510057,0.7718936246597934,0.71908503412713,0.7527360939589685,0.588614212367705,0.6875053606480581,0.7772189863640784,0.6686726564625167,0.580897379043328,0.6182759821335413,0.6900931711193321,0.40992380477909557,0.36373306759535246,0.45734295589212814,0.32846083352571054,0.3600273612052183,
B11,0.6884425927222316,0.659516692206886,0.6543527340928565,0.793226458741159,0.6535482162031833,0.7595877866319373,0.5697789484982649,0.5757014978967671,0.7371759969510057,0.8301492712079014,0.6554184296159314,0.6744809431679676,0.521841936013915,0.6875053606480581,0.9358624142658578,0.6686726564625167,0.5973990559806974,0.5400208313425403,0.8101022915210716,0.36528415898797634,0.3289896331152991,0.45734295589212814,0.6386799095087371,0.25825999834616264,
