,job45_scenario2_90,job48_scenario2_94,job49_scenario1_95,job52_scenario1_103,job54_scenario2_114,job55_scenario1_115,job56_scenario2_117,job57_scenario1_121,job58_scenario1_126,job59_scenario1_127,job60_scenario1_128,job61_scenario1_130,
in27,0.7404016703590957,0.773072960409435,0.7048243340701261,0.6497837742563235,0.5913660496609539,0.5670104741823044,0.5309041766493559,0.5128473362784527,0.3520255407210179,0.33415692868984337,0.2392844458955533,0.11371255149049564,
B14,0.6435117163109478,0.6846303676872034,0.5986735329573937,0.5564637727231843,0.49447609561280603,0.5422344859712713,0.5189589880179158,0.32263738069716547,0.19073875517087596,0.319092077947705,0.30295105040675185,0.0,
B11,0.7719681980386035,0.6965755563186433,0.7502491810386407,0.6764728931249235,0.6229325773404617,0.5959336442134497,0.5575932955179559,0.5911024870694536,0.3520255407210179,0.3689003631698966,0.2682076159266986,0.19020995558128728,
