,job913_scenario1_2119,job914_scenario1_2121,job915_scenario1_2123,job916_scenario1_2137,
in27,0.48398022929169016,0.49638922627037296,0.4292453623018955,0.0,
B14,0.7555649977746767,0.8413517367334528,0.7929436008648899,0.30194476470936293,
B11,0.653797634915621,0.6897760886522056,0.6294227641522029,0.2619308757039389,
