,job848_scenario0_1905,job849_scenario0_1908,job850_scenario1_1914,job851_scenario1_1915,job852_scenario2_1917,job853_scenario2_1918,job855_scenario3_1921,job856_scenario0_1926,job857_scenario1_1928,job858_scenario0_1931,
in27,0.5437910392733317,0.5312182720830261,0.609757326213852,0.5848318189926045,0.5133045167704502,0.5124247573495665,0.6283943704415568,0.2617767155236063,0.327622698021494,0.0,
B14,0.6251658521750312,0.5736579319478862,0.6880124770048529,0.6346401042147961,0.7533227575739291,0.6443790663827458,0.6599608981210645,0.33533953134587086,0.36236613250154726,0.07356281582226454,
B11,0.5437910392733317,0.5312182720830261,0.609757326213852,0.5998966697347429,0.5946793296721495,0.5661239155917448,0.7484034908432962,0.307201562492121,0.3441243749588634,0.021226944646338564,
