,job645_scenario0_1340,job646_scenario0_1342,job648_scenario0_1345,job651_scenario1_1358,job652_scenario1_1361,job653_scenario0_1363,job654_scenario4_1366,job655_scenario4_1376,job656_scenario0_1378,
in27,0.8068993460227533,0.8051730372411255,0.777162228871578,0.8295780579892529,0.7764550697270844,0.6360880366565935,0.8166925852338036,0.4701250983823203,0.18367572491293793,
B14,1.0539853666467645,1.0358302651902056,1.031038788964064,1.0899888487500877,1.0431624293991635,0.8934343834742735,1.0882773537167902,0.7652793236232086,0.5058399895274045,
B11,0.5851228627619584,0.611786174859293,0.6056880013902055,0.6709346300874733,0.609757326213852,0.46939029314336095,0.6580491573320242,0.33992853604935014,0.0,
