,job1032_scenario2_2681,
in27,0.0,
B14,0.15864342790177943,
B11,0.05369915824217836,
