,job1003_scenario1_2547,job1004_scenario1_2550,
in27,0.19254872687761637,0.0,
B14,0.7532823823104119,0.6244002599439943,
B11,0.7146480748103718,0.5745919747218027,
