,job193_scenario0_392,job194_scenario1_393,job195_scenario1_394,job196_scenario0_395,job199_scenario1_402,job200_scenario0_404,job201_scenario0_407,job203_scenario1_409,job205_scenario2_411,job206_scenario2_412,job207_scenario1_413,job208_scenario3_414,job209_scenario0_415,job210_scenario2_417,job211_scenario2_420,job212_scenario3_423,job213_scenario1_428,job214_scenario0_429,
in27,0.5946881012405403,0.6890138059408801,0.6716009845331765,0.5809347559637633,0.6174460356675272,0.5096951117582057,0.4823686530271062,0.6388345532557825,0.5762727111154156,0.5310258709605151,0.5571151804145906,0.6804853639156945,0.4292453623018955,0.4743734324190862,0.45070081671035783,0.651458863619292,0.10615080111273245,0.0,
B14,1.0264284169562599,1.2215429143368848,1.1120166228491732,1.0126750716794828,1.1249428470523732,1.0035899126541703,0.9716237068692684,1.0992496958146722,1.140368347190928,1.169705780469252,1.0398360035884036,1.1991561530226922,0.8981078661867015,1.1130533419278232,1.3062798006689822,1.0501205323245504,0.5684790743291892,0.4484699539274499,
B11,0.985981144588467,1.1513420791573368,1.1467600573292265,0.9795964246690216,1.0698068626149637,0.9537816274319786,0.9245420380433121,1.0209945450236715,0.9749343798206738,1.0293041101101565,0.9429460495402557,1.1493478678005005,0.842971881749292,0.9544099140260438,0.8911164550263546,1.1203213675040982,0.5502373167865053,0.4217808350588498,
