,job1148_scenario0_3296,job1149_scenario2_3297,
in27,0.0,0.10717832082214607,
B14,0.031186425303208032,0.35076651414063365,
B11,0.3658313648827719,0.4858404852845113,
