,job814_scenario0_1794,job817_scenario0_1803,job818_scenario0_1808,job819_scenario1_1809,job820_scenario3_1810,job821_scenario3_1811,job822_scenario4_1815,job823_scenario1_1816,job824_scenario1_1820,
in27,0.21234628785200815,0.16210662890908423,0.11243599260613668,0.20756057628524766,0.34123978763626545,0.3586538262352326,0.14862718821355686,0.06985526490902139,0.0,
B14,0.7256061189959151,0.649704860893805,0.5664187195909757,0.68487044149597,0.651458863619292,0.8275163301200387,0.5841830838135408,0.5591103187511837,0.32528392672516493,
B11,0.6123875380626504,0.5637534847179972,0.4996464432371859,0.6146696063164222,0.8416688192005792,0.8275163301200387,0.6073022501671322,0.6089186039733754,0.36002736120521817,
