,job283_scenario1_538,job284_scenario3_541,job285_scenario1_542,job288_scenario1_547,job289_scenario2_549,job290_scenario0_552,job291_scenario0_556,job292_scenario1_558,job293_scenario2_560,job295_scenario2_568,job296_scenario2_569,job297_scenario1_570,job298_scenario0_571,job299_scenario0_572,
in27,0.6935752510081712,0.7857289572371788,0.6870756576284267,0.6574208707379591,0.583554143258952,0.48072467450618617,0.4577549187703329,0.5631128019926419,0.5113509180616846,0.3326605104730754,0.2986995279903487,0.26167338525834927,0.0,0.021226944646338564,
B14,0.9207626922320569,0.9324271965075185,0.8568930632523576,0.8974391115414379,0.8571878890623126,0.7025011577669811,0.6550326541721523,0.753322757573929,0.9682682333150507,0.630934397824662,0.7427860436641217,0.4599376564510895,0.18367572491293804,0.22718744122388568,
B11,0.8425075414410559,0.9639937241870262,0.793226458741159,0.7924948418818367,0.795434415208681,0.6361911956074201,0.6079509853461961,0.6981867731365196,0.6896156850115319,0.47935874974341486,0.4476318184232334,0.38168250566008866,0.1489322904328847,0.1489322904328847,
