,job1057_scenario1_2793,job1058_scenario2_2797,
in27,0.3658838600100248,0.14040167035909573,
B14,0.41569214523221637,0.2919773184403429,
B11,0.26899390596187694,0.0,
