,job835_scenario1_1862,job841_scenario0_1885,job843_scenario4_1893,job844_scenario3_1896,job845_scenario3_1898,
in27,0.49880385035959307,0.21991388975704051,0.28489588187719783,0.23275021522720396,0.0,
B14,0.8313286069575427,0.5568220846086673,0.5916171305547009,0.41101498217705124,0.3298404150310945,
B11,0.7179369759720254,0.4403107915124516,0.5719957915066329,0.42296017080849113,0.5502373167865053,
