,job124_scenario0_263,job126_scenario0_268,job129_scenario2_273,job130_scenario0_274,job131_scenario1_275,job132_scenario0_276,job133_scenario2_278,job134_scenario2_279,job135_scenario1_281,job136_scenario1_283,job137_scenario1_284,job138_scenario0_285,job139_scenario1_286,job140_scenario2_289,job141_scenario1_290,job142_scenario0_295,
in27,0.5503807039904989,0.522746452629004,0.5800298179845425,0.4755733360169724,0.6294006561389455,0.5091029447789668,0.574043616714232,0.5078404443445821,0.5065139773019756,0.49261518996177006,0.4904078895126694,0.38158559016960325,0.45776859653089014,0.39181928376774533,0.3621644968772778,0.0,
B14,1.0291394191863708,1.0231754841933178,1.2187097274932794,1.0070749247035633,1.1645731221833127,0.9344537323528253,1.056764439888045,1.2167211890328669,1.0749930516311648,1.0001120013466163,0.9655669623087193,0.8735672604080008,0.9533202192842963,1.0571883121450827,0.8808352859842755,0.43729597620529825,
B11,0.9768035480104449,0.9568655220337567,1.0783080571341839,0.9240432899444223,1.0628057593242568,0.8920140724879652,0.9598744858398971,1.008269475908896,0.9865504589089331,0.9032220472984682,0.9859595122660756,0.7802472588748615,0.9329276693269402,0.8171700713416038,0.8373235696733279,0.3918711292367836,
