,job548_scenario0_1092,job549_scenario0_1093,job550_scenario0_1095,job553_scenario1_1098,job555_scenario1_1102,job556_scenario0_1103,job558_scenario3_1109,job559_scenario0_1112,job560_scenario0_1114,job561_scenario0_1117,job562_scenario1_1119,job563_scenario2_1123,job564_scenario1_1126,job565_scenario4_1127,
in27,0.45827186259829783,0.44072621062509915,0.45755467301459024,0.534863296452389,0.5689782780157273,0.39037034099491424,0.5773002308248293,0.32724854217895094,0.326105674788266,0.26129922941580624,0.33822328447639366,0.25440535968207434,0.0,0.10717832082214618,
B14,0.5423310170668526,0.527119826026957,0.5172591695478479,0.5931189430004968,0.5689782780157273,0.4512101633200632,0.7239984700951688,0.3747635943672759,0.3426073517256354,0.37451781034907095,0.38364813144490834,0.35934962934167547,0.06366660451119849,0.2538765600924857,
B11,0.47213018188730477,0.4747839548510309,0.45048689319405805,0.6317532505005369,0.5524766010783579,0.41813151630960205,0.5773002308248293,0.31392377204212696,0.2971825047571207,0.29148617558993,0.3671464545075389,0.27090703661944376,0.08405915446855472,0.20406827487029414,
