,job739_scenario0_1587,job741_scenario0_1593,job743_scenario0_1597,job744_scenario1_1598,job745_scenario3_1603,job746_scenario2_1605,job747_scenario1_1606,job748_scenario2_1609,job749_scenario0_1611,job750_scenario3_1613,job751_scenario1_1616,job752_scenario1_1618,
in27,0.4124577046111948,0.4002109615867717,0.3670632864370992,0.48691006220714567,0.5151747301831984,0.3859816748348589,0.39953590223557184,0.34747984851308106,0.1948314351295623,0.3939731282322535,0.1829419300050123,0.08303163475914088,
B14,0.32401511188896315,0.25980929122767626,0.20704027702993566,0.3117649573679968,0.37477305982410286,0.3859816748348589,0.3165042674764309,0.37416896738168115,0.081118883639067,0.42066224710085365,0.13943021369406466,0.0,
B11,0.4402188799258826,0.40757958694410334,0.381499691614963,0.501974912949284,0.7551929709866771,0.4744242675570905,0.4449607492040865,0.3603106480926742,0.24463972035175402,0.49086308228040143,0.30295105040675163,0.16709078922769563,
