,job1045_scenario3_2732,job1046_scenario1_2738,
in27,0.5174595080912721,0.12654335107008874,
B14,0.3658838600100248,0.0,
B11,0.6059021008135036,0.15546652110123405,
