,job353_scenario0_670,job354_scenario0_675,job355_scenario1_678,job356_scenario1_683,job357_scenario1_687,job360_scenario1_691,job361_scenario1_692,job362_scenario1_695,job364_scenario2_697,job365_scenario3_698,job366_scenario0_699,job367_scenario3_701,job368_scenario0_702,job369_scenario2_704,job370_scenario1_707,job371_scenario3_708,job372_scenario1_709,job373_scenario1_710,
in27,0.49384919888726747,0.45827186259829783,0.5775637934163297,0.5232404231862346,0.5238496467256945,0.5078391686359882,0.49904508003382836,0.4693902931433609,0.41719162515886016,0.5696065646097925,0.27680152722573315,0.5614490900475128,0.19930777399653998,0.3052898217030808,0.1925487268776162,0.3666176549179503,0.0,0.0,
B14,0.5535536954205251,0.5654501834204442,0.6477646285958775,0.5997378272770264,0.5736579319478861,0.5860943194269892,0.5541810644712378,0.4858919700807303,0.7412690204308937,0.5113509180616846,0.34357380357952294,0.491248254867965,0.29177697989691875,0.5453080625065596,0.2858687284107555,0.3666176549179503,0.06366660451119849,0.10717832082214618,
B11,0.5089140496294058,0.47213018188730477,0.6091303210958374,0.643249543587974,0.5554161744052022,0.5078391686359882,0.5541810644712378,0.4693902931433609,0.46261647212737483,0.6082408721098326,0.28386930704626534,0.6112573752697044,0.2551916497172527,0.3203546724452191,0.20761357761975455,0.3168093696957587,0.10717832082214618,0.06366660451119849,
