,job996_scenario0_2496,job999_scenario0_2516,job1000_scenario2_2522,job1001_scenario4_2529,
in27,0.4487013953458677,0.2704933858885206,0.36631255269862256,0.0,
B14,0.645207919838399,0.5252555569291597,0.6534124623280577,0.2400182408034789,
B11,0.27430742644782835,0.11541991050174982,0.13474167322106012,0.00844736132591628,
