,job632_scenario0_1311,job633_scenario0_1312,job635_scenario2_1316,job636_scenario0_1319,job637_scenario2_1320,job638_scenario1_1321,job639_scenario4_1324,job641_scenario0_1333,job642_scenario0_1334,job643_scenario0_1337,job644_scenario3_1338,job645_scenario0_1340,job646_scenario0_1342,job647_scenario1_1344,job648_scenario0_1345,job649_scenario3_1349,
in27,0.4073167359819393,0.41535127784460535,0.5522088388102377,0.3877742505674261,0.5161275683524745,0.48373081057925216,0.5235534310472126,0.29938873122061094,0.2888914750309684,0.2525969491582912,0.5100292285607373,0.19873738727543916,0.16492861939518372,0.21635186855509164,0.06004822228067486,0.06175347385363161,
B14,0.39027316012686886,0.4090547089333615,0.5104548691994992,0.3131899771342015,0.48943844948387427,0.4402190942683045,0.5235534310472126,0.24958044599841944,0.2390831898087769,0.21396264165825124,0.39002010815899785,0.13560433191642368,0.08536677136123716,0.14176759512186693,0.0037057063901342335,0.0,
B11,0.6618579286098554,0.6410186341253872,0.7589204713288944,0.6069073761798587,0.7765383591133095,0.7708307202086873,0.8724068145302794,0.4757403675128913,0.5106679582917635,0.4501755300969101,0.7886817768642561,0.37562257271990246,0.37020342571860937,0.4354849941675241,0.2872356635045607,0.39866166870525827,
