,job119_scenario0_253,job120_scenario1_256,job121_scenario2_260,job122_scenario1_261,job123_scenario4_262,job124_scenario0_263,job125_scenario1_266,job126_scenario0_268,job127_scenario3_270,job128_scenario1_272,job129_scenario2_273,
in27,0.4099902901744553,0.5106333210031588,0.4403107915124516,0.4041725972395384,0.4713949210606972,0.283924425212167,0.3663125526986225,0.17118333038670241,0.4187086483920881,0.023119166353591458,0.0,
B14,0.8970945516019453,1.0293041101101565,0.9856706994880495,0.8526425511669883,0.931810063619587,0.762683140408039,0.955184176985168,0.6716123619510161,0.7471694819177986,0.5417899554605892,0.6386799095087371,
B11,0.8018614194112389,0.9794958248879649,0.9589815806194493,0.8387842318779813,0.9086908972659955,0.710347269232113,0.7965407490833886,0.6053023997914551,0.8173703170973463,0.5417899554605892,0.4982782391496414,
