,job15_scenario0_37,job19_scenario1_45,job23_scenario1_51,job24_scenario2_52,job25_scenario1_55,job26_scenario1_56,job28_scenario3_58,job29_scenario1_60,job30_scenario1_62,job31_scenario1_63,job32_scenario0_64,job33_scenario4_65,job34_scenario1_68,job35_scenario1_70,job36_scenario4_71,
in27,0.22270205708455498,0.3042623019936671,0.2551369765413966,0.32471201600387284,0.23831298923052224,0.20519409444979675,0.3190574406591003,0.23694605413671715,0.18210402850385393,0.20065152826403992,0.02106507181324524,0.2096310488736125,0.06755835153241779,0.0,0.060595428175470645,
B14,0.35656949677530136,0.4381297416844135,0.37514609694313594,0.42647937886292847,0.3721804289212686,0.29363668717202834,0.37731308720720824,0.2755803616367572,0.3336796765851011,0.20065152826403992,0.07537066347004495,0.25943933409580416,0.20142579122316417,0.4569173152533661,0.1104037133976623,
B11,0.23656037637356192,0.3679289065048656,0.296890946152135,0.306470258461189,0.2837378361990369,0.2588932526919751,0.37731308720720824,0.29869952799034866,0.3021131489055934,0.1841498513266705,0.03492339110225218,0.3794484544975435,0.1516175060009725,0.05825564654810783,0.1104037133976623,
