,job177_scenario0_364,job179_scenario1_366,job180_scenario2_367,job181_scenario1_368,job183_scenario1_371,job185_scenario0_374,job186_scenario0_376,job188_scenario4_382,job189_scenario0_384,job191_scenario1_388,job192_scenario1_391,job193_scenario0_392,job194_scenario1_393,job195_scenario1_394,job196_scenario0_395,job197_scenario1_397,job198_scenario3_398,job199_scenario1_402,job200_scenario0_404,
in27,0.5934657693316507,0.7570910608005618,0.7527534432534629,0.6780961370188541,0.7176428061804919,0.559998757406155,0.5487769965958348,0.7068294778547567,0.5011172244635423,0.5581427001240045,0.5124247573495666,0.4253995418858771,0.5100292285607373,0.48169613117121723,0.37860775982355727,0.46543655790931576,0.6155088976861075,0.20797422701617096,0.0,
B14,0.8356348025498019,0.9473010163818489,0.9815977063347903,1.0269495205019208,0.9425961962418323,0.7977237651757673,0.8976303800789014,0.9468477186582355,0.7317744524126224,0.8248500597960834,0.8612781408326333,0.6486881444776254,0.834106623832771,0.7136600563632429,0.6018963624153055,0.6721481904279724,0.6857097328656553,0.507019325277046,0.2854430877719936,
B11,0.797000495049762,0.9655427739245328,0.8975385518662355,0.9220052508423197,0.9629887461991886,0.7646451181653061,0.7534233573549859,0.9468477186582355,0.6986958054021613,0.8248500597960834,0.7728355481104016,0.6082408721098327,0.763905788653223,0.7484034908432962,0.5688177154048444,0.7107824979280124,0.8057188532673947,0.45188334083963655,0.23563480254980196,
