,job689_scenario0_1452,job696_scenario1_1469,job697_scenario1_1470,job699_scenario0_1472,job700_scenario0_1478,job701_scenario1_1483,job702_scenario3_1484,job703_scenario1_1487,
in27,0.4582718625982978,0.4990450800338283,0.4360490475699341,0.33431632199948313,0.2184653046973648,0.25440535968207434,0.3827586824589033,0.0,
B14,1.053934026353318,1.0159757885355114,0.9901772373764262,0.9408961546765293,0.7921063179965926,0.9299794960855369,0.9329959992454087,0.5844881860328683,
B11,0.8054684242239227,0.8644001404542644,0.7999672817951391,0.6519040233398412,0.5614490900475124,0.5811261126024703,0.7427860436641215,0.41739739680517274,
