,job240_scenario0_468,job241_scenario0_469,job242_scenario1_470,job243_scenario0_472,job245_scenario0_479,job246_scenario0_480,job247_scenario1_481,job248_scenario4_482,job249_scenario1_483,job250_scenario1_484,job251_scenario0_485,job252_scenario1_486,job254_scenario1_489,job255_scenario1_491,job256_scenario1_493,job257_scenario4_494,job258_scenario0_495,job259_scenario0_496,job260_scenario1_497,job261_scenario3_499,job262_scenario1_500,job263_scenario2_501,job264_scenario2_503,job265_scenario4_504,
in27,0.6288659376855193,0.5841505811329561,0.7055204396396112,0.5884814623383559,0.5621877385472527,0.5786671659186345,0.6836996060806053,0.6764694816283802,0.6399797836778127,0.6774688607558226,0.5175503061048831,0.5901310304044225,0.5604762435139551,0.5372007455605996,0.5637283868029157,0.6847368863320976,0.40338374803459026,0.3697898121559015,0.5067142230577182,0.5719957915066329,0.4156921452322163,0.3689003631698965,0.12000912040173944,0.19020995558128723,
B14,0.4130455992042167,0.43158274372969785,0.5468770117378317,0.36413450569163675,0.3151017179232416,0.33659994779478164,0.43979049225713973,0.4760720841158622,0.42499383988549244,0.46056978630593526,0.29860225433462173,0.3999210748231353,0.39065883789002404,0.31224735549925914,0.3633309892903977,0.44471864552861873,0.1770670709069973,0.1480133288951065,0.26669598225423935,0.2617767155236063,0.25704871733043694,0.21025693526811717,0.12000912040173944,0.0,
B11,0.6288659376855193,0.6242839158574089,0.763776086187719,0.6254589479809544,0.5483294192582457,0.555547999565043,0.7184430405606586,0.812980278967489,0.6399797836778127,0.6609671838184532,0.5104825262843509,0.6785736231266541,0.6693113861935429,0.6074015807401474,0.5637283868029157,0.843380314233877,0.411079973419397,0.3919224427185721,0.5453485305577582,0.8506483398101519,0.4339339027749001,0.33733383549038876,0.1737082786439178,0.31021907598302667,
