,job1094_scenario0_2973,
in27,0.0,
B14,0.06433123704662891,
B11,0.040133334724452796,
