,job201_scenario0_407,job205_scenario2_411,job207_scenario1_413,job209_scenario0_415,job210_scenario2_417,job213_scenario1_428,job214_scenario0_429,job215_scenario4_430,job216_scenario1_432,job217_scenario1_433,job218_scenario0_434,job219_scenario1_435,job220_scenario0_438,job221_scenario0_439,job222_scenario0_440,job223_scenario2_441,job224_scenario2_443,job225_scenario4_445,job226_scenario1_447,
in27,0.47345664892991124,0.5828630048281477,0.5735661306064318,0.4575546730145902,0.5172582520044955,0.478915998604843,0.36397110888995055,0.5448841902495218,0.4276363235326223,0.45816853233304067,0.32610567478826596,0.4330957672706836,0.2512300140644861,0.22500470354312885,0.18996091640634227,0.35509810692527227,0.22548218965092914,0.19680024929401918,0.0,
B14,0.9240773952720334,1.10832433340362,1.0176526462802047,0.8877828693993561,1.1173038540131925,0.9026099643212596,0.7738067553173604,0.9547198366769318,0.8845536387859885,0.9933409983774077,0.7307726817846034,0.8096248054132712,0.6709618718029617,0.6854198461020187,0.6201891127911083,0.7853263033100384,0.8393861109486329,0.5181933029991973,0.6139039212977038,
B11,0.8769957264460772,0.9428903660333658,0.9207626922320568,0.8326468849619467,0.9586604261114131,0.8843682067785759,0.7471176364487603,0.9862863643564395,0.8459193312859484,0.8733318779756682,0.6710681852513458,0.7931231284759017,0.6112573752697041,0.599468469926211,0.5854456783110549,0.7151254681304904,0.6309343978246619,0.6066358957214291,0.37388568049422505,
