,job185_scenario0_374,job186_scenario0_376,job188_scenario4_382,job189_scenario0_384,job191_scenario1_388,job192_scenario1_391,job193_scenario0_392,job194_scenario1_393,job195_scenario1_394,job196_scenario0_395,job197_scenario1_397,job198_scenario3_398,job199_scenario1_402,job200_scenario0_404,job201_scenario0_407,job202_scenario4_408,job203_scenario1_409,job204_scenario3_410,
in27,0.42421957692636825,0.41492270270465237,0.5806207646274001,0.37835707190307766,0.4445055564363545,0.40871516342529524,0.3259148872787676,0.4154001888124527,0.3927087327537503,0.29626010038830014,0.4006899482214908,0.5628160251413179,0.2680224492968459,0.12599753504381983,0.00672220955000602,0.13098285236814844,0.0,0.08844259272223165,
B14,0.5686245831628411,0.6704560846545797,0.7273190038977397,0.5156942983190183,0.6178929145752942,0.6642485453752227,0.4558834883373766,0.646157582551347,0.5313526564126367,0.4262287014469091,0.5140815792070081,0.5396968587877264,0.47374754602458163,0.318120621282674,0.1942055487350579,0.36827447677539193,0.15864342790177943,0.21689907444988732,
B11,0.5355459361523801,0.5262490619306642,0.7273190038977397,0.4826156513085572,0.6178929145752942,0.575805952652991,0.4154362159695839,0.575956747371799,0.56609609089269,0.39315005443644807,0.5527158867070481,0.6597059791894658,0.4186115615871722,0.2683123360604824,0.14712387990910158,0.6082927175788708,0.08038827711077856,0.305341667172119,
