,job725_scenario0_1542,job726_scenario0_1545,job729_scenario0_1555,job731_scenario1_1561,job732_scenario1_1562,job733_scenario0_1564,job734_scenario2_1570,job735_scenario1_1571,job736_scenario0_1573,job737_scenario0_1576,
in27,0.40862906829459944,0.375969332939708,0.3253924848968003,0.4114406228158132,0.3556974440146223,0.2617767155236063,0.29869952799034866,0.34320860180072216,0.11953163429393909,0.0,
B14,0.8295964176147808,0.8158430723380039,0.7703646115187266,0.855527138489586,0.8231110979142787,0.6722477261974975,0.8396759977122694,0.8205184670114445,0.5133158941882898,0.4321413270423329,
B11,0.47367525431118196,0.4743583142122687,0.4334564166670998,0.5333628738751195,0.5444585496107599,0.32682290154018884,0.420621779049655,0.4218567983061862,0.18485506066257928,0.07948259119444623,
