,job401_scenario1_773,job402_scenario1_774,job404_scenario3_785,job405_scenario1_787,job406_scenario3_792,job407_scenario1_793,job408_scenario3_800,job409_scenario0_801,job410_scenario3_803,job411_scenario1_805,
in27,0.6402028782181144,0.5852306348818934,0.6339571444448749,0.4968110288712832,0.5638898644291996,0.4041725972395384,0.5284840751956852,0.12509440829725754,0.32964016927535184,0.0,
B14,0.6605954281754707,0.6002954856240317,0.5841488592226833,0.5901310304044225,0.514081579207008,0.5241817176412777,0.4400414824734536,0.19186668465104734,0.2594393340958041,0.09688995404814787,
B11,0.6402028782181144,0.6350389201040849,0.7041579796244227,0.5466193140934748,0.7540998200104869,0.48067000133033005,0.40847495479394585,0.13216218811778974,0.4496492896770912,0.05825564654810783,
