,job778_scenario1_1693,job780_scenario0_1697,job784_scenario1_1705,job785_scenario3_1707,job786_scenario4_1709,job787_scenario1_1710,job788_scenario2_1714,job789_scenario1_1722,job790_scenario0_1725,job791_scenario4_1726,job792_scenario1_1728,job793_scenario0_1729,
in27,0.8792237615221674,0.7468476498880778,0.8271327680480296,1.052998519770968,0.8290445088370699,0.7752767552988629,0.7239970802266422,0.6267233434594577,0.423060770589548,0.5591103187511838,0.28352995711442663,0.19020995558128728,
B14,0.942890366033366,0.7770345960622016,0.9204527695811688,0.8831811141470369,0.8907979826907013,0.8593359097674176,0.9022618471764896,0.6765316286816492,0.4655004304544081,0.6404851316528832,0.3600273612052183,0.24991445211454488,
B11,0.7344386529093949,0.5637054741273227,0.6519876632088808,0.8129802789674891,0.6570763107984664,0.5850667997175756,0.5466179242249483,0.4515782386203088,0.22548218965092903,0.5387177687938276,0.13507397114387787,0.0,
