,job15_scenario0_37,job17_scenario2_42,job19_scenario1_45,job23_scenario1_51,job24_scenario2_52,job25_scenario1_55,job26_scenario1_56,job27_scenario3_57,job28_scenario3_58,job29_scenario1_60,job30_scenario1_62,job31_scenario1_63,
in27,0.39606528029357857,0.4565603675650002,0.4562635907136763,0.37748347837093826,0.43982839338118945,0.32436496518738683,0.2778699599763909,0.3616323375936216,0.35509671705674556,0.21025693526811706,0.0,0.03156652767950774,
B14,0.6766309592546644,0.7619020347371193,0.7368292696747621,0.6441908380430172,0.6882939955105846,0.6049306441484728,0.5130107919689619,0.5581388620861529,0.560050602875193,0.39558948203849675,0.2982738873515867,0.17826476694984728,
B11,0.5068135536307333,0.5920846291131882,0.6168201492730226,0.5161274020298248,0.5184765898866535,0.46667976620404933,0.42845907226671726,0.6283396972657006,0.5102423176530013,0.3689003631698965,0.21689907444988743,0.1119548047902863,
