,job877_scenario1_1999,job880_scenario1_2012,job882_scenario2_2016,job883_scenario4_2022,
in27,0.826506972330958,0.6910334552433415,0.5083305768639612,0.3600273612052182,
B14,0.8700186886419057,0.7612342904228894,0.7097145101674001,0.31651564489427053,
B11,0.43173617664568664,0.2962626595580701,0.22967802856044234,0.0,
