,job333_scenario0_631,job334_scenario2_635,job335_scenario1_639,job336_scenario2_641,job337_scenario2_644,job338_scenario0_645,job340_scenario1_648,job341_scenario3_650,job342_scenario1_652,job344_scenario4_656,job345_scenario2_658,job346_scenario3_660,job347_scenario1_662,job348_scenario1_664,job349_scenario2_666,job350_scenario1_667,job351_scenario3_668,job352_scenario2_669,
in27,0.5627339233991623,0.6398760927659928,0.6314633687286813,0.620241607918361,0.6986985358863615,0.5092174666801962,0.5862806254356343,0.7038693886661835,0.5271349979405283,0.5221358948184612,0.46827525894999883,0.5556450863699589,0.42144853713603203,0.39828751286271513,0.28363467724821034,0.2176853644850656,0.19826427119274032,0.12000912040173939,
B14,0.6362967392214268,0.7718304017991722,0.7283533227768291,0.8371406823682483,0.7800733487880609,0.5720496765024123,0.7517145928058885,0.7740702238457313,0.6359701406201161,0.6154558963516005,0.8051834538016256,0.6525350404181068,0.5147685386691713,0.46004098671634663,0.47384463282949757,0.31100536601820483,0.25651991774084826,0.4151633456426277,
B11,0.46395174764376146,0.608309565086485,0.5879516524177335,0.620241607918361,0.578689415484622,0.3892083462784568,0.4534407054543018,0.6540611034439918,0.5159610202183768,0.592336729998009,0.4247635426390511,0.4938916125163274,0.3330059444138003,0.29652015000365955,0.16362555684647107,0.09767624408332631,0.2951542252408883,0.0,
