,job423_scenario0_834,job425_scenario0_838,job428_scenario1_841,job429_scenario1_843,job430_scenario2_847,job431_scenario4_848,job433_scenario2_850,job434_scenario1_853,job435_scenario0_854,job436_scenario0_855,job437_scenario3_856,job438_scenario1_859,job439_scenario4_862,job440_scenario0_864,
in27,0.9191917239223908,0.9029840057895675,1.0732525688232175,1.0584559164515701,0.9689502927300877,1.0373447870419796,0.8836714610088376,0.9146470420454877,0.7148043867871925,0.7454969517245997,0.9512928110851153,0.7699019724727267,0.620866351774585,0.3881161365473811,
B14,0.9760677889651147,0.9626885023228251,1.0346182613231774,1.1082642016737618,1.1054610900691966,1.0956004335900875,1.1623240093123564,1.0732904699472672,0.867578216556053,0.8118069138841607,1.1415027666664024,0.8250379569101363,0.6556097862546383,0.4134985581730355,
B11,0.5532082179376803,0.5376289453691314,0.654198350160603,0.607835170109448,0.5885303815675134,0.6338057095258137,0.5916941425684947,0.5342271308829134,0.3902683513453308,0.3429444099993546,0.6024394276020486,0.37441721056801414,0.465399830673351,0.0,
