,job1197_scenario0_3596,
in27,0.006790539468474743,
B14,0.06366660451119865,
B11,0.0,
