,job892_scenario1_2054,job893_scenario1_2058,job894_scenario0_2061,job895_scenario1_2062,
in27,0.458232404878133,0.4219887141434602,0.0,0.12000912040173928,
B14,1.1053596757127864,1.0157377472409133,0.6702464371882448,0.8485112041380921,
B11,0.9302145708736376,0.8339751529855424,0.4569173152533661,0.6084929633346132,
