,job147_scenario1_310,job150_scenario1_314,job155_scenario1_328,job156_scenario0_329,job157_scenario2_331,job158_scenario4_332,job159_scenario0_333,job160_scenario0_334,job161_scenario4_335,job162_scenario1_336,job163_scenario1_338,job164_scenario0_339,job165_scenario3_342,job166_scenario0_345,
in27,0.6667235757222689,0.7006832669777032,0.6377102212254304,0.465400784479722,0.5065139773019756,0.5758350530606395,0.39738205777106367,0.39002010815899785,0.5717955457508903,0.49952256614162854,0.4168920488301025,0.3135641329767444,0.45734295589212814,0.0,
B14,0.7551661684445005,0.7354267014577565,0.6812219375363782,0.5282329943019382,0.7078979106054143,0.6642776457828712,0.48144121223961844,0.47846270088122944,0.7416129513748213,0.5777777169326295,0.5137820028782504,0.35820377876786363,0.5457855486143597,0.07726861500008003,
B11,0.7755587184018566,0.7006832669777032,0.6194684636827467,0.4509643793018582,0.5713871132663054,0.6144693605606796,0.41860900241740223,0.4202070543331216,0.5717955457508903,0.4705993961104833,0.47514769537821033,0.2718101633660059,0.735995504195647,0.030186946174123763,
