,job1031_scenario2_2678,
in27,0.01283079957959321,
B14,0.1466982392703396,
B11,0.0,
