,job34_scenario1_68,job36_scenario4_71,job37_scenario1_77,job38_scenario0_78,job40_scenario2_81,job43_scenario4_85,job44_scenario1_89,job45_scenario2_90,job46_scenario3_91,job47_scenario3_92,job48_scenario2_94,job49_scenario1_95,job50_scenario2_96,job51_scenario3_100,job52_scenario1_103,job53_scenario2_104,
in27,0.4650576793158361,0.5357407233541205,0.39631869370647754,0.3021684620796238,0.4423788639012558,0.45265441541912343,0.3480839409555027,0.3382232844763936,0.44773514868849057,0.3663125526986225,0.34123978763626545,0.26342069404452634,0.24791839623459944,0.24889124276815705,0.039260193894544715,0.0,
B14,0.8389433598100613,0.825567249379791,0.724779527232188,0.6089589792368925,0.7708396974269663,0.7157918225761937,0.7396778298402287,0.6715615268130117,0.6610642706233691,0.746732463861197,0.6830253912987998,0.5874980893165599,0.6218040767288247,0.5120286499252273,0.3761683887461713,0.48003648160695755,
B11,0.7891350745878696,0.825567249379791,0.7451720771895443,0.5643193334457732,0.6658954277673652,0.7740474691243017,0.6196687094384893,0.6098080529593801,0.8077625098937087,0.7965407490833885,0.5047606243489526,0.5488637818165198,0.5516032415492768,0.6089186039733753,0.30596755356662353,0.24001824080347878,
