,job1050_scenario1_2766,
in27,0.27515472099799526,
B14,0.43379814889977475,
B11,0.0,
