,job597_scenario2_1217,job602_scenario1_1229,job604_scenario0_1234,job607_scenario0_1239,job608_scenario4_1240,job609_scenario2_1246,job610_scenario0_1250,job611_scenario0_1251,
in27,0.6867847115396967,0.6614046308862418,0.4608250357809673,0.3845512581914705,0.6686726564625167,0.37499529645687124,0.007067779820532305,0.0,
B14,1.1308712272134696,0.9983128257378686,0.8645055069863838,0.7979568571338891,0.9740143236346357,0.7755700958196963,0.3844232470399518,0.3670951410257506,
B11,1.0375512256803303,0.9400571791897607,0.8198658611952647,0.7632134226538358,1.0940234440363752,0.740826661339643,0.3670951410257506,0.3670951410257506,
