,job459_scenario0_899,job461_scenario0_905,job462_scenario0_907,job463_scenario0_908,job470_scenario2_920,job471_scenario0_922,job472_scenario1_928,job473_scenario1_929,job474_scenario2_930,job475_scenario1_933,job476_scenario1_934,job477_scenario3_935,job478_scenario3_936,job479_scenario3_939,
in27,0.3529139793759889,0.34091651516028465,0.3310558586811756,0.30466495592080745,0.3739717289452419,0.20041424502013222,0.2561526684682514,0.30431697516952305,0.2373716947754792,0.18648723275447276,0.12790927583285983,0.41569214523221626,0.12888212236641772,0.0,
B14,0.6608398223251489,0.6753334934654873,0.6654728369863783,0.638638562503907,0.7126376704970778,0.5310258709605151,0.6819974265993406,0.5647277659303581,0.567983320715862,0.481641457995361,0.41724323662484025,0.4858929804117641,0.470667726028952,0.29197731844034275,
B11,0.4848682884091682,0.4584344190156,0.4183868163623673,0.45185716574837775,0.5104825262843508,0.35414068551605177,0.35792003132730715,0.47628517320812647,0.3252807383455279,0.3047562725508977,0.24353495798092245,0.3974503876895324,0.3506586056272126,0.13333389053856337,
