,job796_scenario1_1739,job800_scenario0_1756,job802_scenario3_1761,job803_scenario1_1764,job804_scenario1_1765,job805_scenario3_1767,job806_scenario1_1770,job807_scenario2_1771,job808_scenario1_1772,
in27,0.4118407299323942,0.21523906421280847,0.3595865147708049,0.27827839246097563,0.2793831548318071,0.2202648495883357,0.08381792479431915,0.08245098970051401,0.0,
B14,0.9918316095306547,0.7918013849853109,1.0391939648134487,0.7565019092001806,0.770931441707836,0.9385066071310194,0.700786290035178,0.6806836268414584,0.564926028856122,
B11,0.9753299325932853,0.7552160548056449,0.989385679591257,0.7178676017001406,0.7007306065282882,0.8886983219088278,0.700786290035178,0.6104827916619106,0.5880451952097134,
