,job800_scenario0_1756,job803_scenario1_1764,job808_scenario1_1772,job809_scenario1_1775,job810_scenario3_1776,job811_scenario1_1778,job812_scenario1_1783,job813_scenario2_1790,job814_scenario0_1794,
in27,0.6112784324783755,0.7314729848875277,0.6645242929969403,0.6256142378751826,0.8568383900765015,0.5590283110721577,0.586526632651529,0.3721804289212687,0.0,
B14,0.6780507088321653,0.6999064572080198,0.7196602774343497,0.6754225230973742,0.8070301048543099,0.6292291462517055,0.6300383489624767,0.4921895493230081,0.13283991998133265,
B11,0.6414653786524993,0.6612721497079799,0.7427794437879411,0.7189342394083218,0.7368292696747621,0.6127274693143361,0.586526632651529,0.3721804289212687,0.019621339048067954,
