,job172_scenario0_354,job174_scenario0_359,job176_scenario1_363,job177_scenario0_364,job179_scenario1_366,job180_scenario2_367,job181_scenario1_368,job182_scenario2_370,job183_scenario1_371,job185_scenario0_374,job186_scenario0_376,job187_scenario1_379,job188_scenario4_382,job189_scenario0_384,job190_scenario3_385,job191_scenario1_388,job192_scenario1_391,job193_scenario0_392,job194_scenario1_393,
in27,0.5885134073901378,0.545804955291744,0.639159594113488,0.5199329207172944,0.6802782454897434,0.6741397427082403,0.5975596185915804,0.6724401077032869,0.6304665487710085,0.4644795934269792,0.44638863060310346,0.573452385025811,0.5728614383829534,0.35001218981988697,0.6024394276020486,0.34772809169941404,0.1867472823698323,0.0,0.09878217575540083,
B14,0.7682270243251348,0.7564074608303875,0.835666118606019,0.6919011187558977,0.8002873658914829,0.8327831706100197,0.8762121668950993,0.8942165909640819,0.7852191036528011,0.6320037660170436,0.7250411789066222,0.8521049333293299,0.7426788440068846,0.5104685825894191,0.761082855503828,0.5442346161919451,0.4653998306733512,0.15308776741220054,0.35265873584788665,
B11,0.6946642085028703,0.6862066256508396,0.835666118606019,0.6532668112558577,0.8185291234341666,0.748724016141465,0.7712678972354982,0.757705793624973,0.8056116536101574,0.5989251190065824,0.5808341561827066,0.6352058588794426,0.7426788440068846,0.477389935578958,0.7224485480037881,0.5442346161919451,0.37695723795111946,0.11264049504440776,0.28245790066833876,
