,job680_scenario0_1422,job682_scenario0_1424,job685_scenario3_1439,job686_scenario0_1442,job688_scenario2_1450,job689_scenario0_1452,job690_scenario2_1459,job691_scenario1_1461,job692_scenario0_1462,
in27,0.5645425993005055,0.5695244628676369,0.7082555986294278,0.47219405443239704,0.4952585476101326,0.34559464031792575,0.3152012049277181,0.1751451048391488,0.0,
B14,0.9267207529203959,0.9366196038933875,1.1153646286606023,0.8228604027832164,0.9126559444153053,0.7510468484916586,0.7840637088125242,0.4649716308648192,0.4013050263536207,
B11,0.888086445420356,0.9366196038933875,1.0451637934810547,0.7897817557727552,0.819335942882166,0.6927912019435507,0.6436620384534285,0.4853641808221754,0.3025228505982198,
