,job697_scenario1_1470,job699_scenario0_1472,job700_scenario0_1478,job702_scenario3_1484,job704_scenario1_1499,job705_scenario1_1500,job706_scenario3_1502,job707_scenario1_1503,job708_scenario1_1504,job709_scenario1_1506,job710_scenario3_1507,job711_scenario1_1508,job712_scenario4_1509,
in27,0.8043337458714406,0.7143963761054805,0.6528537068684438,0.960849407252511,0.6077455116840751,0.6360333634807375,0.6835994085021815,0.5700840507175927,0.5239275868897557,0.4408412789547588,0.5114027635307229,0.2786525483035189,0.3404060221571504,
B14,0.8580329041136189,0.8205471772182129,0.7260656886033577,1.0106576924747026,0.6918046661526298,0.6542751210234212,0.8738093640834688,0.6318375245712242,0.6604383842288646,0.475584713434812,0.4531471169826149,0.3670951410257506,0.3670951410257506,
B11,0.5793803558101001,0.44311245315929315,0.40696586793204614,0.7320051441711837,0.3290929633805564,0.37562257271990246,0.37825774133006246,0.27492982547670447,0.2800184730662902,0.1969321651312932,0.23275021522720407,0.0,0.2786525483035189,
