,job1101_scenario2_3018,
in27,0.31460251423670355,
B14,0.48003648160695767,
B11,0.0,
