,job82_scenario0_168,job84_scenario0_170,job85_scenario0_171,job86_scenario1_174,job89_scenario1_177,job90_scenario3_179,job91_scenario2_180,job92_scenario0_181,job93_scenario1_182,job94_scenario0_188,job96_scenario1_190,job98_scenario0_193,job99_scenario2_195,job101_scenario2_198,job102_scenario2_199,job103_scenario3_201,job104_scenario0_202,
in27,0.29524372744910216,0.2745286614696448,0.3029557532896671,0.34890690454614776,0.4092517645636294,0.5033486142419195,0.35094273606695775,0.23131495021493004,0.3806429685346609,0.18903686329198682,0.33733383549038864,0.12333869115155283,0.2142027154670179,0.24172973583677648,0.1663370941168163,0.245469666817768,0.0,
B14,0.42178707851919084,0.3774942060163138,0.3843305661913665,0.4794123635941774,0.5843968694027784,0.6935585698232065,0.567841810516845,0.3114119967055438,0.4588981193256618,0.2962151841141331,0.39908730934402015,0.22630423569822183,0.40441267104830514,0.5203822841402954,0.31303533338715583,0.342359620865916,0.0884425927222316,
B11,0.3387554437600499,0.31466199619409757,0.31032437864699874,0.45901981363682115,0.4257534415009988,0.5349151419214271,0.4478326901151056,0.28327402785179395,0.3806429685346609,0.19582740276046157,0.33733383549038864,0.17116825126081237,0.2844035506465657,0.2599714933794603,0.1930262129854164,0.30372531336587594,0.01443640517786382,
