,job699_scenario1_1533,
in27,0.3600273612052182,
B14,0.0,
B11,0.430228196384766,
cn12,0.28046551317127155,
B54,0.1698174056239311,
