,job274_scenario0_534,job278_scenario0_538,job286_scenario0_550,job292_scenario2_562,job300_scenario0_574,job301_scenario0_576,job304_scenario0_582,job305_scenario1_583,job306_scenario2_584,job307_scenario2_585,job308_scenario1_586,job309_scenario1_590,job310_scenario3_591,
in27,0.1895453230458568,0.21524225259244567,0.21524225259244567,0.3423191528147175,0.21524225259244567,0.26275730478077064,0.22231003241297786,0.35738400355685573,0.3423191528147175,0.29251086759252576,0.3284608335257104,0.3284608335257104,0.49389480089596455,
B14,0.46232827321645686,0.482720823173813,0.46232827321645686,0.6841047564772518,0.47222448452752275,0.482720823173813,0.46232827321645686,0.6841047564772518,0.6258491099291439,0.6027299435755524,0.6841047564772518,0.6258491099291439,0.8427481843790312,
B11,0.028923170031145307,0.013858319289006937,0.0,0.18367572491293793,0.021226944646338453,0.013858319289006937,0.036977485642598396,0.16543396737025406,0.12000912040173939,0.13386743969074633,0.1489322904328847,0.1489322904328847,0.3738856804942251,
cn12,0.07873145525333691,0.0918045733649484,0.07873145525333691,0.2721183176351697,0.0987309594962299,0.0819083620538823,0.0918045733649484,0.26275730478077064,0.3036848453146773,0.2721183176351697,0.23737488315511635,0.2820145289462356,0.39212743803690886,
B54,0.49389480089596455,0.5640956360755123,0.5325291083960046,0.652538228797744,0.5475939591381429,0.5640956360755123,0.5325291083960046,0.6027299435755524,0.7725473491994834,0.7725473491994834,0.7227390639772918,0.652538228797744,0.6258491099291439,
