,job591_scenario0_1231,job616_scenario2_1276,job617_scenario3_1278,job618_scenario3_1279,job619_scenario1_1281,job620_scenario2_1283,job621_scenario1_1284,
in27,0.0,0.14893229043288458,0.28544308777199334,0.18367572491293782,0.14893229043288458,0.10717832082214607,0.07356281582226432,
B14,0.5437030861181561,0.707223922830843,0.707223922830843,0.7339130416994433,0.765479569378951,0.7339130416994433,0.765479569378951,
B11,0.501263426253296,0.6454704489772116,0.804113876878991,0.7339130416994433,0.6454704489772116,0.6454704489772116,0.6841047564772516,
cn12,0.019821227347582182,0.22718744122388546,0.29206057718821543,0.29206057718821543,0.1885531337238454,0.26313740715707024,0.1885531337238454,
B54,0.5343420732637572,0.6841047564772516,0.707223922830843,0.6454704489772116,0.765479569378951,0.804113876878991,0.765479569378951,
