,job239_scenario1_474,job240_scenario0_477,job241_scenario0_478,job246_scenario2_486,job251_scenario2_493,job257_scenario1_504,job259_scenario1_508,job260_scenario1_509,job261_scenario4_510,job262_scenario2_514,job264_scenario1_516,
in27,0.6906389871456009,0.5635620869233293,0.5567715474548546,0.6906389871456009,0.6408307019234094,0.7222055148251088,0.7057038378877393,0.6639498682770009,0.7839589886787401,0.652004679645561,0.6906389871456009,
B14,0.7222055148251088,0.6639498682770009,0.6021963944233693,0.8808489427268882,0.8808489427268882,0.7404472723677925,0.7222055148251088,0.7839589886787401,0.7608398223251487,0.7839589886787401,0.8422146352268481,
B11,0.5154938823064521,0.38778853651990597,0.3954847619047127,0.5154938823064521,0.5154938823064521,0.5154938823064521,0.5319955592438215,0.5319955592438215,0.6906389871456009,0.5004290315643138,0.4737399126957136,
cn12,0.16352083671268702,0.009896211311065883,0.0,0.1719681980386033,0.18084894272688823,0.16352083671268702,0.16352083671268702,0.18084894272688823,0.33061162594038274,0.19020995558128717,0.21060250553864335,
B54,0.7839589886787401,0.6639498682770009,0.652004679645561,0.7404472723677925,0.8106481075473404,0.8808489427268882,0.8808489427268882,0.8106481075473404,1.0008580631286275,0.8106481075473404,0.8422146352268481,
