,job194_scenario0_380,job198_scenario0_387,job204_scenario0_399,job207_scenario0_406,job209_scenario1_408,job210_scenario1_410,job211_scenario2_414,job212_scenario3_415,job213_scenario0_416,
in27,0.0,0.01890639007811412,0.025696929546588865,0.01890639007811412,0.2460938313019999,0.13891551047985362,0.16783868051099893,0.3429837853501478,0.006075590498521022,
B14,0.2545411926279161,0.3162946664815477,0.2634219373162011,0.30434947785010774,0.49455943343139497,0.41318462052969557,0.46299290575188723,0.46299290575188723,0.2634219373162011,
B11,0.21590688512787615,0.2460938313019999,0.22297466494840834,0.2460938313019999,0.3429837853501478,0.3429837853501478,0.39279207057233934,0.533193740931435,0.21590688512787615,
cn12,0.08910722525766201,0.08910722525766201,0.08257299458931278,0.09246920590037877,0.23034329030573997,0.2460938313019999,0.28267916148166594,0.3580486360922861,0.08910722525766201,
B54,0.17316637972621673,0.2091163456594014,0.16267004107992655,0.2091163456594014,0.3745503130296555,0.2931755001279562,0.3745503130296555,0.3745503130296555,0.22297466494840845,
