,job855_scenario4_2024,
in27,0.4875982319847207,
B14,0.5458538785328286,
B11,0.4258447581310892,
cn12,0.0,
B54,0.2089456836812018,
