,job476_scenario0_967,job478_scenario1_971,
in27,0.7955832568052021,0.9377250077696121,
B14,0.8728518718052822,1.112870112608761,
B11,0.810019661983066,0.9377250077696121,
cn12,0.0,0.1751451048391488,
B54,0.9226601570274737,1.0742358051087209,
