,job985_scenario0_2527,job986_scenario1_2529,
in27,0.2876622908094181,0.4153676365959642,
B14,0.6985766732054126,0.8074118158850003,
B11,0.6322667110458515,0.8074118158850003,
cn12,0.0,0.17761265106454827,
B54,0.7233526614164456,0.857220101107192,
