,job495_scenario0_1011,job498_scenario0_1016,job499_scenario2_1017,job500_scenario0_1019,job501_scenario3_1020,job502_scenario1_1022,
in27,0.6513762340812865,0.6513762340812865,0.7955832568052021,0.630149289434948,0.9155923772069415,0.7253824216256544,
B14,0.6755741364034626,0.7037121052572125,0.9155923772069415,0.7142084439035028,0.9542266847069816,0.8342175643052421,
B11,0.15690334729646493,0.17133975247432898,0.28398024751873674,0.1870902934705887,0.5941993235017633,0.28398024751873674,
cn12,0.00971113746889496,0.0,0.15864342790177943,0.013073118111611493,0.26358769756138056,0.21377941233918896,
B54,0.7373276102570943,0.7501584098366874,0.8840258495274338,0.7373276102570943,0.8840258495274338,0.8840258495274338,
