,job397_scenario1_777,job398_scenario1_779,job399_scenario1_780,
in27,0.0996165704443831,0.06487313596432986,0.06487313596432986,
B14,0.5849807512665587,0.6551815864461065,0.5351724660443671,
B11,0.496538158544327,0.46497163086481924,0.496538158544327,
cn12,0.0,0.01650167693736937,0.04463964579111912,
B54,0.7049898716682981,0.5582916323979585,0.5849807512665587,
