,job369_scenario0_699,job382_scenario0_733,job386_scenario2_746,job387_scenario3_748,job389_scenario0_752,job390_scenario4_753,job391_scenario3_754,job392_scenario4_755,
in27,0.13590436392448757,0.1426949033929623,0.255913484326227,0.3897809240169734,0.16482753395563288,0.3630918051483732,0.4599817591965212,0.5097900444187127,
B14,0.19957096843568622,0.2311374961151939,0.4599817591965212,0.4599817591965212,0.19957096843568622,0.3630918051483732,0.4599817591965212,0.3630918051483732,
B11,0.15713130857082613,0.11699797384637334,0.24308268474663386,0.42134745169648113,0.13590436392448757,0.4599817591965212,0.7,0.4599817591965212,
cn12,0.01589524352274818,0.0,0.2094671797467521,0.33997263879478173,0.00306444394315486,0.3630918051483732,0.3013383312947417,0.33997263879478173,
B54,0.12307356434489447,0.16482753395563288,0.26977180361523395,0.26977180361523395,0.11112837571345446,0.33997263879478173,0.18132921089300225,0.33997263879478173,
