,job300_scenario0_574,job301_scenario0_576,job304_scenario0_582,job309_scenario1_590,job311_scenario2_593,job312_scenario0_595,job320_scenario4_609,job321_scenario1_614,job322_scenario1_615,
in27,0.06313305535901537,0.11064810754734034,0.07020083517954756,0.17635163629228,0.15157564808124702,0.0775694605368793,0.2217764832607948,0.20527480632342532,0.20527480632342532,
B14,0.27030700207190084,0.280803340718191,0.26041079076083484,0.42393162747352187,0.36217815361989036,0.26041079076083484,0.4506207463421221,0.42393162747352187,0.42393162747352187,
B11,0.45798937169945364,0.450620746342122,0.4737399126957136,0.5856947174859998,0.5706298667438614,0.4367624270531151,0.7608398223251487,0.6639498682770006,0.5319955592438215,
cn12,0.016822597442347376,0.0,0.009896211311065883,0.20010616689235305,0.15546652110123382,0.01332477013682376,0.2754756415029732,0.18084894272688812,0.20010616689235305,
B54,0.3954847619047126,0.41198643884208197,0.38041991116257434,0.5004290315643137,0.4737399126957136,0.3306116259403826,0.5706298667438614,0.5319955592438215,0.5319955592438215,
