,job270_scenario0_528,job274_scenario0_534,job278_scenario0_538,job286_scenario0_550,job292_scenario2_562,job300_scenario0_574,job301_scenario0_576,job304_scenario0_582,job305_scenario1_583,job306_scenario2_584,job307_scenario2_585,
in27,0.11688945829104114,0.1108138677925199,0.13651079733910898,0.13651079733910898,0.2635876975613807,0.13651079733910898,0.18402584952743395,0.14357857715964117,0.27865254830351893,0.2635876975613807,0.21377941233918907,
B14,0.45379765314266796,0.45379765314266796,0.474190203100024,0.45379765314266796,0.6755741364034629,0.46369386445373384,0.474190203100024,0.45379765314266796,0.6755741364034629,0.617318489855355,0.5941993235017635,
B11,0.04396200671525796,0.05902685745739644,0.04396200671525796,0.030103687426251247,0.21377941233918907,0.0513306320725897,0.04396200671525796,0.06708117306884942,0.1955376547965052,0.15011280782799064,0.16397112711699746,
cn12,0.003176906800545609,0.0,0.013073118111611493,0.0,0.193386862381833,0.019999504242893318,0.003176906800545609,0.013073118111611493,0.18402584952743395,0.22495339006134063,0.193386862381833,
B54,0.3070994138723283,0.2951542252408884,0.3653550604204362,0.33378853274092846,0.45379765314266796,0.3488533834830668,0.3653550604204362,0.33378853274092846,0.40398936792047624,0.5738067735444073,0.5738067735444073,
