,job336_scenario0_637,job337_scenario0_638,job338_scenario0_639,job342_scenario0_650,job343_scenario1_651,job344_scenario1_653,job345_scenario3_654,job347_scenario1_658,job348_scenario3_659,job349_scenario2_660,
in27,0.0,0.019621339048067843,0.026689118868600148,0.0062965689112439716,0.14669823927033954,0.1328399199813327,0.29827388735158666,0.1328399199813327,0.2667073596720789,0.09688995404814793,
B14,0.42330181025348446,0.42330181025348446,0.42330181025348446,0.42330181025348446,0.6036155545237057,0.5769264356551056,0.5538072693015141,0.5334147193441579,0.7236246749254451,0.9138346305067323,
B11,0.36359731372022686,0.3867164800738184,0.36359731372022686,0.35652953389969466,0.5334147193441579,0.5769264356551056,0.6351820822032135,0.5538072693015141,0.7236246749254451,0.46974811483295936,
cn12,0.02980878097929862,0.03622197944218419,0.04631045791666799,0.02980878097929862,0.24358819331848747,0.20495388581844742,0.2933964785406792,0.1807559834962713,0.34320476376287057,0.21383463050673235,
B54,0.46974811483295936,0.4836064341219663,0.4337981488997747,0.515172961801474,0.5769264356551056,0.6351820822032135,0.6351820822032135,0.6351820822032135,0.5538072693015141,0.7236246749254451,
