,job336_scenario0_637,job337_scenario0_638,job338_scenario0_639,job342_scenario0_650,job343_scenario1_651,job344_scenario1_653,job345_scenario3_654,
in27,0.053222853779842705,0.07284419282791044,0.07991197264844263,0.059519422691086454,0.19992109305018224,0.1860627737611752,0.35149674113142937,
B14,0.5837029848554732,0.5837029848554732,0.5837029848554732,0.5837029848554732,0.7640167291256945,0.7373276102570943,0.7142084439035028,
B11,0.28398024751873685,0.3070994138723283,0.28398024751873685,0.27691246769820455,0.45379765314266785,0.4973093694536155,0.5555650160017234,
cn12,0.0,0.006413198462885683,0.01650167693736959,0.0,0.21377941233918907,0.17514510483914902,0.2635876975613807,
B54,0.31993021345192163,0.33378853274092846,0.28398024751873685,0.3653550604204362,0.4271085342740677,0.4853641808221756,0.4853641808221756,
