,job668_scenario2_1404,job669_scenario1_1405,job670_scenario0_1407,job671_scenario1_1409,
in27,0.47730986521072233,0.4386755577106823,0.2800321298089029,0.40710903003117455,
B14,0.2870999096294352,0.24846560212939506,0.0,0.1670907892276957,
B11,0.4569173152533661,0.5004290315643138,0.2870999096294351,0.4569173152533661,
cn12,0.2267952857609533,0.19865731690720345,0.029925410530940222,0.19020995558128717,
B54,0.21689907444988732,0.35730074480898294,0.15323246993868878,0.2870999096294352,
