,job591_scenario0_1231,job616_scenario2_1276,job617_scenario3_1278,job618_scenario3_1279,job620_scenario2_1283,job621_scenario1_1284,job622_scenario1_1285,job623_scenario3_1287,job624_scenario1_1288,job625_scenario2_1289,
in27,0.0,0.1489322904328847,0.28544308777199356,0.18367572491293793,0.1071783208221464,0.07356281582226454,0.0952331321907064,0.22718744122388568,0.08405915446855483,0.12000912040173939,
B14,0.47882995015382634,0.6423507868665133,0.6423507868665133,0.6690399057351135,0.6690399057351135,0.7006064334146213,0.6690399057351135,0.6690399057351135,0.6690399057351135,0.6690399057351135,
B11,0.43639029028896625,0.5805973130128819,0.7392407409146613,0.6690399057351135,0.5805973130128819,0.6192316205129218,0.522341666464774,0.7890490261368528,0.549030785333374,0.7392407409146613,
cn12,0.17184716583313975,0.379213379709443,0.444086515673773,0.444086515673773,0.4151633456426277,0.340579072209403,0.35882082975208696,0.522341666464774,0.3321317108834867,0.340579072209403,
B54,0.4694689372994274,0.6192316205129218,0.6423507868665133,0.5805973130128819,0.7392407409146613,0.7006064334146213,0.7392407409146613,0.6192316205129218,0.7890490261368528,0.7006064334146213,
