,job40_scenario0_87,job47_scenario0_98,job49_scenario0_101,job52_scenario1_107,job53_scenario0_108,job57_scenario2_114,job58_scenario3_116,job59_scenario1_118,job60_scenario2_120,
in27,0.26298126414675926,0.26298126414675926,0.2697718036152338,0.3266478686579577,0.2564470334784099,0.38299038454849854,0.5870586594187928,0.41191355457964385,0.37015958496890544,
B14,0.5666661094614366,0.5982326371409443,0.5982326371409443,0.7884425927222315,0.5982326371409443,0.8270769002222715,0.7568760650427238,0.6519317953831226,0.8270769002222715,
B11,0.0,0.022132630562670563,0.01443640517786382,0.14214175096441006,0.01443640517786382,0.15864342790177932,0.2786525483035188,0.08844259272223154,0.14214175096441006,
cn12,0.036371052227976985,0.052872729165346355,0.04944417033958848,0.22039690175541082,0.046082189696871945,0.22039690175541082,0.29995874978935755,0.22039690175541082,0.22975791460980977,
B54,0.5573050966070376,0.6101778257723842,0.6368669446409843,0.707067779820532,0.6230086253519773,0.7884425927222315,0.7884425927222315,0.707067779820532,0.7884425927222315,
