,job768_scenario2_1774,job770_scenario0_1778,job771_scenario3_1780,job772_scenario0_1781,
in27,0.4589662925737402,0.34632579752933246,0.5789754129754796,0.325098852882994,
B14,0.8007518962362745,0.5993679629328358,0.698984533377219,0.6105419406549873,
B11,0.660350225877179,0.49053282025324796,0.8505601814584662,0.49053282025324796,
cn12,0.17095273141582235,0.0,0.3438345809829084,0.0,
B54,1.0794044445397935,0.8891944889585062,0.9825144904916454,0.8189936537789585,
