,job26_scenario0_59,job35_scenario0_80,job36_scenario3_81,job38_scenario2_83,job40_scenario0_87,job41_scenario2_89,
in27,0.0,0.006075590498521133,0.34298378535014784,0.13891551047985362,0.018906390078114232,0.13891551047985362,
B14,0.3594854622875172,0.4212389361411488,0.5412480565428881,0.599503703090996,0.3777272198302012,0.6381380105910361,
B11,0.4552966803670805,0.44792805500974886,0.8781562513945149,0.5412480565428882,0.44086027518921667,0.5679371754114884,
cn12,0.3075263846506533,0.32085115478747717,0.599503703090996,0.5076325515430065,0.3043494778501078,0.4977363402319406,
B54,0.1974134755599799,0.21908379192842165,0.3777272198302012,0.4092937475097088,0.17815625139451496,0.5679371754114884,
