,job240_scenario0_477,job241_scenario0_478,job265_scenario0_519,job266_scenario2_520,job267_scenario0_522,job269_scenario1_526,job270_scenario0_528,job271_scenario2_530,job273_scenario1_532,job274_scenario0_534,job275_scenario3_535,
in27,0.5070344971906174,0.5002439577221427,0.5141022770111496,0.607422278544289,0.5070344971906174,0.6839196826350806,0.4874131581425495,0.6341113974128891,0.6202530781238821,0.48133756764402846,0.7274313989460284,
B14,0.7274313989460284,0.6656779250923968,0.6938158939461466,0.9056961658958756,0.6839196826350807,0.7691853685567668,0.6839196826350807,0.9443304733959157,0.8741296382163679,0.6839196826350807,0.9941387586181072,
B11,0.6414800227702206,0.6491762481550274,0.634111397412889,0.7856870454941363,0.6414800227702206,0.7541205178146284,0.634111397412889,0.7856870454941363,0.7856870454941363,0.6491762481550274,1.064339593797655,
cn12,0.013073118111611493,0.003176906800545609,0.01650167693736937,0.1933868623818329,0.013073118111611493,0.1933868623818329,0.003176906800545609,0.1933868623818329,0.17514510483914902,0.0,0.2635876975613807,
B54,0.5372214433647411,0.5252762547333012,0.5252762547333012,0.7154862103145885,0.5141022770111496,0.7541205178146284,0.5372214433647411,0.6839196826350807,0.7154862103145885,0.5252762547333012,0.6137188474555327,
