,job449_scenario0_901,job450_scenario2_903,job451_scenario2_904,job452_scenario1_905,
in27,0.0,0.09332000153313957,0.13507397114387787,0.10615080111273256,
B14,0.34496251046308,0.7253824216256544,0.6551815864461066,0.4649716308648194,
B11,0.06250460979474126,0.17514510483914902,0.14845598597054888,0.1902099555812874,
cn12,0.40130502635362086,0.57561973841216,0.5849807512665589,0.5582916323979588,
B54,0.37652903814258776,0.5667389937238749,0.528104686223835,0.49653815854432715,
