,job911_scenario1_2196,
in27,0.0034978273055236153,
B14,0.5186707891069977,
B11,0.0,
cn12,0.28753329299180386,
B54,0.6773142170087771,
