,job68_scenario4_141,job74_scenario1_154,job75_scenario3_157,job77_scenario2_159,
in27,0.055135984437409524,0.0,0.10494426965960113,0.01650167693736937,
B14,0.2951542252408883,0.2067116325186566,0.41516334564262763,0.32672075292039604,
B11,0.32672075292039604,0.2067116325186566,0.3653550604204361,0.24534594001869664,
cn12,0.2249533900613404,0.07020083517954778,0.19020995558128717,0.10494426965960113,
B54,0.41516334564262763,0.24534594001869664,0.24534594001869664,0.2684651063722881,
