,job265_scenario0_519,job267_scenario0_522,job270_scenario0_528,job274_scenario0_534,job278_scenario0_538,job279_scenario1_540,job286_scenario0_550,job289_scenario1_558,job291_scenario4_561,job292_scenario2_562,job294_scenario4_564,job295_scenario0_566,job296_scenario3_567,
in27,0.22495339006134052,0.21788561024080833,0.19826427119274037,0.19218868069421924,0.21788561024080833,0.2951542252408883,0.21788561024080833,0.2951542252408883,0.49653815854432715,0.3449625104630799,0.43828251199621915,0.22495339006134052,0.3947707956852715,
B14,0.32329219409463816,0.31339598278357217,0.31339598278357217,0.31339598278357217,0.33378853274092835,0.4151633456426277,0.31339598278357217,0.4769168194962592,0.6236150587665987,0.5351724660443671,0.43340510318531156,0.32329219409463816,0.6236150587665987,
B11,0.5036059383648593,0.510974563722191,0.5036059383648593,0.5186707891069977,0.5036059383648593,0.5969259398979987,0.4897476190758524,0.6734233439887903,0.9338341347496254,0.6734233439887903,0.8636332995700775,0.5351724660443671,0.8636332995700775,
cn12,0.01650167693736937,0.013073118111611493,0.003176906800545609,0.0,0.013073118111611493,0.19338686238183278,0.0,0.20328307369289866,0.26358769756138056,0.19338686238183278,0.33378853274092835,0.00971113746889496,0.31339598278357217,
B54,0.5849807512665588,0.5738067735444072,0.5969259398979987,0.5849807512665588,0.6551815864461066,0.716935060299738,0.6236150587665987,0.775190706847846,0.775190706847846,0.7436241791683382,0.9338341347496254,0.6097567394775918,0.813825014347886,
