,job591_scenario0_1231,job592_scenario0_1233,job599_scenario2_1248,job603_scenario2_1253,job604_scenario2_1255,job606_scenario2_1257,job608_scenario3_1259,job610_scenario0_1262,
in27,0.2030407551608806,0.2030407551608806,0.3519730455937652,0.3369081948516268,0.2982738873515868,0.36847472253113456,0.6471272708346534,0.21689907444988743,
B14,0.5067256004755579,0.5382921281550657,0.7671363912363929,0.7285020837363528,0.7671363912363929,0.8169446764585844,0.7285020837363528,0.4800364816069578,
B11,0.46428594061069783,0.46428594061069783,0.5769264356551056,0.5630681163660987,0.591991286397244,0.5769264356551056,0.8871455116381323,0.48848384293287395,
cn12,0.009532860573584157,0.0,0.21689907444988743,0.228073052172039,0.19650652449253125,0.20640273580359725,0.31651564489427064,0.016192780222310077,
B54,0.497364587621159,0.5502373167865056,0.8871455116381323,0.8169446764585844,0.7671363912363929,0.6969355560568451,0.6471272708346534,0.5166218117866238,
