,job336_scenario0_637,job337_scenario0_638,job338_scenario0_639,job342_scenario0_650,job343_scenario1_651,job344_scenario1_653,job345_scenario3_654,job346_scenario1_655,
in27,0.04668862311149313,0.06630996215956109,0.07337774198009339,0.052985192022737326,0.19338686238183278,0.17952854309282595,0.3449625104630799,0.19338686238183278,
B14,0.5633104348981169,0.5633104348981169,0.5633104348981169,0.5633104348981169,0.7436241791683382,0.716935060299738,0.6938158939461465,0.8636332995700775,
B11,0.31339598278357206,0.3365151491371636,0.31339598278357206,0.30632820296303986,0.48321338840750305,0.5267251047184509,0.5849807512665588,0.5036059383648595,
cn12,0.0,0.006413198462885683,0.01650167693736937,0.0,0.21377941233918896,0.1751451048391489,0.26358769756138056,0.20328307369289866,
B54,0.3311041911740731,0.3449625104630799,0.2951542252408883,0.37652903814258765,0.43828251199621915,0.49653815854432715,0.49653815854432715,0.4649716308648193,
