,job265_scenario0_519,job267_scenario0_522,job270_scenario0_528,job274_scenario0_534,job278_scenario0_538,job279_scenario1_540,job281_scenario2_542,job286_scenario0_550,job289_scenario1_558,job291_scenario4_561,job292_scenario2_562,job293_scenario4_563,job294_scenario4_564,
in27,0.03276470936712128,0.025696929546588976,0.006075590498521133,0.0,0.025696929546588976,0.10296554454666906,0.13891551047985384,0.025696929546588976,0.10296554454666906,0.3043494778501078,0.15277382976886067,0.20258211499105228,0.2460938313019999,
B14,0.45249656710559705,0.44260035579453116,0.44260035579453116,0.44260035579453116,0.4629929057518873,0.5443677186535867,0.6643768390553261,0.44260035579453116,0.6061211925072181,0.7528194317775576,0.6643768390553261,0.7528194317775576,0.5626094761962704,
B11,0.39279207057233945,0.4001606959296711,0.39279207057233945,0.4078569213144778,0.39279207057233945,0.4861120721054788,0.5128011909740788,0.3789337512833325,0.5626094761962704,0.8230202669571055,0.5626094761962704,0.6328103113758183,0.7528194317775576,
cn12,0.26571517035006775,0.2622866115243099,0.2523904002132439,0.24921349341269838,0.2622866115243099,0.44260035579453116,0.44260035579453116,0.24921349341269838,0.45249656710559705,0.5128011909740788,0.44260035579453116,0.5626094761962704,0.5830020261536266,
B54,0.3541577630722994,0.34298378535014784,0.3661029517037394,0.3541577630722994,0.4243585982518472,0.48611207210547874,0.5128011909740788,0.39279207057233956,0.5443677186535867,0.5443677186535867,0.5128011909740788,0.5830020261536266,0.7030111465553661,
