,job239_scenario1_474,job240_scenario0_477,job241_scenario0_478,job246_scenario2_486,job247_scenario4_487,job250_scenario2_490,job251_scenario2_493,job252_scenario4_496,job254_scenario3_498,job255_scenario3_499,job256_scenario3_502,job257_scenario1_504,job258_scenario2_507,
in27,0.5706298667438614,0.4435529665215898,0.4367624270531151,0.5706298667438614,0.6639498682770006,0.5706298667438614,0.5208215815216699,0.6408307019234092,0.8106481075473402,0.7608398223251487,0.8808489427268881,0.6021963944233693,0.5706298667438614,
B14,0.6021963944233693,0.5439407478752614,0.48218727402162975,0.7608398223251487,0.6639498682770006,0.8106481075473402,0.7608398223251487,0.6639498682770006,0.8106481075473402,0.6639498682770006,0.7222055148251086,0.620438151966053,0.6906389871456009,
B11,0.5856947174859998,0.45798937169945364,0.4656855970842604,0.5856947174859998,0.7222055148251086,0.5439407478752614,0.5856947174859998,0.8808489427268881,0.7608398223251487,0.7608398223251487,0.7222055148251086,0.5856947174859998,0.620438151966053,
cn12,0.1635208367126869,0.009896211311065883,0.0,0.1719681980386032,0.2754756415029732,0.2217764832607948,0.18084894272688812,0.31021907598302645,0.3306116259403826,0.2919773184403426,0.24655247147182802,0.1635208367126869,0.21060250553864324,
B54,0.6639498682770006,0.5439407478752614,0.5319955592438215,0.620438151966053,0.7222055148251086,0.8808489427268881,0.6906389871456009,0.7608398223251487,0.620438151966053,0.6639498682770006,0.7222055148251086,0.7608398223251487,0.6639498682770006,
