,job424_scenario0_837,job426_scenario3_841,
in27,0.42965011049590907,0.65004701225132,
B14,0.506918725495989,0.8669460867012073,
B11,0.0,0.35265873584788654,
cn12,0.1194310345128824,0.3980835828164012,
B54,0.5300378918495806,0.7469369662994679,
