,job89_scenario0_185,job95_scenario1_197,job106_scenario1_216,job107_scenario1_217,
in27,0.16938402226156224,0.2697718036152339,0.2578266149837939,0.2578266149837939,
B14,0.0,0.17288184956708585,0.199570968435686,0.199570968435686,
B11,0.1915166528242329,0.34626920770602554,0.2697718036152339,0.32802745016334167,
cn12,0.27930466418881783,0.4395892092391649,0.4569173152533661,0.44803657056508106,
B54,0.20801832976160228,0.3076349002059855,0.35114661651693313,0.4978448557872727,
