,job192_scenario1_377,job194_scenario0_380,job195_scenario1_384,job196_scenario2_385,job197_scenario3_386,job198_scenario0_387,job199_scenario1_388,job200_scenario1_390,
in27,0.27020518697760254,0.02411135567560252,0.20845171312397104,0.19195003618660156,0.3284608335257104,0.04301774575371686,0.16302686615545625,0.1270769002222717,
B14,0.2968943058462027,0.15864342790177943,0.31728685580355886,0.3404060221571503,0.31728685580355886,0.22039690175541093,0.3404060221571503,0.3986616687052582,
B11,0.1768851854444633,0.0,0.15864342790177943,0.1768851854444633,0.31728685580355886,0.030186946174123763,0.14214175096441006,0.19727773540181948,
cn12,0.4523608269474366,0.3034285365145519,0.48710426142748997,0.5074968113848461,0.6506250981401769,0.3034285365145519,0.468862503884806,0.4523608269474366,
B54,0.6773142170087771,0.5074968113848461,0.8675241725900643,0.8675241725900643,0.6071133818292292,0.5434467773180307,0.6773142170087771,0.6506250981401769,
