,job980_scenario4_2516,
in27,0.7853781487790765,
B14,0.5769264356551056,
B11,0.696935556056845,
cn12,0.0,
B54,0.9755881043603638,
