,job290_scenario1_560,job291_scenario4_561,job293_scenario4_563,job295_scenario0_566,job296_scenario3_567,job298_scenario2_571,
in27,0.14312828675533085,0.3213930537051781,0.21962569084612238,0.049808285222191384,0.21962569084612238,0.18488225636606914,
B14,0.6637122065198954,0.8539221621011825,0.8539221621011825,0.553599297429222,0.8539221621011825,0.8539221621011825,
B11,0.6289687720398421,0.9241229972807304,0.7339130416994433,0.5254613285754721,0.8539221621011825,0.6454704489772116,
cn12,0.17431471205853888,0.2538765600924856,0.3036848453146772,0.0,0.3036848453146772,0.204068274870294,
B54,0.765479569378951,0.765479569378951,0.804113876878991,0.6000456020086968,0.804113876878991,0.7339130416994433,
