,job787_scenario2_1841,job791_scenario3_1845,job792_scenario0_1846,job793_scenario0_1847,job795_scenario3_1850,job796_scenario0_1851,job797_scenario0_1852,
in27,0.4452930471269043,0.5818038444660132,0.31021907598302656,0.2963607566940196,0.5235481979179053,0.31021907598302656,0.30315129616249437,
B14,0.860456392769532,0.6702464371882448,0.3804199111625744,0.35066634835081933,0.7404472723677926,0.3804199111625744,0.39159388888472596,
B11,0.13507397114387776,0.2715847684829865,0.007368625357331626,0.007368625357331626,0.3600273612052183,0.040447272367792664,0.0,
cn12,0.3417856036625343,0.5235481979179053,0.169817405623931,0.1666404988233855,0.5004290315643138,0.1666404988233855,0.17305369728627107,
B54,0.6702464371882448,0.5004290315643138,0.41636987709575907,0.5502373167865054,0.46179472406427374,0.4035390775161659,0.41636987709575907,
