,job779_scenario0_1801,job780_scenario0_1804,
in27,0.1758164378356133,0.19620898779296947,
B14,0.6718620311462502,0.6901037886889342,
B11,0.6553603542088808,0.6332277236462103,
cn12,0.006184106053853444,0.0,
B54,0.7216703163684419,0.7753694746106202,
