,job274_scenario0_534,job279_scenario1_540,job285_scenario1_548,job286_scenario0_550,job287_scenario2_554,
in27,0.3894664160960387,0.49243196064270767,0.5573050966070376,0.4151633456426277,0.49243196064270767,
B14,0.592048531087091,0.6938158939461465,0.7120576514888303,0.592048531087091,0.9022676070701174,
B11,0.5573050966070376,0.6355602473980386,0.677314217008777,0.5283819265758923,0.7324502014461864,
cn12,0.0,0.19338686238183267,0.20328307369289855,0.0,0.21377941233918885,
B54,0.26358769756138045,0.39554200659455974,0.3520302902836121,0.3022220050614205,0.49243196064270767,
