,job257_scenario1_504,job258_scenario2_507,job262_scenario2_514,
in27,0.22177648326079485,0.19020995558128712,0.15157564808124707,
B14,0.049808285222191384,0.12000912040173939,0.09332000153313924,
B11,0.015064850742138258,0.049808285222191384,0.0,
cn12,0.09332000153313924,0.1404016703590955,0.12000912040173939,
B54,0.38041991116257434,0.28352995711442636,0.31021907598302656,
