,job920_scenario0_2228,
in27,0.0,
B14,0.304808118019936,
B11,0.14884903168501185,
cn12,0.3468044061626927,
B54,0.31866643730894284,
