,job784_scenario0_1828,
in27,0.11677282873939931,
B14,0.20736621387630333,
B11,0.1300975988762233,
cn12,0.0,
B54,0.04027542464860756,
