,job351_scenario0_663,job356_scenario0_674,job357_scenario0_677,job359_scenario3_680,job360_scenario0_681,
in27,0.4768001899446175,0.49719273990197366,0.5045613652593053,0.7372109807054525,0.4705036210333735,
B14,0.5785675528036731,0.5470010251241654,0.5376400122697664,0.8074118158850003,0.5673935750815216,
B11,0.5203119062555652,0.49719273990197366,0.49719273990197366,0.7372109807054525,0.49012496008144146,
cn12,0.0,0.0066599196487258094,0.010088478474483686,0.32737533427804266,0.0,
B54,0.5673935750815216,0.6033435410147061,0.590512741435113,0.7105218618368523,0.590512741435113,
