,job113_scenario2_228,job115_scenario0_230,job118_scenario4_237,
in27,0.674208545166186,0.6244002599439943,0.8959850284269809,
B14,0.8959850284269809,0.674208545166186,0.9844276211492125,
B11,0.8377293818788729,0.6317688853013259,0.9844276211492125,
cn12,0.19357193622400404,0.0,0.3240773952720336,
B54,0.5359576672217626,0.3994468698826539,0.5359576672217626,
