,job615_scenario2_1275,job621_scenario1_1284,job623_scenario3_1287,job624_scenario1_1288,
in27,0.06030462386848168,0.0,0.15362462540162092,0.010496338646290071,
B14,0.7074318947031351,0.668797587203095,0.6372310595235873,0.6372310595235873,
B11,0.2070028631388212,0.277203698318369,0.4470211039423001,0.2070028631388212,
cn12,0.07649740409079142,0.04835943523704178,0.23012202949241267,0.0399120739111255,
B54,0.6372310595235873,0.5487884668013556,0.4674136538996562,0.6372310595235873,
