,job656_scenario0_1375,
in27,0.28602117366085045,
B14,0.07020083517954778,
B11,0.0,
cn12,0.13507397114387776,
B54,0.3719725498366582,
