,job192_scenario1_377,job194_scenario0_380,job195_scenario1_384,job196_scenario2_385,job197_scenario3_386,job198_scenario0_387,job199_scenario1_388,
in27,0.26215087136614934,0.01605704006414943,0.20039739751251784,0.18389572057514836,0.3204065179142572,0.03496343014226366,0.15497255054400305,
B14,0.2737751394926111,0.13552426154818786,0.2941676894499673,0.31728685580355875,0.2941676894499673,0.19727773540181937,0.31728685580355875,
B11,0.1768851854444632,0.0,0.15864342790177932,0.1768851854444632,0.31728685580355886,0.030186946174123652,0.14214175096441006,
cn12,0.47904994581603666,0.33011765538315196,0.51379338029609,0.5341859302534462,0.6773142170087769,0.33011765538315196,0.49555162275340603,
B54,0.7040033358773772,0.5341859302534462,0.8942132914586643,0.8942132914586643,0.6338025006978293,0.5701358961866307,0.7040033358773772,
