,job108_scenario3_218,job111_scenario4_225,job113_scenario2_228,job114_scenario1_229,job115_scenario0_230,job116_scenario0_234,
in27,0.2040682748702941,0.28544308777199356,0.06366660451119854,0.09523313219070628,0.013858319289006937,0.0,
B14,0.6525382287977439,0.7227390639772918,0.5640956360755124,0.482720823173813,0.3423191528147175,0.37388568049422516,
B11,0.5325291083960046,0.5325291083960046,0.5058399895274044,0.46232827321645675,0.2998794929498574,0.29251086759252576,
cn12,0.34231915281471736,0.34231915281471736,0.23220624372404397,0.21294901955857914,0.038634307500040155,0.03533636849403088,
B54,0.6027299435755524,0.5640956360755124,0.5640956360755124,0.5640956360755124,0.4275848387364035,0.4275848387364035,
