,job493_scenario3_1007,job495_scenario0_1011,job496_scenario2_1013,job499_scenario2_1017,job500_scenario0_1019,job501_scenario3_1020,job502_scenario1_1022,
in27,0.7339130416994432,0.5714642614328438,0.6991696072193899,0.7156712841567594,0.5502373167865052,0.8356804045584988,0.6454704489772116,
B14,0.7774247580103908,0.5956621637550199,0.8743147120585388,0.8356804045584988,0.6342964712550601,0.8743147120585388,0.7543055916567993,
B11,0.6342964712550601,0.1970004950497617,0.28544308777199334,0.3240773952720334,0.22718744122388546,0.6342964712550601,0.3240773952720334,
cn12,0.3240773952720334,0.0,0.17431471205853888,0.14893229043288458,0.0033619806427165333,0.2538765600924856,0.204068274870294,
B54,0.3170096154515011,0.2587539689033932,0.43701873585324047,0.40545220817373273,0.2587539689033932,0.40545220817373273,0.40545220817373273,
