,job508_scenario1_1035,job509_scenario0_1039,job510_scenario0_1040,
in27,0.6456487258725225,0.531936174382027,0.545260944518851,
B14,0.24331617980948794,0.1784430438451582,0.14868948103340296,
B11,0.5523287243393833,0.45543877029123525,0.41846128464863686,
cn12,0.20736621387630338,0.013586305780007413,0.0,
B54,0.7656578462742618,0.6723378447411226,0.6456487258725225,
