,job541_scenario0_1110,job545_scenario1_1117,job547_scenario0_1120,job548_scenario2_1121,
in27,0.5271181504329138,0.678693798514161,0.5067256004755576,0.6084929633346132,
B14,0.7770326025474587,0.9573463468176799,0.8234789071269335,0.9889128744971877,
B11,0.38041991116257434,0.50887639289023,0.37236559555112125,0.4773098652107223,
cn12,0.0,0.14777029571642708,0.0,0.19020995558128728,
B54,0.8106481075473404,0.887145511638132,0.8234789071269335,0.9075380615954882,
