,job867_scenario1_2054,job868_scenario4_2056,job869_scenario2_2057,job870_scenario0_2060,job871_scenario0_2061,
in27,0.8336336293069824,1.0238435848882697,0.8584096175180154,0.7318662664479267,0.7451910365847507,
B14,0.9038344644865302,0.9424687719865701,1.0624778923883096,0.7024505311830913,0.6919541925368011,
B11,0.5936153885035035,0.655368862357135,0.5936153885035035,0.42818142113324953,0.44203974042225636,
cn12,0.15864342790177943,0.317286855803559,0.17688518544446352,0.007067779820532305,0.0,
B54,0.9424687719865701,1.0624778923883096,1.1824870127900489,0.9038344644865302,0.8584096175180154,
