,job665_scenario0_1394,job670_scenario0_1407,
in27,0.31728685580355886,0.31021907598302667,
B14,0.22039690175541093,0.15019606657586315,
B11,0.0,0.007067779820532305,
cn12,0.1867813967555293,0.18012147710680337,
B54,0.4106068573366982,0.42343765691629137,
