,job552_scenario1_1136,job556_scenario4_1150,
in27,0.3954847619047127,0.47373991269571364,
B14,0.47373991269571364,0.6204381519660531,
B11,0.10176736285905552,0.2919773184403427,
cn12,0.0,0.07020083517954778,
B54,0.5319955592438216,0.8106481075473404,
