,job175_scenario0_351,job179_scenario0_356,job180_scenario4_357,job183_scenario1_360,job185_scenario4_364,job186_scenario0_365,job187_scenario1_366,job188_scenario2_367,
in27,0.09961657044438321,0.12737774575907101,0.3102190759830266,0.25508309154561715,0.3102190759830266,0.12000912040173939,0.2400182408034789,0.2715847684829865,
B14,0.3102190759830266,0.2997227373367364,0.45334736273835746,0.45334736273835746,0.5116030092864654,0.2898265260256705,0.45334736273835746,0.600045602008697,
B11,0.01506485074213837,0.03156652767950774,0.3102190759830266,0.19020995558128717,0.3102190759830266,0.0,0.15157564808124713,0.169817405623931,
cn12,0.11294134058120708,0.11294134058120708,0.45334736273835746,0.2898265260256705,0.37509221194735654,0.09332000153313913,0.2715847684829865,0.2715847684829865,
B54,0.08137481290169934,0.12000912040173939,0.21332912193487863,0.21332912193487863,0.2715847684829865,0.15157564808124713,0.2715847684829865,0.3600273612052182,
