,job860_scenario0_2038,
in27,0.28602117366085045,
B14,0.0,
B11,0.08844259272223154,
cn12,0.14814708925548925,
B54,0.3383570448367764,
