,job476_scenario0_967,job477_scenario3_968,
in27,0.48147330780218867,0.6787510432040083,
B14,0.748951878383556,0.9889701191870348,
B11,0.6861196685613398,1.0387784044092263,
cn12,0.0,0.3569076990945198,
B54,0.7987601636057475,0.8485684488279391,
