,job449_scenario0_901,job451_scenario2_904,job452_scenario1_905,job453_scenario2_907,job454_scenario0_908,job455_scenario1_909,job456_scenario2_910,
in27,0.013858319289006937,0.1489322904328847,0.12000912040173939,0.09523313219070628,0.0,0.16543396737025406,0.06366660451119854,
B14,0.46232827321645686,0.7725473491994834,0.5823373936181961,0.7227390639772918,0.5058399895274045,0.5823373936181961,0.6258491099291439,
B11,0.004725267708969083,0.09067664388477692,0.13243061349551521,0.1489322904328847,0.03780391471943034,0.16717404797556845,0.2106857642865162,
cn12,0.2786525483035188,0.46232827321645686,0.4356391543478567,0.4440865156737729,0.2689414108346241,0.4275848387364035,0.482720823173813,
B54,0.5325291083960046,0.6841047564772518,0.652538228797744,0.7227390639772918,0.5058399895274045,0.652538228797744,0.652538228797744,
