,job326_scenario3_622,job328_scenario1_625,job329_scenario1_627,job330_scenario2_630,job331_scenario2_631,
in27,0.3793478547164868,0.15439446465514628,0.1393296139130079,0.0895213286908163,0.12547129462400108,
B14,0.6397586454773218,0.5197495250755824,0.5428686914291738,0.6397586454773218,0.5197495250755824,
B11,0.6397586454773218,0.46461354063817284,0.569557810297774,0.4993569751182261,0.46461354063817284,
cn12,0.12770534578654613,0.024197902322176112,0.0,0.05233587117592586,0.05233587117592586,
B54,0.569557810297774,0.6011243379772817,0.569557810297774,0.4993569751182261,0.569557810297774,
