,job408_scenario2_796,job414_scenario2_805,job415_scenario1_807,
in27,0.5789754129754794,0.5789754129754794,0.5940402637176178,
B14,0.6989845333772189,0.7305510610567266,0.628783698197671,
B11,0.6722954145086186,0.6989845333772189,0.5940402637176178,
cn12,0.0,0.0745842734332246,0.0,
B54,0.6491762481550272,0.8891944889585061,0.7691853685567667,
