,job189_scenario0_368,job191_scenario4_371,job192_scenario1_377,job193_scenario0_378,job194_scenario0_380,
in27,0.018906390078114343,0.22297466494840834,0.2460938313019998,0.025696929546588976,0.0,
B14,0.6127555889653817,0.8527738297688605,0.7123721594097648,0.5830020261536266,0.5741212814653416,
B11,0.5286964344968269,0.8141395222688205,0.7123721594097648,0.5741212814653416,0.5354869739653016,
cn12,0.4086873140950875,0.7558838757207125,0.5576196045279722,0.4086873140950875,0.4086873140950875,
B54,0.31371049070450663,0.5923630390080256,0.47235391860628617,0.2920401743360649,0.30253651298235507,
