,job394_scenario4_764,job396_scenario1_767,
in27,0.4853641808221755,0.26846510637228815,
B14,0.12000912040173939,0.0,
B11,0.5351724660443671,0.31021907598302656,
cn12,0.3449625104630798,0.19826427119274037,
B54,0.5351724660443671,0.4151633456426277,
