,job67_scenario1_133,
in27,0.0,
B14,0.4734189921907356,
B11,0.37165162933167994,
cn12,0.24228149607554172,
B54,0.04319079580596952,
