,job875_scenario2_2071,job878_scenario2_2085,job879_scenario0_2088,
in27,0.6841047564772518,0.638679909508737,0.5325291083960045,
B14,0.5823373936181963,0.5325291083960046,0.3921274380369091,
B11,0.5121365584386482,0.46232827321645686,0.34231915281471725,
cn12,0.18367572491293793,0.18367572491293793,0.0,
B54,0.7227390639772917,0.8427481843790312,0.6258491099291439,
