,job615_scenario2_1275,job616_scenario2_1276,job618_scenario3_1279,
in27,0.023569456757901674,0.038634307500040044,0.07337774198009328,
B14,0.5738067735444071,0.47691681949625914,0.5036059383648593,
B11,0.19338686238183278,0.2249533900613404,0.31339598278357217,
cn12,0.32329219409463805,0.3337885327409283,0.3986616687052582,
B54,0.20845171312397104,0.038634307500040044,0.0,
