,job140_scenario0_291,job146_scenario0_297,job147_scenario0_298,job148_scenario1_299,job149_scenario3_302,job150_scenario0_304,job151_scenario3_306,
in27,0.12737774575907101,0.087244411034618,0.10615080111273234,0.21332912193487863,0.333338242336618,0.08137481290169934,0.36002736120521817,
B14,0.5502373167865054,0.5706298667438616,0.5408763039321065,0.7720138000473004,0.7404472723677926,0.5706298667438616,0.8106481075473404,
B11,0.5004290315643137,0.5408763039321065,0.5154938823064521,0.5818038444660132,0.7404472723677926,0.5077976569216454,0.7137581534991924,
cn12,0.0,0.00653423066834935,0.009896211311065883,0.18084894272688823,0.2919773184403427,0.009896211311065883,0.33061162594038274,
B54,0.6065798326770462,0.5937490330974531,0.5937490330974531,0.8106481075473404,0.6906389871456009,0.5818038444660132,0.6702464371882447,
