,job219_scenario1_429,job225_scenario3_438,job226_scenario1_447,
in27,0.3781858600000292,0.4418524645112277,0.3781858600000292,
B14,0.632062420092515,0.5822541348703234,0.632062420092515,
B11,0.0,0.07825515079100087,0.05513598443740941,
cn12,0.4324914516568289,0.5822541348703234,0.44185246451122784,
B54,0.2249533900613404,0.25164250892994056,0.2249533900613404,
