,job805_scenario0_1887,job806_scenario2_1890,
in27,0.1076369609919744,0.2754756415029733,
B14,0.2106025055386434,0.45062074634212224,
B11,0.16352083671268713,0.31021907598302656,
cn12,0.0,0.20010616689235317,
B54,0.22177648326079497,0.45062074634212224,
