,job856_scenario4_2028,
in27,0.0,
B14,0.33061162594038296,
B11,0.2919773184403429,
cn12,0.15546652110123405,
B54,0.3804199111625745,
