,job894_scenario1_1958,
in27,0.12770534578654613,
B14,0.1828413302239556,
B11,0.09878217575540088,
cn12,0.0,
B54,0.23264961544614726,
B51,0.16244878026659937,
os4,0.16244878026659937,
in4,0.07400618754436777,
B33,0.12770534578654613,
