,job677_scenario0_1314,job678_scenario4_1316,
in27,0.11047625982815534,0.2377534058061696,
B14,0.21854019159845484,0.21463423945257815,
B11,0.14453400405408712,0.2644425246747698,
cn12,0.0,0.19424168949522191,
B54,0.15223022943889386,0.3346433598543176,
B51,0.3069827843206865,0.454652480256057,
os4,0.1968698752300131,0.3346433598543176,
in4,0.17761265106454827,0.38445164507650914,
B33,0.27223934984063325,0.1759999319525381,
