,job549_scenario2_1032,
in27,0.2261599215144719,
B14,0.3102190759830266,
B11,0.24001824080347883,
cn12,0.15157564808124713,
B54,0.0,
B51,0.21332912193487874,
os4,0.391593888884726,
in4,0.2261599215144719,
B33,0.43022819638476606,
