,job852_scenario0_1801,job853_scenario1_1802,
in27,0.12000912040173939,0.23372167189223492,
B14,0.20010616689235317,0.45062074634212224,
B11,0.14040167035909557,0.24655247147182807,
cn12,0.0,0.12654335107008863,
B54,0.22177648326079497,0.5706298667438616,
B51,0.24655247147182807,0.24655247147182807,
os4,0.08009704649061378,0.14040167035909568,
in4,0.1719681980386033,0.22177648326079497,
B33,0.29197731844034275,0.2754756415029733,
