,job967_scenario0_2162,job968_scenario2_2163,
in27,0.13386743969074633,0.19357193622400393,
B14,0.16543396737025406,0.3738856804942252,
B11,0.1489322904328847,0.22718744122388568,
cn12,0.0,0.1743147120585391,
B54,0.24001824080347883,0.32407739527203355,
B51,0.24001824080347883,0.25387656009248577,
os4,0.18367572491293804,0.49389480089596455,
in4,0.16543396737025406,0.24001824080347883,
B33,0.2854430877719935,0.49389480089596455,
