,job708_scenario2_1394,
in27,0.03361550499988175,
B14,0.49053282025324785,
B11,0.060304623868481844,
cn12,0.0,
B54,0.1803137442702213,
B51,0.046446304579474906,
os4,0.25051457944976907,
in4,0.010496338646290237,
B33,0.3003228646719606,
