,job790_scenario0_1623,
in27,0.2677794161181666,
B14,0.3306116259403828,
B11,0.2835299571144265,
cn12,0.12324541206407946,
B54,0.11371255149049553,
B51,0.36656159187356746,
os4,0.34178560366253435,
in4,0.25334301094030276,
B33,0.0,
