,job795_scenario0_1634,job797_scenario1_1638,
in27,0.22177648326079508,0.08473688633209758,
B14,0.26929153544912005,0.1935720290116854,
B11,0.24390911382346564,0.12337119383213763,
cn12,0.09497682339058094,0.03492860110990592,
B54,0.0,0.12337119383213763,
B51,0.3488533834830667,0.1935720290116854,
os4,0.3221642646144666,0.15493772151164537,
in4,0.28854875961458487,0.08473688633209758,
B33,0.3488533834830667,0.15493772151164537,
