,job538_scenario2_1009,
in27,0.0,
B14,0.39866166870525827,
B11,0.4137265194473966,
cn12,0.32846083352571054,
B54,0.31021907598302656,
B51,0.38480334941625133,
os4,0.7088807446882849,
in4,0.3383570448367764,
B33,0.7088807446882849,
