,job802_scenario2_1654,
in27,0.08526568592168604,
B14,0.38041991116257434,
B11,0.07020083517954773,
cn12,0.0,
B54,0.26041079076083495,
B51,0.05634251589054079,
os4,0.1404016703590955,
in4,0.0,
B33,0.26041079076083495,
