,job946_scenario3_2104,
in27,0.15157564808124718,
B14,0.07020083517954778,
B11,0.0,
cn12,0.04980828522219155,
B54,0.0,
B51,0.24001824080347878,
os4,0.12000912040173944,
in4,0.24001824080347878,
B33,0.15157564808124718,
