,job685_scenario4_1336,
in27,0.2786525483035189,
B14,0.2351408319925712,
B11,0.3053416671721191,
cn12,0.2351408319925712,
B54,0.3053416671721191,
B51,0.0,
os4,0.1466982392703396,
in4,0.37554250235166686,
B33,0.18533254677037964,
