,job806_scenario1_1664,job811_scenario4_1673,
in27,0.6942890100288452,0.43867555771068234,
B14,0.737800726339793,0.3804199111625744,
B11,0.6760472524861615,0.3804199111625744,
cn12,0.5560381320844221,0.3186664373089429,
B54,0.9546998007896803,0.4071090300311746,
B51,0.3391390576345347,0.0,
os4,0.3204033295346203,0.026689118868600148,
in4,0.5946724395844621,0.3804199111625744,
B33,0.6306224055176468,0.26041079076083506,
