,job703_scenario3_1379,
in27,0.05825564654810794,
B14,0.0,
B11,0.14669823927033954,
cn12,0.026689118868600203,
B54,0.026689118868600203,
B51,0.21689907444988737,
os4,0.026689118868600203,
in4,0.09688995404814796,
B33,0.026689118868600203,
