,job914_scenario2_2003,
in27,0.38041991116257445,
B14,0.6755741364034628,
B11,0.38041991116257445,
cn12,0.2951542252408884,
B54,0.4586750619535754,
B51,0.0,
os4,0.6755741364034628,
in4,0.3267207529203961,
B33,0.5169307085016833,
