,job757_scenario0_1638,
in27,0.1101129090906734,
B14,0.15362462540162114,
B11,0.15362462540162114,
cn12,0.0,
B54,0.22382546058116892,
B51,0.21188027194972897,
os4,0.17095273141582235,
in4,0.11664713975902263,
B33,0.22382546058116892,
sh10,0.4020902275310162,
in22,0.23665626016076208,
