,job325_scenario0_619,
in27,0.12343767922749738,
B14,0.19020995558128717,
B11,0.15362462540162114,
cn12,0.0,
B54,0.21188027194972897,
B51,0.28208110712927675,
os4,0.1803137442702213,
in4,0.17095273141582235,
B33,0.22382546058116892,
sh10,0.4020902275310162,
in22,0.21188027194972897,
