,job800_scenario0_1756,
in27,0.1129413405812072,
B14,0.179713616934997,
B11,0.14312828675533096,
cn12,0.0,
B54,0.2898265260256704,
B51,0.25508309154561715,
os4,0.2013839333034388,
in4,0.15157564808124713,
B33,0.19020995558128723,
sh10,0.2898265260256704,
in22,0.2261599215144719,
