,job79_scenario1_165,
in27,0.17514510483914886,
B14,0.2684651063722881,
B11,0.14845598597054876,
cn12,0.08670251211691715,
B54,0.3653550604204361,
B51,0.0,
os4,0.2684651063722881,
in4,0.041277665148402476,
B33,0.14845598597054876,
sh10,0.2951542252408883,
in22,0.2249533900613404,
