,job805_scenario3_1767,
in27,0.03156652767950774,
B14,0.24001824080347878,
B11,0.1902099555812872,
cn12,0.015064850742138314,
B54,0.07020083517954778,
B51,0.3102190759830266,
os4,0.1902099555812872,
in4,0.24001824080347878,
B33,0.1902099555812872,
sh10,0.0,
in22,0.09332000153313924,
