,job1132_scenario0_3220,
in27,0.16176309001247802,
B14,0.19650652449253136,
B11,0.14669823927033965,
cn12,0.0,
B54,0.240018240803479,
B51,0.2817722104142174,
os4,0.19650652449253136,
in4,0.18714551163813242,
B33,0.21689907444988749,
sh10,0.4182830077533263,
in22,0.240018240803479,
