,job674_scenario2_1409,
in27,0.07956184803394667,
B14,0.2697718036152339,
B11,0.09462669877608498,
cn12,0.0,
B54,0.2697718036152339,
B51,0.05287272916534658,
os4,0.2697718036152339,
in4,0.06570352874493973,
B33,0.2697718036152339,
sh10,0.2697718036152339,
in22,0.040927540533906626,
