,job172_scenario0_354,
in27,0.30534166717211897,
B14,0.36504616370537657,
B11,0.29148334788311203,
cn12,0.1649399968130234,
B54,0.3551499523943107,
B51,0.3986616687052583,
os4,0.3551499523943107,
in4,0.3369081948516267,
B33,0.0,
sh10,0.5453599079755979,
in22,0.38671648007381837,
