,job1192_scenario4_3573,
in27,0.16543396737025412,
B14,0.16543396737025412,
B11,0.2538765600924857,
cn12,0.08405915446855472,
B54,0.2538765600924857,
B51,0.44408651567377294,
os4,0.16543396737025412,
in4,0.16543396737025412,
B33,0.0,
sh10,0.16543396737025412,
in22,0.08405915446855472,
