,job650_scenario3_1356,
in27,0.2168990744498873,
B14,0.26670735967207887,
B11,0.3369081948516267,
cn12,0.0,
B54,0.17826476694984728,
B51,0.2168990744498873,
os4,0.12000912040173933,
in4,0.26670735967207887,
B33,0.26670735967207887,
sh10,0.17826476694984728,
in22,0.14669823927033954,
