,job428_scenario1_841,
in27,0.29904509826087505,
B14,0.260410790760835,
B11,0.260410790760835,
cn12,0.14040167035909557,
B54,0.3488533834830667,
B51,0.19020995558128723,
os4,0.2786525483035188,
in4,0.0,
B33,0.24390911382346558,
sh10,0.260410790760835,
in22,0.260410790760835,
