,job144_scenario3_299,
in27,0.09332000153313924,
B14,0.12000912040173944,
B11,0.12000912040173944,
cn12,0.0,
B54,0.0,
B51,0.3102190759830266,
os4,0.15157564808124718,
in4,0.3102190759830266,
B33,0.15157564808124718,
sh10,0.3102190759830266,
in22,0.1902099555812872,
