,job1090_scenario4_2933,
in27,0.1586434279017795,
B14,0.10883514267958783,
B11,0.13195430903317928,
cn12,0.05369915824217836,
B54,0.22884426308132724,
B51,0.19020995558128723,
os4,0.2786525483035188,
in4,0.22884426308132724,
B33,0.0,
sh10,0.1586434279017795,
in22,0.22884426308132724,
