,job380_scenario4_720,
in27,0.02892317003114525,
B14,0.045424846968514676,
B11,0.16543396737025412,
cn12,0.02892317003114525,
B54,0.32407739527203355,
B51,0.2538765600924857,
os4,0.20406827487029414,
in4,0.08405915446855472,
B33,0.0,
sh10,0.13386743969074638,
in22,0.13386743969074638,
