,job181_scenario1_368,
in27,0.28320903660944835,
B14,0.20183422370774906,
B11,0.0,
cn12,0.21689907444988732,
B54,0.44185246451122784,
B51,0.2951542252408883,
os4,0.3920441792890362,
in4,0.28320903660944835,
B33,0.35340987178899613,
sh10,0.44185246451122784,
in22,0.41516334564262763,
