,job236_scenario3_461,
in27,0.38041991116257445,
B14,0.3417856036625344,
B11,0.430228196384766,
cn12,0.20527480632342554,
B54,0.0,
B51,0.6204381519660532,
os4,0.28352995711442647,
in4,0.38041991116257445,
B33,0.08526568592168615,
sh10,0.22177648326079497,
in22,0.31021907598302667,
