,job206_scenario2_412,job208_scenario3_414,job209_scenario0_415,job210_scenario2_417,
in27,0.5569309407644946,0.7138628736329764,0.31100536601820483,0.4649716308648193,
B14,0.676940061166234,0.7138628736329764,0.3692610125663127,0.4649716308648193,
B11,0.3982875128627151,0.39657601782941754,0.03864938662592998,0.11611824738175258,
cn12,0.49409873094227835,0.4738446328294975,0.19099624561646533,0.2747616752835321,
B54,0.9169583019697127,0.5387177687938275,0.43101448641994433,0.4649716308648193,
B51,0.1765110296019201,0.28363467724821034,0.0976762440833262,0.0,
os4,0.41652927040539905,0.40364379764994984,0.0976762440833262,0.18631908256130036,
