,job64_scenario4_136,job65_scenario1_138,
in27,0.4341341485306428,0.14312828675533096,
B14,0.4341341485306428,0.1559590863349241,
B11,0.35275933562894335,0.24001824080347883,
cn12,0.25586938158079553,0.07292745157578318,
B54,0.4727684560306828,0.3600273612052183,
B51,0.35275933562894335,0.0,
os4,0.3758785019825348,0.2196256908461226,
