,job769_scenario4_1669,
in27,0.3435256842678488,
B14,0.0,
B11,0.12439255865541632,
cn12,0.3600273612052182,
B54,0.18805916316661475,
B51,0.5684790743291892,
os4,0.20138393330343884,
