,job943_scenario2_2249,job944_scenario3_2250,
in27,0.35730074480898294,0.6471272708346534,
B14,0.527118150432914,0.8373372264159405,
B11,0.31866643730894284,0.5973189856124618,
cn12,0.35730074480898294,0.40710903003117455,
B54,0.7173281060142012,0.4569173152533661,
B51,0.0,0.14669823927033954,
os4,0.17826476694984728,0.1600230094071634,
