,job1164_scenario3_3411,
in27,0.6342964712550601,
B14,0.0,
B11,0.9129490195585789,
cn12,0.4977856739159512,
B54,0.5142873508533206,
B51,0.9129490195585789,
os4,0.17737915600169396,
