,job511_scenario0_1003,job512_scenario4_1005,
in27,0.18367572491293804,0.1562003160091595,
B14,0.21524225259244567,0.3811537060705,
B11,0.11347488973339015,0.26114458566876064,
cn12,0.0,0.21133630044656898,
B54,0.28544308777199345,0.26114458566876064,
B51,0.22718744122388568,0.2927111133482684,
os4,0.1743147120585391,0.4513545412500478,
