,job75_scenario1_158,job76_scenario0_160,
in27,0.35275933562894335,0.15864342790177943,
B14,0.40645849387112176,0.20845171312397115,
B11,0.36470452426038336,0.20845171312397115,
cn12,0.3211928079494357,0.02147804920502394,
B54,0.5429692912102306,0.2786525483035189,
B51,0.4615944783085312,0.34885338348306666,
os4,0.35275933562894335,0.0,
