,job25_scenario1_55,job33_scenario4_65,
in27,0.5889256682525342,0.45442609870694217,
B14,0.18430785476778377,0.0,
B11,0.7089347886542736,0.6130695266087216,
cn12,0.5978064129408193,0.3179153013678333,
B54,0.8675782165560532,0.5428686914291738,
B51,0.35552491686527754,0.1561522113553554,
os4,0.46046918652487856,0.11751790385531535,
