,job563_scenario2_1123,job564_scenario1_1126,
in27,0.405877848812495,0.24001824080347883,
B14,0.26274956205716404,0.20406827487029416,
B11,0.4476318184232334,0.32407739527203355,
cn12,0.36236613250154737,0.24001824080347883,
B54,0.43256696768109504,0.444086515673773,
B51,0.4476318184232334,0.25387656009248577,
os4,0.43256696768109504,0.0,
