,job166_scenario0_345,
in27,0.15864342790177932,
B14,0.0,
B11,0.17250174719078626,
cn12,0.05249262678904687,
B54,0.19562091354437783,
B51,0.38583086912566494,
os4,0.04199628814275669,
