,job449_scenario1_879,job450_scenario0_881,
in27,0.3785628435493902,0.17250174719078626,
B14,0.28524284201625094,0.013858319289006826,
B11,0.4550602476401818,0.17250174719078626,
cn12,0.3554436771957986,0.045424846968514565,
B54,0.19680024929401918,0.0,
B51,0.43681849009749796,0.27865254830351877,
os4,0.28524284201625094,0.013858319289006826,
