,job928_scenario4_2191,
in27,0.3284608335257105,
B14,0.13825087794442326,
B11,0.2400182408034789,
cn12,0.18176259425537095,
B54,0.0,
B51,0.27865254830351893,
os4,0.01824175754268398,
