,job659_scenario1_1386,
in27,0.35340987178899613,
B14,0.3369081948516267,
B11,0.3369081948516267,
cn12,0.2334007513872567,
B54,0.0,
B51,0.09688995404814793,
os4,0.3218433441094884,
