,job262_scenario1_500,job263_scenario2_501,job264_scenario2_503,job266_scenario3_507,job267_scenario0_509,job268_scenario1_511,
in27,0.6759406820387917,0.6484931955974247,0.5712711291908408,0.5531567331414613,0.2667073596720789,0.2739753852483538,
B14,0.8226389213091312,0.8071366234992042,0.9610520532078142,0.6581010028010623,0.3867164800738183,0.4059296942815331,
B11,0.8226389213091312,0.7369357883196563,0.7006412624469791,0.9683200787840889,0.30534166717211897,0.32767454349053216,
cn12,0.6057398468592439,0.6169266679179171,0.5712711291908408,0.5879001676215145,0.1817625942553709,0.22416710002616214,
B54,0.3190329829442718,0.4084749547939459,0.3721804289212686,0.2096310488736125,0.0,0.007268025576274817,
B51,0.71769465164953,0.6604383842288647,0.5905283533563057,0.8483109583823495,0.5186707891069976,0.32767454349053216,
os4,0.8542054489886388,0.9271457439009436,0.8908512180282663,0.7781101232028017,0.36504616370537657,0.3828105279279416,
