,job370_scenario1_707,
in27,0.3519730455937651,
B14,0.03156652767950774,
B11,0.3867164800738183,
cn12,0.2319639251920257,
B54,0.33690819485162676,
B51,0.0,
os4,0.3519730455937651,
