,job133_scenario2_278,job138_scenario0_285,
in27,0.7471827542655072,0.2663579416667706,
B14,0.7787492819450148,0.3317395554205542,
B11,1.1222749662128637,0.656838408303548,
cn12,0.4916493723155797,0.0,
B54,1.417429191453752,0.8057706987364327,
B51,0.8201102058412901,0.349981312963238,
os4,1.0574018302485337,0.5368292879018086,
