,job201_scenario0_407,job203_scenario1_409,job204_scenario3_410,
in27,0.47000309349352154,0.36452466763982616,0.59566216375502,
B14,0.6543434509418898,0.5640956360755123,0.47565304335328057,
B11,0.13224410300913436,0.0,0.2538765600924857,
cn12,0.025457937649920437,0.010288366773998137,0.12224317156428444,
B54,0.31255784727935554,0.14893229043288458,0.13386743969074621,
B51,0.5960878043937821,0.47565304335328057,0.6342964712550601,
os4,0.6089186039733752,0.5640956360755123,0.537406517206912,
