,job300_scenario0_573,job301_scenario1_575,
in27,0.5114027635307228,0.5004290315643137,
B14,0.5468601642302173,0.5888716242865454,
B11,0.5114027635307228,0.5123742201957537,
cn12,0.41915481844367103,0.4190542186626144,
B54,0.7451244354229576,0.6092641742439016,
B51,0.5633618411675867,0.4506207463421221,
os4,0.12263730613653046,0.0,
