,job177_scenario0_364,job178_scenario2_365,job182_scenario2_370,job183_scenario1_371,
in27,0.18263682778568469,0.231126878545592,0.19020995558128728,0.0,
B14,0.5382807507372258,0.911869654380127,0.4617947240642738,0.4617947240642738,
B11,0.29611171751907467,0.3616323375936216,0.07020083517954778,0.08137481290169934,
cn12,0.37620876400968856,0.4967063087374994,0.21332912193487874,0.2400182408034789,
B54,0.5067142230577182,0.5518422931749088,0.260410790760835,0.24001824080347878,
B51,0.746732463861197,0.5877922591080935,0.27158476848298657,0.34178560366253435,
os4,0.4226550685891634,0.5630162708970604,0.5502373167865053,0.0597044965332576,
