,job247_scenario1_481,job248_scenario4_482,
in27,0.2613244422893176,0.211516157067126,
B14,0.0946266987760851,0.5097900444187127,
B11,0.0,0.19020995558128728,
cn12,0.4145569122280064,0.5634892026608911,
B54,0.8586434279017794,0.6417443534518921,
B51,0.15414612146717133,0.21781272597836987,
os4,0.7884425927222316,0.6684334723204922,
