,job442_scenario0_868,job444_scenario3_870,
in27,0.09660542388901716,0.3268481144137004,
B14,0.40095490173912485,0.39704894959324816,
B11,0.3195800888374255,0.4468572348154398,
cn12,0.16680625906856505,0.3268481144137004,
B54,0.13424754206704603,0.11839640128972928,
B51,0.47115573691867263,0.5170580699949876,
os4,0.0,0.01662903843067376,
