,job1140_scenario4_3255,
in27,0.018241757542683812,
B14,0.0617534738536315,
B11,0.0,
cn12,0.018241757542683812,
B54,0.0884425927222317,
B51,0.2786525483035189,
os4,0.39866166870525827,
