,job366_scenario0_699,job367_scenario3_701,
in27,0.10110273032362516,0.23445546680016044,
B14,0.1569866060443379,0.4513545412500478,
B11,0.14123606504807795,0.5713636616517872,
cn12,0.0,0.2927111133482684,
B54,0.19357193622400393,0.23445546680016044,
B51,0.2538765600924857,0.2927111133482684,
os4,0.11347488973339004,0.1411354652670212,
