,job175_scenario1_362,job177_scenario0_364,
in27,0.47276845603068274,0.3146025142367035,
B14,0.2162485382898346,0.0,
B11,0.611019333975106,0.30806828356835425,
cn12,0.441201928351175,0.19795537447768086,
B54,0.7514210043342016,0.44846995392744987,
B51,0.3710010931716273,0.37826911874790214,
os4,0.23275021522720396,0.03594996593318467,
