,job107_scenario1_225,
in27,0.0,
B14,0.48003648160695755,
B11,0.5235481979179053,
cn12,0.33333824233661813,
B54,0.4452930471269043,
B51,0.430228196384766,
os4,0.46179472406427374,
