,job177_scenario0_364,job178_scenario2_365,job179_scenario1_366,job182_scenario2_370,
in27,0.11048239389737124,0.15439042282916804,0.1934653715671112,0.14312828675533085,
B14,0.3728063153157732,0.7418131971305639,0.6353178360783389,0.3213930537051782,
B11,0.20083811727716994,0.2617767155236063,0.29035532561525906,0.0,
cn12,0.33074344898997526,0.4466589718896757,0.4451078804970518,0.19293657197752256,
B54,0.5812580284397443,0.6218040767288245,0.7553269564800783,0.3600273612052182,
B51,0.7012671488414837,0.5377449222602698,0.5651170008987911,0.2511922185256304,
os4,0.3273814683472585,0.46316064882704505,0.21498585100463885,0.48003648160695767,
