,job779_scenario4_1696,job780_scenario0_1697,
in27,0.4347405560419419,0.15681127786442828,
B14,0.33297319318288626,0.1760685020298931,
B11,0.40317402836243416,0.09597145553927933,
cn12,0.33297319318288626,0.0,
B54,0.5231831487641735,0.22251480660936795,
B51,0.4733748635419819,0.20968400702977485,
os4,0.5933839839437213,0.15681127786442828,
