,job683_scenario1_1425,job684_scenario1_1428,
in27,0.38041991116257434,0.21787053111491816,
B14,0.33061162594038274,0.28274366707924814,
B11,0.39548476190471266,0.457888771918397,
cn12,0.33061162594038274,0.20737419246862798,
B54,0.6204381519660531,0.38768793673884927,
B51,0.17635163629228018,0.07746886075582271,
os4,0.0,0.007268025576274817,
