,job281_scenario1_532,job283_scenario1_538,
in27,0.45686546978432796,0.09523313219070634,
B14,0.44036379284695853,0.22718744122388562,
B11,0.5453080625065596,0.13386743969074638,
cn12,0.32840898805667235,0.07356281582226454,
B54,0.3052898217030809,0.13386743969074638,
B51,0.27860070283448074,0.0,
os4,0.4252989421048202,0.18367572491293793,
