,job375_scenario2_712,job376_scenario2_713,job379_scenario1_717,
in27,0.12726576856017474,0.24889124276815705,0.0,
B14,0.552616556134033,0.4777355058494843,0.2786525483035188,
B11,0.43260743573229365,0.42259952141207485,0.38041991116257445,
cn12,0.353045587698347,0.3373338354903888,0.08844259272223165,
B54,0.5841830838135409,0.6475529114734153,0.38041991116257445,
B51,0.40591831686369356,0.3936763513809296,0.21498594379232028,
os4,0.5841830838135409,0.6475529114734153,0.38041991116257445,
