,job934_scenario1_2206,
in27,0.1586434279017795,
B14,0.0884425927222317,
B11,0.13825087794442326,
cn12,0.0,
B54,0.0884425927222317,
B51,0.27865254830351893,
os4,0.06175347385363161,
