,job721_scenario0_1535,job722_scenario1_1537,
in27,0.003228313070015476,0.0,
B14,0.4516982669974653,0.40915800735154856,
B11,0.3548083129493175,0.4589662925737402,
cn12,0.18499090732538626,0.2420672181238529,
B54,0.24324655387349425,0.13050545904802968,
B51,0.5218991021770131,0.28914888694980917,
os4,0.5015065522196569,0.27865254830351893,
