,job345_scenario2_658,
in27,0.0,
B14,0.4151633456426276,
B11,0.4649716308648193,
cn12,0.2249533900613404,
B54,0.5351724660443671,
B51,0.31827339159447976,
os4,0.7751907068478459,
