,job888_scenario1_2036,
in27,0.4467298733221354,
B14,0.4853641808221754,
B11,0.41516334564262763,
cn12,0.33560149760868097,
B54,0.5084833471757668,
B51,0.0,
os4,0.3449625104630799,
