,job1047_scenario0_2750,
in27,0.0798757856772867,
B14,0.3028504506256951,
B11,0.08595137617580773,
cn12,0.0,
B54,0.28245790066833887,
B51,0.26421614312565506,
os4,0.1828413302239557,
