,job69_scenario1_149,job70_scenario0_150,
in27,0.46886250388480605,0.3719725498366582,
B14,0.5621825054179452,0.5186707891069976,
B11,0.6204381519660532,0.3986616687052583,
cn12,0.363918234225205,0.20215514421272696,
B54,0.7790815798678327,0.44217338501620596,
B51,0.0,0.07020083517954778,
os4,0.5621825054179452,0.430228196384766,
