,job328_scenario1_615,
in27,0.41516334564262763,
B14,0.5084833471757668,
B11,0.5084833471757668,
cn12,0.32672075292039593,
B54,0.5351724660443671,
B51,0.2951542252408883,
os4,0.24534594001869658,
in4,0.41516334564262763,
B33,0.0,
