,job418_scenario0_817,
in27,0.13333389053856337,
B14,0.0702008351795479,
B11,0.13333389053856337,
cn12,0.0,
B54,0.2754756415029733,
B51,0.2754756415029733,
os4,0.09059338513690396,
in4,0.2106025055386434,
B33,0.2754756415029733,
