,job307_scenario0_577,
in27,0.11347488973339015,
B14,0.19357193622400393,
B11,0.12000912040173939,
cn12,0.0,
B54,0.25387656009248577,
B51,0.2854430877719935,
os4,0.18367572491293804,
in4,0.16543396737025406,
B33,0.013858319289006937,
