,job172_scenario2_324,job174_scenario2_327,job175_scenario0_329,
in27,0.6755032349710028,0.5114027635307228,0.2647942290145119,
B14,0.8506483398101518,0.8216218395137495,0.31021907598302656,
B11,0.41335236360485345,0.2643167429067117,0.0,
cn12,0.6218040767288245,0.4412019283511751,0.14148716960676333,
B54,0.6218040767288245,0.4412019283511751,0.1817625942553709,
B51,0.6604383842288646,0.4412019283511751,0.4137265194473966,
os4,0.9706574602118911,0.7514210043342016,0.3190998206713116,
in4,0.6337492653602645,0.5114027635307228,0.3017717146571104,
B33,0.8506483398101518,0.7514210043342016,0.38480334941625133,
