,job15_scenario4_34,job17_scenario2_37,
in27,0.5120286499252273,0.2261599215144719,
B14,0.22849869281080104,0.1698174056239311,
B11,0.5702842964733353,0.27158476848298657,
cn12,0.38007434089204806,0.24001824080347883,
B54,0.6089186039733754,0.43022819638476606,
B51,0.4187086483920881,0.0,
os4,0.5120286499252273,0.4800364816069576,
in4,0.6587268891955669,0.2261599215144719,
B33,0.39201952952348806,0.5502373167865054,
