,job314_scenario0_589,
in27,0.12000912040173939,
B14,0.0033619806427167553,
B11,0.1489322904328847,
cn12,0.0,
B54,0.22718744122388568,
B51,0.25387656009248577,
os4,0.19357193622400393,
in4,0.16543396737025406,
B33,0.22718744122388568,
