,job656_scenario0_1392,
in27,0.09431219085515052,
B14,0.2084517131239711,
B11,0.13444552557960332,
cn12,0.0,
B54,0.08844259272223165,
B51,0.2786525483035189,
os4,0.1867813967555293,
in4,0.15019606657586326,
B33,0.26215087136614945,
