,job57_scenario2_110,job59_scenario0_113,
in27,0.620542872099837,0.32184334410948834,
B14,0.6907437072793848,0.38154784064274594,
B11,0.33344296247040195,0.0,
cn12,0.5707345868776454,0.19476644388721664,
B54,0.3769546787813496,0.12000912040173939,
B51,0.5707345868776454,0.4569173152533661,
os4,1.050771068484603,0.3622906164772811,
in4,0.6066845528108301,0.3449625104630799,
B33,0.6521093997793448,0.3079850248204814,
