,job936_scenario1_2502,
in27,0.06570352874493973,
B14,0.1995709684356861,
B11,0.1995709684356861,
cn12,0.0,
B54,0.1995709684356861,
B51,0.040927540533906626,
os4,0.12937013325613822,
in4,0.06570352874493973,
B33,0.040927540533906626,
