,job215_scenario3_398,job219_scenario4_404,
in27,0.7297140144102929,0.4649716308648193,
B14,0.6862022980993452,0.3063282029630398,
B11,0.8764122536806325,0.7751907068478459,
cn12,0.6862022980993452,0.34496251046307985,
B54,0.46657660725322264,0.34496251046307985,
B51,1.0666222092619198,0.5351724660443671,
os4,0.39637577207367486,0.0,
in4,0.8266039684584409,0.49653815854432704,
B33,0.8266039684584409,0.36002736120521817,
