,job532_scenario0_1074,job535_scenario4_1081,
in27,0.1964951470746915,0.09332000153313924,
B14,0.26669598225423935,0.12000912040173944,
B11,0.20386377243202314,0.12000912040173944,
cn12,0.06262770738394519,0.09332000153313924,
B54,0.28981514860783086,0.430228196384766,
B51,0.33156911821856927,0.15157564808124718,
os4,0.26669598225423935,0.15157564808124718,
in4,0.2369424194424843,0.24001824080347878,
B33,0.2778699599763909,0.0,
