,job759_scenario3_1734,
in27,0.3600273612052183,
B14,0.4800364816069576,
B11,0.6702464371882448,
cn12,0.27158476848298657,
B54,0.43022819638476606,
B51,0.6702464371882448,
os4,0.0,
in4,0.43022819638476606,
B33,0.2898265260256704,
