,job511_scenario0_1023,job514_scenario1_1027,
in27,0.18197047333998134,0.11195480479028619,
B14,0.25217130851952924,0.14669823927033943,
B11,0.20973164865466914,0.16709078922769566,
cn12,0.06849558360659119,0.0,
B54,0.16372871579729747,0.0,
B51,0.3374369944412153,0.14669823927033943,
os4,0.29568302483047687,0.1284564817276556,
in4,0.23392955097684526,0.11195480479028619,
B33,0.29568302483047687,0.1284564817276556,
