,job271_scenario1_501,job274_scenario2_508,
in27,0.3978790803781303,0.0,
B14,0.4161208379208141,0.2898265260256704,
B11,0.4161208379208141,0.09961657044438316,
cn12,0.25367205765421474,0.023119166353591514,
B54,0.3276782451985825,0.049808285222191606,
B51,0.4161208379208141,0.06487313596432992,
os4,0.3978790803781303,0.4800364816069576,
in4,0.3276782451985825,0.011173977722151562,
B33,0.3524542334096156,0.16981740562393105,
