,job221_scenario1_407,job222_scenario1_409,job223_scenario1_411,
in27,0.6144327208872924,0.5016916260618279,0.37388568049422505,
B14,0.7193769905468936,0.5364350605418812,0.4054522081737328,
B11,0.6491761553673456,0.43681849009749796,0.44408651567377283,
cn12,0.5198060221112075,0.4263221514512078,0.2538765600924856,
B54,0.7193769905468936,0.7266450161231683,0.5640956360755123,
B51,0.23934050893993586,0.176407699336663,0.0,
os4,0.6491761553673456,0.6382024234009368,0.44408651567377283,
in4,0.5390632462766722,0.4727684560306826,0.32407739527203344,
B33,0.5726787512765541,0.5181933029991973,0.4054522081737328,
