,job436_scenario1_851,job437_scenario4_853,
in27,0.2786525483035188,0.25923145501119355,
B14,0.3284608335257104,0.19747798115756204,
B11,0.24001824080347878,0.3174871015593015,
cn12,0.1990907002695722,0.15205313418904737,
B54,0.37197254983665806,0.5961396498628203,
B51,0.0,0.0774688607558226,
os4,0.3284608335257104,0.35612140905934153,
in4,0.2647942290145119,0.4761305294610809,
B33,0.3284608335257104,0.21571973870024586,
