,job673_scenario2_1452,
in27,0.1328399199813325,
B14,0.29827388735158666,
B11,0.1782647669498472,
cn12,0.07649740409079175,
B54,0.026689118868600148,
B51,0.0,
os4,0.45691731525336604,
in4,0.16176309001247777,
B33,0.45691731525336604,
