,job428_scenario0_836,job430_scenario1_840,
in27,0.20236302329733752,0.04708166882595627,
B14,0.25217130851952924,0.16709078922769566,
B11,0.2254821896509291,0.14669823927033943,
cn12,0.06519764460058203,0.0,
B54,0.32237214369907696,0.21689907444988732,
B51,0.32237214369907696,0.08303163475914094,
os4,0.27256385847688536,0.19020995558128712,
in4,0.25217130851952924,0.04708166882595627,
B33,0.39257297887862475,0.09688995404814787,
