,job128_scenario2_246,
in27,0.046446304579474906,
B14,0.49053282025324785,
B11,0.13050545904802963,
cn12,0.0,
B54,0.1803137442702213,
B51,0.060304623868481844,
os4,0.37052369985150846,
in4,0.060304623868481844,
B33,0.37052369985150846,
