,job177_scenario1_332,job178_scenario1_333,job181_scenario3_337,
in27,0.4133523636048534,0.36055616079480673,0.16981740562393088,
B14,0.5017949563270852,0.39529959527485997,0.24001824080347878,
B11,0.05770844065331221,0.050337084811780175,0.0,
cn12,0.3115850007457979,0.2956830248304768,0.1061508011127324,
B54,0.4315941211475372,0.46550043045440787,0.19020995558128712,
B51,0.19157588034405854,0.17034620521351956,0.24001824080347872,
os4,0.10313328762182677,0.06683876174914954,0.08137481290169929,
in4,0.33197755070315405,0.3316329907636615,0.21332912193487857,
B33,0.19157588034405842,0.07878395038058955,0.07020083517954773,
