,job172_scenario2_324,job174_scenario2_327,
in27,0.49909692550286666,0.305341667172119,
B14,0.6742420303420156,0.6155607431551456,
B11,0.17869040758860932,0.0,
cn12,0.44539776726068825,0.2351408319925713,
B54,0.3569551745384567,0.14669823927033954,
B51,0.4840320747607283,0.2351408319925713,
os4,0.794251150743755,0.5453599079755977,
in4,0.45734295589212826,0.305341667172119,
B33,0.6742420303420156,0.5453599079755977,
