,job199_scenario1_367,job200_scenario1_368,
in27,0.21109507077233353,0.29515422524088825,
B14,0.29515422524088825,0.3182733915944797,
B11,0.22495339006134046,0.21109507077233353,
cn12,0.1453915420273938,0.10494426965960102,
B54,0.37652903814258765,0.4151633456426277,
B51,0.03474343448005324,0.0,
os4,0.2565199177408482,0.29515422524088825,
in4,0.21109507077233353,0.15475255488179274,
B33,0.24001824080347878,0.21109507077233353,
