,job188_scenario3_347,
in27,0.19650652449253125,
B14,0.5067256004755578,
B11,0.5067256004755578,
cn12,0.31651564489427053,
B54,0.0,
B51,0.5769264356551056,
os4,0.5769264356551056,
in4,0.41828300775332616,
B33,0.0,
