,job1167_scenario2_3422,
in27,0.12000912040173939,
B14,0.31021907598302667,
B11,0.208451713123971,
cn12,0.10883514267958783,
B54,0.0,
B51,0.15864342790177943,
os4,0.2519634294349187,
in4,0.1447851086127725,
B33,0.46886250388480605,
