,job672_scenario2_1407,job673_scenario4_1408,
in27,0.41739739680517274,0.6841047564772516,
B14,0.59566216375502,0.6342964712550601,
B11,0.5640956360755123,0.5142873508533206,
cn12,0.3738856804942251,0.44408651567377283,
B54,0.6841047564772516,0.7543055916567994,
B51,0.049808285222191384,0.3036848453146771,
os4,0.6342964712550601,0.5142873508533206,
in4,0.0,0.15157564808124713,
B33,0.8743147120585388,0.383781891805291,
