,job120_scenario1_256,
in27,0.33690819485162676,
B14,0.4569173152533662,
B11,0.40710903003117455,
cn12,0.2400182408034789,
B54,0.5769264356551056,
B51,0.0,
os4,0.430228196384766,
in4,0.31021907598302667,
B33,0.3684747225311345,
