,job1095_scenario0_2977,
in27,0.2382781601981645,
B14,0.31554677519824453,
B11,0.2527145653760283,
cn12,0.10494426965960113,
B54,0.3969215880999439,
B51,0.0,
os4,0.31554677519824453,
in4,0.2951542252408884,
B33,0.33866594155183605,
