,job626_scenario1_1296,job628_scenario1_1303,
in27,0.7302307869238276,0.39866166870525827,
B14,0.7649742214038808,0.4484699539274498,
B11,0.7151659361816892,0.4484699539274498,
cn12,0.6102216665220881,0.3190998206713116,
B54,0.955184176985168,0.5888716242865455,
B51,0.258248620928323,0.0,
os4,0.8084859377148285,0.46886250388480605,
in4,0.7013076168926823,0.3719725498366582,
B33,0.7302307869238276,0.3719725498366582,
