,job988_scenario0_2478,job990_scenario0_2480,
in27,0.4331476127397219,0.2982738873515868,
B14,0.4994575748992829,0.3755425023516668,
B11,0.4412019283511751,0.30534166717211897,
cn12,0.2713845227272439,0.17147422748137264,
B54,0.524233563110316,0.4114924682848515,
B51,0.1576719712367486,0.07649740409079175,
os4,0.524233563110316,0.36504616370537657,
in4,0.4882835971771313,0.36504616370537657,
B33,0.10079590619402468,0.0,
