,job691_scenario1_1461,job693_scenario4_1465,
in27,0.5743355731339957,0.3719725498366581,
B14,0.15528135447138125,0.0,
B11,0.5743355731339957,0.5186707891069977,
cn12,0.3991904682948469,0.34885338348306666,
B54,0.6241438583561874,0.43022819638476606,
B51,0.504134737954448,0.4688625038848061,
os4,0.5191995886965863,0.4688625038848061,
in4,0.4655004304544079,0.3986616687052583,
B33,0.5539430231766396,0.2786525483035189,
