,job1188_scenario4_3548,
in27,0.2400182408034788,
B14,0.3600273612052182,
B11,0.2400182408034788,
cn12,0.12000912040173939,
B54,0.2898265260256704,
B51,0.3600273612052182,
os4,0.2898265260256704,
in4,0.3600273612052182,
B33,0.0,
