,job494_scenario0_969,
in27,0.18413436508276615,
B14,0.31021907598302667,
B11,0.21689907444988732,
cn12,0.07020083517954767,
B54,0.0,
B51,0.3519730455937651,
os4,0.06713639123639281,
in4,0.2319639251920257,
B33,0.3230498755626198,
