,job542_scenario0_1078,
in27,0.2597461582254046,
B14,0.05249262678904698,
B11,0.3240773952720335,
cn12,0.1620054085444962,
B54,0.24270258237033415,
B51,0.3858308691256651,
os4,0.3423191528147175,
in4,0.3240773952720335,
B33,0.0,
