,job150_scenario1_314,
in27,0.15546652110123405,
B14,0.0,
B11,0.15546652110123405,
cn12,0.06083982232514906,
B54,0.33061162594038296,
B51,0.14040167035909573,
os4,0.23372167189223497,
in4,0.06083982232514906,
B33,0.19020995558128728,
