,job947_scenario4_2257,
in27,0.19020995558128717,
B14,0.0,
B11,0.38041991116257434,
cn12,0.05634251589054079,
B54,0.19020995558128717,
B51,0.5004290315643137,
os4,0.2217764832607949,
in4,0.38041991116257434,
B33,0.05634251589054079,
