,job728_scenario1_1553,
in27,0.3172868558035589,
B14,0.22039690175541105,
B11,0.33235170654569723,
cn12,0.22039690175541105,
B54,0.6275059317865855,
B51,0.34885338348306666,
os4,0.41060685733669816,
in4,0.29059773693495883,
B33,0.0,
