,job319_scenario2_608,
in27,0.09462669877608498,
B14,0.009361012854398942,
B11,0.06570352874493973,
cn12,0.0,
B54,0.31958008883742545,
B51,0.040927540533906626,
os4,0.23113749611519385,
in4,0.019257224165464826,
B33,0.3897809240169733,
