,job652_scenario1_1361,
in27,0.14845598597054876,
B14,0.2249533900613404,
B11,0.19020995558128717,
cn12,0.07020083517954778,
B54,0.08670251211691715,
B51,0.14845598597054876,
os4,0.0,
in4,0.11484048097066701,
B33,0.19020995558128717,
