,job56_scenario2_117,job57_scenario1_121,
in27,0.2872356635045607,0.10350744346437002,
B14,0.465500430454408,0.10350744346437002,
B11,0.3139247823731608,0.18176259425537095,
cn12,0.2641164971509692,0.0,
B54,0.5539430231766396,0.20845171312397115,
B51,0.2872356635045607,0.10350744346437002,
os4,0.504134737954448,0.10350744346437002,
in4,0.25362015850467895,0.10350744346437002,
B33,0.7441529787579269,0.1586434279017795,
