,job647_scenario1_1344,
in27,0.4151633456426277,
B14,0.46058819261114237,
B11,0.44408651567377294,
cn12,0.3163811698872268,
B54,0.6192316205129218,
B51,0.22056995180766353,
os4,0.0,
in4,0.3903873574315946,
B33,0.32407739527203355,
