,job723_scenario2_1538,job726_scenario0_1545,
in27,0.7032207475502493,0.23394265030495776,
B14,0.7734215827297971,0.21689907444988732,
B11,0.7032207475502493,0.27407598502941055,
cn12,0.6534124623280577,0.12630568931298336,
B54,1.013439823533276,0.2817722104142173,
B51,0.2547507936227995,0.0,
os4,0.9432389883537281,0.29827388735158666,
in4,0.6765316286816492,0.2898265260256705,
B33,0.8934307031315365,0.37285816078481143,
