,job773_scenario1_1680,job775_scenario0_1687,
in27,0.5880890359594175,0.169817405623931,
B14,0.6765316286816492,0.2400182408034789,
B11,0.6417881942015959,0.18314217576075498,
cn12,0.5382807507372258,0.06313305535901548,
B54,0.6969241786390054,0.27158476848298657,
B51,0.30264594818742413,0.0,
os4,0.7782989915407048,0.24991445211454477,
in4,0.6128650241704506,0.2217764832607949,
B33,0.6128650241704506,0.260410790760835,
