,job176_scenario1_363,
in27,0.36758911158298135,
B14,0.13386743969074644,
B11,0.444086515673773,
cn12,0.30583563772934974,
B54,0.3240773952720336,
B51,0.08893656327946253,
os4,0.444086515673773,
in4,0.3556439229515414,
B33,0.0,
