,job686_scenario0_1442,job687_scenario2_1445,
in27,0.14357857715964106,0.11646381765227892,
B14,0.18402584952743384,0.23647293805401837,
B11,0.1509472025169727,0.07103897068376425,
cn12,0.0,0.014696454793223457,
B54,0.26358769756138045,0.5151254863575372,
B51,0.24972937827237351,0.05820817110417109,
os4,0.20328307369289866,0.23647293805401837,
in4,0.1509472025169727,0.02459266610428934,
B33,0.2786525483035188,0.23647293805401837,
