,job867_scenario1_1958,
in27,0.10494426965960107,
B14,0.03474343448005324,
B11,0.19826427119274032,
cn12,0.0,
B54,0.22495339006134052,
B51,0.10494426965960107,
os4,0.10494426965960107,
in4,0.06630996215956103,
B33,0.12000912040173939,
