,job242_scenario1_470,job244_scenario2_473,
in27,0.6556072270848685,0.48974761907585235,
B14,0.46539727150358123,0.31339598278357217,
B11,0.1951920845259787,0.0,
cn12,0.6027344979195219,0.4151633456426276,
B54,0.802305466355208,0.573806773544407,
B51,0.5236529180516891,0.31339598278357217,
os4,0.7321046311756602,0.6551815864461065,
in4,0.6556072270848685,0.5186707891069976,
B33,0.39246981992779817,0.4537976531426677,
