,job352_scenario2_669,
in27,0.4093430811937198,
B14,0.7044973064346081,
B11,0.4093430811937198,
cn12,0.3058356377293498,
B54,0.514287350853321,
B51,0.0,
os4,0.5844881860328687,
in4,0.3675891115829814,
B33,0.6342964712550603,
