,job971_scenario0_2384,
in27,0.14040167035909557,
B14,0.23372167189223492,
B11,0.13333389053856337,
cn12,0.0,
B54,0.10176736285905552,
B51,0.29197731844034275,
os4,0.23372167189223492,
in4,0.20010616689235317,
B33,0.22177648326079497,
