,job131_scenario1_275,
in27,0.5194559902843932,
B14,0.41594854682002314,
B11,0.5541994247644464,
cn12,0.42482929150830817,
B54,0.40750118549410697,
B51,0.0892277938996272,
os4,0.3843820191405155,
in4,0.5194559902843932,
B33,0.0,
