,job79_scenario1_165,job82_scenario0_168,
in27,0.4292049870383783,0.1101129090906734,
B14,0.5225249885715175,0.23665626016076208,
B11,0.28250674776803886,0.03361550499988164,
cn12,0.34076239431614663,0.0,
B54,0.6194149426196656,0.26557943019190733,
B51,0.2540598821992295,0.04644630457947485,
os4,0.5225249885715175,0.19020995558128717,
in4,0.41534666774937135,0.1378740844053612,
B33,0.40251586816977825,0.19020995558128717,
