,job544_scenario2_1085,
in27,0.38624017561148244,
B14,0.5903084504817766,
B11,0.4499067801226809,
cn12,0.3032085408523415,
B54,0.5903084504817766,
B51,0.06319030004886261,
os4,0.5516741429817366,
in4,0.0,
B33,0.5201076153022288,
