,job995_scenario0_2494,job996_scenario0_2496,
in27,0.28962628026992787,0.19727773540181948,
B14,0.36972332676054165,0.2470860206240112,
B11,0.31001883022728405,0.2046463607591511,
cn12,0.16644025306764298,0.060112356705063985,
B54,0.43002795062902344,0.303428536514552,
B51,0.5233479521621627,0.36709514102575047,
os4,0.36972332676054165,0.2470860206240112,
in4,0.35982711544947577,0.22884426308132721,
B33,0.15137540232550462,0.0,
