,job103_scenario3_201,
in27,0.40353907751616586,
B14,0.5004290315643138,
B11,0.4617947240642738,
cn12,0.34178560366253435,
B54,0.0,
B51,0.5004290315643138,
os4,0.5004290315643138,
in4,0.6204381519660532,
B33,0.7404472723677926,
