,job1083_scenario0_2905,job1084_scenario4_2908,
in27,0.14123606504807795,0.1685061540370157,
B14,0.21524225259244567,0.14538698768342423,
B11,0.1489322904328847,0.3152043933073552,
cn12,0.0,0.14538698768342423,
B54,0.2689414108346241,0.2653961080851637,
B51,0.2538765600924857,0.1951952729056159,
os4,0.1743147120585391,0.5054143488886425,
in4,0.1489322904328847,0.3152043933073552,
B33,0.24001824080347878,0.09025100324601476,
