,job91_scenario2_180,job94_scenario0_188,job95_scenario3_189,
in27,0.711111607471193,0.24655247147182802,0.5004290315643138,
B14,0.9280106819210802,0.3537307922939743,0.8106481075473404,
B11,0.8080015615193408,0.25334301094030276,0.6204381519660531,
cn12,0.6675998911602452,0.12654335107008863,0.47373991269571364,
B54,0.8578098467415325,0.3954847619047127,0.41198643884208214,
B51,0.7528655770819312,0.3804199111625744,0.6204381519660531,
os4,1.0480198023228195,0.32011528729409255,0.4506207463421222,
in4,0.6879924411176014,0.2919773184403427,0.690638987145601,
B33,0.5475907707585057,0.0,0.15157564808124713,
