,job457_scenario2_889,
in27,0.24001824080347878,
B14,0.3182733915944797,
B11,0.24001824080347878,
cn12,0.1453915420273938,
B54,0.37652903814258765,
B51,0.12000912040173939,
os4,0.5351724660443671,
in4,0.19826427119274037,
B33,0.0,
