,job401_scenario0_764,job403_scenario2_768,
in27,0.3024735642989516,0.2356348025498019,
B14,0.17903588507145424,0.20406827487029416,
B11,0.34110787179899155,0.17737915600169407,
cn12,0.17567390442873748,0.16543396737025412,
B54,0.461116992200731,0.2973882764034334,
B51,0.23934050893993614,0.0,
os4,0.40286134565262316,0.35564392295154135,
in4,0.3326605104730754,0.15425998964810256,
B33,0.42955046452122325,0.44408651567377294,
