,job309_scenario0_571,job310_scenario0_574,
in27,0.475584713434812,0.3246554811608905,
B14,0.536424535759961,0.4106068573366982,
B11,0.5033458887494998,0.3246554811608905,
cn12,0.34927902412182854,0.1768851854444633,
B54,0.5892972649253075,0.4523608269474366,
B51,0.7093063853270468,0.39866166870525827,
os4,0.5556817599254258,0.3670951410257506,
in4,0.536424535759961,0.3670951410257506,
B33,0.21732471508864937,0.0,
