,job584_scenario0_1169,job585_scenario2_1171,
in27,0.3843258633084511,0.33333824233661813,
B14,0.4341341485306427,0.5116030092864654,
B11,0.360127960986275,0.3461690419162113,
cn12,0.22568243540667166,0.26313740715707035,
B54,0.3389010163399364,0.430228196384766,
B51,0.4589101367416758,0.3213930537051782,
os4,0.0039059521458767454,0.15157564808124713,
in4,0.05760511038805516,0.0,
B33,0.4460793371620827,0.600045602008697,
