,job475_scenario2_922,job477_scenario1_925,
in27,0.515598602440236,0.3369081948516267,
B14,0.6205428720998372,0.3920441792890362,
B11,0.4866754324090907,0.3920441792890362,
cn12,0.42097190366415105,0.22495339006134052,
B54,0.6521093997793449,0.632062420092515,
B51,0.4866754324090907,0.3369081948516267,
os4,0.9307619480828637,0.35340987178899613,
in4,0.4738446328294976,0.30798502482048146,
B33,0.5938537532312369,0.0,
