,job719_scenario3_1544,job724_scenario1_1553,
in27,0.8041106884993541,0.2565199177408482,
B14,0.4623250848368196,0.08670251211691715,
B11,0.7725441608198462,0.29515422524088825,
cn12,0.6675998911602452,0.21559237720694158,
B54,0.5325259200163674,0.1253368196169572,
B51,1.0827632368028728,0.29515422524088825,
os4,0.7725441608198462,0.36535506042043603,
in4,0.842744995999394,0.29515422524088825,
B33,0.49389161251632735,0.0,
