,job286_scenario3_528,
in27,0.21332912193487857,
B14,0.31021907598302656,
B11,0.5502373167865053,
cn12,0.15157564808124707,
B54,0.03156652767950763,
B51,0.049808285222191606,
os4,0.31021907598302656,
in4,0.31021907598302656,
B33,0.0,
