,job205_scenario0_365,
in27,0.3167533066513757,
B14,0.2337216718922347,
B11,0.0,
cn12,0.19344624724362713,
B54,0.423931627473522,
B51,0.1719681980386032,
os4,0.3903161224736402,
in4,0.36217815361989036,
B33,0.45062074634212207,
