,job1040_scenario0_2774,
in27,0.12654335107008863,
B14,0.1719681980386033,
B11,0.12654335107008863,
cn12,0.0,
B54,0.2754756415029733,
B51,0.2754756415029733,
os4,0.20010616689235317,
in4,0.16352083671268713,
B33,0.24655247147182807,
