,job177_scenario2_316,job179_scenario2_319,job180_scenario3_320,
in27,0.485892980411764,0.15157564808124707,0.4302281963847659,
B14,0.7259112212152428,0.4302281963847659,0.5004290315643137,
B11,0.4307569959743545,0.22177648326079485,0.38041991116257434,
cn12,0.35538752136373436,0.12990533171280527,0.19020995558128712,
B54,0.5672677933134633,0.31021907598302656,0.31021907598302656,
B51,0.44725867291172394,0.15157564808124707,0.38041991116257434,
os4,0.2254821896509291,0.0,0.31021907598302656,
in4,0.3890030263636161,0.16352083671268702,0.38041991116257434,
B33,0.6059021008135034,0.5004290315643137,0.3417856036625343,
