,job141_scenario2_261,job144_scenario3_267,
in27,0.22776489790287535,0.020392549957356232,
B14,0.43183317277316946,0.19020995558128723,
B11,0.2566880679340206,0.19020995558128723,
cn12,0.17142238201233456,0.020392549957356232,
B54,0.39319886527312947,0.0702008351795479,
B51,0.012778954110555019,0.0,
os4,0.43183317277316946,0.0702008351795479,
in4,0.18131859332340045,0.19020995558128723,
B33,0.6718514135766482,0.19020995558128723,
