,job399_scenario1_756,
in27,0.27865254830351893,
B14,0.305341667172119,
B11,0.3551499523943106,
cn12,0.20845171312397115,
B54,0.09688995404814793,
B51,0.305341667172119,
os4,0.0,
in4,0.305341667172119,
B33,0.3755425023516668,
