,job173_scenario1_311,
in27,0.10176736285905569,
B14,0.0,
B11,0.17196819803860347,
cn12,0.027761175314687914,
B54,0.45062074634212235,
B51,0.1265433510700888,
os4,0.23372167189223497,
in4,0.1265433510700888,
B33,0.15546652110123405,
