,job586_scenario2_1173,job588_scenario1_1175,
in27,0.5159592518366521,0.456917315253366,
B14,0.7061692074179394,0.5120532996907754,
B11,0.4843927241571444,0.37165162933167983,
cn12,0.45770360528854437,0.362290616477281,
B54,0.4843927241571445,0.40321815701118763,
B51,0.12557189440505756,0.0,
os4,0.4843927241571445,0.2249533900613403,
in4,0.39595013143491276,0.2720350588872966,
B33,0.8648126353197189,0.40321815701118763,
