,job361_scenario3_675,
in27,0.2898265260256705,
B14,0.0,
B11,0.48003648160695767,
cn12,0.18488225636606936,
B54,0.09961657044438332,
B51,0.48003648160695767,
os4,0.48003648160695767,
in4,0.3600273612052183,
B33,0.32139305370517823,
