,job382_scenario0_712,
in27,0.26124518544981723,
B14,0.3036848453146773,
B11,0.0,
cn12,0.11671118139573011,
B54,0.08137481290169934,
B51,0.4672056820273643,
os4,0.268941410834624,
in4,0.2943238324602784,
B33,0.37388568049422505,
