,job164_scenario4_296,
in27,0.41516334564262763,
B14,0.5618615849129671,
B11,0.44185246451122784,
cn12,0.44185246451122784,
B54,0.5120532996907756,
B51,0.15202593848555734,
os4,0.5618615849129671,
in4,0.4734189921907356,
B33,0.0,
