,job994_scenario4_2499,
in27,0.1737082786439178,
B14,0.4688625038848061,
B11,0.39866166870525827,
cn12,0.19020995558128723,
B54,0.12000912040173944,
B51,0.0,
os4,0.3488533834830667,
in4,0.4688625038848061,
B33,0.1586434279017795,
