,job423_scenario3_808,
in27,0.07649740409079175,
B14,0.12000912040173942,
B11,0.14669823927033962,
cn12,0.12000912040173942,
B54,0.0,
B51,0.4569173152533662,
os4,0.12000912040173942,
in4,0.33690819485162676,
B33,0.21689907444988737,
