,job97_scenario3_191,job101_scenario3_197,job102_scenario4_198,
in27,0.6182759821335413,0.32846083352571054,0.32846083352571054,
B14,0.5951568157799498,0.0617534738536315,0.0,
B11,0.9551841769851681,0.3986616687052583,0.3600273612052183,
cn12,0.5951568157799498,0.25825999834616264,0.3600273612052183,
B54,0.6182759821335413,0.24001824080347883,0.3986616687052583,
B51,0.8351750565834286,0.44846995392744987,0.30177171465711033,
os4,0.6449651010021415,0.3600273612052183,0.44846995392744987,
in4,0.7151659361816892,0.3600273612052183,0.3600273612052183,
B33,0.7649742214038808,0.5186707891069977,0.181762594255371,
