,job189_scenario2_338,job190_scenario1_340,
in27,0.25752620343823707,0.14478510861277255,
B14,0.7016127191120101,0.25196342943491873,
B11,0.3913936431289835,0.19020995558128723,
cn12,0.24469540385864397,0.05369915824217841,
B54,0.5114027635307228,0.19020995558128723,
B51,0.0673162478569499,0.0,
os4,0.5816035987102707,0.14478510861277255,
in4,0.23275021522720396,0.1586434279017795,
B33,0.5816035987102707,0.14478510861277255,
