,job668_scenario2_1392,job670_scenario1_1396,
in27,0.5690078739187778,0.31460251423670355,
B14,0.7055186712578867,0.4484699539274499,
B11,0.5539430231766396,0.3600273612052182,
cn12,0.48374218799709184,0.21582033848130266,
B54,0.3454913100526685,0.0,
B51,0.2366561673730807,0.03594996593318478,
os4,0.8641620991596661,0.4217808350588497,
in4,0.5400847038876326,0.2488989854917638,
B33,0.8641620991596661,0.3017717146571104,
