,job184_scenario2_328,job185_scenario1_329,
in27,0.2682076159266986,0.1265433510700888,
B14,0.4047184132658075,0.17196819803860347,
B11,0.04907449031426614,0.0,
cn12,0.20333447996236864,0.03545740069949466,
B54,0.37315188558629975,0.2604107907608352,
B51,0.20333447996236864,0.1265433510700888,
os4,0.5633618411675869,0.15546652110123405,
in4,0.284709292864068,0.09059338513690413,
B33,0.5633618411675869,0.15546652110123405,
