,job202_scenario1_360,
in27,0.08137481290169934,
B14,0.36002736120521817,
B11,0.34178560366253435,
cn12,0.2217764832607949,
B54,0.4617947240642738,
B51,0.0,
os4,0.34178560366253435,
in4,0.32528392672516493,
B33,0.27158476848298657,
