,job341_scenario0_634,
in27,0.0,
B14,0.2835299571144265,
B11,0.2835299571144265,
cn12,0.12000912040173939,
B54,0.16352083671268702,
B51,0.3804199111625744,
os4,0.30085806312862773,
in4,0.2919773184403427,
B33,0.3537307922939743,
