,job707_scenario2_1498,
in27,0.2786525483035189,
B14,0.0,
B11,0.3719725498366581,
cn12,0.21834792443503703,
B54,0.0617534738536315,
B51,0.3102190759830266,
os4,0.7088807446882849,
in4,0.2786525483035189,
B33,0.4688625038848061,
