,job370_scenario2_689,
in27,0.29827388735158666,
B14,0.2870999096294351,
B11,0.3519730455937651,
cn12,0.26670735967207904,
B54,0.0,
B51,0.2870999096294351,
os4,0.6471272708346534,
in4,0.32304987556261977,
B33,0.7671363912363928,
