,job419_scenario2_801,
in27,0.3461690419162113,
B14,0.2400182408034789,
B11,0.40983564642740977,
cn12,0.3102190759830266,
B54,0.14312828675533085,
B51,0.0,
os4,0.15157564808124713,
in4,0.37509221194735654,
B33,0.6702464371882448,
