,job746_scenario0_1611,job747_scenario2_1613,job748_scenario4_1614,
in27,0.4392209238483572,0.9820896152775309,0.5132271113927249,
B14,0.8749112944553847,0.9589704489239395,0.9203361414238995,
B11,0.7761291186999839,0.9589704489239395,1.0403452618256388,
cn12,0.0,0.15864342790177943,0.1933868623818329,
B54,0.8887696137443917,1.1287878545478705,1.0403452618256388,
