,job289_scenario1_538,job291_scenario0_541,job292_scenario1_543,job293_scenario1_544,job294_scenario2_549,
in27,0.23652041349795516,0.0710864461277011,0.25476217104063903,0.14464926194996552,0.14464926194996552,
B14,0.7236246749254451,0.5067256004755578,0.7236246749254451,0.6738163897032534,0.7938255101049929,
B11,0.2751547209979952,0.15514560059625582,0.19377990809629586,0.3369081948516267,0.22972987402948064,
cn12,0.21689907444988732,0.0,0.15406686462767116,0.19650652449253114,0.21689907444988732,
B54,0.7236246749254451,0.5897572352346987,0.7551912026049529,0.6036155545237056,0.7551912026049529,
