,job759_scenario0_1652,
in27,0.0,
B14,0.25651991774084837,
B11,0.3102190759830268,
cn12,0.08455171970224518,
B54,0.3311041911740732,
