,job412_scenario3_788,job416_scenario0_798,job418_scenario1_800,job419_scenario2_801,job421_scenario3_803,job422_scenario1_805,
in27,0.1270769002222717,0.0,0.05687606504272391,0.15864342790177943,0.24708602062401108,0.1270769002222717,
B14,0.10350744346437002,0.02950125592000219,0.2937173990456572,0.2354617524975493,0.21234258614395785,0.26215087136614945,
B11,0.7973233374105164,0.4604151425588898,0.572369947349176,0.5186707891069977,0.6773142170087771,0.47774324857309103,
cn12,0.43729597620529836,0.10992064192725559,0.26215087136614945,0.3404060221571503,0.48710426142748997,0.3067905171572687,
B54,0.7475150521883249,0.6071133818292292,0.6275059317865854,0.5888716242865455,0.6506250981401769,0.6275059317865854,
