,job570_scenario0_1148,job572_scenario0_1150,job574_scenario0_1152,job575_scenario3_1153,job577_scenario4_1158,
in27,0.5473273900895412,0.5340026199527173,0.5277060510414733,0.7242125755340044,0.7242125755340044,
B14,0.30388059046030447,0.30388059046030447,0.2757426216065546,0.4575052158619255,0.5543951699100735,
B11,0.4748333218761268,0.41399349955097786,0.4659525771878418,0.7944134107135523,0.7446051254913606,
cn12,0.02186606151406889,0.0,0.005970817991320709,0.4659525771878418,0.26188430231754767,
B54,0.3374960954601861,0.3255509068287462,0.395751742008294,0.6744042903118128,0.5543951699100735,
