,job615_scenario3_1247,job616_scenario0_1248,
in27,0.3043494778501078,0.0,
B14,0.27278295017060017,0.10296554454666906,
B11,0.7030111465553661,0.2801515755279317,
cn12,0.5443677186535867,0.1422774911225705,
B54,0.4629929057518873,0.3043494778501078,
