,job624_scenario2_1275,
in27,0.1200091204017395,
B14,0.4569173152533662,
B11,0.0,
cn12,0.05825564654810789,
B54,0.17826476694984733,
