,job572_scenario0_1150,job580_scenario0_1164,job586_scenario2_1173,job588_scenario1_1175,job589_scenario1_1183,
in27,0.5505042968900866,0.6207051320696345,0.7842259687823214,0.7407142524713738,0.6909059672491822,
B14,0.510592222978961,0.5006960116678951,0.5708968468474429,0.6642168483805821,0.72247249492869,
B11,0.5505042968900866,0.5505042968900866,0.8424816153304294,0.6410976820269907,0.8811159228304695,
cn12,0.0,0.0029596714359547693,0.2154379977380727,0.155733501204815,0.196180773572608,
B54,0.3736191114456233,0.3420525837661156,0.5638290670269106,0.41225341894566336,0.5638290670269106,
