,job388_scenario0_722,job397_scenario1_749,job398_scenario0_750,job399_scenario1_756,job400_scenario0_759,
in27,0.03901440987633986,0.17185432985767235,0.058635748924407594,0.17185432985767235,0.08076837948707816,
B14,0.27158476848298674,0.4444666180500726,0.3125123090168933,0.66136569249996,0.2627040237947017,
B11,0.5413565720982205,0.8200091204017395,0.5799908795982607,0.6796074500426438,0.5027222645981806,
cn12,0.012597304516739127,0.19020995558128728,0.019257224165464937,0.1426949033929623,0.0,
B54,0.269771803615234,0.29289096996882547,0.2400182408034789,0.5097900444187129,0.35114661651693335,
