,job442_scenario3_855,job443_scenario1_856,job444_scenario2_857,
in27,0.3435256842678486,0.3435256842678486,0.3017717146571103,
B14,0.9627573047807705,0.8223556344216748,0.7876121999416216,
B11,0.5872148024291036,0.42178083505884967,0.46720568202736423,
cn12,0.12000912040173928,0.0,0.008880744688284814,
B54,0.5475939591381428,0.842748184379031,0.582337393618196,
