,job346_scenario4_642,job348_scenario1_648,job351_scenario3_655,job352_scenario1_656,
in27,0.3990886394835833,0.3492803542613918,0.44260035579453105,0.4194811894409396,
B14,0.4194811894409396,0.39279207057233945,0.45104771712044733,0.369672904218748,
B11,0.2801515755279317,0.2018964247369307,0.21839810167430007,0.2570324091743402,
cn12,0.1843403574483684,0.0,0.12608471090026052,0.082572994589313,
B54,0.9199102210052534,0.8812759135052134,0.761266793103474,0.8230202669571054,
