,job228_scenario1_415,job232_scenario0_420,job238_scenario0_433,job239_scenario4_434,job240_scenario2_436,
in27,0.41251998799426526,0.18367572491293793,0.17250174719078637,0.41251998799426526,0.35738400355685573,
B14,0.5186707891069977,0.4356391543478567,0.46232827321645686,0.5640956360755123,0.6027299435755524,
B11,0.46232827321645675,0.28544308777199356,0.33295813996031853,0.5058399895274044,0.482720823173813,
cn12,0.1743147120585391,0.021226944646338453,0.0,0.4440865156737729,0.12679965987021413,
B54,0.46232827321645675,0.3240773952720335,0.4275848387364035,0.7227390639772918,0.5058399895274044,
