,job398_scenario0_750,job404_scenario2_773,job405_scenario3_774,job407_scenario1_776,job408_scenario2_777,
in27,0.5220993479327556,0.5291671277532878,1.0794044445397932,0.6353179288660202,0.6224871292864271,
B14,0.6105419406549872,1.0794044445397932,0.680742775834535,0.8393862037363145,0.889194488958506,
B11,0.4091580073515484,0.5522862941068793,0.5291671277532879,0.42033198507369995,0.5522862941068793,
cn12,0.0,0.18031374427022118,0.37052369985150835,0.1101129090906734,0.21188027194972892,
B54,0.32959615931760167,0.45896629257374,0.5291671277532879,0.719377083334575,0.44072453503105613,
