,job580_scenario0_1164,job588_scenario1_1175,job591_scenario3_1185,job593_scenario2_1188,job594_scenario1_1190,job595_scenario0_1193,job597_scenario1_1195,
in27,0.4071090300311746,0.5271181504329139,0.5706298667438616,0.4634515459217154,0.47730986521072233,0.37236559555112125,0.47730986521072233,
B14,0.02668911886860026,0.19020995558128717,0.24846560212939506,0.24846560212939506,0.09688995404814793,0.0,0.07020083517954778,
B11,0.3369081948516267,0.4275015799885307,0.6288855132919695,0.6675198207920096,0.4634515459217154,0.38041991116257445,0.45062074634212224,
cn12,0.20452691504012244,0.3573007448089829,0.5706298667438616,0.47730986521072233,0.38041991116257445,0.21372216764934182,0.38041991116257445,
B54,0.4071090300311746,0.47730986521072233,0.7173281060142012,0.6288855132919695,0.5475107003902702,0.4386755577106823,0.50887639289023,
