,job408_scenario2_777,job410_scenario2_785,job411_scenario1_786,job412_scenario3_788,
in27,0.057862600833644695,0.0706934004132378,0.0996165704443831,0.08455171970224484,
B14,0.7049898716682981,0.6165472789460664,0.5147799160870108,0.4263373233647792,
B11,0.14312828675533085,0.0,0.049808285222191606,0.2898265260256704,
cn12,0.4263373233647792,0.4046670069963374,0.3449625104630798,0.5351724660443671,
B54,0.496538158544327,0.7049898716682981,0.7049898716682981,0.6551815864461065,
