,job289_scenario1_538,job292_scenario1_543,job294_scenario2_549,job295_scenario1_551,job297_scenario1_553,job298_scenario1_554,job301_scenario2_559,job302_scenario0_561,job303_scenario3_563,
in27,0.2887410267780027,0.3069827843206865,0.1968698752300131,0.20736621387630333,0.3069827843206865,0.1968698752300131,0.4971927399019737,0.14453400405408712,0.4087501471797421,
B14,0.3771836195002344,0.3771836195002344,0.44738445467978216,0.27223934984063325,0.3504945006316342,0.3504945006316342,0.4087501471797421,0.16873190637626323,0.3771836195002344,
B11,0.09853107119671545,0.017156258295016102,0.05310622422820077,0.1371653786967556,0.1371653786967556,0.05310622422820077,0.06696454351720782,0.0066599196487259205,0.3069827843206865,
cn12,0.20736621387630333,0.14453400405408712,0.20736621387630333,0.15223022943889386,0.15223022943889386,0.1869736639189472,0.20736621387630333,0.0,0.20736621387630333,
B54,0.3771836195002344,0.4087501471797421,0.4087501471797421,0.4971927399019737,0.44738445467978216,0.44738445467978216,0.3504945006316342,0.20736621387630333,0.2887410267780027,
