,job60_scenario0_114,job62_scenario0_118,job63_scenario0_119,job64_scenario3_120,job65_scenario3_122,job66_scenario4_123,job67_scenario2_124,job68_scenario0_125,job69_scenario0_127,job70_scenario0_128,
in27,0.2143213112568899,0.19727773540181948,0.20845171312397104,0.6773142170087771,0.6071133818292294,0.4372959762052983,0.3532368217367436,0.22039690175541093,0.27020518697760265,0.2400182408034789,
B14,0.07726861500008009,0.04751505218832497,0.04751505218832497,0.3670951410257505,0.14214175096441006,0.2470860206240112,0.22039690175541093,0.0,0.07726861500008009,0.07726861500008009,
B11,0.28753329299180386,0.23322770133500415,0.27020518697760265,0.6071133818292294,0.5573050966070378,0.6071133818292294,0.4372959762052983,0.27020518697760265,0.28753329299180386,0.28753329299180386,
cn12,0.10038778135367143,0.09431219085515063,0.11658056157598151,0.4372959762052983,0.6071133818292294,0.39866166870525827,0.3067905171572687,0.11658056157598151,0.10668435026491552,0.11321858093326476,
B54,0.07458427343322482,0.07458427343322482,0.07458427343322482,0.2786525483035188,0.15864342790177943,0.39866166870525827,0.3284608335257105,0.049808285222191606,0.038634307500040044,0.07458427343322482,
