,job75_scenario1_140,job81_scenario1_157,job82_scenario1_158,job83_scenario1_159,job84_scenario1_165,job85_scenario2_166,
in27,0.8720806608959938,0.670696727592555,0.6818707053147066,0.6938158939461465,0.6602003889462648,0.670696727592555,
B14,0.6818707053147066,0.9605232536182253,0.840514133216486,0.840514133216486,0.7355698635568849,0.9107149683960338,
B11,0.43340510318531145,0.5036059383648592,0.535172466044367,0.38359681796311984,0.4151633456426276,0.43340510318531145,
cn12,0.0,0.008054315611452978,0.01650167693736937,0.0,0.01650167693736937,0.07825515079100098,
B54,0.6818707053147066,0.9605232536182253,0.6503041776351989,0.6236150587665987,0.5453599079755977,0.6503041776351989,
