,job93_scenario1_185,job95_scenario2_188,job97_scenario3_191,job98_scenario1_192,
in27,0.3909162498088648,0.4407245350310564,0.6309344906123436,0.42686621574204947,
B14,0.2505145794497692,0.20070629422757758,0.21577114496971594,0.2940262957607168,
B11,0.1404016703590958,0.3522819423088247,0.4407245350310564,0.21577114496971594,
cn12,0.010496338646290404,0.0,0.04644630457947496,0.021670316368441966,
B54,0.23227282190708531,0.08069717382583819,0.23227282190708531,0.23227282190708531,
