,job228_scenario1_415,job232_scenario0_420,job238_scenario0_433,job239_scenario4_434,
in27,0.3823330418201413,0.15348877873881406,0.1423148010166625,0.3823330418201413,
B14,0.456917315253366,0.373885680494225,0.40057479936282525,0.5023421622218807,
B11,0.40057479936282514,0.22368961391836184,0.2712046661066868,0.4440865156737728,
cn12,0.17431471205853888,0.02122694464633834,0.0,0.4440865156737728,
B54,0.40057479936282514,0.2623239214184019,0.3658313648827719,0.6609855901236601,
