,job177_scenario2_316,job186_scenario0_333,job193_scenario0_345,job195_scenario3_348,job196_scenario1_350,job198_scenario1_353,job199_scenario2_355,job200_scenario1_356,
in27,0.14669823927033954,0.0,0.012830799579593322,0.2982738873515868,0.10806393177029949,0.16176309001247802,0.19650652449253114,0.2982738873515868,
B14,0.6036155545237056,0.43379814889977464,0.43379814889977464,0.4986712848641046,0.5538072693015141,0.6738163897032534,0.5769264356551056,0.5538072693015141,
B11,0.5769264356551056,0.5649812470236657,0.5897572352346987,0.9138346305067323,0.6534238397458972,0.6534238397458972,0.618680405265844,0.6351820822032135,
cn12,0.3531009750739367,0.1628910194926495,0.15952903884993264,0.36359731372022686,0.3995472796534115,0.29339647854067896,0.3531009750739367,0.30846132928281744,
B54,0.7236246749254451,0.5897572352346987,0.5897572352346987,0.9138346305067323,0.7938255101049929,0.6738163897032534,0.7236246749254451,0.7938255101049929,
