,job398_scenario0_750,job400_scenario0_759,job401_scenario0_764,job402_scenario1_765,job403_scenario2_768,
in27,0.0,0.022132630562670674,0.022132630562670674,0.11321858093326476,0.22039690175541093,
B14,0.3284608335257105,0.2786525483035188,0.39866166870525827,0.46041514255888977,0.5186707891069977,
B11,0.3172868558035589,0.2400182408034789,0.2786525483035188,0.3532368217367436,0.3532368217367436,
cn12,0.11658056157598151,0.09732333741051657,0.10038778135367143,0.27020518697760265,0.2786525483035188,
B54,0.28753329299180386,0.39866166870525827,0.3532368217367436,0.5573050966070378,0.6071133818292294,
