,job93_scenario1_185,job104_scenario1_203,job105_scenario1_204,job107_scenario2_208,job108_scenario1_209,job109_scenario3_211,
in27,0.010496338646290293,0.010496338646290293,0.07536947461062027,0.0,0.07536947461062027,0.09187115154798964,
B14,0.4470211039423002,0.5487884668013558,0.6372310595235875,0.7074318947031353,0.46741365389965644,0.46741365389965644,
B11,0.3369081948516268,0.37052369985150857,0.5172219391218481,0.3585785112200686,0.4905328202532479,0.4287793463996164,
cn12,0.06875198519439818,0.048359435237042,0.005919775372181912,0.06875198519439818,0.005919775372181912,0.13362512115872816,
B54,0.5487884668013558,0.3833544994311017,0.46741365389965644,0.8274410151048747,0.4470211039423002,0.7074318947031353,
