,job945_scenario0_2251,
in27,0.09431219085515052,
B14,0.22039690175541105,
B11,0.15019606657586326,
cn12,0.0,
B54,0.2084517131239711,
