,job471_scenario4_917,job474_scenario2_921,job475_scenario2_922,job476_scenario3_923,job477_scenario1_925,job478_scenario2_926,job479_scenario4_927,
in27,0.6021963944233693,0.40081246111993046,0.423931627473522,0.5706298667438615,0.43676242705311513,0.4656855970842604,0.4821872740216298,
B14,0.6408307019234093,0.6021963944233693,0.5439407478752614,0.6408307019234093,0.8808489427268881,0.5004290315643136,0.6906389871456009,
B11,0.26041079076083484,0.07020083517954767,0.0,0.1635208367126869,0.07020083517954767,0.38041991116257423,0.19020995558128706,
cn12,0.4821872740216298,0.345676476682521,0.38041991116257434,0.5004290315643136,0.36217815361989036,0.3903161224736402,0.4821872740216298,
B54,0.40081246111993046,0.5208215815216699,0.5706298667438614,0.40081246111993046,0.4821872740216298,0.5208215815216699,0.6408307019234093,
