,job289_scenario1_538,job292_scenario1_543,job293_scenario1_544,job294_scenario2_549,job295_scenario1_551,job296_scenario3_552,job297_scenario1_553,
in27,0.10176736285905552,0.12000912040173939,0.009896211311065994,0.009896211311065994,0.020392549957356176,0.16352083671268702,0.12000912040173939,
B14,0.5004290315643138,0.5004290315643138,0.4506207463421222,0.5706298667438616,0.3954847619047127,0.690638987145601,0.47373991269571364,
B11,0.1719681980386033,0.09059338513690396,0.2337216718922348,0.12654335107008863,0.21060250553864335,0.26041079076083506,0.21060250553864335,
cn12,0.14040167035909557,0.07756946053687941,0.1200091204017395,0.14040167035909557,0.08526568592168615,0.26041079076083506,0.08526568592168615,
B54,0.12000912040173939,0.15157564808124713,0.0,0.15157564808124713,0.24001824080347867,0.0,0.19020995558128717,
