,job418_scenario1_800,job423_scenario3_808,job426_scenario3_815,job427_scenario1_818,
in27,0.31339598278357217,0.8138250143478859,0.4537976531426677,0.2951542252408882,
B14,0.34496251046307985,0.43340510318531145,0.3835968179631199,0.34496251046307985,
B11,0.3986616687052582,0.4537976531426677,0.5036059383648593,0.3835968179631199,
cn12,0.0,0.13651079733910876,0.2249533900613404,0.15475255488179263,
B54,0.14357857715964106,0.16669774351323252,0.12318602720228489,0.3835968179631199,
