,job720_scenario0_1545,
in27,0.0,
B14,0.07587795240007389,
B11,0.21412883034449715,
cn12,0.11815737480521782,
B54,0.2495862310439917,
