,job111_scenario0_216,job117_scenario0_226,job118_scenario2_227,job120_scenario1_229,job121_scenario2_233,job122_scenario0_234,
in27,0.05168005007789778,0.0,0.11451225990011393,0.1256862376222655,0.16432054512230554,0.05168005007789778,
B14,0.3545305007035928,0.3749230506609489,0.49493217106268833,0.5180513374162798,0.6149412914644277,0.3644267120146587,
B11,0.06470397467792233,0.07207260003525395,0.19977794582180008,0.15802397621106157,0.1349048098574701,0.08782314103151379,
cn12,0.308367330386505,0.3047222154814011,0.46517860825093327,0.4844358324163981,0.5180513374162798,0.29086389619239417,
B54,0.5180513374162798,0.50610614878484,0.6380604578180191,0.8549595322679066,0.7847586970883587,0.49493217106268833,
