,job824_scenario1_1848,job825_scenario2_1851,
in27,0.12000912040173939,0.0,
B14,0.5769264356551056,0.6653690283773372,
B11,0.735569863556885,0.5769264356551056,
cn12,0.3986616687052583,0.3986616687052583,
B54,0.5453599079755977,0.7853781487790765,
