,job764_scenario0_1764,job765_scenario0_1765,job766_scenario0_1768,job769_scenario1_1777,job770_scenario0_1778,job771_scenario3_1780,job772_scenario0_1781,job773_scenario3_1785,job774_scenario1_1786,job775_scenario1_1788,job777_scenario1_1797,job778_scenario3_1800,job779_scenario0_1801,
in27,0.5545547665160877,0.5902316301854794,0.5616427359270751,0.6230644931777355,0.5173599527940193,0.9254228714498064,0.5188254328540434,0.586038350445736,0.6537962450470944,0.5372007455605998,0.3770578377321764,0.21332912193487885,0.0,
B14,1.095802823058976,1.0384736228385683,1.0243211337580278,1.122286993288918,1.0184746746124547,1.150376261511147,0.9726230859967111,1.2261550861497041,1.0956487095583223,0.9523640912032274,0.8539746572284356,0.5849807512665588,0.4748678421758854,
B11,0.7918803159871931,0.8228812456316267,0.8252304334884555,0.9320770377076308,0.6963104099979881,0.9601663059298597,0.7620205804580678,0.9861368453462254,0.7587405147066955,0.9523640912032274,0.6202529853362007,0.5351724660443673,0.2480725564149321,
