,job722_scenario1_1643,job726_scenario0_1651,job727_scenario0_1653,job729_scenario3_1659,job730_scenario1_1662,job731_scenario1_1665,
in27,0.28794885339602627,0.09306407227050684,0.0739065415696819,0.5476972894034001,0.1296563853255419,0.0617534738536315,
B14,0.3044505303333957,0.21307319267224628,0.16722654310282126,0.3574873338221129,0.2110311982272413,0.0,
B11,0.3226922878760795,0.15276856880376444,0.08127516692701353,0.3574873338221129,0.03276643127739404,0.20845171312397104,
