,job885_scenario0_2108,job886_scenario3_2120,job887_scenario1_2121,job888_scenario1_2122,job889_scenario0_2124,job890_scenario3_2125,job891_scenario1_2126,job892_scenario2_2128,job893_scenario2_2131,job894_scenario1_2132,
in27,0.3702154527946634,0.5943825528208255,0.405084958901136,0.32470952512687934,0.17390273935408795,0.28981514860783086,0.20298890969184202,0.25704871733043677,0.0,0.03156652767950763,
B14,0.9223659002387357,1.1584781888963378,0.9043074590123185,0.8047460067338368,0.6854198461020187,1.1908189795349697,0.7853263033100382,0.821144353405949,0.6841047564772516,0.45915136641591114,
B11,0.43319636705174025,0.5846714153519308,0.5122632797232822,0.34313635651173424,0.26220218484793767,0.6556465134906027,0.33541952318735735,0.2277162408134743,0.015064850742138147,0.07873145525333669,
