,job35_scenario0_80,job37_scenario0_82,job40_scenario0_87,job41_scenario2_89,job43_scenario0_94,job45_scenario1_96,job47_scenario0_98,job49_scenario0_101,job50_scenario1_103,job51_scenario1_106,job52_scenario1_107,job53_scenario0_108,job54_scenario3_109,job55_scenario2_111,job56_scenario1_113,
in27,0.730473605760085,0.6848472053262766,0.7170782316224571,0.8769410532702211,0.5989251190065824,0.797733230632594,0.542853937661989,0.550870836509878,0.64122517002115,0.5565225082799099,0.5897053897656606,0.44892222716173863,0.5237560770025158,0.3794484544975435,0.266707359672079,
B14,0.7083409751974145,0.7456870276514256,0.7363354557879219,0.9036301721388214,0.6571807655546903,0.8475415158547857,0.6685401752842546,0.6859448076537558,0.6145360511525498,0.7734215827297971,0.5442805427971459,0.5017949563270852,0.5419978345451997,0.47276845603068274,0.25284904038307204,
B11,0.3518114412977198,0.3612637806114738,0.3801700367708303,0.4782793845649629,0.2620169241549557,0.42219072828092724,0.32045800271047625,0.2370818080118427,0.35412526039171477,0.26136828303902154,0.2527971949140338,0.0644989801217869,0.5855095508561473,0.13586026117905603,0.0,
