,job157_scenario0_317,job158_scenario0_319,job163_scenario1_326,job164_scenario1_329,job165_scenario1_331,job166_scenario2_333,job167_scenario3_334,job168_scenario2_336,job169_scenario1_339,job170_scenario2_340,job171_scenario0_346,job172_scenario3_347,job173_scenario0_349,job174_scenario1_350,
in27,0.7845308542289098,0.816801514359456,0.8067402180906733,0.9436646289924902,0.857185117352745,0.7754275500176708,0.9696351684088559,0.7577061958276059,0.6686726564625167,0.7029786438747814,0.4936383993081577,0.5569595263365114,0.20138393330343884,0.4484699539274499,
B14,0.8269705140937699,0.7901123954908559,0.9155753607702612,0.9436646289924902,0.8224416828726918,0.882605870839817,0.9696351684088559,0.9977244366310847,0.8118009432178476,0.8931885994560687,0.5400847038876326,0.6271603615160593,0.24001824080347878,0.31460251423670355,
B11,0.6073448232476472,0.5343436136911172,0.5667219772871945,0.6152037954667796,0.48779674329312794,0.5643324792453372,0.6594160924258293,0.5327528057662655,0.5717827024143687,0.4629604030713026,0.20898051271355977,0.45734295589212814,0.0,0.13825087794442326,
