,job465_scenario0_936,job466_scenario1_938,job467_scenario1_940,job469_scenario0_947,job471_scenario2_955,job472_scenario1_959,job473_scenario3_960,
in27,0.8618762025280828,0.9677328338492815,0.9174871015593014,0.7197144757570799,0.6271317759440423,0.43022819638476595,0.5351724660443671,
B14,0.9053879188390305,1.0379336690288294,1.0224313712189024,0.743912378079256,0.7969491815679735,0.6551815864461064,0.5667389937238748,
B11,0.24413074189440287,0.43256036780491447,0.3823146355149343,0.18454200971271284,0.14176759512186687,0.0,0.0,
