,job753_scenario1_1728,job755_scenario2_1745,job757_scenario0_1749,job759_scenario4_1755,job761_scenario0_1758,job762_scenario1_1759,job763_scenario1_1763,
in27,0.5179763591315554,0.4701219100026831,0.2649248171795898,0.43154328600953284,0.10313328762182677,0.19879307078232894,0.0,
B14,0.6484818181795851,0.5901310304044225,0.3408027695796637,0.6484423604594202,0.2119684303014146,0.2254821896509291,0.09332000153313919,
B11,0.7298566310812844,0.5762727111154156,0.42217758248136317,0.4732972556202713,0.29334324320311395,0.43881131158580766,0.21332912193487857,
