,job226_scenario1_447,job229_scenario0_456,job232_scenario2_461,job233_scenario0_462,job235_scenario2_466,job236_scenario4_467,job237_scenario2_470,job238_scenario2_471,job239_scenario1_474,job240_scenario0_477,job241_scenario0_478,job242_scenario0_479,job243_scenario3_480,job244_scenario1_482,job245_scenario0_483,
in27,0.6351988760040737,0.5518217637620878,0.646968225708378,0.47396773041870177,0.5467764119567751,0.7151805224275132,0.5448969709454063,0.5483796199634541,0.5402221454011742,0.28406287705674227,0.21009666544570849,0.17947925679355758,0.7215590990177831,0.18284133022395566,0.0,
B14,1.187485170110953,1.008739079015454,1.0140633667341286,0.9269349907807597,1.1623371551119206,1.0822756634532638,1.0485029093102658,1.0670504090704518,0.9388838141064325,0.80273366616374,0.6846362865510407,0.7100952345319951,0.739800856560467,0.5611104489718577,0.42285957102743443,
B11,1.0555308610777738,0.9273642661137546,0.9873742478655284,0.9461922149462245,1.0654472010637726,1.202284783855003,0.9986946240880741,0.9016164417001976,0.962002980460024,0.6827245457620006,0.6761889252251245,0.6318400837409941,0.8415682194195226,0.5263670144918045,0.37743472405891976,
