,job21_scenario0_51,job22_scenario0_54,job23_scenario0_56,job26_scenario0_59,job29_scenario1_67,job30_scenario0_70,job31_scenario2_71,job33_scenario2_77,job35_scenario0_80,job36_scenario3_81,job37_scenario0_82,job38_scenario2_83,job39_scenario1_84,job40_scenario0_87,job41_scenario2_89,
in27,0.4615878925906418,0.39232790643965876,0.4752266450876075,0.40001985074442303,0.4309476486929045,0.31186931212257896,0.5302626647443045,0.32118506522582896,0.21925729872609973,0.45661968576612294,0.14292335032581754,0.258252255622556,0.18996316123204843,0.0,0.060140754741621394,
B14,0.7846377681532617,0.7851199770119983,0.736915202259528,0.6474067169052334,0.8296093173981628,0.6471206851167639,0.7969700244163835,0.6425781189310071,0.43714290896690794,0.665071398890094,0.4437814134544453,0.9284986928108008,0.8988439059203333,0.2592754649689437,0.32684811441370043,
B11,0.7282952522627208,0.6207994318896927,0.7053486745800204,0.6551029422900402,0.7246650477385617,0.5657458722150646,0.7969700244163835,0.5723772837514594,0.41752156991884,0.560127129230493,0.3962663612661203,0.5684713316055826,0.6588256651168545,0.2400182408034789,0.23840552169146872,
