,job654_scenario1_1365,job656_scenario0_1375,job660_scenario2_1384,job661_scenario2_1386,job662_scenario1_1389,job663_scenario0_1392,job665_scenario0_1394,job666_scenario2_1395,job667_scenario4_1401,job668_scenario2_1404,
in27,0.6097403520364764,0.48199056728704237,0.4126746317413107,0.45729111042309,0.5245262775807704,0.28416347683779913,0.24797445927898232,0.4414399696457733,0.2858687284107555,0.028923170031145307,
B14,0.9199594280195029,0.7412660322559861,0.8927111133482684,0.9142084256764561,0.7441519684268929,0.5454086622876164,0.558193535262009,0.8014673308509915,0.405877848812495,0.40545220817373295,
B11,0.6097403520364764,0.47310982259875745,0.4872589051745354,0.5155467569711978,0.5041337276234141,0.2776292461694498,0.22973270173629845,0.37123913446622553,0.5027678028606428,0.0,
