,job465_scenario0_936,job466_scenario1_938,job467_scenario1_940,job469_scenario0_947,job471_scenario2_955,job472_scenario1_959,job473_scenario3_960,job474_scenario1_961,
in27,0.8604616258988395,0.9669086426900536,0.9173685558383531,0.7237138972886622,0.6487322472230568,0.5349149755987774,0.527118150432914,0.3468044061626927,
B14,0.9039733422097871,1.0371094778696015,1.0223128254979543,0.7479117996108383,0.8185496528469878,0.7598683656601178,0.5586846781124217,0.40710903003117455,
B11,0.2507704808766127,0.43979049225713973,0.3902504054054392,0.19659574685574832,0.1714223820123345,0.11274109482546457,0.0,0.03156652767950774,
