,job30_scenario0_70,job35_scenario0_80,job37_scenario0_82,job40_scenario0_87,job41_scenario2_89,job42_scenario1_90,job43_scenario0_94,job44_scenario1_95,job45_scenario1_96,job47_scenario0_98,job48_scenario3_99,job49_scenario0_101,job50_scenario1_103,job51_scenario1_106,
in27,0.4756846840060016,0.4516775691933239,0.4032011405745075,0.42604326943949644,0.5808341561827066,0.4637951788814515,0.28416347683779897,0.37807491952755795,0.4714077643972189,0.2005918582226882,0.5832116271485099,0.16845671399046713,0.20537952645720947,0.0,
B14,0.9078260110483345,0.7664531334822801,0.8009491577512832,0.7822086884565881,0.9444314699029337,0.8296265437642234,0.6793273182375337,1.0638364978622514,0.8581242444710373,0.6631862906965805,0.8316772292779051,0.6404388799859715,0.5155986024402361,0.5538072693015141,
B11,0.8264511981466351,0.7468317944342121,0.7534341055629582,0.7629514642911233,0.8559888771807019,0.8643699782442766,0.6210716716894258,0.7851839495587325,0.7696816517488057,0.652012312974429,0.870311536777945,0.5284840751956854,0.5920960065310278,0.3786621644623652,
