,job842_scenario0_1985,job845_scenario1_1999,job848_scenario1_2002,job850_scenario1_2004,job851_scenario1_2005,job852_scenario1_2006,job853_scenario2_2013,job854_scenario0_2017,
in27,0.3750031210291846,0.5931752065370861,0.5377634744779589,0.3996633912523438,0.3898027347732347,0.5308811266648393,0.26320332065876323,0.0,
B14,0.46139673643104234,0.5931752065370861,0.44932088175572726,0.5196725116540832,0.5413783828544818,0.37930547858359215,0.42863728802901735,0.05937627546270452,
B11,0.3878339206087778,0.5349195599889781,0.4879551892557673,0.49298339278548303,0.46000356995278247,0.39437032932573046,0.3268699251699617,0.030453105431559213,
