,job295_scenario0_566,job298_scenario2_571,job300_scenario0_574,job301_scenario0_576,job302_scenario0_578,job303_scenario1_579,job304_scenario0_582,job305_scenario1_583,job306_scenario2_584,job307_scenario2_585,job308_scenario1_586,job309_scenario1_590,job311_scenario2_593,job312_scenario0_595,job313_scenario1_596,job314_scenario3_598,job315_scenario2_600,job316_scenario3_601,
in27,0.6512084345758204,0.7230256235616113,0.5531147986208983,0.5347274087693642,0.5459412933698722,0.7427794437879411,0.5287242838270346,0.5514967229043825,0.6622089690844061,0.5604771610573074,0.5604762435139551,0.5598375137829289,0.4813515712317246,0.32084723767890927,0.4049050022789373,0.5387177687938276,0.1095127817554492,0.2196256908461226,
B14,0.6512084345758204,0.9132355791428985,0.6672543208897188,0.6795125173821368,0.6195041091921367,0.8241542566896406,0.6348750849397671,0.710140150806162,0.9408615173879249,0.9310008609088158,0.7618601768173938,0.6531575153160681,0.5396072177798324,0.3816870600040582,0.7418131971305639,0.44182781474567956,0.24001824080347883,0.48003648160695767,
B11,0.3810032475982178,0.49807223350027086,0.36898043353813215,0.33334347546592547,0.31271359203486804,0.41870204851590764,0.26831349306619967,0.44972936004532693,0.3906242006014195,0.430571829344502,0.4018328156121756,0.4713949210606972,0.28308730003898425,0.17142238201233445,0.22314240802356627,0.3485078132125403,0.0,0.3600273612052183,
