,job382_scenario0_733,job383_scenario0_736,job384_scenario2_740,job388_scenario2_751,job389_scenario0_752,job390_scenario4_753,job392_scenario4_755,job393_scenario0_763,job394_scenario4_764,job395_scenario4_765,job396_scenario1_767,
in27,0.30931768467462656,0.29594157424435624,0.4046585889852679,0.3168743012091407,0.1885222742377089,0.2846724552951501,0.4557248801756123,0.0,0.22437481430203715,0.22599116810828018,0.02617441565438905,
B14,0.4560159239449662,0.4861515298256435,0.6833111372887868,0.6618368116722205,0.34327482911950163,0.4980015772300287,0.5055331653978039,0.16783868051099893,0.28263046085014504,0.5362102440913068,0.16004185534513543,
B11,0.3858150887654183,0.41595069464609574,0.6833111372887868,0.4716268560909333,0.3085313946394483,0.5948915312781766,0.5757340005773517,0.14570604994832836,0.3212647683501851,0.37756681618952737,0.25336185687827467,
