,job803_scenario1_1883,job804_scenario2_1885,job805_scenario0_1887,job809_scenario0_1897,job810_scenario0_1899,job811_scenario0_1902,job812_scenario1_1904,job813_scenario1_1908,job814_scenario4_1909,
in27,0.6664435173234335,0.7853787984372911,0.5440388681328648,0.4454502623879409,0.4157954754974734,0.43134474844709797,0.42306350107374824,0.2249533900613404,0.24534594001869664,
B14,0.7050778248234737,0.7853787984372911,0.6640479885346042,0.5526285832100872,0.437022420143812,0.41208752428163314,0.507122655542303,0.3653550604204361,0.24534594001869664,
B11,0.47623356174214637,0.551657126545056,0.382752082582723,0.26203084627512835,0.23237605938466088,0.20454946268614466,0.17651102960192028,0.0,0.055135984437409524,
