,job408_scenario2_796,job409_scenario2_798,job410_scenario2_800,job411_scenario1_801,job413_scenario1_804,job415_scenario1_807,job416_scenario4_811,job417_scenario0_815,job418_scenario2_816,job419_scenario2_817,job420_scenario0_820,
in27,0.6558292025448567,0.6705998834954614,0.6550975856855344,0.6050007095051037,0.5539299238485272,0.5432763360591208,0.6301637653478187,0.26177671552360626,0.298694171385843,0.33146423735747,0.0,
B14,0.8958474433483354,1.0155623939585414,1.0316266238281222,0.8218997839549909,0.8935647350963892,0.7832945768625996,0.8434928872826973,0.594264162227464,0.7698499083045158,0.723058126242196,0.3661029517037394,
B11,0.9412722903168502,0.9657541087363497,0.8302426905246834,0.8450189503085824,0.8051221423741577,0.8099836957311997,0.9403828413308453,0.5496245164363447,0.5915851413546684,0.8115007189644275,0.27278295017060006,
