,job654_scenario1_1365,job656_scenario0_1375,job658_scenario1_1381,job660_scenario2_1384,job661_scenario2_1386,job662_scenario1_1389,job663_scenario0_1392,job664_scenario3_1393,job665_scenario0_1394,job666_scenario2_1395,
in27,0.42725115094505905,0.2929617509582877,0.24832431851591807,0.2114919545246483,0.2515264113783171,0.3091911112835674,0.05332601273066917,0.19704096310096048,0.0,0.18094771864817588,
B14,0.857479347329825,0.6722463363289708,0.7377218129772746,0.8115375565333454,0.8284528470334227,0.6488259225314295,0.43458031858222584,0.8357208726096976,0.4302281963847661,0.6609842002551335,
B11,0.5970685565689902,0.45389841189393376,0.5910235737069351,0.455893633581804,0.479599463550356,0.4586159669501421,0.21660918768625076,0.36685836872489147,0.15157564808124718,0.2805642890925592,
