,job792_scenario0_1846,job796_scenario0_1851,job797_scenario0_1852,job798_scenario1_1853,job802_scenario1_1865,job803_scenario1_1883,job804_scenario2_1885,
in27,0.6723794368382612,0.6437669657859796,0.7589204713288944,0.7307962633550185,0.7192228303665611,0.29100586177531185,0.3102190759830266,
B14,0.46392772371429014,0.43043784385110095,0.3869479214922362,0.4854503233363219,0.44374718886358777,0.01942109329232533,0.0,
B11,0.7425802720178091,0.7020226123340875,0.6887196361493466,0.8304128337994017,0.7357245073039305,0.29100586177531185,0.2667073596720789,
