,job589_scenario0_1225,job591_scenario0_1231,job592_scenario0_1233,job594_scenario1_1235,job597_scenario3_1243,job598_scenario1_1247,job601_scenario1_1250,job602_scenario3_1251,job603_scenario2_1253,job604_scenario2_1255,job605_scenario2_1256,job606_scenario2_1257,job607_scenario3_1258,job608_scenario3_1259,job609_scenario4_1260,job610_scenario0_1262,
in27,0.4503762285548836,0.4116579962015765,0.46891958754142027,0.5700269723503953,0.5522709858635066,0.42945875385720217,0.4365133878781704,0.5177796522682743,0.41235298447741103,0.33795972188489337,0.33163299076366154,0.3237722930527059,0.5387177687938274,0.3623647426330205,0.2643167429067117,0.0,
B14,0.8866800154381709,0.9065901672642649,0.8577868600299109,1.0869576808520787,0.8979474625460279,0.8800795001993243,0.8319981497828831,0.8981995634308487,1.0879271208808738,1.0552878278990945,0.9659294620187218,0.9442104450187591,0.9893385151359497,0.8894828930659344,0.6131701263897784,0.4617947240642738,
B11,0.9040081214523721,0.8514541828268554,0.819152552529871,0.9215237134818246,1.0344582598851368,0.7783121373402688,0.8319981497828831,0.9564552099789567,0.751018926029247,0.7450687519160679,0.8192312227483822,0.735758731894788,0.7991285595546627,0.7427846537955949,0.8531883671932572,0.3954847619047128,
