,job341_scenario1_646,job342_scenario0_650,job343_scenario1_651,job344_scenario1_653,job347_scenario1_658,job349_scenario2_660,job350_scenario3_661,job351_scenario0_663,job353_scenario2_665,job354_scenario1_666,job355_scenario1_668,job356_scenario0_674,job357_scenario0_677,job358_scenario2_679,job359_scenario3_680,job360_scenario0_681,job361_scenario1_682,
in27,0.676183006361287,0.5370163552587227,0.6182460125465508,0.6538448971447146,0.6369228124667424,0.6543368510657096,0.630268646208918,0.4939808493469814,0.6124006838622145,0.5709734997035977,0.5225653638350348,0.3382232844763937,0.27684156626574463,0.3689003631698966,0.3260702167603433,0.0,0.10615080111273245,
B14,1.0983568871346,0.9591902360320356,1.1789796679793465,1.0631879783384344,1.1106627251624561,1.243208475352255,1.0454319918515456,0.8909024374469252,1.031454902524829,0.9829599385456798,1.0229943953993486,0.8386523160407076,0.7235714395878802,0.7106859668324309,0.7647457744710257,0.44012440769583205,0.5502373167865054,
B11,0.9632829159907222,0.8241162648881578,0.9389614271758678,0.943178857936695,0.9906536047607166,0.9147476418265446,0.9254228714498063,0.8207016022673774,0.8273866276545347,1.02159424604572,0.7829761545958699,0.6583385717704864,0.48355319878440134,0.498805694882702,0.7331792467915178,0.30085806312862784,0.3954847619047128,
