,job879_scenario0_2088,job880_scenario1_2089,job881_scenario0_2094,job882_scenario2_2099,job883_scenario0_2100,job884_scenario4_2104,job885_scenario0_2108,
in27,0.49355547408577927,0.5989251190065824,0.406126195948304,0.5040790544475582,0.37228102870232543,0.5623903845025559,0.0,
B14,0.7539662648466144,0.9358333138582092,0.7058489332850404,0.8844989656101325,0.5866888866057887,0.8024086253060346,0.2982738873515867,
B11,0.6970901998038905,0.7362623454225231,0.6390766569312506,0.8844989656101325,0.5480545791057487,0.752600340083843,0.22426769980721895,
