,job854_scenario0_2017,job860_scenario0_2038,job861_scenario1_2044,job862_scenario0_2045,
in27,0.5836264085826015,0.38206309369488245,0.23752702425705474,0.07209305688680079,
B14,0.7012583305934139,0.5540312917334858,0.3344169783052027,0.22558183562561485,
B11,0.5207595124810216,0.316504267476431,0.30285045062569493,0.0,
