,job321_scenario1_614,job322_scenario1_615,job324_scenario0_619,job325_scenario2_621,job327_scenario1_623,job328_scenario1_625,job329_scenario1_627,job330_scenario2_630,job331_scenario2_631,job332_scenario3_632,job333_scenario1_633,job334_scenario3_635,job335_scenario2_636,job336_scenario0_637,job337_scenario0_638,job338_scenario0_639,
in27,0.8408402868507714,0.8138079979112055,0.5939432554394508,0.7487744583062019,0.6980503999258691,0.6265230977037148,0.6512586178635494,0.5777777169326295,0.5355010198782131,0.7151659361816891,0.5883258082602765,0.6627781658562273,0.3288864741644725,0.19550657032717,0.1344455255796032,0.14214175096440995,
B14,0.8204477368934152,0.9542096682703012,0.7076558069299463,1.0274270066097206,0.8180595203276086,0.8279070310071537,0.7214594530430972,0.6746676709807774,0.8955283810834314,0.7538002436817292,0.6900931711193321,0.9027964066597061,0.5190964297457595,0.3211928079494355,0.15864342790177932,0.15864342790177932,
B11,0.5903257074010024,0.6755571199667822,0.4872589051745354,0.6122636609670931,0.5641829602351228,0.5563222625241672,0.4709448735933282,0.5342660006216817,0.5355010198782131,0.8738093640834685,0.41850840263634553,0.4227599250527485,0.45734295589212803,0.09941632468864059,0.04751505218832497,0.0,
