,job647_scenario0_1350,job648_scenario1_1352,job650_scenario0_1359,job651_scenario1_1360,job652_scenario1_1361,job654_scenario1_1365,job655_scenario2_1366,job656_scenario0_1375,job657_scenario2_1380,
in27,0.7847790974152429,0.820639005430879,0.6769572693204111,0.9357288591019853,0.8389433598100613,0.7689279566379261,0.7078979106054144,0.5106757010153702,0.28982652602567044,
B14,0.5145739104376402,0.6802373350717833,0.4951946750650402,0.6072680255762748,0.6606785928602139,0.5991105510139951,0.6692636031053742,0.2899146843773562,0.2786525483035189,
B11,0.4166974205985715,0.48373081057925216,0.3365512471632608,0.5055006627172193,0.46241432166747365,0.4089005954327079,0.3478705494001961,0.14176759512186687,0.0,
