,job434_scenario0_868,job436_scenario2_872,job443_scenario0_887,job445_scenario0_893,job446_scenario0_895,job448_scenario0_898,job449_scenario0_901,job450_scenario2_903,job451_scenario2_904,job452_scenario1_905,job453_scenario2_907,
in27,0.90815008605087,1.0523121263159156,0.7875817698464961,0.7755711598312278,0.7581946201536776,0.6963379873492193,0.6303886745860745,0.6241438583561874,0.687464985384541,0.586772238141343,0.4203319850737001,
B14,0.8148300845177308,0.9403573215256296,0.6675726494447567,0.6980016992943485,0.5760389801838435,0.5658325283011898,0.499883215538045,0.6844484822246693,0.7576658205640888,0.6215156726213963,0.38876545739419244,
B11,0.43044806537721536,0.6169152905000773,0.35074810783542654,0.28503833957797986,0.25996557451562285,0.17304045772885024,0.21005668951237455,0.18005734268241436,0.13326556062009465,0.0962394178880952,0.0,
