,job104_scenario0_211,job106_scenario1_216,job107_scenario1_217,job109_scenario1_220,job112_scenario1_227,job113_scenario2_228,job114_scenario1_229,job115_scenario0_230,job116_scenario0_234,job118_scenario4_237,job119_scenario2_240,job120_scenario2_241,job121_scenario1_245,job122_scenario2_246,
in27,0.4580767041203748,0.5127178531554897,0.5203846946210534,0.4381261069901804,0.3913343249278606,0.4131521178491109,0.42792837763300995,0.29912516862911065,0.264545189839567,0.3390324871871648,0.30006646308415386,0.3624066005527458,0.11575759798533636,0.0,
B14,0.8732400497630024,0.9696351684088558,0.9827129678375102,0.9865504589089331,0.9193661268892571,0.8616220717765608,0.8848456928863762,0.7560424838824767,0.7649742214038808,0.7959498024405309,0.9027964066597062,0.7059322848205947,0.568118424932773,0.9173324578122559,
B11,0.856738372825633,0.9380686407293481,0.9190463633263117,1.0096696252625246,0.8695578416670655,0.9318229069561086,0.9732882856086078,0.7475951225565606,0.6765316286816492,0.9159589228422704,0.7276513018205573,0.6770091147894494,0.6730626945923741,0.6386799095087371,
