,job415_scenario1_807,job417_scenario0_815,job420_scenario0_820,job421_scenario1_828,job422_scenario0_831,job424_scenario0_837,job425_scenario3_839,job426_scenario3_841,
in27,0.4345597891694048,0.26759853056835664,0.2356034008776841,0.3686613115442644,0.1699180054049878,0.0,0.2940780484420735,0.1111361184370612,
B14,0.4345597891694048,0.3600677364687354,0.36168811177794463,0.38905386150162063,0.1699180054049878,0.06487313596432998,0.2940780484420735,0.42135519442008773,
B11,0.4612489080380049,0.3154280906776162,0.2683681102448053,0.3504195540015806,0.14869106075864924,0.12000912040173944,0.19718809439392554,0.42135519442008773,
