,job687_scenario1_1483,
in27,0.0,
B14,0.25865304406062584,
B11,0.01863480325714706,
