,job422_scenario0_831,job424_scenario0_837,job425_scenario3_839,job427_scenario0_846,job428_scenario3_849,
in27,0.4119376280054007,0.31012328498350783,0.6520596833648503,0.25553338194992736,0.507738915060314,
B14,0.07502943315377397,0.0380882260962111,0.31515148851322355,0.0,0.17083072020868723,
B11,0.3907106833590621,0.4301324053852473,0.5551697293167024,0.2227686725828062,0.469104607560274,
