,job962_scenario0_2431,job963_scenario2_2439,job964_scenario3_2444,
in27,0.33124024898305254,0.24983152689216648,0.0,
B14,0.7540998200104869,0.865392270047312,0.6738163897032535,
B11,0.5110171352638531,0.505364908842094,0.20495388581844742,
