,job1142_scenario0_3508,
in27,0.0,
B14,0.5672514851573667,
B11,0.5749477105421734,
