,job446_scenario0_895,job448_scenario0_898,job449_scenario0_901,job453_scenario2_907,job454_scenario0_908,job457_scenario4_912,job458_scenario0_917,job460_scenario1_919,job461_scenario0_920,job462_scenario2_923,job463_scenario2_934,job464_scenario2_935,
in27,0.49505573034039896,0.4673103554814694,0.4535570102046924,0.50335214962732,0.3956695524067323,0.48330220856808737,0.32342367073234357,0.40115609407966657,0.3000654527531201,0.5241817176412777,0.01506485074213837,0.0,
B14,0.672927451575783,0.696832257638658,0.683078912361881,0.8318129831530305,0.6356877932102112,0.7500095682401664,0.5430493615784662,0.860800025729268,0.560476243513955,0.884209078846496,0.4800364816069576,0.3600273612052182,
B11,0.8473868661608104,0.7945730073195664,0.8837852065894585,0.933580346012086,0.7834580889266383,1.0215943367231528,0.6897476008488057,0.8260565912492147,0.687853989273026,0.693999123265209,0.37509221194735654,0.430228196384766,
