,job803_scenario1_1883,job805_scenario0_1887,job809_scenario0_1897,job810_scenario0_1899,job811_scenario0_1902,job812_scenario1_1904,job813_scenario1_1908,job814_scenario4_1909,job815_scenario2_1910,
in27,0.265682667669483,0.14717403752542113,0.06820569684295452,0.04648667984299182,0.08082424152235884,0.09463125312005444,0.0626937579776406,0.046791782062319764,0.0,
B14,0.4945269307508103,0.45739311350844786,0.3655939732463881,0.25792358007061766,0.2517769729381812,0.3689003631698964,0.3933053839180235,0.23700173764360688,0.24001824080347875,
B11,0.45589262325077023,0.3663071631378537,0.26520619189271655,0.24348717489275384,0.23444886692397998,0.22849869281080087,0.21816027907887464,0.23700173764360688,0.08137481290169923,
