,job393_scenario0_763,job400_scenario2_781,job403_scenario2_787,job404_scenario2_788,job405_scenario2_789,job406_scenario3_790,job407_scenario3_795,job408_scenario2_796,job409_scenario2_798,job410_scenario2_800,job411_scenario1_801,
in27,0.46557238253004696,0.4872589051745354,0.4709993319126339,0.43002242473845337,0.37055709223965655,0.48691006220714567,0.4114406228158131,0.27460751510319953,0.22044437719934773,0.041753969610738406,0.0,
B14,0.7920544909428254,0.9441762204279015,0.9247969850553016,0.9127432479122662,1.019733340394684,0.8469374234123639,0.690093171119332,0.5532600634067183,0.6040411951624677,0.4569173152533661,0.2555333819499273,
B11,0.7699218603801549,0.8076654230887926,0.6742824056055325,0.7927341275105269,0.8295233848133967,0.8855717309124039,0.74834881766744,0.598684910375233,0.554232909940276,0.2555333819499273,0.2786525483035188,
