,job371_scenario0_708,job373_scenario1_711,job374_scenario2_712,job375_scenario1_714,job378_scenario0_719,job379_scenario2_725,job380_scenario1_727,job381_scenario2_728,job382_scenario0_733,job383_scenario0_736,job384_scenario2_740,job385_scenario2_743,
in27,0.41963755509825784,0.5250711666272827,0.4883406808337455,0.43885895335239433,0.31963595666318345,0.3732319559545352,0.3807635441223104,0.3316319804326278,0.20742702112137523,0.1494134782487352,0.14005610008856928,0.0,
B14,0.48677394633465076,0.6450802870290221,0.6399163289149926,0.5218905881115354,0.400024233773962,0.528377556550791,0.5905948387516655,0.49872276966032353,0.29237178653808327,0.277869959976391,0.3569551745384566,0.10806393177029949,
B11,0.7249792222703768,0.8619793614789095,0.8252488756853722,0.9344105761058006,0.686731097688934,0.6572674216408154,0.6207817849257893,0.8004944843174339,0.5008234996620543,0.48632167310036206,0.6356077228419754,0.2817722104142173,
