,job47_scenario0_98,job49_scenario0_101,job50_scenario1_103,job52_scenario1_107,job53_scenario0_108,job56_scenario1_113,job57_scenario2_114,job59_scenario1_118,job62_scenario3_123,job63_scenario4_124,job64_scenario3_127,job65_scenario4_130,job66_scenario0_131,job67_scenario1_133,
in27,0.3188469758989404,0.34978229018923634,0.4602209433385456,0.47077105130242836,0.3539350366843518,0.401501755027626,0.3942716305754008,0.3229980300935815,0.2948437334607917,0.36588386001002465,0.36890036316989644,0.18294193000501235,0.012885472755449268,0.0,
B14,0.8431948822264643,0.8835179300383723,0.8321934931752037,0.824007873039172,0.8054694345549567,0.7863051044438774,0.8427415845028506,0.7104857210766882,0.8589393695363041,0.7259112212152429,0.7991285595546624,0.5966684494524088,0.5021405265976114,0.5186707891069976,
B11,0.8320209045043128,0.7715631252480861,0.9086908972659954,0.8694327200076866,0.7050816532012851,0.8703642589124321,0.8862533008137983,0.699989382430398,0.8589393695363041,0.6943446935357351,0.7177537466529631,0.6749236002434098,0.4393083167753952,0.45500418459579905,
