,job803_scenario1_1883,job804_scenario2_1885,job805_scenario0_1887,job807_scenario1_1891,job808_scenario1_1895,job809_scenario0_1897,job810_scenario0_1899,
in27,0.899434333229308,1.0096696252625246,0.7574094189762819,0.775519260681692,0.6987281317894121,0.4659779165622081,0.35323682173674353,
B14,0.9380686407293481,1.0096696252625246,0.8774185393780214,0.9453366663056231,0.7827872862579668,0.5731562373843544,0.3744637663830821,
B11,0.5394069720240898,0.6061305477463588,0.4263052278022091,0.4514418654096585,0.47256821027494017,0.11274109482546457,0.0,
