,job917_scenario0_2217,job920_scenario0_2228,job923_scenario4_2246,
in27,0.7859722562301467,0.7559151223891726,0.4355558955999839,
B14,0.39294154115018953,0.340751776746545,0.0,
B11,0.8246065637301866,0.7084000702008476,0.6053733012239149,
