,job171_scenario0_346,job173_scenario0_349,job175_scenario0_351,job176_scenario1_352,job178_scenario1_355,job179_scenario0_356,job181_scenario2_358,job183_scenario1_360,job186_scenario0_365,job187_scenario1_366,job188_scenario2_367,job189_scenario0_368,job190_scenario3_370,job191_scenario4_371,job192_scenario1_377,job193_scenario0_378,job194_scenario0_380,
in27,0.5436847258249476,0.4627599603906173,0.474723591218974,0.6943436832047015,0.5887640953106175,0.42398216462733496,0.4994057294302447,0.5389523985918825,0.3291775508773885,0.43345641666709994,0.46159346797749745,0.3454274375075762,0.665317182908299,0.5044664545574189,0.31446958806839587,0.08796510661443141,0.013858319289006937,
B14,0.5901310304044225,0.5013942678906572,0.5410335533785351,0.535700255302922,0.5433392483421027,0.501250779627415,0.728249992511572,0.5736958330719357,0.5135179083257568,0.4871555749092783,0.5114017531996891,0.4236825882985772,0.5186189436379595,0.7213655290073062,0.29796791113102644,0.2199194156476108,0.0,
B11,0.4990450800338284,0.5013942678906572,0.474723591218974,0.6241428480251536,0.5887640953106175,0.43104994444786715,0.553104887672423,0.5554540755292519,0.36194226024450965,0.5422915593466877,0.5816025883792368,0.33036258676543784,0.6155088976861074,0.5311555734260192,0.2690447410998812,0.10620686415711528,0.028923170031145307,
