,job157_scenario0_317,job158_scenario0_319,job163_scenario1_326,job164_scenario1_329,job165_scenario1_331,job166_scenario2_333,job167_scenario3_334,job168_scenario2_336,job169_scenario1_339,job170_scenario2_340,job171_scenario0_346,job172_scenario3_347,
in27,0.8824201874045002,0.9136380864590401,0.8984128320762279,1.0319834949156503,0.9426251290352775,0.8572395075241164,1.0492540452513752,0.8318725726702256,0.7302674637654298,0.7583567319876587,0.38154784064274594,0.49166074973341933,
B14,0.9248598472693603,0.88694896759044,1.0072479747558158,1.0319834949156503,0.9078816945552243,0.9644178283462626,1.0492540452513752,1.0718908134737044,0.8733957505207607,0.9485666875689459,0.42799414522222085,0.5618615849129672,
B11,0.6083442023750897,0.5342902317425533,0.5615046372246012,0.6066327073417919,0.47634680092751247,0.5492544827036349,0.6421450152202006,0.5100292285607373,0.536487555669134,0.421448537136032,0.0,0.2951542252408882,
