,job684_scenario1_1467,
in27,0.46041514255888977,
B14,0.5804242629606291,
B11,0.0,
