,job681_scenario0_1445,job683_scenario2_1463,
in27,0.3372819900213506,0.0,
B14,0.8040955165857827,0.4875982319847207,
B11,0.7305327007635182,0.39427823045158145,
