,job443_scenario0_887,job445_scenario0_893,job446_scenario0_895,job448_scenario0_898,job449_scenario0_901,job450_scenario2_903,job452_scenario1_905,job453_scenario2_907,job454_scenario0_908,job455_scenario1_909,job456_scenario2_910,job457_scenario4_912,job458_scenario0_917,
in27,0.5412630293062404,0.5509714362909347,0.5445151725952009,0.505605117473443,0.4776534981704582,0.5156389777037533,0.5659356872520165,0.48258174211937044,0.3636773840884626,0.5347298089689247,0.4782673574889089,0.3817858359253459,0.0,
B14,1.1212539089045008,1.1734019757540552,1.0623595326253668,1.0750996584254136,1.0471480391224286,1.275943601572235,1.3006791217320695,1.1510152144398627,0.9436682636867231,1.0097764189075842,1.28321162714851,0.9884658343922064,0.5595983296409044,
B11,0.7678440371155048,0.7238532858580207,0.7097007967774801,0.6457222576734079,0.7207361829170921,0.7349671318503141,0.7388175368191023,0.7256644268660042,0.5643204089702363,0.7511233748469583,0.6676508839933641,0.7329324524422789,0.17917841847832994,
