,job717_scenario1_1620,job720_scenario1_1638,
in27,0.4283679403919446,0.0,
B14,0.6950753000640235,0.35690769909451975,
B11,0.9737278483675424,0.3337885327409283,
