,job945_scenario0_2342,job949_scenario1_2371,
in27,0.11258539406770618,0.0,
B14,0.5021875503219053,0.5036059383648592,
B11,0.6400616347272665,0.5036059383648592,
