,job471_scenario2_955,job475_scenario2_966,job476_scenario0_967,job478_scenario1_971,job479_scenario2_974,job480_scenario4_975,job482_scenario1_987,job483_scenario0_989,
in27,0.7278261202545344,0.72912445304912,0.6570211926325649,0.6892550356151156,0.6596002487246482,0.7266336387053289,0.30295105040675174,0.05129444510143355,
B14,0.7074335702971782,0.6754252948069417,0.48993040340486915,0.6355558773729373,0.46939029314336095,0.5133045167704503,0.21991941564761086,0.0,
B11,0.7776344054767259,0.7638678875291732,0.6366286426752088,0.7239984700951688,0.6059010904824698,0.9435327131552163,0.3666176549179503,0.13386743969074644,
