,job329_scenario1_627,job330_scenario2_630,job333_scenario1_633,job336_scenario0_637,job337_scenario0_638,job338_scenario0_639,job339_scenario4_642,job340_scenario2_645,job341_scenario1_646,job342_scenario0_650,job343_scenario1_651,job344_scenario1_653,job345_scenario3_654,job346_scenario1_655,job347_scenario1_658,job348_scenario3_659,job349_scenario2_660,
in27,0.5371439880680994,0.4949525713895724,0.5543129803085117,0.3141042546348741,0.35855418026054675,0.35868387772593147,0.4701219100026831,0.37026628793266786,0.3709897157537876,0.19625304339922367,0.265509663629229,0.2710794205079162,0.4998832155380449,0.26177671552360626,0.08117456714595683,0.2786525483035188,0.0,
B14,1.0060064919529055,0.9905041941429786,1.0547420118728255,0.838452160962398,0.7814137512879812,0.773847223368559,1.0772352918319124,1.1177813401209928,0.8114053540697843,0.6366686817152204,0.8444850766047085,0.6986642592443197,0.968745719422851,0.6990726917289046,0.5731562373843543,0.6071133818292294,0.6071133818292294,
B11,0.8755010329048758,0.9701116441856223,0.9031663637915783,0.7366847981033424,0.7902944959762662,0.7352129158685191,0.8870253362506252,0.8075622641379662,0.796340503327646,0.621603830973082,0.7244759562029691,0.6986642592443197,0.7287274786193721,0.6604383842288646,0.5731562373843543,0.48710426142748997,0.39866166870525827,
