,job203_scenario1_394,job204_scenario0_399,job206_scenario1_402,job207_scenario0_406,job208_scenario2_407,job209_scenario1_408,job213_scenario0_416,job214_scenario3_417,job215_scenario1_422,job216_scenario1_423,job217_scenario1_424,job218_scenario2_426,job219_scenario1_429,job220_scenario0_430,job221_scenario0_431,
in27,0.6842094299313567,0.5977632183532545,0.7259588629818294,0.5502425499158127,0.6951784590148502,0.6882560943865348,0.44046712311221564,0.8159618423757138,0.5040790544475582,0.45823240487813305,0.5565225082799099,0.3946166355049389,0.35275933562894346,0.026689118868600037,0.0062965689112438605,
B14,0.8192834010752345,0.75391542970861,0.7961596981613772,0.6608906574631533,0.8538218869166296,0.7766986871087664,0.6889327252416106,0.7977200848330299,0.6444807248066537,0.555122358926281,0.7236132975076055,0.5719957915066329,0.30295105040675185,0.14669823927033965,0.19020995558128728,
B11,0.6737130912850665,0.6402028782181146,0.6805340160133148,0.5576111752731444,0.5934110961557948,0.7500095682401664,0.49027540833440725,0.7661535571535223,0.5040790544475582,0.6751314793280204,0.42456819924673045,0.40847495479394597,0.329640169275352,0.0062965689112438605,0.0,
