,job598_scenario1_1247,job601_scenario1_1250,job610_scenario0_1262,job611_scenario2_1265,job612_scenario2_1268,job613_scenario2_1271,job614_scenario2_1274,job615_scenario2_1275,job616_scenario2_1276,job617_scenario3_1278,job618_scenario3_1279,job619_scenario1_1281,job620_scenario2_1283,job621_scenario1_1284,job622_scenario1_1285,
in27,0.5668811052192745,0.5921393022890443,0.40384052632395495,0.5713180596430902,0.5680033566031135,0.47467020927041015,0.4536867126701963,0.388376129638078,0.2916772864322788,0.5205725423467251,0.4252989421048203,0.23934050893993614,0.08796510661443147,0.0,0.028923170031145307,
B14,0.70728277557837,0.6774049882107304,0.5554161744052022,0.7228937077243374,0.5764507179290297,0.5631128019926418,0.7140975034310314,0.5785860852193652,0.6814582104492521,0.5521390700262329,0.3616323375936216,0.3593496293416754,0.2466085345162109,0.20406827487029416,0.11562568214806246,
B11,0.725524533121054,0.7974141086124698,0.6091153326473806,0.7411354652670211,0.6799581613933998,0.6194553178831828,0.6642892182088398,0.49902423718541844,0.6112573752697044,0.8307916183297517,0.6857097328656552,0.4156921452322163,0.3168093696957587,0.2356348025498019,0.17737915600169407,
