,job386_scenario4_733,job387_scenario1_739,job388_scenario2_743,job389_scenario2_744,
in27,0.9741570647771673,0.7112966754446524,0.3135810566257432,0.4672056820273643,
B14,0.9243487795549756,0.8864417802838013,0.5640956360755123,0.6841047564772517,
B11,1.0443578999567151,0.6464235394803224,0.4054522081737328,0.4236939657164166,
cn12,0.7137462740163321,0.41757927639899517,0.18367572491293793,0.14504141741289778,
B54,0.44162795638116265,0.40372095710998834,0.24001824080347867,0.0,
