,job227_scenario0_448,job229_scenario0_451,job234_scenario1_459,job235_scenario0_460,job236_scenario3_461,job237_scenario2_464,job238_scenario3_465,job239_scenario1_467,
in27,0.6960706527488172,0.6957093819425175,0.6556646298020629,0.5301381297016616,0.8021145236858969,0.4127730163402723,0.48518909483249806,0.2263530465349033,
B14,1.0560980139540355,0.9283589973886647,0.9593494751167402,0.8125960303700005,1.0421327644893756,0.7281607317543712,0.725207335635977,0.5428686914291737,
B11,0.9423854624635399,0.9357276227459963,0.9411077175740563,0.7943542728273165,1.0421327644893756,0.713095881012233,0.7518964545045771,0.5428686914291737,
cn12,0.44849066156757544,0.4391039435465025,0.45892044355242656,0.26972733894082657,0.48656774848765233,0.2531141218157118,0.283033950619771,0.0,
B54,1.0441528253225956,1.0097338102903641,1.2197602658775752,0.8224922416810664,1.0034984569893357,0.8064158825453722,0.7834629821840848,0.6130695266087216,
