,job584_scenario2_1183,job588_scenario0_1191,
in27,0.6854221945221906,0.13386743969074633,
B14,0.8605672993613395,0.21524225259244573,
B11,0.7019238714595599,0.1489322904328847,
cn12,0.6564990244910454,0.0,
B54,0.5819147510578205,0.13386743969074644,
