,job758_scenario1_1643,
in27,0.32216426461446657,
B14,0.5390633390643539,
B11,0.5390633390643539,
cn12,0.24390911382346558,
B54,0.0,
