,job1037_scenario3_2710,
in27,0.38041991116257445,
B14,0.10176736285905563,
B11,0.10176736285905563,
cn12,0.0,
B54,0.10176736285905563,
