,job343_scenario3_653,job346_scenario3_660,job349_scenario2_666,job350_scenario1_667,job352_scenario2_669,job353_scenario0_670,
in27,0.9046974518624656,0.774025748343734,0.4233185484981495,0.47867344155332175,0.27459540929122805,0.1108138677925199,
B14,0.7006291769921715,0.7157701017956261,0.7938422483496579,0.5404269154069532,0.7750244408555418,0.2635876975613805,
B11,0.8344966166829179,0.6540166279419946,0.4233185484981495,0.46217176461595233,0.4149970796503236,0.07825515079100098,
cn12,0.6877983774125783,0.6224501002624868,0.38673321831848345,0.3769060786942663,0.29498795924858423,0.0,
B54,0.8078074978143177,0.7424592206642262,0.9138513687513974,0.5986825619550612,0.49637189255202296,0.35690769909451975,
