,job800_scenario0_1756,
in27,0.4106068573366981,
B14,0.38215999176788884,
B11,0.4604151425588898,
cn12,0.0,
B54,0.49700047273855585,
