,job785_scenario3_1707,job786_scenario4_1709,job787_scenario1_1710,job788_scenario2_1714,
in27,0.38973645934256607,0.34903526307688915,0.1704755349695649,0.0,
B14,1.0368637301772194,0.849464294641203,0.7661376987245849,0.48848384293287395,
B11,0.7968454893737407,0.7294551742394635,0.6296269013854761,0.3519730455937651,
cn12,0.87822030227544,0.5989497151914339,0.5176720965951899,0.2400182408034789,
B54,0.6999555353255927,0.849464294641203,0.707882052176477,0.4569173152533662,
