,job13_scenario1_34,job16_scenario1_38,
in27,0.22395469754953268,0.0,
B14,0.9265388733265736,0.5555650160017234,
B11,0.9034197069729821,0.5417066967127164,
cn12,0.7363289177452864,0.49526039213324147,
B54,0.6478863250230547,0.587131543681231,
