,job869_scenario1_1963,
in27,0.34383458098290826,
B14,0.4020902275310162,
B11,0.0,
cn12,0.1378740844053612,
B54,0.5607336554327956,
