,job708_scenario1_1504,job710_scenario3_1507,
in27,0.13548375510300603,0.33061162594038296,
B14,0.5120127932455937,0.19020995558128728,
B11,0.43063798034389433,0.2604107907608352,
cn12,0.06528291992345825,0.0,
B54,0.3920036728438543,0.14040167035909573,
