,job463_scenario0_908,job464_scenario3_909,job465_scenario2_910,job466_scenario3_914,job467_scenario1_915,
in27,0.6999555353255926,1.0993096750688989,0.752574340593055,0.430228196384766,0.430228196384766,
B14,0.4213029870220738,0.669081478684133,0.752574340593055,0.3600273612052183,0.2400182408034789,
B11,0.3195356241630183,0.4290632378806541,0.35391267188779674,0.0,0.09332000153313924,
cn12,0.5660880956348463,0.7752322797968654,0.6476300709334539,0.5235481979179053,0.3417856036625343,
B54,0.4128556256961575,0.4837489319137533,0.447232673420936,0.10838485227527761,0.2835299571144264,
