,job663_scenario1_1392,job664_scenario0_1393,job665_scenario1_1395,job666_scenario2_1396,
in27,0.29589561333439485,0.083524677466142,0.20845171312397104,0.0,
B14,0.712265490430154,0.5983045935531529,0.4635348046695882,0.8786981503122159,
B11,0.7261238097191609,0.3582863527496739,0.273324849088301,0.2898265260256704,
cn12,0.4790377890951498,0.27571335816036135,0.20138393330343884,0.2488989854917638,
B54,0.7963246448987087,0.6685054287327007,0.4800364816069576,0.44846995392744987,
