,job212_scenario3_423,job213_scenario1_428,job216_scenario1_432,job218_scenario0_434,job219_scenario1_435,job220_scenario0_438,job221_scenario0_439,job222_scenario0_440,job223_scenario2_441,job224_scenario2_443,
in27,0.5109813573263361,0.5235638115194237,0.4063084719496774,0.2043540676664981,0.4207821425470418,0.10625060131235353,0.06155831289577551,0.01100771172984738,0.0,0.10119131290762329,
B14,1.210981357326336,0.9492947014695816,1.0210427860279911,0.7482018563111426,0.9572613058343548,0.6729167107737901,0.6282244223572121,0.5439169225021517,0.5595983296409044,0.4523379294245566,
B11,1.2607896425485277,1.114728668839836,0.9508419508484431,0.7204406809964548,0.868818713112123,0.63047705090893,0.5645578178460134,0.5439169225021517,0.5329092107723042,0.514091403278188,
cn12,1.0207714017450489,0.7462539463087012,0.7014626971905655,0.490318651504042,0.6122987953712749,0.39045881010545125,0.3245395770425348,0.2737117355245491,0.40095490173912485,0.19581801168370838,
B54,0.8509539961211178,0.7381996306972481,0.85122538040406,0.6069657912630646,0.7488095927103836,0.4427946812813772,0.47347186747541936,0.38693031645781384,0.47115573691867263,0.49097223692459663,
