,job77_scenario3_161,job79_scenario1_165,job80_scenario2_166,job81_scenario3_167,
in27,0.8442265835232817,0.4459263417681837,0.3199302134519213,0.4039893679204761,
B14,0.9326691762455135,0.6628254162180709,0.8840258495274337,0.7640167291256943,
B11,0.4139983871385157,0.1388269278958555,0.0,0.2249533900613404,
cn12,0.534007507540255,0.20133153769059642,0.1751451048391488,0.32672075292039604,
B54,0.8828608910233218,0.4587571413477768,0.42710853427406753,0.33378853274092835,
