,job679_scenario3_1421,job684_scenario1_1428,job685_scenario3_1439,
in27,0.3411639517024051,0.1735098167340391,0.038634307500040044,
B14,0.42960654442463675,0.23838295269836907,0.0,
B11,0.5496156648263761,0.583345463161449,0.3284608335257105,
cn12,0.7896339056298549,0.6430499596947065,0.39866166870525827,
B54,0.9412095537111022,0.8233637039649278,0.5684790743291892,
