,job855_scenario3_1921,job856_scenario0_1926,job857_scenario1_1928,
in27,0.574986926718744,0.0,0.08836051332802997,
B14,0.6746034971631272,0.2769957264460772,0.5452778285813962,
B11,0.44965010710178677,0.0787314552533368,0.030990477728075394,
cn12,0.8648134527444145,0.1267996598702139,0.11504963219663011,
B54,0.9350142879239622,0.34719656162562496,0.38663440067961674,
