,job804_scenario1_1765,job805_scenario3_1767,
in27,0.33342032173081965,0.32846083352571054,
B14,0.4405986425529658,0.30177171465711033,
B11,0.10019262039581545,0.0,
cn12,0.27707780584027886,0.44846995392744987,
B54,0.03705956503679997,0.08844259272223176,
