,job701_scenario1_1483,
in27,0.45691731525336615,
B14,0.3986616687052583,
B11,0.0,
cn12,0.03556986355688507,
B54,0.5453599079755979,
