,job422_scenario4_831,job423_scenario0_834,
in27,0.4545568551071042,0.0,
B14,0.8847850514918701,0.3278413818349927,
B11,0.7261416235900907,0.24189000565918495,
cn12,0.6447668106883914,0.09735600160509783,
B54,0.7647759310901308,0.22066306101284638,
