,job581_scenario2_1175,
in27,0.14814708925548925,
B14,0.06805004276487536,
B11,0.19459339383496416,
cn12,0.181762594255371,
B54,0.0,
