,job58_scenario1_126,job60_scenario1_128,
in27,0.2045304566407954,0.0,
B14,0.3587904462888978,0.16482753395563288,
B11,0.5286078519128288,0.4395892092391649,
cn12,0.4401652591905971,0.25591348432622696,
B54,0.8388269278958554,0.5413565720982205,
