,job126_scenario0_268,job131_scenario1_275,job135_scenario1_281,job136_scenario1_283,job137_scenario1_284,job138_scenario0_285,
in27,0.5979030145708089,0.6570601449059579,0.4419744009140165,0.2764583541495609,0.19588707280181328,0.0,
B14,0.8019712894411029,0.7455027376281895,0.5770483720578943,0.5747322415011475,0.4043387859257843,0.22402504165556303,
B11,0.7815787394837467,0.8886310243835203,0.6268566572800859,0.472964878642092,0.3492028014883749,0.20027051105549032,
cn12,0.5877988313874509,0.6201659180112322,0.41451407113612804,0.2901235484181365,0.151296620522281,0.00034941800530807754,
B54,1.2118069358685126,1.4157491748164344,1.0153308840541133,0.8533847898046665,0.7376770282624023,0.6594218774714015,
