,job430_scenario2_847,job432_scenario3_849,job436_scenario0_855,job437_scenario3_856,job438_scenario1_859,
in27,0.7532227125468891,0.8753498819558514,0.4314198748825828,0.493810614297862,0.22396685427041962,
B14,0.6247662308192334,0.6584508075059641,0.2145208004326955,0.41731321020707035,0.10038778135367155,
B11,0.9230401181708202,1.355386363562809,0.6447489968174616,0.7773405714122885,0.4955516227534062,
cn12,0.5749579455970419,0.6584508075059641,0.15764473538997148,0.3786789027070302,0.0,
B54,1.2718935016538868,1.0451672875797824,0.7277806315766024,0.924038810682628,0.47904994581603677,
