,job521_scenario2_1028,job522_scenario2_1029,
in27,0.020392549957356176,0.0,
B14,0.5142873508533206,0.47565304335328057,
B11,0.07243488634209294,0.1506900371330937,
cn12,0.13386743969074621,0.11562568214806235,
B54,0.9445155472380866,0.6342964712550601,
