,job229_scenario0_451,job235_scenario0_460,job236_scenario3_461,job237_scenario2_464,job238_scenario3_465,job239_scenario1_467,job240_scenario0_468,job241_scenario0_469,
in27,0.9336710363616056,0.7948441084657503,1.0741043931685101,0.7294551742394636,0.8383875112245067,0.5795514629269118,0.37897106117742474,0.3403367536773848,
B14,0.6160833350212475,0.5270646923475837,0.7638853171854835,0.4946055728670572,0.52816843524148,0.3458297910346769,0.11856027041658979,0.13050545904802968,
B11,1.053680156763345,0.9390511311896657,1.1941135135702494,0.9097689185096849,0.9850857504948463,0.7760579874194429,0.474782279256988,0.49898018157916413,
cn12,0.6005681938747989,0.45793591361412345,0.6820602138794739,0.49329887562411134,0.5597349629209878,0.2767010123012168,0.0,0.003428558825757877,
B54,1.1276863443077128,0.9671891000434156,1.1554792060702095,1.0030889200428241,1.0166522781743539,0.8462588225989908,0.5376144890792043,0.5735644550123888,
