,job241_scenario0_469,job242_scenario1_470,job243_scenario0_472,job245_scenario0_479,job246_scenario0_480,job249_scenario1_483,job250_scenario1_484,job251_scenario0_485,
in27,0.5620982510518966,0.6913139094464243,0.5872834937555977,0.40428724966962104,0.32913668367676363,0.24600524871800178,0.16543396737025406,0.0,
B14,1.1065725480793411,1.2719112224593063,1.0530403257978125,0.8666155228860779,0.9153649503149466,0.906990838841662,0.5640956360755123,0.4983921073305726,
B11,1.0448190742257095,1.093646455509459,0.9867303636382515,0.8241758630212177,0.8034101455246604,0.8367900036621142,0.5779539553645192,0.4810640013163714,
cn12,0.8861756463239301,1.0234456203299112,0.8411600538480836,0.6829397979731398,0.6431256004743133,0.646580048080827,0.4730096857049182,0.31754316460368426,
B54,1.1194033476589342,1.2136555759111982,1.0313700094293707,0.9368163580656256,0.8616657920727682,1.0269999592434014,0.6979630757662587,0.648154790544067,
