,job328_scenario4_623,job330_scenario0_628,job331_scenario2_629,job333_scenario0_631,job334_scenario2_635,job335_scenario1_639,
in27,1.3259419301253383,1.0304995806677084,1.1700538167924295,0.953393330337248,0.9411097535114812,0.7271225022309687,
B14,1.5428410045752257,1.1726413316321183,1.2086881242924696,1.023594165516796,1.1065437208817355,0.8288898650900244,
B11,1.3028227637717469,1.052632211230379,1.15355213985506,0.9351515727945642,0.9549680728004881,0.7706342185419164,
cn12,0.6255085467629697,0.3366836867215619,0.5313739072836923,0.28261334399682025,0.34785469097125876,0.0,
B54,1.264188456271707,0.8402896250864211,0.845976421520396,0.8467089800723325,0.6763155244969693,0.43022819638476606,
