,job1042_scenario2_2726,job1044_scenario1_2731,
in27,0.48904388772152163,0.29515422524088825,
B14,0.6792538433028088,0.45379765314266773,
B11,0.2934229741771438,0.0,
cn12,0.4974912490474378,0.2137794123391889,
B54,0.7375094898509167,0.38359681796311995,
