,job565_scenario4_1127,job566_scenario1_1132,job568_scenario4_1134,job569_scenario0_1136,job571_scenario3_1142,
in27,0.3737291718937208,0.16201516593629578,0.2274357866103911,0.0,0.0011649585041119126,
B14,0.7626797031300842,0.7366071406580984,0.8119239726432598,0.5142873508533208,0.5154523093574327,
B11,0.9876330931914246,0.6979728331580584,0.9319330930449992,0.43701873585324075,0.5154523093574327,
cn12,0.6591722596657141,0.46683533704286456,0.47501577779163306,0.19020995558128734,0.100288963714805,
B54,0.6774140172083981,0.5463971850768112,0.5515131818824248,0.32407739527203355,0.04658980547262659,
