,job447_scenario2_877,job450_scenario0_881,job451_scenario2_883,job452_scenario0_884,job453_scenario1_886,job456_scenario3_891,job457_scenario4_894,job458_scenario2_896,
in27,0.8644884018991854,0.6473258886731408,0.8088749031742215,0.6430808726243555,0.5976838694432534,0.8575186102526561,0.4571003194903352,0.24001824080347878,
B14,0.7444792814974461,0.538490745993553,0.5635289631555249,0.5185744457880082,0.5457247918063892,0.6673086546713689,0.2668903639090481,0.46497163086481924,
B11,1.1248991926600205,0.5273167682714014,0.5919758287243343,0.47555670003429124,0.6594373432968849,0.5206104154010294,0.3953468456367037,0.15475255488179263,
cn12,0.6560366887752144,0.4002398680491297,0.5688566623707427,0.35211902080679386,0.4534768467193378,0.4770986990900816,0.3953468456367037,0.0,
B54,1.0546983574804727,0.7534766897858733,0.9786923087981525,0.75420924833781,0.8763364177467722,0.5623643850117678,0.6037985587606747,0.3449625104630799,
