,job104_scenario0_202,
in27,0.2481994428719596,
B14,0.0,
B11,0.28544308777199356,
cn12,0.15534548889577027,
B54,0.4125199879942652,
