,job765_scenario0_1663,job766_scenario0_1665,
in27,0.6259311893233455,0.47324594213848303,
B14,0.6961320245028932,0.5573050966070379,
B11,0.12550215775903173,0.0,
cn12,0.4823526121637044,0.3565988023794604,
B54,0.6574977170028532,0.5932550625402224,
