,job6_scenario1_13,
in27,0.38702537678887783,
B14,0.5252762547333011,
B11,0.0,
cn12,0.37052369985150846,
B54,0.7856870454941361,
