,job280_scenario4_531,job281_scenario1_532,job282_scenario1_533,job283_scenario1_538,job284_scenario3_541,job285_scenario1_542,
in27,0.43850829427046445,0.477674749041514,0.36470147499988126,0.22395469754953268,0.03474343448005324,0.0,
B14,1.01543472992557,0.9963455381485116,0.9463202456237234,0.891081472627079,0.710317570883516,0.671683263383476,
B11,1.2403881199869105,1.1012898078081128,1.0099868501349218,0.7977614710939398,0.671683263383476,0.671683263383476,
cn12,0.671909045657721,0.5243633721530072,0.5398465798390302,0.3774294860202396,0.14622193480800372,0.0716376613747789,
B54,1.3105889551664582,1.1012898078081128,1.0801876853144698,1.0377797118974186,0.5516741429817364,0.5351724660443671,
