,job244_scenario1_456,
in27,0.19020995558128717,
B14,0.2217764832607949,
B11,0.19020995558128717,
cn12,0.02039254995735612,
B54,0.3102190759830265,
B51,0.05634251589054079,
os4,0.05634251589054079,
in4,0.0,
B33,0.08526568592168604,
sh10,0.12000912040173928,
in22,0.12000912040173928,
