,job206_scenario1_379,
in27,0.0,
B14,0.24001824080347867,
B11,0.24001824080347867,
cn12,0.11064810754734045,
B54,0.4302281963847659,
B51,0.20527480632342543,
os4,0.2604107907608349,
in4,0.22177648326079485,
B33,0.15157564808124707,
sh10,0.3417856036625343,
in22,0.20527480632342543,
