,job126_scenario3_240,
in27,0.24001824080347878,
B14,0.2715847684829865,
B11,0.3600273612052181,
cn12,0.13507397114387765,
B54,0.0,
B51,0.2715847684829865,
os4,0.24001824080347878,
in4,0.2715847684829865,
B33,0.19020995558128712,
sh10,0.19020995558128712,
in22,0.13507397114387765,
