,job249_scenario0_466,
in27,0.14357857715964106,
B14,0.16669774351323263,
B11,0.16669774351323263,
cn12,0.0,
B54,0.22495339006134046,
B51,0.2635876975613805,
os4,0.20328307369289866,
in4,0.20328307369289866,
B33,0.18402584952743384,
sh10,0.38359681796311995,
in22,0.31339598278357206,
