,job115_scenario1_217,
in27,0.32040651791425734,
B14,0.39866166870525827,
B11,0.4569173152533662,
cn12,0.21689907444988732,
B54,0.735569863556885,
B51,0.0,
os4,0.39866166870525827,
in4,0.2351408319925713,
B33,0.305341667172119,
sh10,0.5453599079755977,
in22,0.305341667172119,
