,job934_scenario0_2483,
in27,0.12307356434489436,
B14,0.2094671797467521,
B11,0.17288184956708608,
cn12,0.0,
B54,0.2311374961151939,
B51,0.26977180361523395,
os4,0.24308268474663386,
in4,0.1426949033929623,
B33,0.18132921089300225,
sh10,0.5799908795982606,
in22,0.255913484326227,
