,job572_scenario3_1176,
in27,0.14312828675533085,
B14,0.4800364816069576,
B11,0.2400182408034788,
cn12,0.0,
B54,0.12000912040173939,
B51,0.3600273612052182,
os4,0.2400182408034788,
in4,0.2400182408034788,
B33,0.16981740562393105,
sh10,0.169817405623931,
in22,0.2898265260256704,
