,job468_scenario0_919,
in27,0.15546652110123393,
B14,0.260410790760835,
B11,0.14040167035909557,
cn12,0.009896211311065994,
B54,0.22177648326079497,
B51,0.0,
os4,0.260410790760835,
in4,0.23372167189223492,
B33,0.2106025055386434,
sh10,0.5004290315643138,
in22,0.23372167189223492,
