,job197_scenario0_362,
in27,0.17761265106454827,
B14,0.243316179809488,
B11,0.15223022943889386,
cn12,0.0,
B54,0.3771836195002344,
B51,0.3504945006316342,
os4,0.17761265106454827,
in4,0.1869736639189472,
B33,0.20736621387630333,
sh10,0.5673935750815216,
in22,0.243316179809488,
