,job1059_scenario0_3266,
in27,0.15864342790177943,
B14,0.1270769002222717,
B11,0.1270769002222717,
cn12,0.0,
B54,0.2786525483035189,
B51,0.2786525483035189,
os4,0.13444552557960332,
in4,0.1200091204017395,
B33,0.24708602062401114,
sh10,0.3670951410257506,
in22,0.11321858093326476,
