,job220_scenario0_406,
in27,0.13386743969074633,
B14,0.21524225259244573,
B11,0.13386743969074633,
cn12,0.0,
B54,0.18367572491293804,
B51,0.2689414108346241,
os4,0.14123606504807795,
in4,0.16543396737025406,
B33,0.19357193622400393,
sh10,0.6841047564772518,
in22,0.21524225259244573,
