,job687_scenario4_1505,
in27,0.3102190759830266,
B14,0.24001824080347878,
B11,0.15157564808124718,
cn12,0.1902099555812872,
B54,0.07020083517954778,
B51,0.09332000153313924,
os4,0.15157564808124718,
in4,0.09332000153313924,
B33,0.0,
sh10,0.04980828522219155,
in22,0.430228196384766,
