,job806_scenario2_1896,
in27,0.08526568592168604,
B14,0.26041079076083495,
B11,0.08526568592168604,
cn12,0.009896211311065883,
B54,0.3102190759830265,
B51,0.08526568592168604,
os4,0.16352083671268697,
in4,0.0,
B33,0.07020083517954773,
sh10,0.38041991116257434,
in22,0.38041991116257434,
