,job585_scenario1_1184,job590_scenario0_1200,job591_scenario1_1203,job592_scenario0_1204,job593_scenario0_1207,
in27,0.49174956989400365,0.28981514860783086,0.3658838600100247,0.1288821223664176,0.0,
B14,0.5952570133583738,0.29826250993374703,0.2956830248304769,0.17869040758860932,0.009896211311066105,
B11,1.0521743286117398,0.7032207475502492,0.752600340083843,0.5931680629771154,0.43022819638476606,
