,job627_scenario0_1301,job628_scenario1_1303,job630_scenario1_1307,job631_scenario0_1308,job632_scenario0_1311,job633_scenario0_1312,job634_scenario1_1314,job636_scenario0_1319,job637_scenario2_1320,job638_scenario1_1321,job640_scenario4_1332,job641_scenario0_1333,job642_scenario0_1334,
in27,0.5218824040651135,0.6075450690033897,0.6113046374987978,0.5927661990145826,0.47394539158076365,0.44160872305196497,0.5952949144824233,0.4182847761350505,0.48979893255764073,0.6379451042697777,0.3731518855862995,0.11575759798533636,0.0,
B14,0.7490698452889992,0.8861976173069086,0.815372912369092,0.7710309659644299,0.671223126982583,0.6348298251886183,1.0104582601250511,0.6316138980699293,0.8000180085406674,0.9481641802528042,0.6629784116119699,0.33753408124613127,0.26041079076083495,
B11,0.6631184691131915,0.8159967821273607,0.7602369279316825,0.634520168625321,0.6160871425451736,0.5943825528208255,0.8202483045437639,0.5382938965367898,0.888460601262899,0.6695116319492854,0.5745358188897383,0.26352789370176355,0.20527480632342554,
