,job258_scenario0_495,job259_scenario0_496,job262_scenario1_500,job263_scenario2_501,job267_scenario0_509,job268_scenario1_511,job269_scenario3_512,job270_scenario1_514,job271_scenario1_515,job272_scenario1_516,job273_scenario1_518,job274_scenario4_519,job275_scenario0_520,job276_scenario1_522,job277_scenario1_525,job278_scenario4_526,job279_scenario0_530,job280_scenario4_531,job281_scenario1_532,
in27,0.4801411550610627,0.48247522347447613,0.5637054741273227,0.5465963273818534,0.37803701840350823,0.48324948643360033,0.5841488592226833,0.5466193140934749,0.42720953078108553,0.4390191906704183,0.4292453623018955,0.4300224247384535,0.3424191233859069,0.38734860992866427,0.49476903442627823,0.3496871489621817,0.01942109329232533,0.0,0.05825564654810789,
B14,0.871354941569489,0.8668984705144279,1.0473119082492892,1.0421479501352597,0.8349543336568743,0.9521119903184063,0.8659210696369006,0.8198609044339031,0.9759979975824413,0.8296265437642234,0.8861626775552616,0.8509897740586349,0.7291356034597253,0.7242568047802909,0.6662432619076509,0.670093666876439,0.3713941388860904,0.3786621644623652,0.3786621644623652,
B11,0.862474196881204,0.806058648189279,1.0473119082492892,0.9719471149557117,0.753579520755175,0.8738568395274054,0.9210570540743102,0.9270392252560493,0.9177423510343334,0.8145616930220851,0.9128517964238618,0.9007980592808265,0.6708799569116175,0.7696816517488057,0.9201198220001366,0.8950470569377795,0.34926150832341984,0.6036155545237056,0.48360643412196636,
