,job890_scenario3_2052,
in27,0.3670951410257506,
B14,0.2084517131239711,
B11,0.0,
