,job761_scenario0_1650,job764_scenario0_1660,job765_scenario0_1663,job766_scenario0_1665,job767_scenario1_1667,job768_scenario2_1668,job769_scenario4_1669,job770_scenario2_1670,job771_scenario1_1678,job772_scenario2_1679,
in27,0.8816324657038245,0.7630460830544937,0.761783582620109,0.7262062463311394,0.8848092061817203,0.7941593130103881,0.8204109848111996,0.7384008536750173,0.3606274885404426,0.4169700044309833,
B14,0.7700707066280014,0.7012926092008622,0.7119752973979174,0.6902562803979547,0.7011334812687824,0.8208484318789881,0.7555378488468696,0.6997665461749771,0.462394851399498,0.43082832371999036,
B11,0.5476940960319822,0.4423306684251769,0.3708673328112443,0.3624730859481058,0.4795420718501586,0.42363561315887965,0.6748406750210316,0.41768543904570055,0.021670316368441744,0.0,
