,job1028_scenario1_2668,
in27,0.3063282029630398,
B14,0.0,
B11,0.34496251046307985,
