,job300_scenario0_573,job301_scenario1_575,job303_scenario2_580,job306_scenario0_584,job308_scenario2_587,job310_scenario2_591,job311_scenario0_592,job313_scenario2_594,job314_scenario0_595,job315_scenario1_596,job316_scenario1_597,job317_scenario1_599,job318_scenario4_603,job319_scenario2_608,job320_scenario1_609,job321_scenario3_613,
in27,0.4097900444187128,0.5032145007080759,0.5504687582049232,0.3640183711190442,0.5734444362952724,0.41431861026223077,0.3115189501521023,0.37929942816045986,0.25599307965818596,0.42608160130091405,0.41622094482180494,0.4496379122592517,0.44471864552861884,0.2435349579809225,0.17567390442873754,0.0,
B14,0.44524744511820735,0.5916570934303076,0.6122222320585549,0.4276849756302429,0.6703343903434205,0.604528565843518,0.40675208234280863,0.5224277149157908,0.4064553054914846,0.6012267061400629,0.5913660496609539,0.41100360475921166,0.3949103603064272,0.3319775507031542,0.4156921452322163,0.0702008351795479,
B11,0.4097900444187128,0.515159689339516,0.4802679230253755,0.41832396277584394,0.48012443476213323,0.5231537529418187,0.32537726944110923,0.4606742410621592,0.3153693551208905,0.4812175857383235,0.41622094482180494,0.35274795821110383,0.44471864552861884,0.28216926548096255,0.24587473960828532,0.14040167035909565,
