,job1129_scenario2_3197,job1131_scenario4_3204,
in27,0.3896811377646518,0.06854401332210613,
B14,0.9287444768290056,0.4938948008959645,
B11,0.2677588867053455,0.0,
