,job548_scenario0_1092,job549_scenario0_1093,job550_scenario0_1095,job552_scenario2_1097,job553_scenario1_1098,job554_scenario3_1101,job555_scenario1_1102,job556_scenario0_1103,job559_scenario0_1112,job560_scenario0_1114,job561_scenario0_1117,job562_scenario1_1119,job563_scenario2_1123,job564_scenario1_1126,
in27,0.48248018023583766,0.42392540713483456,0.47550988125415233,0.522918107820949,0.5709096271585052,0.6889873984174668,0.5040828924854097,0.38344797636659883,0.30923624190015603,0.27133267725820576,0.23737169477547915,0.26016175158589017,0.16585960800901617,0.0,
B14,0.527119826026957,0.5327605498144224,0.5225915500801086,0.6113607005431807,0.6491647779495062,0.6307317518693588,0.6823476594352571,0.4442877986917478,0.3729028464113547,0.36822263130635374,0.3010382992866778,0.38017087198762944,0.26274956205716404,0.20406827487029414,
B11,0.49053449584729086,0.44216716467751843,0.4385323956115538,0.6317532505005369,0.6260456115959148,0.6889873984174668,0.48096372613181826,0.41120915168128663,0.3304631865464946,0.3384690684945987,0.2827965417439938,0.3036734678968378,0.20761357761975455,0.08405915446855472,
