,job800_scenario0_1756,job807_scenario2_1771,job808_scenario1_1772,job809_scenario1_1775,job812_scenario1_1783,job813_scenario2_1790,job814_scenario0_1794,
in27,0.5916570934303076,0.6300004478384269,0.6108251347547619,0.6117559185861757,0.5682848751088452,0.33354612142122864,0.0,
B14,1.1134475446480037,1.1367260483139847,1.1610624515412673,1.0172081267599085,0.9669465438141034,0.8255277916596261,0.5217904512176961,
B11,1.0014927398577176,0.9669086426900537,1.079687638639568,1.0558424342599486,0.9465539938567471,0.7322077901264868,0.3796487002532861,
