,job105_scenario0_211,job106_scenario1_220,job107_scenario1_225,job108_scenario1_227,job109_scenario2_228,job110_scenario1_229,job112_scenario3_232,job113_scenario3_233,job114_scenario1_236,job116_scenario3_242,job117_scenario2_246,
in27,0.5435375485199839,0.6317000828433803,0.4951946750650402,0.5641816845265291,0.5901310304044224,0.531025870960515,0.6510218455626904,0.6074015807401474,0.40608433802857863,0.447258672911724,0.0,
B14,0.6346234988905781,0.720142675565612,0.6152037954667795,0.5806833614638984,0.7803409859857096,0.6243458724936543,0.5492544827036347,0.7274107011418867,0.4762851732081264,0.6059021008135034,0.16352083671268697,
B11,0.5515918641314371,0.6151984059060108,0.6587155117777272,0.6193176689639386,0.6105235803617786,0.531025870960515,0.739464438284922,0.6776024159196951,0.4762851732081264,0.485892980411764,0.05634251589054079,
