,job533_scenario1_1059,job536_scenario0_1065,job539_scenario2_1070,job540_scenario0_1071,job541_scenario1_1077,job542_scenario0_1078,job543_scenario0_1082,job544_scenario2_1085,job545_scenario3_1086,job546_scenario2_1090,job547_scenario2_1091,job548_scenario0_1092,job549_scenario0_1093,job550_scenario0_1095,
in27,0.6948178096184341,0.5162307322950821,0.6520099127748684,0.44948310099084543,0.5172035788286395,0.4450744947847076,0.3613077494381476,0.5029742920767267,0.6058464173066138,0.3448083502827475,0.27256385847688547,0.17063609197715635,0.05098762097183318,0.0,
B14,0.9899720348593223,0.8298117889208253,0.9537816274319787,0.8399635676276228,0.8568383900765015,0.7479249454104024,0.7540998200104869,0.9514442460041765,0.8844989656101326,0.7502605584564803,0.6121986697247475,0.45529397857175435,0.3998410044548998,0.2870999096294352,
B11,0.8930820808111745,0.7851721431297061,0.9537816274319787,0.6951784590148503,0.7803409859857099,0.6927889609729931,0.6270229197882153,0.6847368863320977,0.7876090115619847,0.668885745554781,0.6823995049042955,0.4187086483920882,0.3092476193179958,0.2030407551608806,
