,job480_scenario2_940,job481_scenario0_942,job483_scenario0_945,job484_scenario2_946,job485_scenario0_948,job486_scenario1_952,job487_scenario2_953,job488_scenario0_954,job489_scenario0_956,job490_scenario1_957,job491_scenario1_958,job492_scenario1_966,job493_scenario2_968,job494_scenario0_969,job495_scenario3_971,
in27,0.6075635112003065,0.4932086477546255,0.43681296420692806,0.5188762679920476,0.44705851783341455,0.42443055032748633,0.4773899355789579,0.3543805098667466,0.3405568278663442,0.4782673574889087,0.3715869215697884,0.2818755406794742,0.18595843316488414,0.0,0.4641853408296409,
B14,1.092927692022482,0.9482128323504246,0.917620656723174,0.9112413677860619,0.8745600978219452,0.9248595818918002,0.9778189671432718,0.8148974675199347,0.7752823306857184,0.8586872686514831,1.0217786363475967,0.6761537711310557,0.6632682983756064,0.48848384293287384,0.5076970571405885,
B11,0.7977734667815938,0.6447842958358726,0.6074015807401474,0.687415907204893,0.7074693085942495,0.7346496263105129,0.7440972952510367,0.5800478661475283,0.5307667834476313,0.6534124623280577,0.7346787267181616,0.6059529359515079,0.522866628016511,0.20983129462935501,0.3174871015593015,
