,job706_scenario3_1502,job707_scenario1_1503,job708_scenario1_1504,job711_scenario1_1508,job714_scenario0_1517,job715_scenario1_1519,job716_scenario0_1524,job717_scenario4_1525,
in27,0.721086398209021,0.7979154282253507,0.735212915868519,0.6359701406201161,0.4431675541359947,0.46657660725322264,0.07217956029247985,0.3182733915944797,
B14,0.7500095682401663,0.7427794437879411,0.8717237132076279,0.7008432765844461,0.5245423670376941,0.5314497432175527,0.12000912040173939,0.41516334564262763,
B11,0.6851364322758363,0.657513757866255,0.670339779904189,0.5159610202183766,0.316090653913723,0.3696866532050748,0.0,0.5351724660443671,
