,job245_scenario0_479,job246_scenario0_480,job250_scenario1_484,job251_scenario0_485,job254_scenario1_489,job255_scenario1_491,job256_scenario1_493,job257_scenario4_494,job258_scenario0_495,job259_scenario0_496,job260_scenario1_497,job262_scenario1_500,job263_scenario2_501,job264_scenario2_503,job267_scenario0_509,job268_scenario1_511,job269_scenario3_512,job270_scenario1_514,job271_scenario1_515,job272_scenario1_516,job273_scenario1_518,job274_scenario4_519,
in27,0.5382465261463684,0.4954942513937979,0.636536629548145,0.4663878097842855,0.5412630293062403,0.5188672907737685,0.5566218388529248,0.6435625514489519,0.40973537124285664,0.40960354608301597,0.5155920025640556,0.478915998604843,0.4581767213712431,0.3980916501365116,0.24256350131589155,0.32627809584495365,0.4133942215245788,0.33827411961439796,0.19186668465104717,0.16674521895716932,0.0,0.01283079957959321,
B14,0.8351408319925712,0.9162885506617267,0.8697643308831493,0.799345949744604,1.0487598406910865,0.9175289594790268,0.9285943886895829,0.8990959333988793,0.7426935112031752,0.7357711465748598,0.8783037053361291,0.9042667861787014,0.8954726975765415,1.0665251224570036,0.6412251700211498,0.7368849531816518,0.6369107853906881,0.5532600634067183,0.6823995049042952,0.49909692550286655,0.39866166870525815,0.3755425023516667,
B11,0.7927011721277111,0.8043337458714405,0.8836226501721562,0.7820178437304028,0.8585498851097992,0.8788946519789866,0.9285943886895829,0.9804707463005787,0.7338127665148901,0.6749313242497108,0.8231677208987196,0.9042667861787014,0.8252718623969936,0.8061143316961686,0.5598503571194504,0.6586298023906509,0.6920467698280977,0.6604383842288645,0.6241438583561872,0.4840320747607282,0.42535078757385836,0.42535078757385836,
