,job560_scenario0_1114,job561_scenario0_1117,job562_scenario1_1119,job563_scenario2_1123,job566_scenario1_1132,job567_scenario1_1133,job569_scenario0_1136,job570_scenario2_1141,job572_scenario2_1148,job573_scenario3_1151,
in27,0.26624186347211753,0.266053635132389,0.3204233654218718,0.3435771690640679,0.2519481211915461,0.37451781034907083,0.15787398537421551,0.20737234794551915,0.06497646622958705,0.04980828522219166,
B14,0.24312269711852605,0.20971111924184824,0.32042336542187166,0.3204580027104763,0.26244445983783626,0.37451781034907083,0.10806570015202391,0.15102983205497825,0.2690447410998812,0.0,
B11,0.33337825470851046,0.3114784821009037,0.3639350817328194,0.3853311386748063,0.3438192727395356,0.35412526039171466,0.15080620555368332,0.2710389524567176,0.029026500296402385,0.12000912040173942,
