,job342_scenario1_652,job344_scenario4_656,job347_scenario1_662,job348_scenario1_664,job350_scenario1_667,job353_scenario0_670,job354_scenario0_675,job355_scenario1_678,job356_scenario1_683,job357_scenario1_687,job358_scenario2_689,
in27,0.8401685162662806,0.9056187105992337,0.7760894635693066,0.910269911121031,0.801035090336049,0.5928495285080613,0.5492544827036347,0.6567274678310767,0.573203712828291,0.28255850044939557,0.19650652449253114,
B14,0.5936160447944526,0.5402636501787977,0.5241260341343879,0.631617362817512,0.5525694882066539,0.4354042822938953,0.3470993384909077,0.37807491952755784,0.23406146681411927,0.22080502659576395,0.0062965689112438605,
B11,0.5753742872517688,0.6452079198383988,0.4925595064548801,0.5818090775953204,0.5445151725952008,0.3202725707030635,0.4061261959483039,0.48691006220714567,0.3679289065048655,0.2096310488736124,0.0,
