,job12_scenario0_24,job13_scenario1_34,job14_scenario2_35,job15_scenario0_37,job16_scenario1_38,
in27,0.3063317159391806,0.22080502659576406,0.22978454720533648,0.0,0.09581377724933315,
B14,0.7060721206130236,0.6896675304805701,0.7569026976382505,0.3786621644623652,0.4176571213588215,
B11,0.6856795706556674,0.6665483641269786,0.7569026976382505,0.3709659390775585,0.40379880206981456,
