,job764_scenario0_1660,job765_scenario0_1663,job766_scenario0_1665,job769_scenario4_1669,job770_scenario2_1670,job772_scenario2_1679,job773_scenario1_1680,job774_scenario0_1684,job775_scenario0_1687,job776_scenario1_1689,job777_scenario4_1691,job778_scenario1_1693,
in27,0.4718205616994592,0.4830073827581324,0.4579273026588052,0.5817868280293329,0.5099913274366875,0.46519532823508014,0.48206476112319013,0.27332166070866376,0.1945415483659259,0.26143215558411376,0.47276845603068274,0.0,
B14,0.7202861638288542,0.7434181735189676,0.7321964127086473,0.8271327680480296,0.781576095919674,0.7892727235071137,0.6305207470937388,0.5973990559806974,0.47114511934907083,0.5153087156765994,0.4460793371620826,0.2898265260256704,
B11,0.5216288469216508,0.4626148328007762,0.46471784212727996,0.8067402180906733,0.5597996126588792,0.4187490236556053,0.48206476112319013,0.2801122001771385,0.22859929259185768,0.30685700255262843,0.23275021522720407,0.0996165704443831,
