,job353_scenario0_670,job354_scenario0_675,job356_scenario1_683,job358_scenario2_689,job359_scenario4_690,job360_scenario1_691,job361_scenario1_692,job362_scenario1_695,job363_scenario3_696,job364_scenario2_697,job366_scenario0_699,job367_scenario3_701,job368_scenario0_702,job369_scenario2_704,job370_scenario1_707,job371_scenario3_708,
in27,0.42381841291930866,0.4069474257351292,0.5235534310472126,0.393650312683157,0.4866235869400525,0.3959518998166373,0.3860912433375282,0.41719162515886016,0.5406833945786472,0.4451560925964073,0.18954213466621966,0.3947594182674319,0.1492897514496639,0.15011271504030893,0.0,0.1365107973391088,
B14,0.6966013630899086,0.6350204779071682,0.6146393814178068,0.6336685534866356,0.5612078603732773,0.5657693054405684,0.6492286504945985,0.6154558963516005,0.5241817176412777,0.6465400258998462,0.3654351307886718,0.7316676131190587,0.35774146457363487,0.6406455352935567,0.19826427119274032,0.25651991774084826,
B11,0.5112688163195291,0.6238465001850166,0.6783059859290053,0.557171149395844,0.7266418277435314,0.5808341561827066,0.5559086489614593,0.4618312709499794,0.7491351077026183,0.6851743333998861,0.34968458979241185,0.851676733520798,0.27636665167193547,0.3619929869900379,0.15475255488179263,0.34496251046307985,
