,job330_scenario0_628,job331_scenario2_629,job333_scenario0_631,job334_scenario2_635,job335_scenario1_639,job337_scenario2_644,job338_scenario0_645,job340_scenario1_648,job341_scenario3_650,job342_scenario1_652,job343_scenario3_653,job344_scenario4_656,job345_scenario2_658,job346_scenario3_660,job347_scenario1_662,job348_scenario1_664,
in27,0.36973412864901156,0.5237955347226806,0.342256869431647,0.4477838007861108,0.4873097403125397,0.38734860992866404,0.3226631874684309,0.3382232844763936,0.5832116271485098,0.30426230199366705,0.49417808778342065,0.32237214369907713,0.1004352567976084,0.29100586177531185,0.0,0.033957144444875076,
B14,0.7020858351947088,0.7526397978040078,0.6026676601924822,0.8034277237376521,0.7792870587528826,0.5647277659303581,0.47812970856966475,0.6253231941058288,0.5832116271485098,0.5581388620861527,0.4803197684944137,0.4574461148429548,0.4657903172180444,0.42296017080849113,0.24846560212939506,0.25573362770567,
B11,0.46206759439123,0.577494692964859,0.39421594706851104,0.5318429552546656,0.6010222918030352,0.44471864552861873,0.3746222651052947,0.43511323852454165,0.603604177105866,0.3496871489621817,0.49417808778342065,0.3721804289212686,0.39558948203849664,0.24119757655312019,0.02668911886860026,0.015715386902191097,
