,job939_scenario1_2241,job940_scenario4_2242,
in27,0.0,0.0,
B14,0.7751907068478459,0.5849807512665586,
B11,0.01650167693736937,0.09787648983906871,
