,job856_scenario0_1926,job858_scenario0_1931,job859_scenario0_1934,job860_scenario1_1938,job861_scenario0_1940,job865_scenario1_1950,job867_scenario1_1958,job868_scenario3_1959,
in27,0.4615321949254608,0.4486664555942207,0.3804251442918817,0.5369486446757786,0.37173767778269673,0.3573808151772186,0.0,0.26670735967207887,
B14,0.49850968056805933,0.54198645712736,0.4376020548714049,0.4951946750650402,0.3929646224290353,0.4773899355789579,0.17826476694984728,0.12000912040173933,
B11,0.49045536495660613,0.46373130633635906,0.44529828025621165,0.5534503216131481,0.40066084781384204,0.5742798896271059,0.12000912040173933,0.17826476694984728,
