,job12_scenario0_24,job15_scenario0_37,job16_scenario1_38,job17_scenario2_42,job18_scenario2_43,job19_scenario1_45,
in27,0.4913893227002203,0.30036018788564195,0.44040426089815715,0.28752555026819726,0.1717679522828608,0.09497682339058089,
B14,0.395578104620657,0.18347072959460103,0.26669598225423935,0.28045777044766496,0.25314276518456014,0.0,
B11,0.6538381029668198,0.4544270525133131,0.5314902112687513,0.3936763513809296,0.35665020864893016,0.5390633390643539,
