,job1085_scenario4_2910,job1086_scenario0_2917,job1087_scenario1_2921,
in27,0.5343080991556958,0.12343767922749738,0.0946058559276749,
B14,0.1854547156726291,0.0,0.11627617229611664,
B11,0.8943354603609139,0.2820811071292767,0.3451204353774439,
