,job185_scenario0_374,job186_scenario0_376,job189_scenario0_384,job191_scenario1_388,job192_scenario1_391,job193_scenario0_392,job195_scenario1_394,job196_scenario0_395,job197_scenario1_397,job198_scenario3_398,job199_scenario1_402,job200_scenario0_404,job201_scenario0_407,job202_scenario4_408,job203_scenario1_409,job204_scenario3_410,job205_scenario2_411,job206_scenario2_412,job207_scenario1_413,job208_scenario3_414,
in27,0.40999029017445543,0.40164738360476304,0.356407968643661,0.5168081956032434,0.49686680305560615,0.31981927297945,0.4558926232507702,0.2821157493108237,0.3840339068886875,0.5080406901003246,0.3026054801362254,0.17771756105505165,0.10079762810429727,0.41870864839208805,0.11928205788638668,0.31412502812890336,0.07712329048529631,0.0,0.007268025576274817,0.1272771459780142,
B14,0.801861419411239,0.7687425246305135,0.6893661086039795,0.83897246021771,0.8190310676700727,0.6686726564625167,0.734545171554289,0.5819952422606811,0.8281204225624603,0.9769031939851307,0.8101022915210715,0.5635484301807168,0.5637905338561846,0.6271603615160593,0.5975055746255917,0.47276845603068274,0.7046292222718818,0.3986616687052582,0.30903974023338515,0.40592969428153314,
B11,0.6459023330763148,0.7278149840966068,0.6562874615935184,0.7456524586845708,0.7407759168790717,0.5780792713256127,0.6891203245857744,0.5542340669459933,0.6765447744812132,0.8182597660833513,0.6900931711193321,0.43746371928045624,0.471919382308195,0.600471242647459,0.4636381349348453,0.6812201691546538,0.46461098146840296,0.3986616687052582,0.20186141941123897,0.3672953867814931,
