,job627_scenario0_1301,job628_scenario1_1303,job630_scenario1_1307,job631_scenario0_1308,job632_scenario0_1311,job633_scenario0_1312,job634_scenario1_1314,job635_scenario2_1316,job636_scenario0_1319,job637_scenario2_1320,job638_scenario1_1321,job639_scenario4_1324,
in27,0.13517730140913492,0.21918867278952103,0.21889189593819702,0.19913873173028845,0.0760185281144648,0.04197869199818344,0.19172640968530663,0.24962364780755592,0.0,0.06722232382115884,0.21036345391301142,0.08214907586082354,
B14,0.2423556222312812,0.3778321006913005,0.30295105040675174,0.2573943782783963,0.15328714311454483,0.11519067373309738,0.48688063492619493,0.22650448145396446,0.09332000153313935,0.25743227940244606,0.4005734094942986,0.12566079217177123,
B11,0.15640424605547348,0.3076312655117526,0.24781506596934227,0.12088358093928747,0.09815115867713536,0.07474340136530461,0.29667067934490776,0.20611193149660822,0.0,0.34587487212467766,0.12192086119077972,0.3425598666216586,
