,job160_scenario0_334,job164_scenario0_339,job166_scenario0_345,job168_scenario1_349,job170_scenario1_351,job172_scenario0_354,job173_scenario3_355,job174_scenario0_359,job175_scenario1_362,job176_scenario1_363,job177_scenario0_364,job179_scenario1_366,job180_scenario2_367,job181_scenario1_368,job182_scenario2_370,job183_scenario1_371,job184_scenario2_372,job185_scenario0_374,
in27,0.6111739777221515,0.5823871809016566,0.5450097544651268,0.6863030568506113,0.6411744255605785,0.4717437640280868,0.6599073819509256,0.48320762851387494,0.4469131026411977,0.5073448869938819,0.37183346878221557,0.484471233342423,0.47925389327982965,0.43767945128010316,0.5468752433561073,0.3098735057125003,0.24392419294935552,0.004106197901619368,
B14,0.9600273612052181,0.9278120055589653,0.9436714231703851,1.053398197876362,0.951393501543605,0.8832362323129384,0.9589524802118006,0.8236136506710254,0.8290730944090865,0.8496640398085993,0.6959108640542491,0.9880771717072823,1.0365589898868675,0.8914771044227708,0.786893484159586,0.7401017020972663,0.832795817235901,0.3959773271384029,
B11,0.66487313596433,0.6596557959017366,0.5975023812541738,0.7431791218933352,0.7113752607401262,0.5103780715281269,0.7687425246305135,0.5053402590765457,0.623798288085661,0.5100292285607373,0.4039335456139064,0.523105540842463,0.5013865238425004,0.5812580284397444,0.3454913100526685,0.3098735057125003,0.3141250281289033,0.0,
