,job1145_scenario0_3276,job1146_scenario0_3278,
in27,0.1421568300903001,0.023119166353591458,
B14,0.0923485448681084,0.0,
B11,0.2558693815807954,0.16981740562393088,
