,job1045_scenario3_2732,job1046_scenario1_2738,
in27,0.25279719491403374,0.0,
B14,0.9257279736691338,0.5142873508533206,
B11,1.1657462144726127,0.47565304335328057,
