,job998_scenario3_2511,job999_scenario0_2516,job1000_scenario2_2522,job1001_scenario4_2529,
in27,0.6287653379044627,0.09047087223846406,0.11512033417299217,0.0,
B14,0.6336427467153701,0.4607033414698079,0.480025104189118,0.3102190759830266,
B11,0.7487744583062019,0.2806808278197513,0.355138574976471,0.08844259272223165,
