,job901_scenario1_2084,job905_scenario1_2096,job906_scenario1_2098,
in27,0.7892727235071136,0.41451280948257496,0.37826911874790203,
B14,0.5990627679258265,0.30080025799207943,0.20845171312397104,
B11,0.39061105480185543,0.11274109482546457,0.0,
