,job764_scenario0_1660,job765_scenario0_1663,job766_scenario0_1665,job769_scenario4_1669,job770_scenario2_1670,job772_scenario2_1679,job773_scenario1_1680,job774_scenario0_1684,job775_scenario0_1687,job776_scenario1_1689,job777_scenario4_1691,
in27,0.34164244156340595,0.3517765015460729,0.3258644451140307,0.44762521854705295,0.37518555466330084,0.3201134427709838,0.33488412372158843,0.11243599260613679,0.008583115201041713,0.028681940356909963,0.24001824080347883,
B14,0.6785506364150327,0.7006298850291395,0.6885761478861043,0.7814137512879813,0.735212915868519,0.7326334307652489,0.5717827024143689,0.524955980600402,0.37362927890641834,0.3710010931716272,0.30177171465711033,
B11,0.39145072678559756,0.3313839515887167,0.3326549845825054,0.6725786086083934,0.42499383988549244,0.27366713819150873,0.33488412372158843,0.11922653207461165,0.04264085942697349,0.07410678732542453,0.0,
