,job98_scenario0_193,job105_scenario0_211,job106_scenario1_220,job107_scenario1_225,job108_scenario1_227,job109_scenario2_228,job110_scenario1_229,job111_scenario1_230,job112_scenario3_232,job113_scenario3_233,
in27,0.8106025055386434,0.7284285592652442,0.7793697787787508,0.5986340752372288,0.637107979096595,0.6421966266861807,0.556093815591312,0.5408685612084999,0.4821872740216301,0.45062074634212235,
B14,0.45330176072966055,0.4390945984732638,0.48739246033840805,0.33822328447639366,0.2731897448713901,0.4519866711048935,0.26899390596187683,0.24889124276815722,0.0,0.19020995558128717,
B11,0.8604107907608352,0.7364828748766974,0.7628681018413814,0.7621549119499158,0.6922439635340045,0.662589176643537,0.556093815591312,0.749320274332471,0.5706298667438616,0.5208215815216701,
