,job590_scenario0_1200,job591_scenario1_1203,job592_scenario0_1204,job593_scenario0_1207,job594_scenario1_1211,job595_scenario1_1215,job596_scenario2_1216,job597_scenario2_1217,job598_scenario1_1218,
in27,0.2278195710787314,0.36847649091285894,0.1684058788524626,0.1844414099316563,0.2263979628090702,0.06059302797591015,0.06293280960327297,0.016141027540953146,0.0,
B14,0.23626693240464758,0.29827565573331116,0.21821416407465433,0.1943376212427222,0.3148405555313019,0.0725382166073501,0.21450845768452015,0.08634186272050096,0.04351171631094766,
B11,0.18430785476778366,0.29827565573331116,0.17577450420979424,0.15775229106305616,0.43484967593304125,0.06059302797591015,0.03624369073467287,0.06594931276314472,0.07020083517954787,
