,job98_scenario0_193,job104_scenario0_202,job105_scenario0_211,job106_scenario1_220,job107_scenario1_225,job108_scenario1_227,job109_scenario2_228,job110_scenario1_229,
in27,0.4628538844264083,0.3717506776435222,0.3651776403430821,0.38894734285672633,0.15528135447138125,0.12780594556760294,0.049808285222191606,0.0,
B14,0.7646255990835187,0.8008654517803397,0.734916139017195,0.7560424838824769,0.5539430231766396,0.42296017080849113,0.5186707891069977,0.3719725498366581,
B11,0.6713055975503794,0.5676377504453357,0.5318753838563146,0.5310890938211363,0.4774456190858478,0.3415853579067918,0.22884426308132727,0.15864342790177954,
