,job612_scenario0_1260,job613_scenario0_1261,job614_scenario2_1262,job616_scenario0_1269,job617_scenario0_1270,job618_scenario0_1273,job619_scenario3_1274,job620_scenario0_1280,job621_scenario0_1283,job622_scenario2_1287,job623_scenario0_1288,
in27,0.6437538199864156,0.6062720579453756,0.6984723591971701,0.5738928219954239,0.5718892728617386,0.6195031009713512,0.8096652734644698,0.4084241196559415,0.38567670894533257,0.16853963921284532,0.08844259272223165,
B14,1.099291553734398,1.1249428470523732,1.227639486950458,1.0268600823574818,1.0373232179207867,0.9884112068648545,1.1500712956216201,0.8688392622148313,0.8625935284415918,0.6977067669661332,0.6425707825287238,
B11,0.5490542369478923,0.5360712227658279,0.6885761478861042,0.478915998604843,0.5176369621910081,0.43367658364374106,0.626523097703715,0.3314327450079191,0.30929176771193134,0.08844259272223165,0.0,
