,job894_scenario0_2061,job896_scenario1_2064,job897_scenario3_2065,
in27,0.3867164800738184,0.4458100281230847,0.7073255812547512,
B14,0.0,0.05421613923835872,0.1886547921477535,
B11,0.31651564489427053,0.4458100281230847,0.4904265068048638,
