,job66_scenario1_143,job68_scenario0_148,job69_scenario1_149,job70_scenario0_150,job72_scenario1_154,job74_scenario2_157,job75_scenario1_158,job76_scenario0_160,job77_scenario3_161,job78_scenario4_164,job79_scenario1_165,job80_scenario2_166,job81_scenario3_167,job82_scenario0_168,job83_scenario2_169,
in27,0.7081974869341721,0.5850168492926558,0.7041579796244228,0.5989251190065824,0.6075579123399113,0.5943825528208255,0.5682848751088452,0.4542707692253664,0.7066980070075282,0.5488766251530415,0.41569214523221626,0.3817311627494897,0.3998410044548998,0.09688995404814782,0.21689907444988743,
B14,0.6583892017119805,0.4951946750650402,0.6774688607558226,0.6256142378751826,0.5871653623825552,0.5326290789671941,0.5019749129492841,0.38406993404581874,0.555122358926281,0.42886750475130203,0.3925729788786248,0.7058085580215233,0.5198501248566391,0.0,0.14669823927033954,
B11,0.7618966451763505,0.6236511567926959,0.85573362770567,0.6256142378751827,0.657366197562103,0.714391673222565,0.5802300637402851,0.5040790544475582,0.6253231941058288,0.5986849103752332,0.4574461148429548,0.410654332780635,0.5696584100788307,0.1119548047902863,0.21689907444988743,
