,job908_scenario0_2103,job909_scenario1_2106,job910_scenario0_2110,job912_scenario4_2117,job913_scenario1_2119,job914_scenario1_2121,
in27,0.6973093512265687,0.7645445183842491,0.6091532337714303,0.6695687053247019,0.422960170808491,0.2854430877719934,
B14,0.32342367073234357,0.3065996834214692,0.19981015257771062,0.22548218965092903,0.06293280960327297,0.0,
B11,0.37133973424728217,0.46939029314336084,0.2838693070462653,0.4793587497434148,0.1265994141144714,0.32407739527203344,
