,job75_scenario1_158,job76_scenario0_160,job79_scenario1_165,job82_scenario0_168,job83_scenario2_169,job84_scenario0_170,job85_scenario0_171,job86_scenario1_174,job88_scenario4_176,job91_scenario2_180,job92_scenario0_181,job93_scenario1_182,job94_scenario0_188,job95_scenario3_189,job96_scenario1_190,job97_scenario3_192,job98_scenario0_193,job99_scenario2_195,job100_scenario3_196,
in27,0.4943414987433976,0.40417259723953836,0.4731711099578233,0.3632960495387507,0.4773899355789579,0.3373839931067085,0.3377952436380711,0.4591447665397308,0.49877845316721325,0.5122922125167276,0.2617767155236063,0.37056407511502554,0.15953287688778434,0.3778321006913004,0.3029510504067517,0.12816659496401916,0.0,0.034638714346269306,0.13152866839441724,
B14,0.5866749644856161,0.49261518996177,0.6086953715060112,0.4250495233923822,0.5658325283011896,0.4495811164290131,0.44320182749190096,0.5760342248307717,0.5170202107098971,0.5824930476962754,0.37061185820319414,0.47939921779461336,0.26836801956737216,0.36665812296914885,0.2864493734693823,0.29875521149723844,0.0617534738536315,0.07327302184630935,0.2901720962961967,
B11,0.7849392356783564,0.7326334307652489,0.7935776278720805,0.6570134485844079,0.7560424838824769,0.6228270808787021,0.6466347381157137,0.7725407493233029,0.8588058143724315,0.6709356404185072,0.5477978891844568,0.6105823159185044,0.4532502759334415,0.8466946045761066,0.5114027635307228,0.8756816471523441,0.32846083352571054,0.3399803815183884,0.41018121669793617,
