,job607_scenario0_1239,job610_scenario0_1250,job612_scenario0_1260,job613_scenario0_1261,job614_scenario2_1262,job616_scenario0_1269,job617_scenario0_1270,job618_scenario0_1273,job619_scenario3_1274,
in27,1.013920137347894,0.9294336800592681,0.8346975704756284,0.7910773056530853,0.8763970817670612,0.6604383842288646,0.630934397824662,0.482720823173813,0.6841047564772518,
B14,0.5965227405427213,0.5169136920650029,0.44748711984457945,0.4669999103810519,0.5628160251413179,0.2706574602118913,0.2536201585046788,0.008880744688284925,0.181762594255371,
B11,0.5995079276463757,0.5712192837218025,0.4431036815909024,0.42398216462733485,0.5696065646097925,0.2685672549920809,0.27978778130772863,0.0,0.2040682748702941,
