,job592_scenario0_1204,job593_scenario0_1207,job595_scenario1_1215,job597_scenario2_1217,job600_scenario2_1223,job601_scenario3_1226,job602_scenario1_1229,job603_scenario3_1232,job604_scenario0_1234,
in27,0.5975196426582463,0.6301909327085856,0.6046022362271085,0.6251455809032729,0.5157063457812634,0.5341103572782069,0.4411621113880504,0.2503725210791701,0.0,
B14,1.0371088518974114,1.0298680680366248,1.0063283488755217,1.085127340099794,0.9939298625204682,1.0439004016969196,0.9091981861960244,0.7868516843664828,0.4656588764170472,
B11,1.1146783124342907,1.1132918582586981,1.1143922806458213,1.184743910544177,1.037441578831416,1.1323429944191514,0.9091981861960245,1.0268699251699616,0.5541014691392788,
