,job714_scenario0_1517,job716_scenario0_1524,job719_scenario1_1531,job720_scenario1_1534,job721_scenario0_1535,job722_scenario1_1537,job723_scenario2_1538,job724_scenario2_1540,job725_scenario0_1542,job726_scenario0_1545,job727_scenario1_1546,
in27,0.3319429134145496,0.2616832962068244,0.3656448083843926,0.4094117741703723,0.1595328768877844,0.24732664164327078,0.3271440560482251,0.2834708621109934,0.12312622334266798,0.0,0.12630429944445676,
B14,0.7502259211678757,0.6464210511677108,0.7958730047691587,0.707685661521959,0.6662584773633422,0.7147402955429272,0.9427047992033708,0.6986342077536211,0.522866628016511,0.39408510543115,0.5703908151182295,
B11,0.6617833284456441,0.6464210511677108,0.7025530032360194,0.6761191338424513,0.5693685233151943,0.7645485807651189,0.7026865583998919,0.5666798987204418,0.4757849591905547,0.4182830077533261,0.5970799339868298,
