,job342_scenario1_652,job344_scenario4_656,job347_scenario1_662,job348_scenario1_664,job350_scenario1_667,job353_scenario0_670,job354_scenario0_675,job355_scenario1_678,job356_scenario1_683,job357_scenario1_687,job358_scenario2_689,job359_scenario4_690,job360_scenario1_691,job361_scenario1_692,
in27,0.7763516362922802,0.8432737955889826,0.7167290546503673,0.8522055331103866,0.7453299143080074,0.5401973287968889,0.5043367520919149,0.6194553178831825,0.562655621500644,0.35509671705674556,0.2986995279903487,0.33451757808625937,0.1404016703590955,0.1404016703590955,
B14,0.6498082852221914,0.5979278555702859,0.5847747456171879,0.6935621052086072,0.6168734325803519,0.5027612029844624,0.42219072828092713,0.4608118899814031,0.34352249588821154,0.4133523636048534,0.2284986928108007,0.09888277553645752,0.0,0.09332000153313924,
B11,0.751575648081247,0.8228812456316263,0.6732173383394197,0.763762940388155,0.7288282373706381,0.50763861179537,0.6012267061400628,0.6896561530627303,0.5973990559806972,0.5221875062844412,0.34221124430129635,0.45452669848799887,0.20527480632342543,0.19020995558128712,
