,job699_scenario0_1472,job700_scenario0_1478,job701_scenario1_1483,job704_scenario1_1499,job705_scenario1_1500,job706_scenario3_1502,job707_scenario1_1503,job708_scenario1_1504,job709_scenario1_1506,job710_scenario3_1507,job711_scenario1_1508,
in27,0.7784006596246528,0.8136190086985153,0.9204750191471565,0.610095380553247,0.6768892260282298,0.642928243545503,0.6973326111235902,0.6059021008135035,0.493161005988039,0.7955832568052021,0.31554677519824453,
B14,0.47935556136377777,0.46794253201599434,0.48179946143647423,0.4623250848368197,0.35472496141376314,0.2914315024140739,0.2617767155236064,0.36199298699003796,0.24925189216457344,0.03474343448005324,0.0,
B11,0.7232646751872434,0.6646867182656306,0.7422102521973093,0.5424221313274336,0.7737791800763776,0.6069782776123184,0.5569309407644947,0.5410289648491736,0.5096626829254084,0.36535506042043614,0.1955376547965051,
