,job829_scenario1_1850,job830_scenario2_1851,job831_scenario3_1855,
in27,0.12790927583285994,0.05566478402699804,0.0,
B14,0.2617767155236063,0.2956830248304768,0.03156652767950774,
B11,0.19157588034405842,0.13703959692869738,0.31021907598302656,
