,job524_scenario0_1036,job525_scenario0_1039,job528_scenario0_1045,job529_scenario0_1046,job531_scenario0_1053,job532_scenario0_1054,job533_scenario1_1059,job534_scenario2_1060,job535_scenario3_1063,job536_scenario0_1065,job538_scenario2_1067,job539_scenario2_1070,job540_scenario0_1071,
in27,0.6225924077206032,0.6009491190273567,0.5414794353377697,0.582929706509917,0.5218019600805808,0.5282556268551248,0.5835579931039823,0.5404823339922964,0.5958638311318385,0.321884607845633,0.40486758551537294,0.19588707280181328,0.0,
B14,0.732414086191112,0.7459765461721473,0.6598679208532234,0.7058245030920371,0.6988392866269827,0.5907602366498659,0.7169491283323925,0.7841714521535514,0.7008081007914395,0.4737025744588983,0.7080761263677144,0.33589569744644565,0.22871737662429958,
B11,1.023897434074224,1.038245095232655,0.9627183714789184,1.0234754737781993,0.9700439527336696,0.9276684315014927,0.9569673691358715,0.9845688496660694,1.1079171308226141,0.765971123519406,0.7911077611268553,0.6728038922980724,0.4208404628631537,
