,job435_scenario0_854,job436_scenario0_855,job438_scenario1_859,job440_scenario0_864,job441_scenario1_867,job442_scenario0_868,job445_scenario2_875,job446_scenario3_876,job448_scenario0_878,job449_scenario1_879,job450_scenario0_881,job451_scenario2_883,job452_scenario0_884,job453_scenario1_886,job454_scenario4_887,job455_scenario3_888,job456_scenario3_891,
in27,0.24781123759153068,0.29339458349656045,0.34550445585223244,0.16685859150892213,0.2880127259411186,0.1427179265241526,0.18175561138000185,0.3527724814285073,0.09239632795627689,0.17449456867909596,0.05610180208359966,0.21665697077441937,0.049757292389072505,0.0,0.09493635533938222,0.22392499635069413,0.19489849605429177,
B14,0.6251667048109502,0.6303027783481873,0.7757326522369985,0.5596506620812617,0.6001449325817121,0.5937656436445999,0.7305440781813577,0.7212472039596418,0.4890090193411612,0.6581010028010623,0.47438480983692577,0.49842918118863666,0.45236901598563906,0.4751590727960499,0.5202871429132407,0.5608331912023209,0.5318066909059186,
B11,0.2976195228137223,0.29339458349656045,0.4037601024003403,0.21245410045563673,0.2682555402302438,0.20217175475987403,0.23011504661704385,0.3092607651175597,0.09869289686752097,0.27768109163848786,0.08279092095219981,0.14645613559487158,0.02893135906934763,0.20845171312397098,0.2802689021097619,0.21197980771925423,0.004688540473004599,
