,job658_scenario3_1385,job659_scenario1_1386,job660_scenario0_1389,job664_scenario0_1393,job670_scenario0_1400,job671_scenario0_1401,job673_scenario4_1408,job674_scenario2_1409,job675_scenario3_1410,job676_scenario4_1411,job677_scenario2_1416,job678_scenario0_1417,job679_scenario3_1421,job680_scenario0_1422,job681_scenario2_1423,job682_scenario0_1424,job683_scenario1_1425,
in27,1.039589209239165,0.9470286492644027,0.8140005009433415,0.7783412933051472,0.7231243994828987,0.7026263412116821,0.8506059597979406,0.8407453033188315,0.9116228600308884,0.7488254511393211,0.7085274316941519,0.49915994541203973,0.5766288061678624,0.37119359620376324,0.39368687616285003,0.17917841847832994,0.31958008883742556,
B14,0.7497626832134945,0.6905087315235545,0.5828630048281477,0.5730664869817217,0.5533069938589678,0.5964755400989497,0.6919625318961611,0.6007270625153527,0.7600472119496412,0.7488254511393211,0.5885183112924124,0.3679768472881488,0.4250531580866153,0.19794763175407426,0.3123120632611508,0.0,0.02975356281175512,
B11,1.039589209239165,0.9305269723270333,0.8055531396174254,0.7632764425630089,0.7160566196623666,0.7238532858580207,0.97061508019968,0.8203527533614753,1.0702662879326679,0.9390354067206083,0.6920257547567825,0.5782415252798725,0.6152631136679024,0.401380542377887,0.5256411851960293,0.1497626832134945,0.33464493957956387,
