,job25_scenario1_55,job26_scenario1_56,job30_scenario1_62,job31_scenario1_63,job32_scenario0_64,job33_scenario4_65,job34_scenario1_68,job35_scenario1_70,job36_scenario4_71,job37_scenario1_77,job38_scenario0_78,job39_scenario3_79,job40_scenario2_81,job41_scenario4_82,job42_scenario3_83,job43_scenario4_85,
in27,0.46476562521544856,0.5476940960319822,0.47135701993664747,0.4641268954844223,0.33655124716326074,0.6388345532557826,0.42219072828092724,0.44046712311221564,0.549254482703635,0.353288135218532,0.18263682778568457,0.3412397876362654,0.21162387036192215,0.22849869281080085,0.232750215227204,0.04980828522219155,
B14,0.36299826235639304,0.3778766904080511,0.3899822070349482,0.29430948986049127,0.135167313859822,0.4872589051745354,0.3723824430587356,0.44046712311221564,0.2825471230315559,0.1684058788524626,0.049796907804352086,0.1714223820123345,0.03527223406964186,0.12888212236641766,0.30295105040675174,0.0,
B11,0.584774745617188,0.6677032164337215,0.5597996126588791,0.4641268954844223,0.3547930047059446,0.7974779811575621,0.44696671649196035,0.45553197385435396,0.49944619748144325,0.33822328447639366,0.18263682778568457,0.4114406228158133,0.37705783773217627,0.4889094835716359,0.232750215227204,0.1902099555812872,
