,job358_scenario2_689,job360_scenario1_691,job362_scenario1_695,job366_scenario0_699,job368_scenario0_702,job370_scenario1_707,job371_scenario3_708,job372_scenario1_709,job373_scenario1_710,job374_scenario1_711,job375_scenario2_712,job376_scenario2_713,job377_scenario2_715,job378_scenario1_716,job379_scenario1_717,job380_scenario4_720,job381_scenario1_722,job382_scenario1_723,job383_scenario0_725,
in27,0.6397390698708716,0.6508347456065119,0.6953499689020903,0.5042357904377359,0.5099913274366875,0.6122636609670932,0.739477584084486,0.6096078072036376,0.5289097158344473,0.5424639432351603,0.5175794065125316,0.6512586178635495,0.5717955457508904,0.5160242430789981,0.515108469920857,0.42042014342538575,0.3555755930330726,0.25488284578987463,0.0,
B14,1.0699672662556377,1.01086210681173,1.0838241956761179,0.8703387421414752,0.9086529961419458,1.0007378877411206,1.0496966600675128,0.9815803570402957,0.9710831008506532,0.8665413385071938,0.974496721765898,0.9116694086243845,1.051832027357848,1.0346950321859958,0.8253275459038836,1.1293008881136706,0.7093063853270468,0.6433570725639021,0.34040602215715043,
B11,0.8734607417631065,0.905917837152129,0.8101904498727573,0.7345790807434759,0.707269062838507,0.8372170510284336,1.018130132388005,0.8882603555071564,0.8075622641379661,0.7963405033276459,0.7344784809624192,0.7365243037852356,0.7620055013321776,0.6143630471122956,0.8070857883611997,0.6990726917289046,0.5275437910716759,0.4450928013711618,0.21234258614395785,
