,job94_scenario0_188,job98_scenario0_193,job104_scenario0_202,job105_scenario0_211,job106_scenario1_220,job107_scenario1_225,job108_scenario1_227,job109_scenario2_228,
in27,0.4649260288561222,0.4432070118561595,0.3505473241198809,0.3408159153792279,0.35472496141376303,0.09342472166692317,0.0,0.03474343448005324,
B14,0.7253368196169572,0.6565361337910381,0.6912195055344666,0.6221118213311092,0.6333775097172819,0.40364379764994973,0.20671163251865654,0.41516334564262763,
B11,0.6,0.6130244174800906,0.5078000894216541,0.4688793513924204,0.45823240487813305,0.3769546787813497,0.1751451048391489,0.1751451048391489,
