,job155_scenario1_328,job156_scenario0_329,job157_scenario2_331,job159_scenario0_333,job160_scenario0_334,job164_scenario0_339,job165_scenario3_342,job166_scenario0_345,job167_scenario4_346,job168_scenario1_349,job169_scenario3_350,job170_scenario1_351,job171_scenario3_352,job172_scenario0_354,job173_scenario3_355,job174_scenario0_359,
in27,0.8403137264275105,0.7149713079501581,0.7948354975104319,0.6627726399656573,0.6702516703175521,0.6268893646243426,0.9177423510343333,0.562085282283228,0.9941180608139657,0.6727916977006576,0.5973990559806974,0.6049306441484725,0.7347872752297571,0.3817858359253456,0.5419978345451995,0.17826476694984716,
B14,0.6002954856240317,0.5532082179376803,0.6002421036754678,0.49631721498444303,0.5004342646936211,0.45364340017465365,0.4875141546495673,0.44207616188148857,0.5954563921087073,0.5212160496194105,0.5040790544475582,0.39647893102450144,0.4947690344262781,0.2746075151031994,0.3223721436990769,0.0,
B11,0.8750571609075637,0.6999064572080197,0.8402603444789467,0.708197486934172,0.6853165210596904,0.6655236721243826,0.8208523969861854,0.5759436015722349,1.114127181215705,0.6910334552433414,0.744097295251037,0.6364971718279803,0.8232298679519886,0.3817858359253456,0.6121986697247475,0.1617630900124778,
