,job1012_scenario4_2581,job1013_scenario1_2587,
in27,0.5008546722030758,0.1790359778591356,
B14,0.12043476104050138,0.0,
B11,0.5977446262512237,0.299045098260875,
