,job185_scenario0_374,job186_scenario0_376,job188_scenario4_382,job189_scenario0_384,job191_scenario1_388,job192_scenario1_391,job193_scenario0_392,job194_scenario1_393,job195_scenario1_394,job196_scenario0_395,job197_scenario1_397,job198_scenario3_398,job199_scenario1_402,job200_scenario0_404,job201_scenario0_407,job202_scenario4_408,
in27,0.5992630601530209,0.5894024036739118,0.7142730774326932,0.5358200821431172,0.6898410201655876,0.6634071507720194,0.48372908866897923,0.663441788060624,0.6135857197502639,0.43609801523697433,0.5289356186388514,0.647300760519671,0.4055710246828944,0.24438857972904338,0.0,0.34298378535014784,
B14,1.1276449867289131,1.093008342038771,1.1476781806180045,1.0052890194425446,1.148516082119163,1.1220822127255947,0.9690932694911549,1.3186233745067306,1.0287490653928915,0.8724883055259407,1.1095329316517333,1.2526740617435859,1.0495786334068493,0.7667302461938172,0.599503703090996,0.6879462958132277,
B11,0.971685900393989,1.0520808015048644,1.2178790157975525,0.9722103724320834,1.0551960805860237,1.043827061934594,0.8784998843542509,1.0582125837458956,0.9833242184243769,0.8447271302112529,0.9579572835704862,1.0940306338418064,0.9295695130051099,0.6406455352935567,0.5076325515430065,0.6612571769446276,
