,job155_scenario1_328,job156_scenario0_329,job157_scenario2_331,job159_scenario0_333,job160_scenario0_334,job163_scenario1_338,job164_scenario0_339,job165_scenario3_342,job166_scenario0_345,job167_scenario4_346,job168_scenario1_349,job169_scenario3_350,job170_scenario1_351,job171_scenario3_352,job172_scenario0_354,job173_scenario3_355,
in27,0.6978343127783058,0.5716866895950633,0.6497536120463355,0.5155920025640556,0.5218837939336404,0.6225881257934451,0.47058571834992613,0.7540998200104869,0.38734860992866416,0.8142981304305847,0.4696962693639211,0.3817858359253458,0.37218042892126874,0.476964294940196,0.0,0.19650652449253114,
B14,0.8178434331800452,0.7699509607878037,0.8151875794165897,0.7091639387880595,0.7120937495149275,0.8791080435342935,0.6573671151054553,0.6838989848309391,0.627366850732143,0.7756638229305448,0.6781479824878922,0.6484931955974247,0.5237560770025158,0.5969734153419355,0.25284904038307204,0.33690819485162676,
B11,0.8525868676600984,0.6766309592546643,0.8151875794165897,0.6810259699343096,0.6569577650775181,0.7425972461951846,0.6292291462517055,0.7772189863640784,0.5212160496194105,1.0543163712340635,0.6079471473083444,0.6484931955974247,0.5237560770025158,0.685416008064167,0.12000912040173939,0.3867164800738184,
