,job614_scenario0_1285,job617_scenario0_1289,job618_scenario0_1291,
in27,0.4953732000402152,0.2897741304128282,0.13651079733910887,
B14,0.562145476394005,0.3139720327350043,0.2137794123391889,
B11,0.5098096052180789,0.3055246714090881,0.14357857715964106,
cn12,0.3788619069439993,0.142003834696401,0.0,
B54,0.5838157927624468,0.33221379027768827,0.23689857869278041,
