,job702_scenario4_1548,job704_scenario0_1550,
in27,0.6157437473921146,0.25651991774084826,
B14,0.4339811531367437,0.08327395329115928,
B11,0.39534684563670375,0.0,
cn12,0.5926245810385231,0.1168894582910408,
B54,0.9526519422437414,0.34496251046307985,
