,job959_scenario1_2651,
in27,0.12000912040173947,
B14,0.20845171312397118,
B11,0.10350744346437005,
cn12,0.0,
B54,0.24001824080347892,
