,job183_scenario1_340,job184_scenario0_342,job186_scenario0_345,job187_scenario3_346,job189_scenario0_348,job190_scenario1_349,job191_scenario1_355,job192_scenario1_356,job193_scenario1_357,
in27,1.0895492570720051,0.886216199996448,0.8543547111594632,1.0641150856675898,0.8256595002041482,0.8803244850722142,0.6293597481491033,0.5055976709953861,0.5055976709953861,
B14,1.128183564572045,0.9533525912328409,0.9495878433501695,1.2108133249379294,0.8604029346842017,0.9568218891630058,0.6444245988912416,0.583852821786387,0.680742775834535,
B11,1.0730475801346357,0.9279701696071865,0.8682130304484701,1.1223707322156977,0.81059464946201,0.8931552846518074,0.6444245988912416,0.6105419406549872,0.583852821786387,
cn12,0.5481926849737846,0.339098545320641,0.30747937501567457,0.6107677229292323,0.24320107438048844,0.3798954535079003,0.11068895904210563,0.0,0.0,
B54,1.1779918497942368,1.0190561199777806,0.9743638315612027,1.020603369356642,0.9456686206058877,1.2172326799238409,0.7493688685508427,0.680742775834535,0.642108468334495,
