,job135_scenario2_259,job136_scenario0_262,job143_scenario1_274,job144_scenario2_278,job145_scenario1_279,
in27,0.6165016769373695,0.4323759379953718,0.2934229741771437,0.0,0.0,
B14,1.1169307085016833,0.8725003456912038,0.8077103250304646,0.4355558955999839,0.4586750619535754,
B11,0.718269039796425,0.5341433008544274,0.440615184004714,0.1800225136500565,0.13651079733910887,
cn12,0.938665941551836,0.6692172719983052,0.6273965807602433,0.31554677519824453,0.2527145653760283,
B54,0.7049442696596011,0.5256959395285111,0.4974912490474379,0.1751451048391489,0.13651079733910887,
