,job580_scenario0_1190,job582_scenario2_1193,job584_scenario2_1197,
in27,0.2835856582298334,0.277653855791711,0.0,
B14,0.8338229750163388,1.081767732670702,0.7339130416994433,
B11,0.4417787957273027,0.48444874705824026,0.17205145678647604,
cn12,0.6264567611400356,0.7112440328191936,0.40545220817373273,
B54,0.8836312602385306,0.8915577770894149,0.6454704489772116,
