,job479_scenario3_944,job482_scenario0_949,job483_scenario0_951,job484_scenario2_952,job485_scenario2_953,job487_scenario3_955,job488_scenario2_958,job489_scenario0_960,
in27,0.5715829572469724,0.29706550181062485,0.29509367959901855,0.3852131333753796,0.3430100784485874,0.4614621920796656,0.31005280999072254,0.045168538168389394,
B14,0.7729668905504111,0.5139645762605122,0.4853036351803057,0.9493087694508918,0.653229154431614,0.581471312481405,0.6904727211532969,0.22884426308132721,
B11,1.01298513135389,0.6837819818844432,0.6480532609837045,0.7741636646117429,0.7416717471538457,0.8530560809643917,0.6202718859737492,0.44217338501620596,
cn12,0.5978217857112623,0.27805253335865265,0.24260105280997157,0.410245430386538,0.42438489135028673,0.49302871975917334,0.25317674494799863,0.0,
B54,1.01298513135389,0.7771019834175825,0.7049293260264284,0.9493087694508918,0.8932473952350928,0.7330469605626522,0.7402810063754885,0.5390633390643538,
