,job887_scenario2_2212,
in27,0.0216703163684418,
B14,0.37052369985150846,
B11,0.07536947461062016,
cn12,0.0,
B54,0.1803137442702213,
