,job241_scenario0_451,
in27,0.0,
B14,0.3432977229934877,
B11,0.5081252569491206,
cn12,0.3591929665162359,
B54,0.62813437735086,
