,job691_scenario0_1513,job692_scenario1_1514,job693_scenario1_1516,
in27,0.16315940976252685,0.18233864420680312,0.03156652767950768,
B14,0.24042802476260694,0.279228598254951,0.38041991116257434,
B11,0.19334635593665062,0.30234776460854246,0.07020083517954773,
cn12,0.039721730535029476,0.12058517035317151,0.0,
B54,0.2516020024847585,0.30234776460854246,0.3102190759830265,
