,job260_scenario0_481,job261_scenario0_484,job262_scenario1_485,job264_scenario2_488,job265_scenario0_489,job266_scenario4_490,job267_scenario3_491,job268_scenario2_492,job269_scenario3_494,
in27,0.8119624808473456,0.7703754471972569,0.8743532202626249,0.8167348392761646,0.6731355529514901,0.9002677886989755,0.9395945672370635,0.699010033873952,0.800767639341208,
B14,0.9191408016694919,0.8544346016658118,0.9584123747311796,1.0706113993686504,0.7466983687737546,0.8735786698303754,0.9894028524592551,0.8328774735646984,0.7305668041616602,
B11,0.8258208001363525,0.7771659866657317,0.9032763902937702,0.78078487334298,0.7101130385940886,0.9704686238785233,0.9009602597370234,0.699010033873952,0.8505759245633996,
cn12,0.11802555469573528,0.07002532258276117,0.2049411777633624,0.1715206990990784,0.0,0.2096288015533746,0.2987638653136543,0.08193386255061541,0.08973610223825068,
B54,0.8855252966696101,0.8903845675989963,0.9584123747311796,0.9007939937447194,0.8070029926422364,1.020276909100715,0.8195854468353241,0.7830691883425067,0.6603659689821123,
