,job195_scenario3_360,job197_scenario0_362,job198_scenario1_365,job199_scenario1_367,job200_scenario1_368,job201_scenario1_371,job202_scenario4_372,job203_scenario4_373,job204_scenario1_374,
in27,1.0684854633331273,0.4844360423810894,0.5134035340239507,0.5091621856864341,0.5696311742320537,0.45510398479542,0.5508133667379376,0.3527933153923818,0.1719681980386033,
B14,1.0684854633331273,0.8017228981846481,0.8734308952291688,0.8718738884585077,0.8714028888891641,0.7337565330989388,0.709456794639717,0.7016466988754485,0.5937490330974531,
B11,0.9169098152518802,0.6652121008455394,0.7369200978900601,0.6816639328772205,0.6442154476652784,0.563939127475008,0.709456794639717,0.8918566544567357,0.4506207463421222,
cn12,0.5364899040893059,0.20606073442962825,0.32319357844266344,0.29188300886024715,0.22784557056951937,0.15683009744383336,0.22409261381754164,0.20121766731113466,0.0,
B54,1.0102298167850194,0.8634763720382798,1.0818826083531399,0.9532487013602071,0.968292842937312,0.8039573682784867,1.0694841558449353,1.0118657748584752,0.6204381519660532,
