,job252_scenario0_470,job255_scenario1_474,job256_scenario4_475,job257_scenario2_476,job258_scenario1_477,
in27,0.5408438993192548,0.5227185628631866,0.45975177349647534,0.21081193650994634,0.2572582410894213,
B14,1.1114737660631164,1.3018001427310193,1.1503907606420762,0.9231212400239891,0.8417464271222896,
B11,1.06439209723716,1.0231475944275004,1.030381640240337,0.7866104426848802,0.7866104426848802,
cn12,0.23426993824133202,0.22003547480525076,0.27533772523496414,0.025382421625654183,0.0,
B54,1.2110903365074996,1.0617819019275405,1.1503907606420762,1.0115638327462206,1.0115638327462206,
