,job577_scenario1_1182,job579_scenario3_1189,job580_scenario0_1190,job581_scenario3_1192,
in27,0.42849694532102156,0.27141850249068233,0.0,0.13275784058713092,
B14,1.0894825354446818,0.9683540585475273,0.5973189856124617,0.8185194189218243,
B11,1.0192817002651338,0.9683540585475273,0.5421830011750521,0.7483185837422766,
cn12,0.609446053837724,0.48831757694056965,0.07973369575313172,0.2478895521779627,
B54,1.3997016114277083,0.8483449381457879,0.6471272708346532,0.5581086281609893,
