,job659_scenario2_1402,job661_scenario2_1409,
in27,0.4958872604552985,0.15157564808124713,
B14,0.6999555353255926,0.391593888884726,
B11,0.30567730487401146,0.0,
cn12,0.569450076277563,0.15157564808124713,
B54,0.9399737761290715,0.4800364816069576,
