,job235_scenario2_435,
in27,0.0,
B14,0.7933832708789429,
B11,0.6031733152976557,
cn12,0.5329724801181079,
B54,1.0334015116824218,
