,job435_scenario2_850,job437_scenario4_853,job438_scenario3_854,
in27,0.1177345627940124,0.11086194393133608,0.0879090435700487,
B14,0.5120127932455936,0.09453331704621915,0.1719681980386033,
B11,0.18529204032519758,0.1829759097684508,0.14040167035909557,
cn12,0.15973085093676886,0.06735022762038823,0.0,
B54,0.7204645063695647,0.8918566544567357,0.5004290315643138,
