,job772_scenario2_1791,
in27,0.03594996593318464,
B14,0.36002736120521817,
B11,0.06487313596432989,
cn12,0.0,
B54,0.0,
