,job81_scenario2_157,job82_scenario1_158,job84_scenario0_160,job85_scenario1_161,job86_scenario1_162,job87_scenario1_163,job88_scenario1_165,job89_scenario3_166,job90_scenario0_167,job91_scenario0_168,job92_scenario3_171,job93_scenario1_172,
in27,1.0428106505778536,1.0472341763454192,0.8465427140800283,0.9989330529882003,0.945100426731089,0.8950751342063007,0.8736638139695104,0.9477340269876517,0.6711995276913556,0.6194394594542454,0.5888716242865455,0.6204381519660532,
B14,0.7059024557262268,0.648572507640161,0.5412010469079094,0.6002713842829421,0.6246939088168315,0.6035917863231886,0.4915038222016216,0.7392823138636806,0.3322423555193549,0.29804640574906716,0.26041079076083495,0.12000912040173939,
B11,1.0428106505778536,0.9974258911232277,0.8539113394373601,1.1393347233472961,1.05004469639069,0.9089334534953076,0.8736638139695104,1.137943982568939,0.6573412084023487,0.6194394594542454,0.6590724594660933,0.4550041845957991,
cn12,0.5339342576876235,0.5567013560921712,0.3289574242206985,0.4891430085694877,0.45272571077822826,0.4400709496105016,0.38973645934256607,0.5175058306028857,0.16370271630650957,0.0993890888418636,0.10350744346436991,0.0,
B54,1.201454078479633,1.1490015392044748,0.9279175269817278,1.042444769299148,1.05004469639069,1.028942573897047,1.0101746113086194,0.8592914342654201,0.7773503288040882,0.7615812104186553,0.5621825054179452,0.6590724594660933,
