,job256_scenario4_475,job259_scenario1_480,job260_scenario0_481,job261_scenario0_484,job262_scenario1_485,
in27,1.0102038574375187,0.8531351719989793,0.6430089162121472,0.3653550604204362,0.4853641808221756,
B14,1.5990754817240642,1.410440268606017,1.1488489057395517,0.8480758835942492,0.9680850039959885,
B11,1.2004138130188058,0.9731442924007186,0.7768763559028935,0.4921547202906503,0.6342964712550603,
cn12,0.756327297345033,0.497491249047438,0.28406705425459666,0.0,0.1509472025169729,
B54,1.239048120518846,0.980212072221251,0.7552060395344516,0.5239984883222157,0.6080576427907703,
