,job963_scenario0_2672,job964_scenario0_2674,
in27,0.25230181762924564,0.12000912040173939,
B14,0.32250265280879353,0.24001824080347883,
B11,0.28006299294393344,0.13386743969074633,
cn12,0.1388269278958555,0.0,
B54,0.3540691804883012,0.2689414108346241,
