,job600_scenario1_1240,
in27,0.1737082786439178,
B14,0.25196342943491873,
B11,0.25196342943491873,
cn12,0.05369915824217841,
B54,0.0,
