,job479_scenario3_944,job482_scenario0_949,job483_scenario0_951,job484_scenario2_952,job485_scenario2_953,job486_scenario3_954,job487_scenario3_955,job488_scenario2_958,job489_scenario0_960,
in27,0.8361110523016132,0.5441665301495067,0.5306643347474056,0.6132249699372031,0.5617046573811695,0.6396657434192976,0.6529577701486718,0.39923771865669055,0.07673506584789724,
B14,0.9876867003828603,0.7112573193772025,0.6710660051065012,1.1275123207905238,0.8221154481420044,0.7098665785988454,0.7231586053282196,0.7298493445970733,0.21060250553864346,
B11,1.3477140615880785,1.0010838454028728,0.9538247513116394,1.0723763363531142,1.0305671612659755,1.4299213010092817,1.1147524942129456,0.779657629819265,0.5439407478752616,
cn12,0.8307833530863953,0.49358703401802684,0.4466051802788509,0.6066907392688539,0.6115129426033611,0.6690814786841328,0.6529577701486718,0.3107951259344589,0.0,
B54,1.3477140615880785,1.0944038469360122,1.0107008163543634,1.247521441192263,1.1821428093472228,1.189903060205803,0.9947433738112061,0.8996667502210044,0.6408307019234094,
