,job738_scenario1_1662,job741_scenario1_1669,
in27,0.7519146129624568,0.3306116259403829,
B14,0.36032072407773075,0.020392549957356287,
B11,0.41012900929992235,0.0,
cn12,0.6319054925607173,0.23372167189223503,
B54,0.9105580408642362,0.42393162747352214,
