,job213_scenario0_393,job217_scenario3_402,job218_scenario1_403,job220_scenario0_406,job221_scenario1_407,
in27,0.8375759317683168,0.9415777647212109,0.6799864018547456,0.2823234256612951,0.444086515673773,
B14,0.9437267328810492,0.9913860499434024,0.799995522256485,0.36871704106315284,0.5490307853333741,
B11,0.8526407825104552,0.9415777647212109,0.7382420484028533,0.30901254452989524,0.47882995015382623,
cn12,0.5804014326698219,0.7246786902713236,0.49822380759937457,0.048601753769060285,0.22945069649594863,
B54,0.5285633872384216,0.40640529867684383,0.38483217661385727,0.0,0.13386743969074644,
