,job634_scenario1_1330,
in27,0.0,
B14,0.3575361446587941,
B11,0.042439659864859924,
cn12,0.44597873738102584,
B54,0.694444339510421,
