,job1079_scenario4_3447,job1080_scenario0_3449,
in27,0.4694385538362383,0.14040167035909557,
B14,0.4694385538362383,0.06083982232514895,
B11,0.4694385538362383,0.14040167035909557,
cn12,0.43080424633619824,0.0,
B54,0.8294659150414565,0.2106025055386434,
