,job550_scenario1_1110,job551_scenario2_1114,job552_scenario1_1115,job553_scenario1_1118,job554_scenario0_1122,
in27,0.809450405635779,0.6975227652812503,0.743306709468522,0.6718700967069435,0.36709514102575047,
B14,0.6009986925118078,0.7788975781829497,0.542909311956004,0.5297283457425336,0.11156175907582311,
B11,0.4423552646100284,0.36373423254032206,0.36114671770063317,0.25814357725954695,0.0,
cn12,0.5142961803948907,0.5184867874221146,0.4495893104228648,0.3963944552039703,0.036483515085367624,
B54,0.8796512408153268,0.9375410060847291,0.8482509791281232,0.8470152015460924,0.43729597620529836,
