,job246_scenario2_459,job247_scenario1_463,
in27,0.2895990444231509,0.027010039373578265,
B14,0.9367263152578043,0.3986616687052582,
B11,0.29804640574906716,0.038634307500040044,
cn12,0.2367263152578043,0.0,
B54,0.7780828873560248,0.5888716242865455,
