,job444_scenario2_872,job446_scenario2_874,
in27,0.1507721165272956,0.0,
B14,0.8863419800841805,0.8359576449105566,
B11,0.24940215118075781,0.03407781919411079,
cn12,0.30941554442907493,0.14746945017962798,
B54,0.9249762875842206,0.9061584800901045,
