,job412_scenario2_810,job413_scenario1_811,job414_scenario2_812,
in27,0.4752848323431721,0.32139305370517823,0.2827587462051382,
B14,0.8090733650841004,0.6498538872308887,0.7902555575899843,
B11,0.5984708595454569,0.42490049716954825,0.42490049716954825,
cn12,0.1886352131180472,0.023119166353591458,0.0,
B54,0.8904481779857998,0.6933656035418363,0.6498538872308887,
