,job595_scenario0_1227,job600_scenario1_1240,
in27,0.8237176124793097,0.43022819638476595,
B14,0.8735258977015015,0.5084833471757668,
B11,0.8237176124793097,0.5084833471757668,
cn12,0.37309686613718773,0.0,
B54,0.9587915836231875,0.5667389937238748,
