,job355_scenario0_666,job357_scenario4_669,job358_scenario2_670,job360_scenario4_675,job361_scenario2_677,job362_scenario1_678,job363_scenario0_681,
in27,0.7451386261376646,0.9666628949976718,0.8468759160329824,0.8047720062246251,0.6502636711900169,0.6265782122767928,0.3369081948516267,
B14,0.9873076593558158,1.0368637301772194,1.26203926167561,1.0447902470281039,1.107180986443383,0.9822221352283341,0.6332689515456464,
B11,0.955741131676308,1.1301837317103587,1.0370858716142695,1.0447902470281039,0.898729273319412,0.8622130148265947,0.5421830011750524,
cn12,0.434919550154638,0.6880103466941528,0.5812964858410749,0.5759277431432978,0.4071809864433832,0.3617839832622809,0.0,
B54,0.9059328464541164,1.156872850578959,1.1420301412738707,1.0447902470281039,0.8671627456399043,0.8306464871470869,0.5271181504329141,
