,job265_scenario0_489,job267_scenario3_491,job270_scenario1_499,job271_scenario1_501,job273_scenario1_506,job274_scenario2_508,job275_scenario1_509,
in27,0.7763516362922803,1.0793269090706707,0.7575338287981643,0.7582663873501009,0.5302545507882774,0.26041079076083506,0.2715847684829866,
B14,1.0085578800163244,1.287778622194642,1.0500446963906902,0.9351515727945642,0.7590988138696048,0.708880744688285,0.5888716242865455,
B11,0.9719725498366582,1.1993360294724102,0.9798438612111422,0.9351515727945642,0.688897978690057,0.5186707891069977,0.5004290315643138,
cn12,0.4836359945033645,0.8189161183098359,0.5016203444719374,0.4238494090448982,0.2698437600274425,0.09332000153313935,0.0,
B54,1.1888716242865456,1.2379703369724504,1.2016203444719373,1.1569280560553592,0.9604827471730435,0.7790815798678328,0.708880744688285,
