,job417_scenario3_816,job420_scenario2_820,job421_scenario3_823,job422_scenario1_824,
in27,0.6645533401024984,0.30077302214530244,0.19826427119274026,0.023119166353591458,
B14,0.6730007014284146,0.47591812698445124,0.1751451048391488,0.1751451048391488,
B11,1.071662370133673,0.6376812169969291,0.7751907068478459,0.36002736120521817,
cn12,0.49473593447856745,0.3123972902717642,0.1751451048391488,0.0,
B54,0.47434338452121116,0.3622055754939558,0.20456084010398412,0.057862600833644695,
