,job869_scenario3_2141,
in27,0.0,
B14,0.5186707891069977,
B11,0.040447272367792775,
cn12,0.46886250388480605,
B54,0.5186707891069977,
