,job102_scenario0_198,job103_scenario0_199,job105_scenario0_202,job107_scenario0_204,job108_scenario1_205,job109_scenario2_206,job110_scenario2_207,job111_scenario2_208,job112_scenario2_211,job113_scenario0_212,
in27,0.9812331109009177,0.9860117406438973,0.926673595346234,0.8819813069296559,0.9752461029863948,0.9582303656339419,0.8719058219189331,0.9085883464040544,0.6309344906123434,0.4793588425310963,
B14,1.329315283474696,1.339248562380641,1.2402546519719773,1.158977033375733,1.2993234982584283,1.5084676824204475,1.4719514239276301,1.427259135511052,0.9909618518175617,0.8007518962362745,
B11,1.263005321315135,1.2260299814473763,1.195615006180858,1.1358578670221415,1.34913178348062,1.1982486064374207,1.1617323479446036,1.1031817402390185,0.8891944889585061,0.7193770833345751,
cn12,0.5285633872384216,0.5103586972906168,0.45781109146142795,0.41311880304484994,0.5606891907583884,0.5707426746508353,0.47597076960991014,0.46786381137299826,0.19020995558128728,0.0,
B54,1.341260472106136,1.4029151668918394,1.286700956551452,1.2060587022016893,1.3224426646120198,1.2298151341169286,1.3519423035258906,1.3072500151093127,1.0794044445397932,0.8255278844473075,
