,job804_scenario1_1765,
in27,0.3349950641940598,
B14,0.6821916258196847,
B11,0.43022819638476606,
cn12,0.0,
B54,0.3488533834830667,
