,job360_scenario1_691,job365_scenario3_698,job366_scenario0_699,job368_scenario0_702,job374_scenario1_711,job375_scenario2_712,job378_scenario1_716,job382_scenario1_723,job383_scenario0_725,job384_scenario1_726,
in27,0.48601876217982215,0.7758452882054925,0.38305321763315314,0.4087501471797421,0.5219687281130068,0.5091379285334137,0.5673935750815216,0.5508918981441521,0.4087501471797421,0.48601876217982215,
B14,0.5358270474020137,0.6291470489351529,0.4389370933538659,0.4971927399019737,0.5358270474020137,0.6558361678037532,0.7758452882054925,0.6291470489351529,0.4389370933538659,0.7758452882054925,
B11,0.5508918981441521,0.6874026954832609,0.42318655235760594,0.4158179270002743,0.5856353326242053,0.5358270474020137,0.4755224235335319,0.5508918981441521,0.4308827777424127,0.6558361678037532,
cn12,0.1869736639189471,0.4087501471797421,0.003297939006009165,0.0,0.144534004054087,0.17761265106454827,0.1300975988762233,0.23048538022989484,0.003297939006009165,0.20736621387630327,
B54,0.6874026954832609,0.6874026954832609,0.4755224235335319,0.42318655235760594,0.6060278825815615,0.6874026954832609,0.8460461233850404,0.6874026954832609,0.4971927399019737,0.6060278825815615,
