,job1122_scenario2_3168,
in27,0.34973899443122,
B14,0.6036155545237056,
B11,0.45691731525336615,
cn12,0.2933964785406792,
B54,0.0,
