,job172_scenario0_354,job176_scenario1_363,job177_scenario0_364,job183_scenario1_371,job189_scenario0_384,job190_scenario3_385,job192_scenario1_391,job193_scenario0_392,job194_scenario1_393,
in27,0.38041991116257434,0.5132598311439069,0.39325071074216755,0.5271181504329139,0.39325071074216755,0.6204381519660531,0.5769264356551055,0.4071090300311745,0.5973189856124617,
B14,0.5132598311439069,0.5769264356551055,0.43867555771068223,0.6786937985141611,0.44755630239896727,0.6786937985141611,0.6204381519660531,0.47730986521072233,0.8373372264159405,
B11,0.0,0.09688995404814793,0.0062965689112438605,0.10806393177029949,0.034057744225931774,0.3867164800738182,0.1617630900124778,0.0062965689112438605,0.19650652449253103,
cn12,0.269943651334419,0.4071090300311745,0.2766035709831449,0.4569173152533662,0.269943651334419,0.7173281060142012,0.4000412502106423,0.2667073596720789,0.43867555771068223,
B54,0.19865731690720345,0.3417856036625343,0.24846560212939506,0.29827388735158666,0.22177648326079502,0.24846560212939506,0.2800321298089028,0.16890375409544844,0.36847472253113445,
