,job311_scenario0_592,job314_scenario0_595,job323_scenario1_616,job325_scenario0_619,job326_scenario1_620,job331_scenario2_629,job332_scenario1_630,
in27,0.5750133049975384,0.5445601995659792,0.7088807446882848,0.5561069149194242,0.6702464371882448,0.7404472723677926,0.7088807446882848,
B14,0.2898265260256704,0.3146025142367034,0.3986616687052582,0.2235165638661093,0.36002736120521817,0.3986616687052582,0.638679909508737,
B11,0.3488533834830666,0.363918234225205,0.45500418459579905,0.38930065585085927,0.43022819638476595,0.48392735462694436,0.5390633390643538,
cn12,0.0,0.035064354985031354,0.15157564808124713,0.011945188631439896,0.1737082786439178,0.22884426308132721,0.21834792443503703,
B54,0.6386799095087371,0.7239455954304231,0.8288898650900243,0.6950224253992778,0.860456392769532,0.6950224253992778,1.0190998206713113,
