,job209_scenario0_415,job214_scenario0_429,job218_scenario0_434,job219_scenario1_435,job220_scenario0_438,job222_scenario0_440,job223_scenario2_441,job224_scenario2_443,job225_scenario4_445,
in27,0.3986616687052582,0.42535078757385836,0.3986616687052582,0.638679909508737,0.41828300775332605,0.42535078757385836,0.49555162275340614,0.735569863556885,0.6653690283773372,
B14,0.6471272708346533,0.638679909508737,0.6229293685124772,0.8555789839586243,0.6653690283773372,0.638679909508737,0.735569863556885,0.7671363912363927,1.0457889395399116,
B11,0.30001396795690105,0.31333873809372514,0.30001396795690105,0.47198216599550447,0.32777514327158885,0.3435256842678488,0.4137265194473967,0.533735639849136,0.6306255938972839,
cn12,0.0,0.016192780222309855,0.016192780222309855,0.1617630900124778,0.034057744225931774,0.019621339048067732,0.22807305217203888,0.1617630900124778,0.3867164800738183,
B54,0.49198167023839745,0.49198167023839745,0.5048124698179908,0.6702464371882447,0.4583661652385157,0.5048124698179908,0.6702464371882447,0.8288898650900243,0.8288898650900243,
