,job209_scenario0_415,job214_scenario0_429,job218_scenario0_434,job219_scenario1_435,job220_scenario0_438,job222_scenario0_440,job223_scenario2_441,job224_scenario2_443,job225_scenario4_445,job226_scenario1_447,
in27,0.4569173152533661,0.48360643412196624,0.4569173152533661,0.6969355560568449,0.47653865430143394,0.48360643412196624,0.553807269301514,0.7938255101049929,0.7236246749254451,0.5649812470236656,
B14,0.7551912026049528,0.7467438412790366,0.7309933002827766,0.9636429157289239,0.7734329601476367,0.7467438412790366,0.8436337953271844,0.8752003230066923,1.153852871310211,0.9369537968603237,
B11,0.3228122138055144,0.3361369839423384,0.3228122138055144,0.4947804118441178,0.3505733891202023,0.36632393011646214,0.4365247652960099,0.5565338856977493,0.6534238397458972,0.4782787349067483,
cn12,0.0,0.016192780222309855,0.016192780222309855,0.1617630900124778,0.034057744225931774,0.019621339048067732,0.22807305217203888,0.1617630900124778,0.3867164800738183,0.21689907444988732,
B54,0.5382921281550656,0.5382921281550656,0.5511229277346588,0.7165568951049128,0.5046766231551837,0.5511229277346588,0.7165568951049128,0.8752003230066923,0.8752003230066923,0.6583012485568048,
