,job579_scenario3_1171,job581_scenario2_1175,
in27,0.3003228646719607,0.0,
B14,0.5291671277532879,0.7691853685567667,
B11,0.5993679629328357,0.515308808464281,
cn12,0.515308808464281,0.5024780088846879,
B54,0.3389571721720007,0.32071541462931685,
