,job214_scenario0_429,job218_scenario0_434,job220_scenario0_438,job222_scenario0_440,job223_scenario2_441,job224_scenario2_443,job227_scenario0_448,job229_scenario0_451,job230_scenario2_452,job232_scenario1_455,job233_scenario2_457,job234_scenario1_459,
in27,0.6139039212977039,0.5872148024291037,0.6068361414771717,0.6139039212977039,0.6841047564772518,0.9241229972807306,0.5872148024291037,0.6212725466550355,0.7200547224104363,0.8539221621011828,0.6637122065198956,0.7200547224104363,
B14,0.6370230876512954,0.6212725466550355,0.6637122065198956,0.6370230876512954,0.7339130416994433,0.7654795693789511,0.7072239228308432,0.6139039212977039,0.7837213269216349,0.8854886897806905,0.7837213269216349,0.7837213269216349,
B11,0.6068361414771717,0.5935113713403477,0.6212725466550355,0.6370230876512954,0.7072239228308432,0.8272330432325825,0.5935113713403477,0.6212725466550355,0.7200547224104363,0.7837213269216349,0.9241229972807306,0.7654795693789511,
cn12,0.0033619806427167553,0.0033619806427167553,0.021226944646338453,0.006790539468474632,0.21524225259244567,0.1489322904328847,0.0,0.0250322970111585,0.21524225259244567,0.14123606504807795,0.174314712058539,0.18367572491293793,
B54,0.7072239228308432,0.7200547224104363,0.6736084178309615,0.7200547224104363,0.8854886897806905,1.0441321176824698,0.6952787341994033,0.6952787341994033,0.8272330432325825,0.8854886897806905,1.0441321176824698,1.0441321176824698,
