,job696_scenario1_1469,job698_scenario2_1471,job699_scenario0_1472,job700_scenario0_1478,
in27,0.6159408455314451,0.591164857320412,0.45998175919652107,0.524854895160851,
B14,0.8698174056239308,0.8350739711438776,0.7315665276795076,0.7498082852221916,
B11,0.8200091204017392,0.7231191663535914,0.7150648507421382,0.6861416807109929,
cn12,0.1995709684356861,0.28483665435737204,0.029753562811754897,0.0,
B54,0.8350739711438776,0.9133291219348785,0.7702008351795477,0.8515756480812471,
