,job84_scenario0_170,job91_scenario2_180,job92_scenario0_181,job94_scenario0_188,job96_scenario1_190,job98_scenario0_193,job99_scenario2_195,
in27,0.3273753342780428,0.5812518943705285,0.3412336535670496,0.3412336535670496,0.5314436091483368,0.3412336535670496,0.5545627755019282,
B14,0.3307373149207594,0.5426175868704883,0.3412336535670496,0.3412336535670496,0.4061067895313796,0.2941519847410933,0.48436194032238045,
B11,0.5741841145499962,0.7012610147722678,0.58862051972786,0.5963167451126667,0.7012610147722678,0.6310601795927201,0.8212701351740073,
cn12,0.003297939006009054,0.1869736639189472,0.013586305780007413,0.020801373200119988,0.19686987523001298,0.0,0.17761265106454815,
B54,0.47241675169094055,0.5426175868704883,0.461242773968789,0.48436194032238045,0.60437106072412,0.48436194032238045,0.5426175868704883,
