,job569_scenario0_1136,job571_scenario3_1142,job572_scenario2_1148,
in27,0.0,0.3600273612052182,0.10615080111273256,
B14,0.038634307500040044,0.39866166870525827,0.39866166870525827,
B11,0.2715847684829866,0.7088807446882849,0.34885338348306666,
cn12,0.1447851086127725,0.4137265194473966,0.32846083352571054,
B54,0.34885338348306666,0.430228196384766,0.4919816702383975,
