,job430_scenario2_847,job434_scenario1_853,job435_scenario0_854,
in27,0.15157564808124724,0.1200091204017395,0.0,
B14,0.6204381519660533,0.5004290315643138,0.42086718353036723,
B11,0.2715847684829866,0.38041991116257456,0.21332912193487874,
cn12,0.26041079076083506,0.1975785809386189,0.049808285222191606,
B54,0.6906389871456011,0.5706298667438616,0.3537307922939744,
