,job1091_scenario3_2937,
in27,0.690638987145601,
B14,0.29197731844034275,
B11,0.3804199111625744,
cn12,0.23372167189223492,
B54,0.0,
