,job832_scenario2_1857,job833_scenario0_1859,
in27,0.21524225259244573,0.10717832082214618,
B14,0.49389480089596455,0.18367572491293804,
B11,0.40545220817373295,0.16543396737025406,
cn12,0.1569866060443379,0.0,
B54,0.2689414108346241,0.18367572491293804,
