,job656_scenario0_1378,job657_scenario1_1383,
in27,0.12737774575907101,0.3333382423366181,
B14,0.24001824080347883,0.25508309154561715,
B11,0.12737774575907101,0.1698174056239311,
cn12,0.0,0.10615080111273245,
B54,0.25508309154561715,0.3600273612052183,
