,job629_scenario1_1306,job631_scenario0_1308,job639_scenario4_1324,job640_scenario4_1332,job641_scenario0_1333,
in27,0.5973189856124617,0.5706298667438616,0.6471272708346533,0.6675198207920094,0.4569173152533661,
B14,0.3337312880510812,0.21372216764934182,0.2754756415029733,0.42217388077331286,0.14352133246979404,
B11,0.7488946336937089,0.49237471595286064,0.9075380615954883,0.7488946336937089,0.4846784905680539,
cn12,0.19020995558128717,0.0,0.31021907598302656,0.38041991116257434,0.01332477013682376,
B54,0.3502329649884506,0.14884903168501185,0.50887639289023,0.31866643730894284,0.1600230094071634,
