,job245_scenario0_479,job246_scenario0_480,job258_scenario0_495,job259_scenario0_496,job260_scenario1_497,job267_scenario0_509,job269_scenario3_512,job270_scenario1_514,job271_scenario1_515,job272_scenario1_516,job273_scenario1_518,
in27,0.21188027194972892,0.17324596444968898,0.16645542498121424,0.17324596444968898,0.2864645453829537,0.14167943677018113,0.3705236998515084,0.35013114989415217,0.24001824080347878,0.2616885571719206,0.27363374580336053,
B14,0.2301220294924129,0.31538771541409893,0.22076101663801395,0.22076101663801395,0.3705236998515084,0.2616885571719206,0.31538771541409893,0.2864645453829537,0.4518985127532078,0.31538771541409893,0.39364286620509986,
B11,0.06767324922581341,0.08342379022207325,0.09187115154798953,0.03991207391112561,0.19537859501235955,0.06030462386848179,0.250514579449769,0.2736337458033605,0.2736337458033605,0.1803137442702213,0.3003228646719606,
cn12,0.04644630457947485,0.043148365573465686,0.06030462386848179,0.043148365573465686,0.24001824080347878,0.0567346713534731,0.2864645453829537,0.20343291062381275,0.27363374580336053,0.24001824080347878,0.21188027194972892,
B54,0.06030462386848179,0.021670316368441744,0.06030462386848179,0.0,0.15362462540162103,0.03361550499988175,0.13050545904802957,0.15362462540162103,0.3003228646719606,0.1803137442702213,0.07536947461062016,
