,job235_scenario0_460,job240_scenario0_468,job241_scenario0_469,job243_scenario0_472,job245_scenario0_479,job246_scenario0_480,job251_scenario0_485,job252_scenario1_486,job256_scenario1_493,job257_scenario4_494,job258_scenario0_495,
in27,0.3986616687052583,0.42285957102743443,0.3842252635273945,0.4509975398811843,0.42285957102743443,0.3842252635273945,0.37743472405891976,0.5611104489718577,0.5113021637496662,0.6046221652828054,0.37743472405891976,
B14,0.321092208168379,0.35265873584788665,0.36460392447932666,0.35265873584788665,0.321092208168379,0.40635789409006506,0.3117311953139801,0.484613044881066,0.484613044881066,0.46149387852747453,0.3117311953139801,
B11,0.024197902322176223,0.0,0.024197902322176223,0.007696225384806854,0.0,0.015750540996259943,0.015750540996259943,0.09878217575540094,0.20596049657754711,0.264216143125655,0.024197902322176223,
cn12,0.15864342790177954,0.14077846389815774,0.1442070227239156,0.14077846389815774,0.1374164832554411,0.13411854424943181,0.13088225258709174,0.3414847581257351,0.29440308929977876,0.46149387852747453,0.15127480254444792,
B54,0.4509975398811843,0.46149387852747453,0.4974438444606592,0.4509975398811843,0.5113021637496662,0.4726678562496261,0.581502998929214,0.7015121193309534,0.8215212397326928,0.6313112841514056,0.5113021637496662,
