,job203_scenario1_409,job209_scenario0_415,job214_scenario0_429,job217_scenario1_433,job218_scenario0_434,job219_scenario1_435,job220_scenario0_438,job221_scenario0_439,job222_scenario0_440,
in27,0.38754290915065037,0.32040651791425745,0.3470956367828574,0.48216960792673524,0.32040651791425745,0.5604247587177362,0.3400278569623254,0.3400278569623254,0.3470956367828574,
B14,1.002277223228964,0.7938255101049929,0.7853781487790767,1.0724780584085118,0.7696276077828168,1.002277223228964,0.8120672676476769,0.8120672676476769,0.7853781487790767,
B11,0.7484006631364782,0.6218573120663896,0.6351820822032136,0.7484006631364782,0.6218573120663896,0.7938255101049929,0.6496184873810774,0.6283915427347389,0.6653690283773372,
cn12,0.169817405623931,0.0,0.016192780222310077,0.21689907444988732,0.016192780222310077,0.16176309001247802,0.034057744225931774,0.012830799579593322,0.019621339048067954,
B54,0.8973329535693629,0.8555789839586245,0.8555789839586245,0.9320763880494162,0.8684097835382176,1.033843750908472,0.8219634789587428,0.8973329535693629,0.8684097835382176,
