,job906_scenario1_2098,
in27,0.3947707956852714,
B14,0.07825515079100087,
B11,0.0,
cn12,0.24807255641493198,
B54,0.3947707956852714,
