,job492_scenario1_966,job494_scenario0_969,job497_scenario1_973,job500_scenario2_980,job502_scenario0_983,
in27,0.1328399199813327,0.0,0.10806393177029949,0.19650652449253114,0.0,
B14,0.07649740409079175,0.03786309659075171,0.12630568931298336,0.169817405623931,0.09156225483293012,
B11,0.2667073596720789,0.019621339048067843,0.3369081948516267,0.1328399199813327,0.019621339048067843,
cn12,0.2778813373942305,0.03786309659075171,0.2115713752346695,0.2667073596720789,0.08014251899589553,
B54,0.20138393330343873,0.03786309659075171,0.34808217257377827,0.5382921281550654,0.13963045944980723,
