,job332_scenario1_630,job334_scenario2_635,job335_scenario1_639,job337_scenario2_644,job338_scenario0_645,
in27,0.15864342790177943,0.1447851086127726,0.20845171312397104,0.1447851086127726,0.08844259272223165,
B14,0.8288898650900243,0.6702464371882448,0.6702464371882448,0.49198167023839756,0.4137265194473966,
B11,0.15864342790177943,0.08844259272223165,0.1817625942553709,0.0617534738536315,0.0,
cn12,0.4583661652385158,0.46886250388480605,0.3986616687052582,0.391593888884726,0.2715847684829865,
B54,0.638679909508737,0.32846083352571054,0.36002736120521817,0.3986616687052583,0.26815620965722864,
