,job790_scenario0_1725,job791_scenario4_1726,
in27,0.1328399199813327,0.36002736120521833,
B14,0.006296568911244194,0.5067256004755578,
B11,0.14669823927033965,0.4182830077533263,
cn12,0.0,0.4569173152533663,
B54,0.29827388735158683,0.3369081948516269,
