,job526_scenario4_1040,job529_scenario0_1046,job531_scenario0_1053,job532_scenario0_1054,job533_scenario1_1059,
in27,0.31651564489427053,0.1617630900124778,0.15406686462767127,0.16981740562393122,0.2817722104142173,
B14,0.9010038309271391,0.7704983718791095,0.8169446764585844,0.7181625007031835,0.9010038309271391,
B11,0.7423604030253597,0.6312320273119053,0.6312320273119053,0.5981533803014442,0.6841047564772519,
cn12,0.31651564489427053,0.0,0.019621339048067954,0.0031196621106983624,0.18714551163813242,
B54,1.0210129513288786,0.8308029957475913,0.8308029957475913,0.9241229972807306,1.1410220717306179,
