,job629_scenario1_1306,job630_scenario1_1307,job631_scenario0_1308,job632_scenario0_1311,job635_scenario2_1316,job636_scenario0_1319,job637_scenario2_1320,job638_scenario1_1321,job639_scenario4_1324,
in27,0.2727829501705999,0.25892463088159295,0.2460938313019998,0.14570604994832825,0.36610295170373913,0.15277382976886045,0.23414864267055985,0.39279207057233934,0.32259123539279144,
B14,0.4243585982518471,0.3429837853501477,0.30434947785010763,0.22297466494840829,0.3429837853501477,0.2460938313019998,0.4243585982518471,0.5830020261536265,0.36610295170373913,
B11,0.4243585982518471,0.2878478009127382,0.16783868051099882,0.16783868051099882,0.32259123539279144,0.15277382976886045,0.5128011909740786,0.30434947785010763,0.5830020261536265,
cn12,0.20258211499105216,0.22297466494840829,0.012372159409764882,0.0,0.19322110213665322,0.022268370720830877,0.21247832630211805,0.22297466494840829,0.32259123539279144,
B54,0.4243585982518471,0.2878478009127382,0.22297466494840829,0.2878478009127382,0.4243585982518471,0.19322110213665322,0.5128011909740786,0.4629929057518871,0.5830020261536265,
