,job452_scenario0_884,job461_scenario0_905,job463_scenario0_908,job464_scenario3_909,job465_scenario2_910,
in27,0.5894780577011669,0.522341666464774,0.5490307853333741,0.9792589817181402,0.6690399057351135,
B14,0.2747616752835321,0.23881170935034757,0.20017740185030752,0.47882995015382634,0.5988390705555657,
B11,0.1433013368075836,0.2100736131613734,0.20017740185030752,0.3405790722094031,0.30194476470936304,
cn12,0.0033619806427169774,0.006790539468474854,0.0,0.2400182408034789,0.1489322904328848,
B54,0.7006064334146214,0.6551815864461066,0.5988390705555658,0.7006064334146214,0.7006064334146214,
