,job94_scenario0_188,
in27,0.7754364649627289,
B14,0.5354182241592501,
B11,0.37533797006223957,
cn12,0.0,
B54,0.8687564664958682,
