,job765_scenario0_1663,job766_scenario0_1665,
in27,0.5004290315643137,0.4865707122753068,
B14,0.5706298667438616,0.5706298667438616,
B11,0.0,0.01332477013682376,
cn12,0.35685045440467267,0.36992357251628416,
B54,0.5319955592438215,0.6065798326770462,
