,job402_scenario1_774,job403_scenario2_777,
in27,0.09961657044438321,0.0,
B14,0.430228196384766,0.48003648160695767,
B11,0.600045602008697,0.37509221194735654,
cn12,0.2715847684829865,0.3213930537051782,
B54,0.5116030092864654,0.6702464371882448,
