,job332_scenario1_630,job334_scenario2_635,job335_scenario1_639,job337_scenario2_644,job338_scenario0_645,job339_scenario3_646,
in27,0.16669774351323252,0.1528394242242257,0.21650602873542413,0.1528394242242257,0.09649690833368474,0.31827339159447965,
B14,0.8138250143478859,0.6551815864461065,0.6551815864461065,0.4769168194962592,0.3986616687052582,0.6938158939461465,
B11,0.15864342790177943,0.08844259272223165,0.1817625942553709,0.06175347385363161,0.0,0.5186707891069976,
cn12,0.44330131449637744,0.4537976531426677,0.38359681796311984,0.37652903814258765,0.25651991774084815,0.5036059383648592,
B54,0.6938158939461465,0.38359681796311995,0.4151633456426276,0.4537976531426677,0.32329219409463805,0.5036059383648592,
