,job618_scenario0_1273,job620_scenario0_1280,
in27,0.21060250553864335,0.10176736285905552,
B14,0.07367062190474205,0.056342515890540956,
B11,0.01936503024794245,0.01936503024794245,
cn12,0.00653423066834935,0.0,
B54,0.517757137578515,0.5706298667438616,
