,job480_scenario2_940,job483_scenario0_945,job486_scenario1_952,job489_scenario0_956,job490_scenario1_957,job491_scenario1_958,
in27,0.14893229043288458,0.006790539468474521,0.045424846968514565,0.0,0.14893229043288458,0.05430559165679949,
B14,0.3121322066405935,0.16543396737025406,0.22368961391836184,0.11256123820490749,0.20718793698099247,0.3823330418201413,
B11,0.17562140930148473,0.013858319289006826,0.1921230862388541,0.026689118868600148,0.16055655855934636,0.2538765600924856,
cn12,0.35076651414063365,0.09035572337979858,0.24582224448103251,0.10368049351662245,0.28056567896108586,0.22368961391836195,
B54,0.28056567896108586,0.08099471052539964,0.2538765600924856,0.13386743969074621,0.40057479936282525,0.28056567896108586,
