,job258_scenario0_495,job259_scenario0_496,job267_scenario0_509,job270_scenario1_514,job271_scenario1_515,job272_scenario1_516,job273_scenario1_518,job275_scenario0_520,job276_scenario1_522,job277_scenario1_525,job278_scenario4_526,
in27,0.26188430231754767,0.2686748417860224,0.23710831410651456,0.4455600272304856,0.3354471181398122,0.35711743450825395,0.36906262313969396,0.30730914928606234,0.38189342271928706,0.5473273900895412,0.42731826968780173,
B14,0.19618077357260788,0.19618077357260788,0.23710831410651456,0.26188430231754767,0.42731826968780173,0.290807472348693,0.36906262313969385,0.23710831410651456,0.26188430231754767,0.26188430231754767,0.290807472348693,
B11,0.42731826968780173,0.3753591920509378,0.395751742008294,0.6090808639431726,0.6090808639431726,0.5157608624100334,0.6357699828117729,0.41887090836188556,0.5473273900895412,0.7557791032135122,0.7557791032135122,
cn12,0.03572438080307583,0.018568122508059726,0.03215442828806714,0.17885266755840667,0.24905350273795457,0.21543799773807282,0.18730002888432296,0.0,0.2757426216065546,0.16310212656214684,0.290807472348693,
B54,0.5157608624100334,0.4554562385415516,0.48907174354143335,0.6090808639431726,0.7557791032135122,0.6357699828117729,0.5308257131521718,0.4455600272304857,0.6090808639431726,0.6673365104912806,0.9459890587947994,
