,job720_scenario1_1534,job723_scenario2_1538,job724_scenario2_1540,job725_scenario0_1542,
in27,0.4550041845957991,0.46886250388480605,0.44217338501620596,0.33499506419405967,
B14,0.6204381519660532,0.6590724594660933,0.7088807446882848,0.41905421866261444,
B11,0.5390633390643538,0.46886250388480605,0.5186707891069976,0.3417856036625344,
cn12,0.3719725498366582,0.41905421866261444,0.38041991116257434,0.21498594379232028,
B54,0.5888716242865455,0.899090700269572,0.6204381519660532,0.4550041845957991,
B51,0.0745842734332246,0.0,0.08844259272223165,0.10350744346436991,
os4,0.5186707891069976,0.7088807446882848,0.6590724594660933,0.4085578800163242,
