,job269_scenario3_512,job270_scenario1_514,job271_scenario1_515,job272_scenario1_516,
in27,0.2217764832607949,0.20138393330343873,0.12488652921264709,0.1666404988233855,
B14,0.15157564808124713,0.08137481290169934,0.08137481290169934,0.08137481290169934,
B11,0.6702464371882448,0.48003648160695755,0.5235481979179053,0.5235481979179053,
cn12,0.19020995558128717,0.03156652767950774,0.040447272367792664,0.0,
B54,0.5502373167865054,0.7404472723677926,0.5502373167865054,0.5502373167865054,
B51,0.36002736120521817,0.06487313596432986,0.03594996593318456,0.011173977722151562,
os4,0.5818038444660132,0.5004290315643138,0.5004290315643138,0.5004290315643138,
