,job737_scenario0_1576,
in27,0.22615992151447184,
B14,0.3213930537051782,
B11,0.2473868661608104,
cn12,0.11294134058120708,
B54,0.3461690419162113,
B51,0.0,
os4,0.28046551317127155,
