,job269_scenario3_512,job273_scenario1_518,job274_scenario4_519,job275_scenario0_520,
in27,0.46886250388480605,0.38480334941625133,0.5186707891069977,0.2715847684829866,
B14,0.20845171312397115,0.12000912040173939,0.27865254830351893,0.0,
B11,0.4484699539274498,0.27865254830351893,0.3017717146571104,0.08137481290169934,
cn12,0.34885338348306666,0.1737082786439178,0.27865254830351893,0.03156652767950774,
B54,0.5186707891069977,0.5186707891069977,0.638679909508737,0.46886250388480605,
B51,0.430228196384766,0.12000912040173939,0.31021907598302656,0.13507397114387776,
os4,0.24001824080347878,0.13825087794442326,0.27865254830351893,0.049808285222191606,
