,job280_scenario4_531,job283_scenario1_538,
in27,0.0,0.0,
B14,0.32407739527203344,0.22718744122388557,
B11,0.5640956360755123,0.33914224601417176,
cn12,0.16543396737025395,0.036977485642598285,
B54,0.6342964712550601,0.4756530433532806,
B51,0.1387448485016538,0.0769913746480223,
os4,0.17737915600169385,0.1542599896481024,
