,job90_scenario3_179,job91_scenario2_180,job92_scenario0_181,
in27,0.30216476037157347,0.15546652110123405,0.041753969610738406,
B14,0.7875289411937489,0.6675198207920094,0.4170052413422405,
B11,0.304808118019936,0.22343330511823667,0.06478987721645713,
cn12,0.31021907598302656,0.19020995558128717,0.0,
B54,0.5706298667438616,0.5973189856124617,0.4170052413422405,
B51,0.8373372264159404,0.42217388077331286,0.36847472253113445,
os4,0.5475107003902702,0.6675198207920094,0.2969961209405011,
