,job708_scenario1_1504,job709_scenario1_1506,
in27,0.21913312561243248,0.21913312561243248,
B14,0.35564392295154135,0.2538765600924857,
B11,0.2538765600924857,0.2538765600924857,
cn12,0.09912400521069309,0.14376365100181232,
B54,0.27426911004984195,0.3942782304515814,
B51,0.0,0.0,
os4,0.2538765600924857,0.27426911004984195,
