,job1061_scenario3_2809,job1062_scenario2_2816,
in27,0.0884425927222316,0.0,
B14,0.10883514267958783,0.2786525483035188,
B11,0.10883514267958783,0.07020083517954778,
cn12,0.07020083517954778,0.0,
B54,0.22884426308132724,0.22884426308132724,
B51,0.34885338348306666,0.011945188631439951,
os4,0.19020995558128723,0.34885338348306666,
