,job329_scenario2_625,job331_scenario2_629,job332_scenario1_630,
in27,0.423931627473522,0.4656855970842604,0.4656855970842604,
B14,0.5208215815216699,0.5706298667438615,0.5208215815216699,
B11,0.08526568592168593,0.08526568592168593,0.12877740223263368,
cn12,0.3710588983081754,0.3537307922939742,0.38041991116257434,
B54,0.6408307019234093,0.6906389871456009,0.5706298667438615,
B51,0.009896211311065661,0.07020083517954767,0.0,
os4,0.6906389871456009,0.6906389871456009,0.45062074634212207,
