,job1196_scenario4_3582,
in27,0.016501676937369425,
B14,0.10494426965960113,
B11,0.13651079733910887,
cn12,0.0,
B54,0.13651079733910887,
B51,0.07825515079100093,
os4,0.13651079733910887,
