,job92_scenario0_181,job95_scenario3_189,job96_scenario1_190,
in27,0.35013114989415217,0.6105419406549872,0.5220993479327556,
B14,0.0,0.4905328202532478,0.15362462540162103,
B11,0.1620719867275373,0.4905328202532478,0.2820811071292767,
cn12,0.23012202949241278,0.583852821786387,0.4109709722193011,
B54,0.43022819638476595,0.5220993479327556,0.680742775834535,
B51,0.45189851275320775,0.7305510610567265,0.5220993479327556,
os4,0.43022819638476595,0.5607336554327955,0.7305510610567265,
