,job562_scenario1_1119,
in27,0.4302281963847659,
B14,0.0769913746480223,
B11,0.45915136641591114,
cn12,0.3738856804942251,
B54,0.7543055916567994,
B51,0.028923170031145196,
os4,0.0,
