,job207_scenario1_413,
in27,0.5132598311439069,
B14,0.5973189856124617,
B11,0.0,
cn12,0.4569173152533662,
B54,0.6204381519660531,
B51,0.5271181504329139,
os4,0.5973189856124617,
