,job14_scenario2_35,
in27,0.1319543090331794,
B14,0.39866166870525827,
B11,0.14478510861277255,
cn12,0.09833880403329764,
B54,0.0,
B51,0.10883514267958788,
os4,0.39866166870525827,
