,job1103_scenario0_3041,
in27,0.22566735628078183,
B14,0.27030700207190106,
B11,0.21060250553864346,
cn12,0.07343712684188797,
B54,0.3306116259403829,
B51,0.0,
os4,0.2604107907608352,
