,job1010_scenario0_2566,
in27,0.14040167035909557,
B14,0.22177648326079497,
B11,0.1477702957164272,
cn12,0.0,
B54,0.29197731844034275,
B51,0.31021907598302656,
os4,0.19020995558128728,
