,job274_scenario4_519,job277_scenario1_525,job278_scenario4_526,
in27,0.6386799095087371,0.5048124698179908,0.5684790743291892,
B14,0.7088807446882849,0.5186707891069977,0.6386799095087371,
B11,0.37197254983665806,0.3284608335257104,0.5888716242865455,
cn12,0.08844259272223165,0.0,0.15864342790177943,
B54,0.7586890299104765,0.611990790640137,0.7586890299104765,
B51,0.7088807446882849,0.5048124698179908,0.6386799095087371,
os4,0.7088807446882849,0.5502373167865053,0.7088807446882849,
