,job732_scenario1_1562,job733_scenario0_1564,
in27,0.07356281582226454,0.0,
B14,0.379213379709443,0.24870792066141345,
B11,0.6192316205129218,0.42195388511110243,
cn12,0.48872616146489223,0.2951542252408883,
B54,0.522341666464774,0.2121225904817473,
B51,0.5640956360755124,0.5805973130128819,
os4,0.6423507868665133,0.46058819261114237,
