,job873_scenario1_1974,
in27,0.4114924682848515,
B14,0.5186707891069977,
B11,0.47515907279604996,
cn12,0.3551499523943107,
B54,0.5453599079755979,
B51,0.0,
os4,0.5453599079755979,
