,job1104_scenario0_3044,
in27,0.27324159034042816,
B14,0.3369081948516268,
B11,0.2870999096294351,
cn12,0.13432607986057465,
B54,0.0,
B51,0.05825564654810789,
os4,0.3369081948516268,
