,job549_scenario0_1093,job550_scenario0_1095,job551_scenario4_1096,
in27,0.49904945005892976,0.5257385689275299,0.7159485245088171,
B14,0.5854430654607875,0.5854430654607875,0.8359576449105566,
B11,0.01443640517786382,0.0,0.31728685580355886,
cn12,0.38215999176788884,0.39523310987950033,0.6457476893292693,
B54,0.6071133818292294,0.6190585704606693,0.7973233374105165,
B51,0.428848614879382,0.4706025844901205,0.7657568097310088,
os4,0.5959394041070778,0.5755468541497216,1.0759758857140354,
