,job766_scenario0_1665,job768_scenario2_1668,
in27,0.2905977369349587,0.4372959762052983,
B14,0.37699135233681647,0.6773142170087771,
B11,0.0,0.15864342790177943,
cn12,0.1768851854444633,0.34040602215715043,
B54,0.05369915824217841,0.3488533834830666,
B51,0.4523608269474366,0.4106068573366982,
os4,0.4523608269474366,0.7475150521883249,
