,job308_scenario2_587,job309_scenario2_590,job310_scenario2_591,
in27,0.3344169783052027,0.3344169783052027,0.3591929665162358,
B14,0.49306040620698216,0.5632612413865299,0.5632612413865299,
B11,0.35265873584788643,0.30285045062569504,0.3344169783052027,
cn12,0.05233587117592575,0.0,0.024197902322176112,
B54,0.42285957102743443,0.42285957102743443,0.4544260987069421,
B51,0.1442070227239155,0.18284133022395554,0.16898301093494872,
os4,0.9232886025917482,0.8032794821900088,0.7330786470104609,
