,job297_scenario1_570,job302_scenario3_579,job303_scenario2_580,
in27,0.40934308119371976,0.4875982319847207,0.3804199111625745,
B14,0.04351171631094786,0.26041079076083506,0.26041079076083506,
B11,0.28933396079198037,0.46447906563112923,0.28933396079198037,
cn12,0.3147163824176348,0.5142873508533209,0.3339736065830996,
B54,0.6342964712550603,0.5844881860328687,0.444086515673773,
B51,0.39427823045158145,0.8245064268363475,0.36758911158298135,
os4,0.0,0.10176736285905574,0.10176736285905574,
