,job228_scenario1_449,job229_scenario0_451,job230_scenario2_452,job231_scenario4_454,job232_scenario1_455,
in27,0.16543396737025406,0.0,0.07356281582226443,0.22718744122388557,0.10717832082214618,
B14,0.6027299435755524,0.47222448452752275,0.8427481843790312,0.652538228797744,0.5823373936181961,
B11,0.22718744122388557,0.08298041849997007,0.3156300339461172,0.5058399895274044,0.2106857642865162,
cn12,0.4440865156737729,0.2786525483035188,0.49389480089596455,0.6258491099291439,0.4198886133515968,
B54,0.8427481843790312,0.46232827321645686,0.7725473491994834,0.652538228797744,0.652538228797744,
B51,0.4275848387364035,0.41251998799426526,0.3858308691256651,0.6027299435755524,0.3986616687052582,
os4,0.11736576275337696,0.047164927573829174,0.3075757183346641,0.3075757183346641,0.18756659793292474,
