,job297_scenario1_570,job299_scenario0_572,job300_scenario0_573,job301_scenario1_575,
in27,0.307575718334664,0.17987037254811789,0.16543396737025406,0.2925108675925257,
B14,0.38583086912566494,0.2658217487239256,0.25387656009248566,0.38583086912566494,
B11,0.307575718334664,0.18756659793292463,0.17250174719078626,0.38583086912566494,
cn12,0.21294901955857903,0.032100076831690694,0.03533636849403077,0.204068274870294,
B54,0.5325291083960044,0.2658217487239256,0.2925108675925257,0.41251998799426515,
B51,0.013858319289006826,0.028923170031145196,0.045424846968514565,0.0,
os4,0.34231915281471725,0.21294901955857903,0.22231003241297798,0.32407739527203344,
