,job624_scenario1_1290,
in27,0.48392735462694436,
B14,0.4421733850162059,
B11,0.0,
cn12,0.41905421866261444,
B54,0.15864342790177943,
B51,0.363918234225205,
os4,0.1817625942553709,
