,job27_scenario3_57,
in27,0.19020995558128712,
B14,0.0,
B11,0.3600273612052181,
cn12,0.19020995558128712,
B54,0.0,
B51,0.03156652767950763,
os4,0.3600273612052181,
