,job434_scenario1_853,job437_scenario3_856,
in27,0.4905328202532479,0.5789754129754796,
B14,0.6491762481550274,0.7691853685567668,
B11,0.4905328202532479,0.6105419406549873,
cn12,0.34632579752933235,0.5522862941068793,
B54,0.45896629257374016,0.3887654573941923,
B51,0.05886779767325079,0.2340129025123997,
os4,0.0,0.20845171312397115,
