,job671_scenario0_1401,job674_scenario2_1409,
in27,0.3077134379995142,0.4604872677683749,
B14,0.5306881029479227,0.7707063437514015,
B11,0.4678558931257064,0.5955612389122525,
cn12,0.0,0.16402634528454074,
B54,0.612062915849622,0.7707063437514015,
B51,0.43379814889977475,0.43379814889977475,
os4,0.5306881029479227,0.7707063437514015,
