,job591_scenario1_1203,
in27,0.43022819638476595,
B14,0.43022819638476595,
B11,0.43022819638476595,
cn12,0.3025228505982198,
B54,0.6053733012239149,
B51,0.28129590595188125,
os4,0.0,
