,job460_scenario1_903,job462_scenario0_907,
in27,0.4827208231738129,0.37008032812940506,
B14,0.15864342790177943,0.0,
B11,0.5325291083960044,0.35564392295154124,
cn12,0.2658217487239255,0.09912400521069298,
B54,0.6342964712550601,0.43291253795162127,
B51,0.307575718334664,0.307575718334664,
os4,0.5142873508533206,0.42241619930533103,
