,job995_scenario0_2494,
in27,0.0,
B14,0.3587495947941326,
B11,0.4190542186626144,
cn12,0.2754756415029733,
B54,0.4190542186626145,
B51,0.632383340597493,
os4,0.478758715195872,
