,job447_scenario2_877,job448_scenario0_878,job449_scenario1_879,
in27,0.41739739680517274,0.3170096154515012,0.4756530433532805,
B14,0.6841047564772517,0.5374065172069121,0.6342964712550601,
B11,0.14893229043288458,0.0,0.18367572491293782,
cn12,0.48453378804156555,0.3069211369770173,0.45915136641591114,
B54,0.6841047564772517,0.5374065172069121,0.6574156376086515,
B51,0.41739739680517274,0.43022819638476584,0.4440865156737729,
os4,0.8743147120585388,0.5254613285754721,0.5791604868176505,
