,job618_scenario0_1273,
in27,0.1200091204017395,
B14,0.16752417259006447,
B11,0.14214175096441006,
cn12,0.0,
B54,0.1270769002222718,
B51,0.14214175096441006,
os4,0.1768851854444634,
