,job536_scenario0_1065,
in27,0.2372916244072435,
B14,0.3275471819972279,
B11,0.2870999096294351,
cn12,0.14040167035909545,
B54,0.0,
B51,0.4569173152533661,
os4,0.35730074480898294,
