,job829_scenario1_1850,
in27,0.19020995558128712,
B14,0.09688995404814787,
B11,0.19020995558128712,
cn12,0.0,
B54,0.21689907444988732,
B51,0.09688995404814787,
os4,0.1284564817276556,
