,job775_scenario0_1687,
in27,0.2266934706666549,
B14,0.2968943058462028,
B11,0.0,
cn12,0.12000912040173939,
B54,0.3284608335257105,
B51,0.05687606504272391,
os4,0.3067905171572687,
