,job499_scenario1_976,
in27,0.12000912040173939,
B14,0.21332912193487866,
B11,0.13507397114387773,
cn12,0.0,
B54,0.21332912193487866,
B51,0.0597044965332576,
os4,0.10615080111273245,
in4,0.08137481290169934,
B33,0.09332000153313935,
sh10,0.430228196384766,
in22,0.16981740562393097,
