,job1021_scenario0_2621,
in27,0.12330705940774855,
B14,0.14453400405408712,
B11,0.1300975988762233,
cn12,0.0,
B54,0.2185401915984549,
B51,0.23048538022989484,
os4,0.25717449909849494,
in4,0.16028454505034706,
B33,0.27223934984063325,
sh10,0.11047625982815534,
in22,0.17761265106454827,
