,job1177_scenario0_3490,
in27,0.14187518191580828,
B14,0.21543799773807282,
B11,0.18730002888432296,
cn12,0.0,
B54,0.3073091492860624,
B51,0.24905350273795457,
os4,0.20554178642700693,
in4,0.20554178642700693,
B33,0.24905350273795457,
sh10,0.7059708179913207,
in22,0.17885266755840679,
