,job860_scenario1_1938,
in27,0.10350744346437002,
B14,0.06175347385363161,
B11,0.12000912040173944,
cn12,0.0,
B54,0.1586434279017795,
B51,0.07458427343322477,
os4,0.12000912040173944,
in4,0.06175347385363161,
B33,0.0,
sh10,0.04980828522219166,
in22,0.12000912040173944,
