,job817_scenario0_1803,
in27,0.16783868051099882,
B14,0.17589299612245202,
B11,0.16014245512619207,
cn12,0.0,
B54,0.3429837853501477,
B51,0.3429837853501477,
os4,0.19322110213665322,
in4,0.16014245512619207,
B33,0.20258211499105216,
sh10,0.39279207057233934,
in22,0.1843403574483682,
