,job606_scenario2_1236,
in27,0.1442070227239155,
B14,0.35265873584788654,
B11,0.12770534578654613,
cn12,0.0,
B54,0.1442070227239155,
B51,0.03307864701046115,
os4,0.4228595710274344,
in4,0.08595137617580773,
B33,0.302850450625695,
sh10,0.23264961544614723,
in22,0.4228595710274344,
