,job972_scenario2_2396,
in27,0.05634251589054079,
B14,0.16352083671268697,
B11,0.08526568592168604,
cn12,0.009896211311065883,
B54,0.08526568592168604,
B51,0.043511716310947635,
os4,0.2217764832607949,
in4,0.0,
B33,0.2217764832607949,
sh10,0.26041079076083495,
in22,0.26041079076083495,
