,job66_scenario1_143,
in27,0.0813748129016994,
B14,0.15157564808124718,
B11,0.13507397114387776,
cn12,0.0,
B54,0.43022819638476606,
B51,0.19020995558128723,
os4,0.13507397114387776,
in4,0.12000912040173944,
B33,0.0597044965332576,
sh10,0.21332912193487868,
in22,0.15157564808124718,
