,job504_scenario4_985,
in27,0.2538765600924858,
B14,0.13386743969074638,
B11,0.18367572491293793,
cn12,0.10717832082214629,
B54,0.37388568049422516,
B51,0.3240773952720336,
os4,0.22718744122388562,
in4,0.5640956360755124,
B33,0.07356281582226454,
sh10,0.0,
in22,0.18367572491293793,
