,job134_scenario2_279,
in27,0.12000912040173928,
B14,0.3102190759830265,
B11,0.19020995558128717,
cn12,0.0,
B54,0.5004290315643137,
B51,0.2217764832607949,
os4,0.03156652767950768,
in4,0.07020083517954773,
B33,0.16352083671268697,
sh10,0.16352083671268697,
in22,0.2217764832607949,
