,job1074_scenario4_2872,
in27,0.08137481290169934,
B14,0.2400182408034788,
B11,0.2400182408034788,
cn12,0.023119166353591514,
B54,0.0,
B51,0.3600273612052182,
os4,0.2013839333034388,
in4,0.3600273612052182,
B33,0.023119166353591514,
sh10,0.3600273612052182,
in22,0.011173977722151562,
