,job972_scenario0_2712,
in27,0.13386743969074633,
B14,0.0250322970111585,
B11,0.10110273032362516,
cn12,0.0,
B54,0.19357193622400393,
