,job512_scenario4_1025,
in27,0.027761175314687803,
B14,0.41198643884208214,
B11,0.24001824080347867,
cn12,0.30085806312862773,
B54,0.0,
