,job415_scenario2_814,job417_scenario3_816,
in27,0.12000912040173939,0.10119131290762334,
B14,0.3986616687052583,0.21002645558721117,
B11,0.5888716242865455,0.3300355759889506,
cn12,0.0,0.019816500005924054,
B54,0.22884426308132727,0.09001733518547178,
