,job809_scenario0_1906,
in27,0.5238818587705738,
B14,0.5056401012278899,
B11,0.441308864181261,
cn12,0.0,
B54,0.5802243746611147,
