,job505_scenario3_1007,
in27,0.0,
B14,0.4151633456426277,
B11,0.36535506042043603,
cn12,0.326720752920396,
B54,0.3884742267740275,
