,job217_scenario3_402,job220_scenario0_406,job223_scenario1_411,job224_scenario1_413,job225_scenario2_415,job226_scenario3_419,job227_scenario3_421,
in27,0.6128458929692449,0.3521716634322526,0.4225387646041045,0.3960882337302103,0.2886615675215585,0.1886352131180471,0.0,
B14,0.9883883953209117,0.7121990246374708,0.7011913129076234,0.7765081448927847,0.6375149510046252,0.6574977170028532,0.2084517131239711,
B11,0.9497540878208717,0.6308242117357714,0.7629447867612549,0.744941617213277,0.5823789665672157,0.46728776142156603,0.30177171465711033,
cn12,0.9181875601413639,0.4969567720450251,0.581182192505884,0.4910650571207912,0.5175058306028858,0.3472786410198266,0.181762594255371,
B54,0.847986724961816,0.6806324969579631,0.7398256204076634,0.8649507376150163,0.7575240714063646,0.39708692624201813,0.2235165638661094,
