,job776_scenario1_1811,job777_scenario0_1813,
in27,0.47216517023247356,0.08724441103461822,
B14,0.41041169637884206,0.13507397114387776,
B11,0.4286534539215259,0.10615080111273245,
cn12,0.28195521465118645,0.0,
B54,0.6188634095028132,0.3600273612052183,
