,job207_scenario4_381,job208_scenario3_383,job210_scenario4_387,job211_scenario0_391,job212_scenario1_392,job213_scenario0_393,
in27,1.0248074810298757,1.1785011781183456,0.7521131134432739,0.4259268375252906,0.42217388077331286,0.2870999096294351,
B14,0.9749991958076841,0.9384829373148669,0.917547080813528,0.5957442431492216,0.47730986521072233,0.29446853498676673,
B11,0.784789240226397,0.7096386742335397,0.7659714327322809,0.1561550339100567,0.0830316347591411,0.0,
cn12,1.1448166014316152,0.8833469528774573,0.8592914342654201,0.3023477646085425,0.31021907598302667,0.14352133246979404,
B54,1.0248074810298757,1.0584920577166064,1.196199629117047,0.50730165042699,0.527118150432914,0.3684747225311345,
