,job740_scenario1_1667,job741_scenario1_1669,
in27,0.38874138001040026,0.36002736120521817,
B14,0.49885428910107366,0.0,
B11,0.4641108546210204,0.36002736120521817,
cn12,0.3606034111566504,0.24991445211454477,
B54,0.5690551242806215,0.6204381519660532,
