,job573_scenario3_1178,job575_scenario0_1180,job578_scenario2_1184,job579_scenario3_1189,
in27,0.7371268703275462,0.4928672811865508,0.4823207966064845,0.49688284724982223,
B14,0.7602460366811377,0.6583012485568049,0.7490281562785635,0.23647205648898717,
B11,0.7167343203701899,0.4624141757549916,0.4823207966064845,0.37687372684808285,
cn12,0.29304035465377337,0.0,0.12229343540126625,0.01684636564286457,
B54,0.8185016832292455,0.6583012485568049,0.9392381118598506,0.21823029894630336,
