,job535_scenario4_1081,job538_scenario1_1085,job539_scenario2_1087,job540_scenario1_1090,
in27,0.880795484641558,0.49329887562411145,0.4856149049971582,0.22382546058116903,
B14,0.6874086222597253,0.5407606468263674,0.6425182522936232,0.3024736570866331,
B11,1.2225810883040924,0.8830797996410849,1.0025456134988415,0.6042453717437435,
cn12,0.6506734551491451,0.4024431906989029,0.30013252129586465,0.0,
B54,1.102571967902353,0.9034723495984409,0.7807691302380465,0.6309344906123435,
