,job363_scenario0_681,job364_scenario2_688,job366_scenario1_693,job367_scenario2_695,
in27,0.5947455506374137,0.6381522165662727,0.4441685950679744,0.3053416671721189,
B14,0.5520050452357543,0.5798965700181649,0.41747947619937426,0.2555333819499273,
B11,0.3382256328965655,0.2892988330832061,0.12688173926441548,0.0,
cn12,0.48180421005620655,0.5462810650182832,0.3943603098457828,0.2555333819499273,
B54,0.7533889785391932,0.6563939741089566,0.6841868358714531,0.33690819485162665,
