,job552_scenario1_1115,job553_scenario1_1118,job554_scenario0_1122,
in27,1.0899699544054204,0.9778873508545652,0.5802243746611148,
B14,1.4456138773569616,1.4219738665283381,0.7772248697108768,
B11,0.7575590659884017,0.7654855828392859,0.2745026051126962,
cn12,0.5767101232615135,0.47452373102172407,0.0,
B54,1.2940382292757144,1.1819556257248593,0.7456583420313689,
