,job291_scenario1_545,
in27,0.25723388396028957,
B14,0.8310406575046967,
B11,0.40081246111993074,
cn12,0.0,
B54,0.8310406575046967,
