,job968_scenario0_2686,
in27,0.0,
B14,0.270840551224084,
B11,0.030186946174123874,
cn12,0.3013916122808107,
B54,0.36709514102575047,
