,job474_scenario0_933,job475_scenario0_934,job481_scenario0_947,job482_scenario0_949,job483_scenario0_951,job484_scenario2_952,job485_scenario2_953,
in27,0.6696247852281155,0.7176071583918768,0.48674283447732974,0.3813363852457583,0.20237612262545002,0.23138787524059345,0.18963390562985494,
B14,0.7367611764645083,0.7674154436140684,0.5253771419773698,0.3813363852457583,0.37021480313644894,0.30964302603159444,0.36789867257970227,
B11,0.9180903873575106,0.8836192116509879,0.638318482558577,0.5503193961807069,0.41828300775332616,0.4215978308218806,0.3926746607907354,
cn12,0.4521378101696688,0.444824208221277,0.22633204371649474,0.15844826694392333,0.0,0.039437839053991786,0.030990477728075505,
B54,0.5376704761949362,0.5477897527679458,0.3169254288533988,0.22522054329771313,0.1617630900124779,0.19808126695577122,0.19808126695577122,
