,job643_scenario0_1357,job644_scenario2_1358,job645_scenario0_1361,job647_scenario4_1363,
in27,0.2424232348143756,0.23747350400106604,0.008529440720117965,0.09688995404814793,
B14,0.20523777729948517,0.5392452186581764,0.006872618862676205,0.0,
B11,0.49750632635999276,0.5392452186581764,0.23571688194400342,0.5538072693015141,
cn12,0.23192689616808543,0.3574826244028054,0.011891421362834609,0.21689907444988737,
B54,0.5757614771509938,0.685943457928516,0.3557260023457429,0.3951638413997347,
