,job940_scenario2_2547,
in27,0.36146418740044933,
B14,0.5516741429817366,
B11,0.3734093760318893,
cn12,0.32989765972094165,
B54,0.0,
