,job997_scenario2_2851,
in27,0.14669823927033965,
B14,0.0,
B11,0.2933964785406791,
cn12,0.15514560059625582,
B54,0.6738163897032535,
