,job608_scenario2_1269,
in27,0.0,
B14,0.39866166870525827,
B11,0.25196342943491873,
cn12,0.04600293285737167,
B54,0.31021907598302667,
