,job265_scenario0_489,job266_scenario4_490,job268_scenario2_492,job270_scenario1_499,job271_scenario1_501,job272_scenario4_502,
in27,0.543884911001454,0.7350270933018659,0.65123016778425,0.42100241794140286,0.4499067801226809,0.7727083102987952,
B14,0.5893097579699687,0.7350270933018659,0.8761835578455905,0.574627043343024,0.4316650225799971,0.6526991898970558,
B11,0.21278071982738112,0.34298291401282976,0.20714365211047703,0.08120854690939533,0.0,0.047325888673140915,
cn12,0.41416465313081985,0.6261919506222782,0.556603469008165,0.37636277215028363,0.266231055209743,0.3575449646561675,
B54,0.4736840758219062,0.5946254229427704,0.6361653170421118,0.7213252826133635,0.36146418740044933,0.3922883991362207,
