,job239_scenario3_445,
in27,0.45087705514224763,
B14,1.0081821517492853,
B11,0.4895113626422877,
cn12,0.0,
B54,0.5077531201849717,
