,job281_scenario0_519,job283_scenario1_522,job285_scenario1_526,job286_scenario4_527,
in27,0.5594143279560213,0.6676010458009884,0.6487832383068723,0.5595983296409044,
B14,0.32593031782089193,0.42758280499750956,0.3273901846016941,0.1995709684356861,
B11,0.227148142065491,0.2910720076584008,0.18698851424259855,0.23113749611519385,
cn12,0.07937784634906386,0.15599803651452304,0.03223595936080592,0.0,
B54,0.6731268794465168,0.651099368863619,0.6874175458069124,0.5329092107723042,
