,job514_scenario1_1027,job515_scenario4_1030,job516_scenario0_1032,job518_scenario0_1034,
in27,0.5349561536507748,0.5863943868126067,0.23423833698187246,0.07501885912866091,
B14,1.1322751392632364,1.0433117020659728,0.7316029246030314,0.6021370095615749,
B11,1.1118825893058801,1.3802198969175996,0.7973064533479712,0.5596973496967148,
cn12,0.633052639152054,0.5846366401123975,0.14548684754458152,0.0,
B54,0.6495543160894235,0.7913482726310541,0.36269481870952824,0.3669961775690036,
