,job397_scenario0_778,job398_scenario1_780,
in27,0.18714551163813242,0.22120043330936284,
B14,0.1782647669498474,0.078072146554032,
B11,0.19650652449253136,0.2794560798574708,
cn12,0.0,0.015239936731815784,
B54,0.20640273580359725,0.22120043330936284,
