,job45_scenario1_91,job47_scenario0_94,job49_scenario4_96,job50_scenario1_99,job51_scenario0_101,job52_scenario2_102,job53_scenario1_103,job54_scenario0_104,
in27,1.0600960525317122,0.9629088009114042,0.9964716632858271,0.9440909934172881,0.6800172340017719,0.7455069263627163,0.5568717132446692,0.47960309824458913,
B14,1.4306197523832207,1.0678530705710054,1.0729690673766188,0.9440909934172881,0.7140749782277037,0.8655160467644557,0.6066799984668607,0.4866708780651213,
B11,1.190601511579742,0.8509539961211179,1.093361617333975,0.8792178574529581,0.5796294526481005,0.7188178074941161,0.6382465261463686,0.3897809240169734,
cn12,0.7132916463690195,0.47053408495854354,0.996471663285827,0.4952279937753751,0.2262195808591042,0.3482941076426076,0.1426949033929623,0.0,
B54,0.7834924815485673,0.6923105682193385,0.8378282353840476,0.6236844755030307,0.43999899319829316,0.5988086870923767,0.4599817591965212,0.3399726387947818,
