,job508_scenario0_1014,
in27,0.4411667742571062,
B14,0.21485009712951325,
B11,0.0,
cn12,0.27806464769495937,
B54,0.4935026454330322,
