,job529_scenario0_1061,job530_scenario4_1062,job532_scenario0_1074,job533_scenario2_1075,
in27,1.275307228517458,1.4275553084400656,0.7309933002827766,0.8049994878271445,
B14,1.0481197872935726,1.078701924956999,0.48360643412196624,0.7236246749254451,
B11,0.9557271396800325,1.1720219264901381,0.4365247652960099,0.4928672811865509,
cn12,0.5054442208848301,0.85062887278496,0.0,0.22972987402948064,
B54,1.3019963473860583,1.6675735492435444,0.9138346305067322,0.9952094434084316,
