,job161_scenario0_308,job163_scenario0_310,job167_scenario2_316,job168_scenario1_317,job169_scenario0_320,job170_scenario2_321,job171_scenario1_322,
in27,0.6358302906445658,0.5930110453716662,0.5630192601553985,0.5496221680161727,0.27278295017059984,0.21533083517644375,0.18376430749693606,
B14,0.6625194095131659,0.6632118805512139,0.6278923961197285,0.6261195721069643,0.3429837853501477,0.444175098257771,0.2272760238078837,
B11,0.4225011687096871,0.43207438443602003,0.34612018570551123,0.33629304608129396,0.006075590498520911,0.029011752615143327,0.1072669034061442,
cn12,0.4336751464318387,0.3680576553103257,0.44301013975365905,0.40649388126084174,0.0,0.13395602227474446,0.013946901873004958,
B54,0.7975933806570437,0.7130201657734055,0.9230466213606168,0.8865303628677994,0.35415776307229924,0.37397426307822323,0.30377342789867534,
