,job791_scenario4_1846,job792_scenario2_1848,job793_scenario3_1849,job794_scenario1_1850,
in27,0.3384652016222879,0.08639361540185764,0.1546746010269121,0.03605912513392212,
B14,0.3384652016222879,0.2667073596720789,0.27468372142865155,0.24793939708365115,
B11,0.08194528388143962,0.0,0.24311719374914376,0.04655546378021236,
cn12,0.4269077943445195,0.1617630900124778,0.433327149330431,0.05772944150236392,
B54,0.3770995091223279,0.17826476694984722,0.2164280748805436,0.1896837505355432,
