,job711_scenario3_1570,job713_scenario1_1574,
in27,0.5380646465525459,0.1670907892276957,
B14,0.3794212186507666,0.07020083517954778,
B11,0.3194078254024494,0.14669823927033954,
cn12,0.3896086605819973,0.0,
B54,0.28610121711762726,0.40710903003117455,
