,job188_scenario3_347,job189_scenario0_348,job191_scenario1_355,job193_scenario1_357,job194_scenario1_359,job195_scenario3_360,job196_scenario2_361,job197_scenario0_362,job198_scenario1_365,job199_scenario1_367,
in27,0.7421417509644099,0.6372417788039784,0.5749579455970418,0.5882499723264162,0.46399583587589144,0.6683890076460849,0.5175058306028857,0.36986119639661397,0.26590382811812713,0.1768851854444632,
B14,0.5684334723204921,0.35858923050045954,0.4976893305969618,0.34116395170240504,0.29647166328582697,0.3581699316630582,0.2570950398420507,0.15691217683803493,0.10726040021634764,0.0,
B11,0.9670951410257504,0.6199136727897772,0.5980771119506334,0.7082590927281556,0.5435576839098382,0.6101333610979769,0.5357475881455696,0.34447877477095956,0.6961320245028931,0.15864342790177938,
cn12,0.8203969017554109,0.4697176062139139,0.5121257357748257,0.5743916530374092,0.44666772986169023,0.5483798872443455,0.4157384677438302,0.1922485453320657,0.21609554289593552,0.007067779820532194,
B54,0.67726861500008,0.45009626716584616,0.4345562752379462,0.34823173152293735,0.4937493986876465,0.26293679947235193,0.3161218972994469,0.3294139240288213,0.09608642249419608,0.07726861500008003,
