,job145_scenario1_279,job150_scenario4_291,job151_scenario2_293,job152_scenario2_296,
in27,0.5790741772657112,0.41534522523645,0.242833720653864,0.15475255488179251,
B14,1.1608780217317243,1.1944268051042828,0.9019061801199573,0.5934281125924749,
B11,0.6225858935766588,0.45885694154739776,0.16633631656307224,0.0,
cn12,0.7089795089785166,0.5739886531382294,0.372061413290808,0.13163338852820106,
B54,0.8822254734282056,0.7255643012194766,0.6232536318164384,0.2832090366094482,
