,job617_scenario0_1289,job618_scenario0_1291,
in27,0.6131595716150736,0.4743326437192181,
B14,0.17357036237590873,0.0,
B11,0.3622681986262425,0.2090048655525233,
cn12,0.48997354441278873,0.3897809240169734,
B54,0.6932566181056874,0.526291721356082,
