,job612_scenario3_1282,
in27,0.12000912040173933,
B14,0.0,
B11,0.31021907598302656,
cn12,0.03156652767950774,
B54,0.07020083517954775,
