,job437_scenario3_856,job442_scenario0_868,job444_scenario3_870,job445_scenario2_875,job446_scenario3_876,
in27,0.4812346632945709,0.2786525483035186,0.6216363336536666,0.3711217542038975,0.5514354984741188,
B14,0.8616545744571453,0.6328103113758181,0.7416454540554058,0.8230202669571053,0.8230202669571053,
B11,0.4047372592037791,0.1914081372689005,0.43142637807237927,0.27278295017059984,0.3612255428928315,
cn12,0.3043494778501076,0.0,0.27278295017059984,0.1843403574483682,0.42435859825184696,
B54,0.7212529040980497,0.4545455444259707,0.5514354984741188,0.671444618875858,0.7914537392775975,
