,job366_scenario0_699,job371_scenario3_708,job373_scenario1_710,job374_scenario1_711,job375_scenario2_712,
in27,0.0,0.3043494778501078,0.11413952226882063,0.13891551047985373,0.12608471090026074,
B14,0.5464166959739607,0.7948822981033558,0.7366266515552478,0.6433066500221085,0.763315770423848,
B11,0.2520136066741818,0.6046723425220686,0.4144623869407813,0.4144623869407813,0.3646541017185897,
cn12,0.2694209695278835,0.763315770423848,0.46299290575188734,0.41065703457596137,0.4437356815864225,
B54,0.39279207057233956,0.5029049796630128,0.6046723425220686,0.5232975296203692,0.6046723425220686,
