,job493_scenario2_968,job494_scenario0_969,job495_scenario3_971,job496_scenario3_972,job497_scenario1_973,job498_scenario0_974,job499_scenario1_976,
in27,0.44217338501620596,0.32216426461446646,0.899090700269572,0.48392735462694436,0.430228196384766,0.31021907598302656,0.46886250388480605,
B14,0.15864342790177943,0.049808285222191606,0.1817625942553709,0.3986616687052582,0.13825087794442315,0.0,0.1817625942553709,
B11,0.5888716242865455,0.3417856036625344,0.5621825054179452,0.899090700269572,0.6590724594660933,0.430228196384766,0.48392735462694436,
cn12,0.430228196384766,0.19020995558128717,0.5004290315643138,0.5004290315643138,0.363918234225205,0.2217764832607949,0.3488533834830666,
B54,0.7790815798678327,0.3986616687052583,0.5186707891069976,0.5888716242865455,0.7088807446882848,0.430228196384766,0.5621825054179452,
