,job337_scenario2_644,job341_scenario3_650,job346_scenario3_660,job347_scenario1_662,job348_scenario1_664,
in27,0.41636987709575907,0.6702464371882448,0.5818038444660132,0.4035390775161659,0.5502373167865054,
B14,0.4035390775161659,0.48003648160695755,0.5235481979179053,0.46179472406427374,0.5818038444660132,
B11,0.043511716310947635,0.26041079076083495,0.10176736285905552,0.0,0.10176736285905552,
cn12,0.30315129616249437,0.39159388888472596,0.430228196384766,0.35066634835081933,0.3600273612052183,
B54,0.5004290315643138,0.7404472723677926,0.5502373167865054,0.7404472723677926,0.48003648160695755,
