,job159_scenario0_333,job160_scenario0_334,job161_scenario4_335,job162_scenario1_336,
in27,0.018906390078114232,0.03276470936712106,0.22297466494840823,0.22297466494840823,
B14,0.037333221462969135,0.04782956010925943,0.21764696573319042,0.08377952604244399,
B11,0.2341486426705598,0.21764696573319042,0.7528194317775574,0.6328103113758181,
cn12,0.012372159409764882,0.0,0.32259123539279144,0.1758929961224519,
B54,0.5443677186535865,0.5128011909740786,0.7528194317775574,0.5443677186535865,
