,job267_scenario0_509,job274_scenario4_519,job275_scenario0_520,job276_scenario1_522,job277_scenario1_525,
in27,0.11709919370477517,0.2618843023175478,0.18730002888432296,0.2618843023175478,0.42731826968780173,
B14,0.5473273900895412,0.656162532769129,0.5473273900895412,0.5721033783005742,0.5721033783005742,
B11,0.4659525771878418,0.7059708179913207,0.48907174354143335,0.617528225269089,0.8259799383930599,
cn12,0.03215442828806714,0.30730914928606234,0.0,0.2757426216065546,0.16310212656214684,
B54,0.36906262313969385,0.5473273900895412,0.3255509068287463,0.48907174354143335,0.5473273900895412,
