,job464_scenario3_909,job465_scenario2_910,job466_scenario3_914,
in27,1.078041157473541,0.7678220814905143,0.7678220814905143,
B14,0.5980046758665833,0.7180137962683228,0.6478129610887751,
B11,0.5011147218184354,0.46248041431839537,0.43091388663888763,
cn12,0.09108595037059408,0.0,0.19826427119274037,
B54,0.3553020934962492,0.3553020934962492,0.3388004165588797,
