,job508_scenario3_996,job512_scenario4_1005,job513_scenario1_1006,
in27,0.16352083671268702,0.08526568592168615,0.009896211311065883,
B14,0.47730986521072233,0.6471272708346534,0.38041991116257445,
B11,0.5973189856124618,0.527118150432914,0.42217388077331286,
cn12,0.26041079076083495,0.2372916244072435,0.014316959458835044,
B54,0.31021907598302667,0.19020995558128717,0.0,
