,job755_scenario1_1631,
in27,0.39721281872010866,
B14,0.0,
B11,0.030117677694358136,
cn12,0.2922685490605076,
B54,0.08699374273708205,
