,job160_scenario0_334,job161_scenario4_335,job163_scenario1_338,job166_scenario0_345,job167_scenario4_346,
in27,0.013858319289006937,0.2040682748702941,0.14893229043288458,0.0,0.4440865156737729,
B14,0.6269278458977285,0.7967452515216595,0.8283117792011673,0.6628778118309131,0.8283117792011673,
B11,0.571791861460319,1.106964327504686,0.6918009818620584,0.5567270107181806,1.106964327504686,
cn12,0.12530063264580138,0.4478918680385928,0.28544308777199334,0.15806534201292244,0.4131484335585396,
B54,0.5567270107181808,0.7967452515216595,0.7083026587994279,0.4598370566700327,0.7967452515216595,
