,job160_scenario0_334,job166_scenario0_345,job169_scenario3_350,job170_scenario1_351,
in27,0.013858319289006937,0.0,0.10717832082214618,0.13386743969074633,
B14,0.3942782304515813,0.43022819638476595,0.5640956360755124,0.4756530433532806,
B11,0.529352201595459,0.5142873508533207,0.7543055916567996,0.6658629989345679,
cn12,0.3615135210844602,0.3942782304515813,0.5844881860328686,0.5142873508533207,
B54,0.5142873508533208,0.41739739680517274,0.6342964712550601,0.7044973064346078,
