,job643_scenario0_1337,job647_scenario1_1344,job648_scenario0_1345,job649_scenario3_1349,
in27,0.20353472571811126,0.3621781536198905,0.21797113089597486,0.52082158152167,
B14,0.7327018534713989,1.0113544017749179,0.7242544921454828,1.0611626869971094,
B11,0.6744462069232912,0.7327018534713989,0.5811262053901518,0.9411535665953701,
cn12,0.006926386131281603,0.15362462540162114,0.0,0.21188027194972903,
B54,0.8072861269046236,0.8913452813731784,0.7713361609714391,1.0611626869971094,
