,job714_scenario0_1517,job715_scenario1_1519,
in27,0.13386743969074621,0.2040682748702941,
B14,0.5956621637550201,0.6493613219971984,
B11,0.5072195710327885,0.60760735238646,
cn12,0.0,0.13386743969074621,
B54,0.5844881860328686,0.8245064268363473,
