,job697_scenario1_1470,job699_scenario0_1472,
in27,0.24001824080347878,0.12000912040173939,
B14,0.1593210669776408,0.13118309812389095,
B11,0.503155647960549,0.30489137676780875,
cn12,0.297195151383002,0.169817405623931,
B54,0.169817405623931,0.0,
