,job724_scenario2_1540,job725_scenario0_1542,
in27,0.7291566650939992,0.6014513193074531,
B14,0.8074118158850001,0.6642835291296694,
B11,0.48524755127053365,0.42699190472242576,
cn12,0.20736621387630316,0.0,
B54,0.4740735735483821,0.49719273990197355,
