,job360_scenario1_691,job366_scenario0_699,job367_scenario3_701,job369_scenario2_704,
in27,0.10296554454666906,0.0,0.2460938313019999,0.09246920590037866,
B14,0.6956425211980344,0.5987525671498866,1.005861597181061,1.005861597181061,
B11,0.7107073719401727,0.5830020261536266,1.1258707175828004,0.7272090488775422,
cn12,0.26541432481326843,0.08173859990033061,0.48719080807406334,0.30892604112421607,
B54,0.8472181692792816,0.6353378973295526,0.7889625227311736,0.8156516415997739,
