,job360_scenario1_691,job363_scenario3_696,job366_scenario0_699,job367_scenario3_701,job368_scenario0_702,job369_scenario2_704,
in27,0.20736621387630333,0.4087501471797421,0.10440066932963432,0.3504945006316342,0.1300975988762233,0.1968698752300131,
B14,0.25717449909849494,0.27223934984063325,0.16028454505034706,0.5673935750815216,0.2185401915984549,0.5673935750815216,
B11,0.27223934984063325,0.4971927399019737,0.14453400405408712,0.6874026954832609,0.1371653786967555,0.2887410267780027,
cn12,0.1869736639189472,0.2887410267780027,0.003297939006009165,0.4087501471797421,0.0,0.23048538022989484,
B54,0.4087501471797421,0.3771836195002344,0.1968698752300131,0.3504945006316342,0.14453400405408712,0.3771836195002344,
