,job374_scenario1_711,job376_scenario2_713,job379_scenario1_717,job380_scenario4_720,job381_scenario1_722,
in27,0.258497660103268,0.39236509979401424,0.32216426461446646,0.3039225070717826,0.32216426461446646,
B14,0.6092641742439016,0.6794650094234493,0.6590724594660932,1.0394923706286676,0.7025841757770408,
B11,0.6590724594660932,0.6243290249860399,0.7608398223251488,0.7292732946456411,0.6408307019234094,
cn12,0.027761175314687803,0.07020083517954778,0.0,0.2919773184403427,0.12654335107008874,
B54,0.6794650094234493,0.8492824150473803,0.7608398223251488,0.7994741298251888,0.9194832502269282,
