,job938_scenario1_2240,
in27,0.14040167035909562,
B14,0.14040167035909562,
B11,0.15546652110123393,
cn12,0.0,
B54,0.23372167189223486,
