,job193_scenario0_392,job195_scenario1_394,job196_scenario0_395,job199_scenario1_402,job201_scenario0_407,job202_scenario4_408,
in27,0.14040167035909557,0.2919773184403427,0.12654335107008874,0.2217764832607949,0.10763696099197428,0.4506207463421221,
B14,0.5706298667438616,0.652004679645561,0.5077976569216454,0.8106481075473404,0.652004679645561,0.7404472723677926,
B11,0.12000912040173939,0.24655247147182813,0.12000912040173939,0.33061162594038274,0.20010616689235305,0.3537307922939742,
cn12,0.0,0.18084894272688823,0.01332477013682376,0.18084894272688823,0.0,0.26041079076083495,
B54,0.23065722794907983,0.5004290315643138,0.26041079076083495,0.4035390775161658,0.31021907598302656,0.5502373167865054,
