,job807_scenario2_1771,job808_scenario1_1772,
in27,0.31021907598302667,0.2982738873515867,
B14,0.4569173152533662,0.48848384293287395,
B11,0.09688995404814793,0.21689907444988743,
cn12,0.3230498755626198,0.2400182408034789,
B54,0.07020083517954778,0.0,
