,job662_scenario1_1391,job667_scenario3_1397,job669_scenario1_1399,job670_scenario0_1400,job671_scenario0_1401,job672_scenario2_1407,job673_scenario4_1408,job674_scenario2_1409,job675_scenario3_1410,
in27,0.7290899843449121,0.9459890587947996,0.5859616975895814,0.5157608624100335,0.5019025431210266,0.6357699828117729,0.7059708179913207,0.7059708179913207,0.7873456308930201,
B14,0.8259799383930602,0.7059708179913207,0.7873456308930201,0.5859616975895814,0.6357699828117729,0.9459890587947996,0.7873456308930201,0.7059708179913207,0.8757882236152517,
B11,0.6855782680339645,0.7873456308930201,0.6673365104912807,0.5086930825895013,0.5231294877673651,0.6855782680339645,0.8259799383930602,0.6855782680339645,0.9459890587947996,
cn12,0.23710831410651467,0.3957517420082941,0.21543799773807282,0.018568122508059837,0.0,0.30730914928606246,0.3255509068287463,0.2259343363843631,0.23710831410651467,
B54,0.8259799383930602,0.8259799383930602,0.7873456308930201,0.6673365104912807,0.5754653589432911,0.8259799383930602,0.8259799383930602,0.7557791032135124,0.8259799383930602,
