,job743_scenario0_1597,job744_scenario1_1598,
in27,0.401646855808913,0.5844881860328686,
B14,0.07243488634209305,0.2089456836812018,
B11,0.0,0.3240773952720336,
cn12,0.26041079076083506,0.3942782304515814,
B54,0.5142873508533208,0.7044973064346081,
