,job329_scenario2_625,job330_scenario0_628,job334_scenario2_635,job335_scenario1_639,job336_scenario2_641,
in27,0.652061924335408,0.5516741429817364,0.6648927239150011,0.7285593284261996,0.6648927239150011,
B14,0.7489518783835558,0.6938158939461464,0.8303266912852553,0.8303266912852553,0.9187692840074868,
B11,0.7987601636057475,0.573806773544407,0.678751043204008,0.7720710447371473,0.6648927239150011,
cn12,0.21377941233918885,0.0,0.21377941233918885,0.14357857715964084,0.23689857869278041,
B54,0.49341849643362845,0.3032085408523413,0.3418428483523813,0.37340937603188906,0.4120436835319291,
