,job1130_scenario1_3288,
in27,0.18533254677037964,
B14,0.37554250235166686,
B11,0.2555333819499274,
cn12,0.08038827711077856,
B54,0.0,
B51,0.3053416671721191,
os4,0.2786525483035189,
in4,0.10577069873643297,
B33,0.044930876411283904,
