,job1109_scenario2_3131,
in27,0.0,
B14,0.3897809240169733,
B11,0.06570352874493973,
cn12,0.009361012854398942,
B54,0.23113749611519385,
B51,0.1995709684356861,
os4,0.3897809240169733,
in4,0.019257224165464826,
B33,0.12937013325613822,
