,job107_scenario2_208,
in27,0.09833880403329764,
B14,0.4688625038848061,
B11,0.0,
cn12,0.10883514267958788,
B54,0.5888716242865455,
B51,0.09833880403329764,
os4,0.19020995558128723,
in4,0.1586434279017795,
B33,0.4688625038848061,
