,job125_scenario2_240,
in27,0.34885338348306666,
B14,0.4421733850162059,
B11,0.34885338348306666,
cn12,0.3804199111625744,
B54,0.5888716242865455,
B51,0.0,
os4,0.5390633390643539,
in4,0.34885338348306666,
B33,0.14040167035909557,
