,job610_scenario4_1234,
in27,0.41516334564262763,
B14,0.6551815864461065,
B11,0.3765290381425876,
cn12,0.31827339159447976,
B54,0.4649716308648193,
B51,0.4649716308648193,
os4,0.3765290381425876,
in4,0.5351724660443671,
B33,0.0,
