,job197_scenario1_351,job201_scenario0_357,
in27,0.28208110712927675,0.11664713975902263,
B14,0.21188027194972897,0.15362462540162114,
B11,0.4905328202532478,0.13050545904802957,
cn12,0.1620719867275373,0.0,
B54,0.2007062942275774,0.010496338646290182,
B51,0.30032286467196057,0.3207154146293168,
os4,0.2007062942275774,0.12343767922749738,
in4,0.21188027194972897,0.1378740844053612,
B33,0.250514579449769,0.1803137442702213,
