,job496_scenario2_979,
in27,0.1559590863349241,
B14,0.32139305370517823,
B11,0.16981740562393105,
cn12,0.131183098123891,
B54,0.0,
B51,0.14312828675533096,
os4,0.3600273612052183,
in4,0.02941573526483532,
B33,0.4098356464274098,
