,job16_scenario1_36,job17_scenario1_42,
in27,0.1284564817276556,0.03658533017966603,
B14,0.19020995558128712,0.21689907444988732,
B11,0.09688995404814787,0.21689907444988732,
cn12,0.00844736132591617,0.00844736132591617,
B54,0.4071090300311745,0.16709078922769566,
B51,0.07020083517954778,0.11195480479028619,
os4,0.14669823927033943,0.1284564817276556,
in4,0.0,0.11195480479028619,
B33,0.04708166882595627,0.14669823927033943,
