,job16_scenario1_36,
in27,0.1284564817276556,
B14,0.07020083517954773,
B11,0.09688995404814787,
cn12,0.00844736132591617,
B54,0.4071090300311745,
B51,0.07020083517954778,
os4,0.14669823927033943,
in4,0.0,
B33,0.04708166882595627,
