,job674_scenario2_1402,
in27,0.10176736285905541,
B14,0.0,
B11,0.22177648326079485,
cn12,0.17635163629228018,
B54,0.24001824080347867,
B51,0.1404016703590955,
os4,0.5004290315643137,
in4,0.1404016703590955,
B33,0.5004290315643137,
