,job616_scenario0_1248,
in27,0.0977407496809084,
B14,0.2007062942275774,
B11,0.1378740844053612,
cn12,0.0,
B54,0.28208110712927675,
B51,0.26557943019190733,
os4,0.1803137442702213,
in4,0.13050545904802957,
B33,0.28208110712927675,
