,job440_scenario1_853,
in27,0.21689907444988737,
B14,0.2319639251920257,
B11,0.2319639251920257,
cn12,0.20304075516088044,
B54,0.00844736132591628,
B51,0.0,
os4,0.20304075516088044,
in4,0.1200091204017395,
B33,0.12845648172765567,
