,job1077_scenario4_2960,
in27,0.03156652767950774,
B14,0.07020083517954778,
B11,0.3102190759830266,
cn12,0.015064850742138314,
B54,0.3102190759830266,
B51,0.12000912040173944,
os4,0.04980828522219155,
in4,0.430228196384766,
B33,0.0,
