,job980_scenario1_2449,
in27,0.0,
B14,0.1365107973391088,
B11,0.06630996215956103,
cn12,0.0,
B54,0.2951542252408883,
B51,0.12000912040173939,
os4,0.25651991774084826,
in4,0.10494426965960107,
B33,0.12000912040173939,
