,job168_scenario1_301,job169_scenario4_302,
in27,0.32139305370517823,0.5186707891069977,
B14,0.5417899554605892,0.6386799095087371,
B11,0.600045602008697,0.6386799095087371,
cn12,0.3435256842678488,0.4800364816069576,
B54,0.4217808350588498,0.6884881947309287,
B51,0.18805916316661486,0.2898265260256704,
os4,0.4800364816069576,0.5684790743291893,
in4,0.0,0.20845171312397104,
B33,0.38816533005896803,0.4098356464274098,
