,job956_scenario0_2330,
in27,0.22076101663801395,
B14,0.2616885571719206,
B11,0.159921194312865,
cn12,0.03361550499988153,
B54,0.250514579449769,
B51,0.2864645453829537,
os4,0.2616885571719206,
in4,0.1876823696275528,
B33,0.0,
