,job479_scenario4_927,job480_scenario2_929,
in27,0.1365107973391088,0.09108595037059414,
B14,0.34496251046307985,0.25651991774084826,
B11,0.22495339006134052,0.12000912040173939,
cn12,0.1365107973391088,0.025382421625654406,
B54,0.4151633456426277,0.15475255488179263,
B51,0.22495339006134052,0.09108595037059414,
os4,0.19826427119274032,0.5351724660443671,
in4,0.34496251046307985,0.0,
B33,0.1365107973391088,0.34496251046307985,
