,job173_scenario1_311,job174_scenario4_313,
in27,0.07020083517954778,0.14669823927033943,
B14,0.0,0.026689118868600148,
B11,0.11195480479028619,0.5271181504329139,
cn12,0.03658533017966603,0.11195480479028619,
B54,0.05825564654810783,0.09688995404814787,
B51,0.04708166882595627,0.21689907444988732,
os4,0.5271181504329139,0.16709078922769566,
in4,0.03658533017966603,0.21689907444988732,
B33,0.16709078922769566,0.04708166882595627,
