,job361_scenario3_675,job364_scenario2_678,
in27,0.5573050966070378,0.3532368217367436,
B14,0.2968943058462028,0.4871042614274899,
B11,0.6071133818292294,0.4169034262479421,
cn12,0.3172868558035589,0.2786525483035188,
B54,0.4372959762052983,0.5573050966070378,
B51,0.7973233374105165,0.34040602215715043,
os4,0.6071133818292294,0.46041514255888977,
in4,0.46041514255888977,0.3172868558035589,
B33,0.0,0.2786525483035188,
