,job1037_scenario0_2760,
in27,0.15713130857082613,
B14,0.19957096843568622,
B11,0.21996351839304235,
cn12,0.0,
B54,0.3195800888374255,
B51,0.3195800888374255,
os4,0.255913484326227,
in4,0.13590436392448757,
B33,0.19957096843568622,
