,job542_scenario1_1092,job543_scenario0_1093,job546_scenario0_1098,
in27,0.41594854682002314,0.3773142393199832,0.40750118549410697,
B14,0.5541994247644464,0.5043911395422549,0.40750118549410697,
B11,0.5541994247644464,0.444086515673773,0.3843820191405154,
cn12,0.40750118549410697,0.25051457944976907,0.2538765600924858,
B54,0.34574771164047535,0.19417206355922823,0.13386743969074644,
B51,0.0,0.06030462386848201,0.04644630457947496,
os4,0.5745919747218027,0.45458285432006323,0.391750644497847,
in4,0.45458285432006323,0.3843820191405154,0.5359576672217625,
B33,0.8146102155252815,0.4905328202532479,0.41594854682002314,
