,job125_scenario2_240,job127_scenario1_242,
in27,0.4098356464274098,0.4596439316496014,
B14,0.503155647960549,0.561411294508657,
B11,0.4098356464274098,0.349531022558928,
cn12,0.44140217410691757,0.3600273612052182,
B54,0.6498538872308885,0.600045602008697,
B51,0.13118309812389095,0.2196256908461226,
os4,0.7200547224104364,0.561411294508657,
in4,0.4098356464274098,0.3396348112478621,
B33,0.24001824080347878,0.0,
