,job125_scenario2_240,job129_scenario0_244,
in27,0.46886250388480605,0.3893006558508594,
B14,0.16352083671268702,0.0,
B11,0.46886250388480605,0.33499506419405967,
cn12,0.5004290315643138,0.21834792443503703,
B54,0.5888716242865455,0.3488533834830667,
B51,0.31021907598302656,0.5888716242865455,
os4,0.7790815798678327,0.4550041845957991,
in4,0.46886250388480605,0.3893006558508594,
B33,0.3488533834830667,0.1737082786439178,
