,job25_scenario2_52,job27_scenario1_54,
in27,0.32528392672516493,0.3804199111625744,
B14,0.5502373167865053,0.3804199111625744,
B11,0.2963607566940197,0.32528392672516493,
cn12,0.3102190759830266,0.17635163629228023,
B54,0.5004290315643138,0.43022819638476606,
B51,0.2835299571144265,0.40353907751616586,
os4,0.7404472723677926,0.32528392672516493,
in4,0.32528392672516493,0.27158476848298657,
B33,0.09332000153313924,0.0,
