,job1162_scenario4_3486,
in27,0.16352083671268697,
B14,0.1404016703590955,
B11,0.0,
cn12,0.26041079076083495,
B54,0.19020995558128717,
B51,0.3102190759830265,
os4,0.16352083671268697,
in4,0.08526568592168604,
B33,0.3102190759830265,
