,job164_scenario3_312,
in27,0.5271181504329139,
B14,0.4773098652107224,
B11,0.4773098652107224,
cn12,0.3369081948516267,
B54,0.16709078922769582,
B51,0.43867555771068234,
os4,0.5271181504329139,
in4,0.3804199111625744,
B33,0.0,
