,job245_scenario2_457,
in27,0.10038778135367155,
B14,0.24708602062401108,
B11,0.15864342790177938,
cn12,0.03863430750003993,
B54,0.03863430750003993,
B51,0.14214175096440995,
os4,0.5573050966070376,
in4,0.0884425927222316,
B33,0.0,
