,job71_scenario1_142,job72_scenario3_144,job73_scenario1_146,
in27,0.06570352874493973,0.1728818495670859,0.07956184803394667,
B14,0.1995709684356861,0.23113749611519385,0.31958008883742545,
B11,0.1728818495670859,0.31958008883742545,0.2697718036152339,
cn12,0.019257224165464826,0.1728818495670859,0.0,
B54,0.1995709684356861,0.12937013325613822,0.1995709684356861,
B51,0.040927540533906626,0.5097900444187127,0.07956184803394667,
os4,0.12937013325613822,0.31958008883742545,0.11112837571345441,
in4,0.040927540533906626,0.1995709684356861,0.07956184803394667,
B33,0.040927540533906626,0.23113749611519385,0.05287272916534658,
