,job796_scenario0_1858,
in27,0.09431219085515052,
B14,0.19727773540181953,
B11,0.14214175096441006,
cn12,0.0,
B54,0.1867813967555293,
B51,0.2786525483035189,
os4,0.2084517131239711,
in4,0.1270769002222717,
B33,0.24708602062401114,
