,job205_scenario1_377,job206_scenario1_379,job207_scenario4_381,
in27,0.09108595037059414,0.10494426965960107,0.1365107973391088,
B14,0.10494426965960107,0.1365107973391088,0.2951542252408883,
B11,0.10494426965960107,0.12000912040173939,0.25651991774084826,
cn12,0.05513598443740947,0.0,0.17514510483914886,
B54,0.25651991774084826,0.25651991774084826,0.25651991774084826,
B51,0.17514510483914886,0.07825515079100098,0.2951542252408883,
os4,0.15475255488179263,0.15475255488179263,0.22495339006134052,
in4,0.10494426965960107,0.06630996215956103,0.5351724660443671,
B33,0.09108595037059414,0.15475255488179263,0.09108595037059414,
