,job341_scenario0_643,
in27,0.2898265260256704,
B14,0.35066634835081933,
B11,0.31021907598302656,
cn12,0.18314217576075487,
B54,0.0,
B51,0.09332000153313924,
os4,0.3600273612052183,
in4,0.3417856036625343,
B33,0.41636987709575907,
