,job48_scenario2_95,job50_scenario1_99,
in27,0.39204417928903607,0.37165162933167994,
B14,0.6818707053147064,0.4916607497334192,
B11,0.4916607497334192,0.42799414522222073,
cn12,0.38154784064274583,0.3449625104630798,
B54,0.5934281125924749,0.5934281125924749,
B51,0.0,0.09688995404814782,
os4,0.5120532996907754,0.35340987178899597,
in4,0.40321815701118763,0.39204417928903607,
B33,0.6320624200925149,0.4151633456426276,
