,job267_scenario3_491,job268_scenario2_492,
in27,0.5888716242865455,0.38480334941625133,
B14,0.32846083352571054,0.20845171312397115,
B11,0.5502373167865054,0.38480334941625133,
cn12,0.5186707891069977,0.3383570448367764,
B54,0.08844259272223165,0.08844259272223165,
B51,0.34885338348306666,0.0,
os4,0.31021907598302656,0.31021907598302656,
in4,0.7088807446882849,0.39866166870525827,
B33,0.5186707891069977,0.5888716242865455,
