,job212_scenario1_392,job213_scenario0_393,
in27,0.4734189921907354,0.3218433441094882,
B14,0.5618615849129671,0.42799414522222073,
B11,0.44185246451122767,0.3369081948516266,
cn12,0.3218433441094882,0.18467796541273274,
B54,0.5934281125924749,0.42799414522222073,
B51,0.5934281125924749,0.4151633456426276,
os4,0.4916607497334192,0.38154784064274583,
in4,0.4151633456426276,0.3449625104630798,
B33,0.012830799579592989,0.0,
