,job831_scenario1_2005,
in27,0.22177648326079485,
B14,0.22177648326079485,
B11,0.22177648326079485,
cn12,0.12990533171280527,
B54,0.31021907598302656,
B51,0.0,
os4,0.2604107907608349,
in4,0.19020995558128712,
B33,0.19020995558128712,
