,job692_scenario1_1514,
in27,0.4023325460630346,
B14,0.49922250011118247,
B11,0.522341666464774,
cn12,0.340579072209403,
B54,0.522341666464774,
B51,0.0,
os4,0.4605881926111424,
in4,0.4023325460630346,
B33,0.444086515673773,
