,job308_scenario1_578,job310_scenario1_580,job311_scenario1_581,
in27,0.31021907598302656,0.26846510637228815,0.31021907598302656,
B14,0.3884742267740275,0.3884742267740275,0.36535506042043603,
B11,0.3884742267740275,0.26846510637228815,0.3884742267740275,
cn12,0.19826427119274037,0.2348496013724064,0.19826427119274037,
B54,0.44672987332213543,0.44672987332213543,0.4853641808221755,
B51,0.0,0.01650167693736937,0.01650167693736937,
os4,0.36535506042043603,0.4151633456426277,0.29515422524088825,
in4,0.21559237720694158,0.26846510637228815,0.26846510637228815,
B33,0.31021907598302656,0.326720752920396,0.2812959059518813,
