,job302_scenario1_566,job303_scenario0_567,
in27,0.2667073596720791,0.1080639317702996,
B14,0.38671648007381854,0.19650652449253136,
B11,0.2817722104142174,0.16176309001247802,
cn12,0.16176309001247802,0.0,
B54,0.4182830077533263,0.22807305217203905,
B51,0.06263908480178493,0.06263908480178493,
os4,0.29827388735158683,0.21689907444988749,
in4,0.25284904038307215,0.19650652449253136,
B33,0.2667073596720791,0.29827388735158683,
