,job430_scenario1_840,job433_scenario1_844,
in27,0.42096734932018137,0.470775634542373,
B14,0.5409764697219208,0.5640956360755123,
B11,0.5205839197645645,0.4858404852845113,
cn12,0.3738856804942251,0.3912137865084263,
B54,0.5907847549441124,0.6223512826236202,
B51,0.0,0.045424846968514565,
os4,0.5640956360755123,0.5205839197645645,
in4,0.42096734932018137,0.42096734932018137,
B33,0.1921230862388541,0.15348877873881406,
