,job641_scenario3_1354,job642_scenario4_1355,job643_scenario0_1357,job644_scenario2_1358,
in27,0.2538765600924856,0.204068274870294,0.0,0.12000912040173928,
B14,0.8813824918790711,0.8427481843790311,0.6413642510755924,0.8427481843790311,
B11,0.9311907771012626,0.8111816566995234,0.5640956360755123,0.7613733714773316,
cn12,0.7227390639772917,0.7062373870399222,0.4307617455369489,0.594282582249636,
B54,0.7613733714773316,0.8427481843790311,0.6644834174291838,0.8813824918790711,
