,job459_scenario0_907,job461_scenario1_909,job464_scenario1_913,job465_scenario0_914,job468_scenario0_919,
in27,0.1430450280074581,0.2919773184403428,0.2630541484091975,0.17196819803860341,0.14983556747593274,
B14,0.18167933550749826,0.2630541484091975,0.35149674113142926,0.15192577269574303,0.1612867855501421,
B11,0.43555589559998387,0.6488850175348626,0.587131543681231,0.4429245209573155,0.4429245209573155,
cn12,0.0,0.18084894272688845,0.18084894272688845,0.003236291662340074,0.013324770136823982,
B54,0.26846510637228815,0.4853641808221755,0.32672075292039604,0.26846510637228815,0.2453459400186967,
