,job669_scenario0_1444,
in27,0.33793571456104043,
B14,0.39764021109429804,
B11,0.3112465956924403,
cn12,0.21435664164429236,
B54,0.0,
