,job245_scenario2_457,job246_scenario2_459,job247_scenario1_463,
in27,0.0,0.026689118868600037,0.04175396961073852,
B14,0.6564882836890522,0.8466982392703394,0.5862874485095043,
B11,0.32802745016334167,0.32802745016334167,0.34626920770602554,
cn12,0.20801832976160228,0.2168990744498872,0.2578266149837939,
B54,0.68805481136856,0.68805481136856,0.7764974040907915,
