,job630_scenario3_1321,job631_scenario4_1322,
in27,0.38233304182014133,0.44408651567377283,
B14,0.026689118868600148,0.0,
B11,0.5023421622218808,0.47077563454237303,
cn12,0.21036484378153786,0.14669823927033943,
B54,0.42096734932018137,0.6609855901236602,
