,job885_scenario4_2206,job886_scenario2_2208,
in27,0.29904509826087505,0.20215514421272718,
B14,0.4190542186626145,0.46886250388480605,
B11,0.020392549957356176,0.0,
cn12,0.21498594379232033,0.16853963921284543,
B54,0.3221642646144665,0.3488533834830667,
