,job245_scenario2_457,job246_scenario2_459,job248_scenario3_464,
in27,0.0,0.026689118868600148,0.12000912040173939,
B14,0.6471272708346534,0.8373372264159405,0.5973189856124617,
B11,0.36847472253113445,0.36847472253113445,0.6471272708346534,
cn12,0.24846560212939506,0.25734634681768,0.3519730455937651,
B54,0.5586846781124217,0.5586846781124217,0.5004290315643138,
