,job602_scenario0_1250,
in27,0.6294846568995176,
B14,0.5738067735444071,
B11,0.38359681796311995,
cn12,0.0,
B54,0.7684001673793712,
