,job389_scenario3_762,job393_scenario3_771,
in27,0.19650652449253114,0.03786309659075171,
B14,0.41828300775332616,0.5769264356551056,
B11,0.5067256004755578,0.4569173152533662,
cn12,0.023119166353591458,0.0,
B54,0.08137481290169934,0.10806393177029949,
