,job645_scenario0_1361,job646_scenario4_1362,job647_scenario4_1363,
in27,0.0,0.4569173152533661,0.24001824080347867,
B14,0.17165930132354368,0.42217388077331275,0.35197304559376497,
B11,0.5271181504329138,0.8373372264159404,0.7987029189159004,
cn12,0.049808285222191495,0.3252839267251648,0.3252839267251648,
B54,0.4884838429328737,0.7173281060142009,0.7173281060142009,
