,job517_scenario0_1033,job520_scenario1_1042,job523_scenario1_1052,
in27,0.12714347840531315,0.23432179922745922,0.2925774457755671,
B14,0.6912391144808254,0.8112482348825647,0.9312573552843042,
B11,0.08586581325691034,0.20587493365864995,0.2374414613381577,
cn12,0.0,0.1803137442702214,0.1803137442702214,
B54,0.72718908041401,1.0512664756860435,0.8926230477842642,
