,job341_scenario0_643,job343_scenario2_647,job344_scenario3_648,job347_scenario0_653,job348_scenario4_658,job350_scenario2_660,job351_scenario1_661,job353_scenario1_664,job354_scenario1_665,
in27,0.03539801583769997,0.1371653786967555,0.2958088065985349,0.03539801583769997,0.24600052137634332,0.1491105673281954,0.20736621387630327,0.1371653786967555,0.1908645369389339,
B14,0.4562651993680671,0.7758452882054925,0.9660552437867798,0.44738445467978205,0.6558361678037532,0.6291470489351529,0.726037002983301,0.7758452882054925,0.6291470489351529,
B11,0.4158179270002743,0.5673935750815216,0.8460461233850404,0.4158179270002743,0.6558361678037532,0.5508918981441521,0.6291470489351529,0.5219687281130068,0.5673935750815216,
cn12,0.010088478474483797,0.17761265106454827,0.3069827843206865,0.0,0.32737533427804266,0.16028454505034695,0.1371653786967555,0.17761265106454827,0.16028454505034695,
B54,0.3660096417780827,0.5091379285334137,0.726037002983301,0.3660096417780827,0.5358270474020137,0.5358270474020137,0.726037002983301,0.5673935750815216,0.6060278825815615,
