,job626_scenario3_1311,
in27,0.18144167375039266,
B14,0.2130082014299004,
B11,0.5351724660443669,
cn12,0.0,
B54,0.5351724660443669,
