,job513_scenario2_1026,job514_scenario1_1027,
in27,0.0,0.0,
B14,0.2414550669987099,0.1712542318191621,
B11,0.13651079733910887,0.19164678177651828,
cn12,0.14958391545072036,0.11299858527105422,
B54,0.31165590217825767,0.2534002556301498,
