,job228_scenario0_423,job239_scenario3_445,
in27,0.3449625104630799,0.5351724660443673,
B14,0.4556106180104206,0.6867481141256144,
B11,0.0,0.3600273612052184,
cn12,0.04463964579111934,0.32672075292039615,
B54,0.6284924675775065,0.7485015879792458,
