,job22_scenario1_52,job25_scenario1_56,job26_scenario4_59,job28_scenario1_61,
in27,0.4982782391496414,0.4982782391496414,0.5186707891069977,0.43461163463844293,
B14,0.08844259272223165,0.0,0.08844259272223165,0.08844259272223165,
B11,0.4982782391496414,0.44846995392744987,0.6386799095087371,0.4982782391496414,
cn12,0.38816533005896803,0.3435256842678488,0.44846995392744987,0.3689081058935032,
B54,0.6386799095087371,0.6884881947309287,0.7586890299104765,0.5684790743291893,
