,job459_scenario0_907,job465_scenario0_914,job470_scenario2_927,job472_scenario3_929,job473_scenario0_932,job474_scenario0_933,job475_scenario0_934,job477_scenario2_939,job478_scenario0_941,job479_scenario3_944,
in27,0.19674418624963652,0.22566735628078172,0.3167533066513759,0.4506207463421221,0.21060250553864335,0.19674418624963652,0.19674418624963652,0.3039225070717826,0.21797113089597497,0.4008124611199305,
B14,0.6408307019234094,0.6110771391116543,0.8808489427268882,0.7839589886787401,0.6021963944233693,0.6303343632771191,0.6110771391116543,1.0008580631286275,0.6110771391116543,0.8422146352268481,
B11,0.4506207463421221,0.45798937169945375,0.5706298667438616,0.8808489427268882,0.4656855970842605,0.4656855970842605,0.4656855970842605,0.5856947174859999,0.4737399126957136,0.7222055148251088,
cn12,0.0,0.003236291662340074,0.19020995558128717,0.33061162594038274,0.003236291662340074,0.003236291662340074,0.009896211311065883,0.21060250553864335,0.00653423066834935,0.2754756415029733,
B54,0.6639498682770009,0.6639498682770009,0.7839589886787401,0.7404472723677925,0.7404472723677925,0.6906389871456009,0.7222055148251088,0.8808489427268882,0.6906389871456009,0.8422146352268481,
