,job347_scenario0_653,job355_scenario0_666,job360_scenario4_675,job363_scenario0_681,
in27,0.14942485566657482,0.14942485566657482,0.3600273612052182,0.169817405623931,
B14,0.011173977722151562,0.011173977722151562,0.2196256908461227,0.08575825115537627,
B11,0.169817405623931,0.169817405623931,0.4098356464274099,0.18488225636606936,
cn12,0.032652026927175504,0.02941573526483543,0.3213930537051782,0.023119166353591347,
B54,0.0,0.0,0.28982652602567044,0.049808285222191606,
