,job341_scenario0_643,job342_scenario3_645,job343_scenario2_647,job344_scenario3_648,job347_scenario0_653,job348_scenario4_658,job349_scenario1_659,job350_scenario2_660,
in27,0.5154344974446576,0.7491561693368924,0.6172018603037133,0.7758452882054927,0.5154344974446576,0.726037002983301,0.6419778485147463,0.6291470489351532,
B14,0.5762743197698066,0.9660552437867799,0.895854408607232,1.0860643641885193,0.5673935750815216,0.7758452882054927,0.7056444530259448,0.7491561693368924,
B11,0.5358270474020138,0.9660552437867799,0.687402695483261,0.9660552437867799,0.5358270474020138,0.7758452882054927,0.7056444530259448,0.6709010185458916,
cn12,0.010088478474483908,0.28874102677800273,0.17761265106454827,0.3069827843206866,0.0,0.3273753342780428,0.1869736639189472,0.16028454505034706,
B54,0.2691196877299349,0.4389370933538659,0.41224797448526573,0.6291470489351532,0.2691196877299349,0.4389370933538659,0.4389370933538659,0.4389370933538659,
