,job135_scenario2_259,job136_scenario0_262,job139_scenario1_268,job141_scenario1_271,job142_scenario0_273,job143_scenario1_274,job144_scenario2_278,
in27,0.1719681980386032,0.020392549957356065,0.12654335107008863,0.1719681980386032,0.0,0.12654335107008863,0.15546652110123382,
B14,0.5319955592438215,0.32011528729409244,0.4302281963847657,0.4302281963847657,0.3008580631286275,0.5004290315643137,0.4506207463421221,
B11,0.2919773184403426,0.14040167035909545,0.2754756415029732,0.2754756415029732,0.14040167035909545,0.2919773184403426,0.3537307922939741,
cn12,0.5439407478752614,0.30704216918248095,0.4910680187099148,0.4737399126957136,0.31021907598302645,0.5103252428753796,0.5208215815216699,
B54,0.6906389871456009,0.5439407478752614,0.6906389871456009,0.6906389871456009,0.6021963944233693,0.7608398223251487,0.7608398223251487,
