,job211_scenario0_391,job217_scenario3_402,job220_scenario0_406,job221_scenario1_407,job224_scenario1_413,job226_scenario3_419,
in27,0.14944817529255983,0.49243196064270767,0.15552376579108096,0.31728685580355886,0.31728685580355886,0.39554200659455974,
B14,0.6236150587665987,0.9022676070701174,0.6019447423981569,0.7822584866683782,0.677314217008777,0.8138250143478859,
B11,0.3095906304187521,0.6124410810444472,0.3022220050614205,0.4720394106853515,0.43729597620529825,0.6124410810444472,
cn12,0.0,0.3569076990945197,0.003176906800545609,0.18402584952743373,0.16669774351323252,0.2951542252408882,
B54,0.6355602473980386,0.7324502014461864,0.6483910469776317,0.7822584866683782,0.8524593218479259,0.7324502014461864,
