,job54_scenario0_104,job60_scenario3_118,job62_scenario0_123,job66_scenario1_133,job67_scenario4_135,job68_scenario3_138,job69_scenario3_139,job70_scenario1_141,job71_scenario1_142,
in27,0.0,0.2715847684829865,0.0,0.13507397114387776,0.21332912193487863,0.15157564808124713,0.2400182408034789,0.12000912040173939,0.10615080111273245,
B14,0.13118309812389095,0.40983564642740977,0.1095127817554492,0.2898265260256705,0.26313740715707035,0.600045602008697,0.3600273612052182,0.2898265260256705,0.2898265260256705,
B11,0.2898265260256705,0.430228196384766,0.26313740715707035,0.39159388888472596,0.5116030092864654,0.6702464371882448,0.5502373167865054,0.40983564642740977,0.45334736273835746,
cn12,0.09961657044438321,0.430228196384766,0.1095127817554492,0.2473868661608104,0.40983564642740977,0.45334736273835746,0.430228196384766,0.28046551317127155,0.2997227373367364,
B54,0.03594996593318478,0.12000912040173939,0.03594996593318478,0.1698174056239311,0.2898265260256705,0.14312828675533085,0.20138393330343873,0.2400182408034789,0.1698174056239311,
