,job378_scenario2_729,
in27,0.7341210135717353,
B14,0.8856966616529826,
B11,0.7341210135717353,
cn12,0.0,
B54,0.9741392543752141,
