,job191_scenario1_355,job197_scenario0_362,job204_scenario1_374,job207_scenario4_381,job209_scenario1_386,job210_scenario4_387,job211_scenario0_391,
in27,0.5113021637496662,0.3842252635273945,0.46149387852747453,0.5428686914291738,0.4974438444606592,0.8215212397326928,0.3585283339808055,
B14,0.5263670144918045,0.42285957102743443,0.6046221652828054,0.7015121193309534,0.6046221652828054,0.6313112841514056,0.4726678562496261,
B11,0.12770534578654624,0.007696225384806854,0.18284133022395566,0.264216143125655,0.09878217575540094,0.23264961544614726,0.0,
cn12,0.18284133022395566,0.017407362853701702,0.20108308776663952,0.3414847581257351,0.18284133022395566,0.2863487736883257,0.007696225384806854,
B54,0.6313112841514056,0.48461304488106605,0.6313112841514056,0.6628778118309133,0.8215212397326928,0.6628778118309133,0.48461304488106605,
