,job42_scenario0_87,job44_scenario1_89,job47_scenario0_94,job51_scenario0_101,job52_scenario2_102,job54_scenario0_104,job57_scenario2_110,job58_scenario3_111,job59_scenario0_113,
in27,0.021226944646338453,0.13386743969074621,0.021226944646338453,0.0,0.14893229043288458,0.013858319289006826,0.13386743969074621,0.22718744122388546,0.013858319289006826,
B14,0.44408651567377283,0.5872148024291037,0.41433295286201777,0.44408651567377283,0.6139039212977039,0.4552604933959244,0.5640956360755123,0.5640956360755123,0.4335901770274826,
B11,0.3668179006736928,0.5254613285754721,0.3668179006736928,0.373885680494225,0.5089596516381028,0.4236939657164167,0.543703086118156,0.6454704489772116,0.38895053123636336,
cn12,0.2367203017974695,0.38895053123636336,0.22718744122388534,0.2468087802719533,0.38895053123636336,0.23348401013512943,0.44408651567377283,0.5640956360755123,0.2468087802719533,
B54,0.4800364816069575,0.5872148024291037,0.49389480089596444,0.5089596516381028,0.6139039212977039,0.4800364816069575,0.5872148024291037,0.5640956360755123,0.5089596516381028,
