,job459_scenario0_907,job461_scenario1_909,job464_scenario1_913,job465_scenario0_914,job469_scenario2_923,job470_scenario2_927,job472_scenario3_929,job473_scenario0_932,job474_scenario0_933,job475_scenario0_934,job476_scenario2_938,
in27,0.34616904191621123,0.4951013323490959,0.4661781623179507,0.37509221194735654,0.4661781623179507,0.4661781623179507,0.600045602008697,0.36002736120521817,0.34616904191621123,0.34616904191621123,0.4533473627383575,
B14,0.430228196384766,0.5116030092864654,0.600045602008697,0.40047463357301094,0.7200547224104363,0.6702464371882448,0.5733564831400968,0.3915938888847259,0.41973185773847577,0.40047463357301094,0.5502373167865053,
B11,0.0,0.21332912193487863,0.15157564808124713,0.007368625357331626,0.10615080111273256,0.12000912040173939,0.430228196384766,0.01506485074213837,0.01506485074213837,0.01506485074213837,0.169817405623931,
cn12,0.2196256908461226,0.40047463357301094,0.40047463357301094,0.22286198250846267,0.41973185773847577,0.4098356464274099,0.5502373167865053,0.22286198250846267,0.22286198250846267,0.2295219021571886,0.4098356464274099,
B54,0.4533473627383575,0.6702464371882448,0.5116030092864654,0.4533473627383575,0.600045602008697,0.5733564831400968,0.5298447668291492,0.5298447668291492,0.4800364816069576,0.5116030092864654,0.5502373167865053,
