,job412_scenario2_810,job418_scenario0_817,job419_scenario3_819,job420_scenario2_820,
in27,0.6741373102082314,0.5319955592438215,0.7790815798678326,0.6741373102082314,
B14,0.7292732946456408,0.5888716242865454,0.8106481075473403,0.7523924609992323,
B11,0.7088807446882847,0.5319955592438215,0.8492824150473803,0.6741373102082314,
cn12,0.19020995558128706,0.0,0.2919773184403426,0.19020995558128706,
B54,0.8106481075473403,0.6741373102082314,0.7790815798678326,0.7790815798678326,
