,job841_scenario0_2036,
in27,0.09469958303852322,
B14,0.5502373167865054,
B11,0.5154938823064521,
cn12,0.0,
B54,0.5937490330974531,
