,job122_scenario0_231,job135_scenario2_259,job136_scenario0_262,job138_scenario2_267,job139_scenario1_268,job140_scenario3_269,job141_scenario1_271,
in27,0.0,0.15157564808124724,0.0,0.1200091204017395,0.10615080111273256,0.27158476848298674,0.15157564808124724,
B14,0.3600273612052183,0.5911648573204122,0.3792845853706832,0.6297991648204522,0.4893974944613565,0.5911648573204122,0.4893974944613565,
B11,0.07307215410227152,0.21727917682618703,0.06570352874493979,0.27903265067981864,0.20077749988881755,0.37592260472796646,0.20077749988881755,
cn12,0.12619322645559294,0.36309180514837336,0.12619322645559294,0.3195800888374256,0.31021907598302667,0.5097900444187129,0.29289096996882547,
B54,0.2559134843262272,0.3897809240169734,0.24308268474663386,0.42134745169648113,0.3897809240169734,0.36309180514837325,0.3897809240169734,
