,job566_scenario3_1137,
in27,0.14040167035909565,
B14,0.14040167035909565,
B11,0.14040167035909565,
cn12,0.0,
B54,0.0,
B51,0.14040167035909565,
os4,0.14040167035909565,
in4,0.14040167035909565,
B33,0.10176736285905563,
sh10,0.10176736285905563,
in22,0.19020995558128723,
