,job1081_scenario0_2979,
in27,0.15573350120481522,
B14,0.22593433638436305,
B11,0.17885266755840679,
cn12,0.0,
B54,0.24905350273795457,
B51,0.3255509068287462,
os4,0.14187518191580828,
in4,0.17885266755840679,
B33,0.21543799773807282,
sh10,0.3690626231396939,
in22,0.20554178642700693,
