,job736_scenario3_1589,
in27,0.07020083517954778,
B14,0.15157564808124718,
B11,0.3102190759830266,
cn12,0.07020083517954778,
B54,0.12000912040173944,
B51,0.1902099555812872,
os4,0.3102190759830266,
in4,0.12000912040173944,
B33,0.24001824080347878,
sh10,0.09332000153313924,
in22,0.0,
