,job543_scenario0_1093,
in27,0.12679965987021413,
B14,0.25387656009248577,
B11,0.19357193622400393,
cn12,0.0,
B54,0.25387656009248577,
B51,0.25387656009248577,
os4,0.20406827487029416,
in4,0.13386743969074633,
B33,0.24001824080347883,
sh10,0.40545220817373295,
in22,0.2854430877719935,
