,job664_scenario1_1385,
in27,0.19826427119274032,
B14,0.19826427119274032,
B11,0.09108595037059414,
cn12,0.0,
B54,0.19826427119274032,
B51,0.09108595037059414,
os4,0.1365107973391088,
in4,0.03474343448005335,
B33,0.09108595037059414,
sh10,0.4151633456426277,
in22,0.12000912040173939,
