,job492_scenario1_966,
in27,0.0813748129016994,
B14,0.12000912040173944,
B11,0.43022819638476606,
cn12,0.0,
B54,0.12000912040173944,
B51,0.19020995558128723,
os4,0.19020995558128723,
in4,0.09332000153313935,
B33,0.01506485074213837,
sh10,1.1102230246251565e-16,
in22,0.169817405623931,
