,job319_scenario1_594,
in27,0.043511716310947635,
B14,0.1404016703590955,
B11,0.2217764832607949,
cn12,0.0,
B54,0.3102190759830265,
B51,0.1404016703590955,
os4,0.16352083671268697,
in4,0.043511716310947635,
B33,0.0,
sh10,0.26041079076083495,
in22,0.05634251589054079,
