,job775_scenario3_1687,
in27,0.045424846968514676,
B14,0.08405915446855472,
B11,0.10717832082214618,
cn12,0.10717832082214618,
B54,0.0,
B51,0.44408651567377294,
os4,0.32407739527203355,
in4,0.20406827487029414,
B33,0.13386743969074638,
sh10,0.10717832082214618,
in22,0.13386743969074638,
