,job443_scenario1_856,
in27,0.2235165638661094,
B14,0.25825999834616264,
B11,0.19459339383496416,
cn12,0.12000912040173939,
B54,0.24001824080347883,
B51,0.0,
os4,0.16981740562393105,
in4,0.10350744346437002,
B33,0.25825999834616264,
sh10,0.30177171465711033,
in22,0.30177171465711033,
