,job206_scenario4_368,
in27,0.25051457944976907,
B14,0.09187115154798958,
B11,0.07536947461062016,
cn12,0.0,
B54,0.15362462540162108,
B51,0.21188027194972903,
os4,0.1101129090906734,
in4,0.37052369985150846,
B33,0.1101129090906734,
sh10,0.1101129090906734,
in22,0.09187115154798958,
