,job144_scenario3_267,
in27,0.2786525483035189,
B14,0.15864342790177946,
B11,0.20845171312397104,
cn12,0.12000912040173944,
B54,0.0,
B51,0.2786525483035189,
os4,0.15864342790177946,
in4,0.15864342790177946,
B33,0.0884425927222317,
sh10,0.15864342790177946,
in22,0.39866166870525827,
