,job769_scenario1_1671,
in27,0.08405915446855478,
B14,0.28544308777199356,
B11,0.2538765600924858,
cn12,0.0,
B54,0.3240773952720336,
B51,0.18367572491293793,
os4,0.12000912040173944,
in4,0.08405915446855478,
B33,0.16543396737025412,
sh10,0.444086515673773,
in22,0.16543396737025412,
