,job74_scenario0_137,
in27,0.2672013302293098,
B14,0.3240773952720337,
B11,0.3339736065830996,
cn12,0.13386743969074644,
B54,0.3804199111625745,
B51,0.46447906563112923,
os4,0.3804199111625745,
in4,0.3240773952720337,
B33,0.3804199111625745,
sh10,0.1542599896481026,
in22,0.0,
