,job732_scenario1_1578,
in27,0.05369915824217836,
B14,0.024775988211033106,
B11,0.22884426308132724,
cn12,0.0,
B54,0.10883514267958783,
B51,0.038634307500040044,
os4,0.038634307500040044,
in4,0.13195430903317928,
B33,0.011945188631439951,
sh10,0.34885338348306666,
in22,0.13195430903317928,
