,job563_scenario1_1130,
in27,0.07020083517954773,
B14,0.02039254995735612,
B11,0.16352083671268697,
cn12,0.0,
B54,0.12000912040173928,
B51,0.05634251589054079,
os4,0.12000912040173928,
in4,0.07020083517954773,
B33,0.03156652767950768,
sh10,0.16352083671268697,
in22,0.05634251589054079,
