,job856_scenario4_1934,
in27,0.10883514267958785,
B14,0.19020995558128725,
B11,0.34885338348306666,
cn12,0.15864342790177952,
B54,0.10883514267958785,
B51,0.2786525483035188,
os4,0.15864342790177952,
in4,0.22884426308132727,
B33,0.0,
sh10,0.1319543090331793,
in22,0.10883514267958785,
