,job1122_scenario3_3258,
in27,0.0,
B14,0.24001824080347883,
B11,0.169817405623931,
cn12,0.04980828522219166,
B54,0.023119166353591458,
B51,0.169817405623931,
os4,0.023119166353591458,
in4,0.24001824080347883,
B33,0.12000912040173942,
sh10,0.04980828522219166,
in22,0.04980828522219166,
