,job52_scenario2_102,
in27,0.009896211311065883,
B14,0.2217764832607949,
B11,0.05634251589054079,
cn12,0.0,
B54,0.2217764832607949,
B51,0.05634251589054079,
os4,0.5004290315643137,
in4,0.03156652767950768,
B33,0.38041991116257434,
sh10,0.26041079076083495,
in22,0.5004290315643137,
