,job1057_scenario1_2864,
in27,0.09332000153313924,
B14,0.19020995558128712,
B11,0.15157564808124707,
cn12,0.015064850742138258,
B54,0.21332912193487857,
B51,0.12000912040173933,
os4,0.19020995558128712,
in4,0.07020083517954773,
B33,0.09332000153313924,
sh10,0.0,
in22,0.24001824080347878,
