,job1087_scenario2_3009,
in27,0.060304623868481844,
B14,0.3003228646719606,
B11,0.07536947461062016,
cn12,0.0,
B54,0.21188027194972903,
B51,0.060304623868481844,
os4,0.37052369985150846,
in4,0.046446304579474906,
B33,0.37052369985150846,
sh10,0.25051457944976907,
in22,0.3003228646719606,
