,job1056_scenario1_2862,
in27,0.14214175096440995,
B14,0.19727773540181942,
B11,0.14214175096440995,
cn12,0.0,
B54,0.22039690175541088,
B51,0.12707690022227164,
os4,0.15864342790177938,
in4,0.030186946174123763,
B33,0.1132185809332647,
sh10,0.24708602062401108,
in22,0.1132185809332647,
