,job369_scenario2_688,
in27,0.291483347883112,
B14,0.49555162275340614,
B11,0.3053416671721189,
cn12,0.20845171312397104,
B54,0.49555162275340614,
B51,0.0,
os4,0.4569173152533661,
in4,0.2786525483035188,
B33,0.5453599079755977,
sh10,0.35514995239431046,
in22,0.7355698635568849,
