,job625_scenario3_1276,
in27,0.12000912040173944,
B14,0.20845171312397104,
B11,0.39866166870525827,
cn12,0.15864342790177946,
B54,0.0884425927222317,
B51,0.39866166870525827,
os4,0.39866166870525827,
in4,0.2786525483035189,
B33,0.0884425927222317,
sh10,0.20845171312397104,
in22,0.0,
