,job1061_scenario4_2878,
in27,0.041753969610738406,
B14,0.07649740409079164,
B11,0.26670735967207887,
cn12,0.012830799579593155,
B54,0.2168990744498873,
B51,0.26670735967207887,
os4,0.26670735967207887,
in4,0.4569173152533661,
B33,0.0,
sh10,0.05825564654810783,
in22,0.2168990744498873,
