,job766_scenario2_1665,
in27,0.06570352874493973,
B14,0.1995709684356861,
B11,0.12937013325613822,
cn12,0.0,
B54,0.1728818495670859,
B51,0.05287272916534658,
os4,0.3897809240169733,
in4,0.06570352874493973,
B33,0.3897809240169733,
sh10,0.3897809240169733,
in22,0.23113749611519385,
