,job916_scenario0_2216,
in27,0.14669823927033965,
B14,0.19650652449253136,
B11,0.11393352990321848,
cn12,0.0,
B54,0.20640273580359725,
B51,0.3369081948516269,
os4,0.15406686462767127,
in4,0.18714551163813242,
B33,0.12630568931298347,
sh10,0.4569173152533663,
in22,0.06713639123639303,
