,job371_scenario0_708,
in27,0.2168990744498872,
B14,0.22577981913817224,
B11,0.18533254677037947,
cn12,0.03556986355688496,
B54,0.3053416671721189,
B51,0.42535078757385836,
os4,0.20039739751251784,
in4,0.24503704330363707,
B33,0.26670735967207887,
sh10,0.5453599079755977,
in22,0.0,
