,job1156_scenario2_3577,
in27,0.1132185809332647,
B14,0.5573050966070376,
B11,0.0884425927222316,
cn12,0.0,
B54,0.14214175096440995,
B51,0.1132185809332647,
os4,0.22039690175541088,
in4,0.1768851854444632,
B33,0.31728685580355886,
sh10,0.19727773540181942,
in22,0.24708602062401103,
