,job980_scenario4_2516,
in27,0.2400182408034788,
B14,0.2898265260256704,
B11,0.2898265260256704,
cn12,0.09961657044438316,
B54,0.2400182408034788,
B51,0.12000912040173939,
os4,0.14312828675533085,
in4,0.2400182408034788,
B33,0.12000912040173939,
sh10,0.12000912040173939,
in22,0.0,
