,job581_scenario2_1210,
in27,0.15157564808124718,
B14,0.15157564808124718,
B11,0.1061508011127325,
cn12,0.0,
B54,0.5502373167865054,
B51,0.169817405623931,
os4,0.21332912193487868,
in4,0.040447272367792775,
B33,0.12000912040173944,
sh10,0.31021907598302667,
in22,0.43022819638476606,
