,job689_scenario1_1492,
in27,0.12770534578654613,
B14,0.16244878026659937,
B11,0.30285045062569504,
cn12,0.0,
B54,0.3526587358478866,
B51,0.12770534578654613,
os4,0.30285045062569504,
in4,0.052335871175925974,
B33,0.04243965986486009,
sh10,0.14420702272391556,
in22,0.1828413302239556,
