,job885_scenario0_2108,
in27,0.08967488662803536,
B14,0.1977388183983349,
B11,0.12373263085396713,
cn12,0.0,
B54,0.12373263085396713,
B51,0.23637312589837495,
os4,0.15681127786442828,
in4,0.15681127786442828,
B33,0.1977388183983349,
sh10,0.5465922018814016,
in22,0.15681127786442828,
