,job1134_scenario3_3480,
in27,0.09688995404814787,
B14,0.26670735967207887,
B11,0.17826476694984728,
cn12,0.0,
B54,0.17826476694984728,
B51,0.4569173152533661,
os4,0.07649740409079164,
in4,0.2168990744498873,
B33,0.14669823927033954,
sh10,0.17826476694984728,
in22,0.3369081948516267,
