,job16_scenario1_38,
in27,0.06570352874493973,
B14,0.14976268321349445,
B11,0.2697718036152339,
cn12,0.0,
B54,0.09462669877608498,
B51,0.029753562811755063,
os4,0.14976268321349445,
in4,0.029753562811755063,
B33,0.009361012854398942,
sh10,0.19957096843568606,
in22,0.11112837571345441,
