,job181_scenario2_358,
in27,0.2013839333034388,
B14,0.43022819638476606,
B11,0.25508309154561715,
cn12,0.179713616934997,
B54,0.3600273612052183,
B51,0.27158476848298657,
os4,0.0,
in4,0.24001824080347883,
B33,0.3333382423366181,
sh10,0.5502373167865054,
in22,0.6702464371882448,
