,job1077_scenario2_3007,
in27,0.1101129090906734,
B14,0.1101129090906734,
B11,0.046446304579474906,
cn12,0.09187115154798958,
B54,0.060304623868481844,
B51,0.0,
os4,0.3003228646719606,
in4,0.060304623868481844,
B33,0.3003228646719606,
sh10,0.21188027194972903,
in22,0.3003228646719606,
