,job726_scenario0_1651,
in27,0.15864342790177943,
B14,0.08844259272223176,
B11,0.21834792443503703,
cn12,0.038634307500040044,
B54,0.0,
B51,0.26479422901451194,
os4,0.19020995558128717,
in4,0.13825087794442326,
B33,0.3284608335257104,
sh10,0.43022819638476606,
in22,0.1447851086127725,
