,job1079_scenario1_3031,
in27,0.16244878026659937,
B14,0.16244878026659937,
B11,0.264216143125655,
cn12,0.0,
B54,0.16244878026659937,
B51,0.14420702272391556,
os4,0.11264049504440782,
in4,0.11264049504440782,
B33,0.08595137617580773,
sh10,0.3526587358478866,
in22,0.08595137617580773,
