,job279_scenario1_540,job280_scenario1_541,job281_scenario2_542,job282_scenario4_545,job283_scenario4_546,
in27,0.14830321565874305,0.1417675951218672,0.11830386882878285,0.0,0.02668911886860026,
B14,0.7202108488136902,0.8990077750471938,0.774270656452285,0.5172219391218481,0.5172219391218481,
B11,0.35173612628255574,0.36383530900282673,0.3124759323880112,0.39721281872010866,0.23856939081832917,
cn12,0.6184434859546348,0.5705469415214832,0.5524941731914901,0.412277669462247,0.46741365389965644,
B54,0.4219369614621035,0.4505378211197439,0.3826767675675589,0.46741365389965644,0.46741365389965644,
B51,0.7384526063563741,0.6740543849858533,0.6226950083710378,0.5172219391218481,0.6372310595235875,
os4,0.7384526063563741,0.7291903694232628,0.9329140843540643,0.5487884668013558,0.5172219391218481,
