,job347_scenario1_658,job350_scenario3_661,job351_scenario0_663,job353_scenario2_665,job354_scenario1_666,job355_scenario1_668,
in27,0.708064024557981,0.8541187565556352,0.4687795786624278,0.5122366217975194,0.4601456283233816,0.33354621420891006,
B14,1.0117488698726582,1.0239361621795662,0.8105651823249621,1.0061314226934839,0.8201729895285998,0.6576236094809436,
B11,1.0321414198300145,1.094136997359114,0.7523095357768543,0.7522548626009982,0.7703647043064081,0.6576236094809436,
cn12,0.3221819391731451,0.40837541902442065,0.06490684029359328,0.16879419627754344,0.07615576464579865,0.0,
B54,1.113516232731714,0.9741278769573746,0.7993912046028105,0.8861223022917446,1.010382945109887,0.8274410151048746,
B51,0.9770054353926051,1.3341552381625927,0.8225103709564021,0.7522548626009982,0.7703647043064081,0.5735644550123888,
os4,1.0117488698726582,1.2141461177608535,0.7993912046028105,0.9563231374712924,0.7152287198689987,0.680742775834535,
