,job364_scenario0_690,job367_scenario2_695,job368_scenario2_696,
in27,0.10547306924918975,0.041173324552111756,0.0,
B14,0.574942006548617,0.9251991740795454,0.5805973130128819,
B11,0.17446737297560622,0.12108529720055439,0.055135984437409635,
cn12,0.39091615702118326,0.4247701425152317,0.35882082975208696,
B54,0.6545038545825638,0.6851809332760666,0.46058819261114237,
B51,0.6860703822620715,0.4949709776947794,0.4290216649316346,
os4,0.6158695470825237,0.6851809332760666,0.6192316205129218,
