,job68_scenario4_141,
in27,0.020392549957356232,
B14,0.0702008351795479,
B11,0.10176736285905563,
cn12,0.0,
B54,0.19020995558128723,
B51,0.07020083517954784,
os4,0.10176736285905563,
