,job306_scenario2_584,job307_scenario2_585,job308_scenario1_586,
in27,0.19729281452770941,0.03474343448005324,0.07069340041323802,
B14,0.671032727223423,0.5351724660443671,0.6165472789460664,
B11,0.21500102291821033,0.11611824738175258,0.13118309812389095,
cn12,0.17905105698502555,0.03474343448005324,0.0,
B54,0.5573201757329275,0.4445790809074629,0.3947707956852714,
B51,0.49815087765633714,0.43828251199621915,0.5147799160870108,
os4,0.6008318920438753,0.399648204496179,0.31827339159447965,
