,job221_scenario0_431,job222_scenario1_432,job223_scenario2_434,
in27,0.4320334185289121,0.5082258567301773,0.3537307922939743,
B14,0.2692837927255133,0.3233436003641079,0.5706298667438616,
B11,0.42524287906043734,0.5429692912102305,0.41198643884208214,
cn12,0.3019358196526888,0.3962710519398911,0.3537307922939743,
B54,0.5591103187511837,0.6447366540692862,0.5319955592438216,
B51,0.19375525833074758,0.18294193000501235,0.0,
os4,0.4988056948827019,0.5429692912102305,0.690638987145601,
