,job211_scenario2_414,job213_scenario0_416,
in27,0.493161005988039,0.21865682115009655,
B14,0.5981052756476402,0.28579321238648947,
B11,0.337694484886805,0.04806820461687722,
cn12,0.41779153137741887,0.11147850032795037,
B54,0.6296718033271479,0.36535506042043614,
B51,0.01312452438108147,0.0,
os4,0.5482969904254484,0.16578409198475008,
