,job487_scenario1_996,job488_scenario3_1000,
in27,0.44238126410081646,0.28709990962943516,
B14,0.562390384502556,0.3369081948516268,
B11,0.4574461148429548,0.3369081948516268,
cn12,0.37218042892126874,0.21689907444988737,
B54,0.2570487173304368,0.0,
B51,0.4285229448118095,0.6471272708346534,
os4,0.4739477917803242,0.4071090300311746,
