,job704_scenario0_1561,
in27,0.14357857715964106,
B14,0.1751451048391488,
B11,0.1509472025169727,
cn12,0.013073118111611493,
B54,0.24972937827237357,
B51,0.0,
os4,0.19338686238183278,
