,job567_scenario2_1179,
in27,0.049808285222191606,
B14,0.20138393330343882,
B11,0.14312828675533087,
cn12,0.0,
B54,0.48003648160695767,
B51,0.049808285222191606,
os4,0.24001824080347883,
