,job603_scenario2_1253,job604_scenario2_1255,
in27,0.18294193000501224,0.03156652767950768,
B14,0.3345175780862595,0.26041079076083495,
B11,0.1690836107160053,0.08526568592168604,
cn12,0.1443076225049722,0.0,
B54,0.422960170808491,0.26041079076083495,
B51,0.1562528111364122,0.07020083517954773,
os4,0.3345175780862595,0.5004290315643137,
