,job716_scenario0_1619,
in27,0.13333389053856337,
B14,0.18084894272688834,
B11,0.14040167035909557,
cn12,0.0,
B54,0.09059338513690396,
B51,0.12000912040173928,
os4,0.18084894272688834,
