,job20_scenario1_50,job21_scenario0_51,
in27,0.3731518855862995,0.13333389053856337,
B14,0.493161005988039,0.16352083671268713,
B11,0.3592935662972926,0.1477702957164272,
cn12,0.2762619315381517,0.0,
B54,0.30295105040675185,0.043511716310947635,
B51,0.3882167363284379,0.24655247147182807,
os4,0.40471841326580726,0.22177648326079497,
