,job733_scenario1_1677,
in27,0.070200835179548,
B14,0.23372167189223497,
B11,0.19020995558128728,
cn12,0.03545740069949466,
B54,0.2604107907608352,
B51,0.10176736285905569,
os4,0.0,
