,job825_scenario0_1931,
in27,0.0,
B14,0.10927851440169134,
B11,0.4564750760273162,
cn12,0.35608729467364464,
B54,0.5893149960086488,
B51,0.6182381660397941,
os4,0.5533650300754641,
