,job975_scenario2_2495,job976_scenario2_2497,
in27,0.24925189216457333,0.12533681961695725,
B14,0.4394618477458606,0.4853641808221755,
B11,0.3194527273441211,0.17514510483914886,
cn12,0.24925189216457333,0.08670251211691715,
B54,0.5279044404680922,0.3653550604204361,
B51,0.2878861996646134,0.16128678555014192,
os4,0.18294193000501235,0.0,
