,job1001_scenario1_2614,
in27,0.1284564817276556,
B14,0.16709078922769566,
B11,0.08303163475914094,
cn12,0.0,
B54,0.16709078922769566,
B51,0.08303163475914094,
os4,0.11195480479028619,
