,job801_scenario1_1864,job802_scenario1_1865,
in27,0.08599730278100831,0.05634251589054079,
B14,0.2900655776513025,0.10176736285905547,
B11,0.131422149749523,0.08526568592168604,
cn12,0.011413029347783543,0.0,
B54,0.2900655776513025,0.2217764832607949,
B51,0.08599730278100831,0.03156652767950768,
os4,0.11492047281215356,0.043511716310947635,
