,job883_scenario0_2100,job884_scenario4_2104,
in27,0.16860612460820518,0.1404016703590955,
B14,0.2072404321082451,0.10176736285905547,
B11,0.19073875517087574,0.3102190759830265,
cn12,0.0451684453807078,0.12000912040173928,
B54,0.01703047652695794,0.0,
B51,0.25704871733043677,0.19020995558128717,
os4,0.2072404321082451,0.26041079076083495,
