,job895_scenario4_2133,job896_scenario0_2137,
in27,0.5743355731339957,0.1737082786439178,
B14,0.5191995886965863,0.1990907002695722,
B11,0.6241438583561874,0.0,
cn12,0.490276418665441,0.02147804920502394,
B54,0.5743355731339957,0.24001824080347883,
B51,0.6943446935357351,0.26479422901451194,
os4,0.5539430231766396,0.22884426308132727,
