,job614_scenario2_1274,
in27,0.1559590863349241,
B14,0.4098356464274098,
B11,0.2196256908461226,
cn12,0.09961657044438332,
B54,0.32139305370517823,
B51,0.0,
os4,0.4098356464274098,
