,job246_scenario2_459,job248_scenario3_464,job249_scenario0_466,job250_scenario0_467,job251_scenario2_469,job252_scenario0_470,job253_scenario3_472,
in27,0.12707690022227158,0.22039690175541082,0.0,0.022132630562670674,0.10038778135367155,0.007067779820532083,0.1768851854444632,
B14,0.8942132914586643,0.6541950506551855,0.5453599079755977,0.5453599079755977,0.8942132914586643,0.5341859302534462,0.7355698635568849,
B11,0.6155607431551455,0.8942132914586643,0.4713537204312299,0.4713537204312299,0.6155607431551455,0.48710426142748986,0.7040033358773772,
cn12,0.22577981913817224,0.3204065179142572,0.041753969610738295,0.06175347385363139,0.23514083199257108,0.044930876411283904,0.30534166717211886,
B54,0.37554250235166664,0.31728685580355875,0.18533254677037947,0.18533254677037947,0.3439759746721589,0.2737751394926111,0.31728685580355875,
