,job997_scenario2_2851,
in27,0.16981740562393105,
B14,0.0,
B11,0.2084517131239711,
cn12,0.12000912040173939,
B54,0.18176259425537095,
