,job570_scenario3_1171,job571_scenario0_1172,job575_scenario0_1180,job578_scenario2_1184,job580_scenario0_1190,job581_scenario3_1192,job582_scenario2_1193,job583_scenario2_1195,
in27,0.8138250143478858,0.44672987332213543,0.43340510318531145,0.547117654675807,0.4537976531426676,0.7253824216256543,0.5599484542554001,0.5888716242865454,
B14,0.7640167291256943,0.5135021496759252,0.5888716242865454,0.7640167291256943,0.5239984883222155,0.8840258495274337,0.8840258495274337,0.8138250143478858,
B11,0.32672075292039593,0.06250460979474093,0.06250460979474093,0.16128678555014186,0.07020083517954778,0.4151633456426276,0.2249533900613404,0.2249533900613404,
cn12,0.2951542252408882,0.0,0.009711137468894848,0.2368985786927803,0.006413198462885572,0.31339598278357206,0.20328307369289866,0.20328307369289866,
B54,0.6671267750775463,0.5135021496759252,0.5599484542554001,0.7253824216256543,0.573806773544407,0.6236150587665986,0.6938158939461465,0.7253824216256543,
