,job459_scenario0_907,job464_scenario1_913,job468_scenario0_919,job474_scenario0_933,job475_scenario0_934,job478_scenario0_941,job480_scenario1_945,job481_scenario0_947,job482_scenario0_949,
in27,0.40837280617415306,0.5283819265758924,0.4151633456426278,0.40837280617415306,0.40837280617415306,0.4295997508204916,0.5422402458648994,0.44535029181675156,0.39554200659455985,
B14,0.49243196064270783,0.6622493662666389,0.4720394106853517,0.4819356219964176,0.46267839783095277,0.46267839783095277,0.6124410810444472,0.44535029181675156,0.49243196064270783,
B11,0.42223112546316,0.5738067735444072,0.4295997508204916,0.43729597620529836,0.43729597620529836,0.44535029181675156,0.5738067735444072,0.43729597620529836,0.42223112546316,
cn12,0.003176906800545609,0.18402584952743395,0.01650167693736948,0.006413198462885683,0.013073118111611493,0.009711137468894848,0.20328307369289866,0.0,0.01650167693736948,
B54,0.5155511269962993,0.5738067735444072,0.49243196064270783,0.5422402458648994,0.5738067735444072,0.5422402458648994,0.6938158939461466,0.5283819265758924,0.5155511269962993,
