,job1020_scenario3_3022,
in27,0.3369081948516268,
B14,0.0,
B11,0.49555162275340625,
cn12,0.2555333819499274,
B54,0.2786525483035189,
