,job131_scenario0_249,job136_scenario0_262,job142_scenario0_273,job147_scenario0_284,job150_scenario4_291,job151_scenario2_293,job152_scenario2_296,job153_scenario3_298,job154_scenario1_299,
in27,0.5805973130128819,0.5876650928334141,0.5672725428760579,0.5876650928334141,0.827683333636893,0.7227390639772918,0.6938158939461465,0.827683333636893,0.7076742132351534,
B14,0.6473695893666717,0.6473695893666717,0.6281123652012068,0.6473695893666717,0.827683333636893,1.01789328921818,1.01789328921818,0.8009942147682927,0.8592498613164007,
B11,0.6192316205129218,0.5876650928334141,0.5876650928334141,0.5876650928334141,0.8592498613164007,0.7227390639772918,0.7778750484147012,1.01789328921818,0.7392407409146613,
cn12,0.013073118111611493,0.0,0.003176906800545609,0.003176906800545609,0.2951542252408883,0.20328307369289866,0.18402584952743384,0.2786525483035188,0.18402584952743384,
B54,0.6809850943665534,0.6809850943665534,0.7392407409146613,0.6809850943665534,0.8592498613164007,0.8592498613164007,0.9476924540386322,0.827683333636893,0.8009942147682927,
