,job690_scenario2_1511,job691_scenario0_1513,job692_scenario1_1514,
in27,0.34383458098290826,0.12343767922749738,0.22382546058116892,
B14,0.5607336554327956,0.2007062942275774,0.3207154146293168,
B11,0.26557943019190733,0.15362462540162114,0.34383458098290826,
cn12,0.19020995558128717,0.0,0.1620719867275373,
B54,0.4020902275310162,0.21188027194972897,0.34383458098290826,
