,job732_scenario4_1632,job733_scenario1_1634,
in27,0.1101129090906735,0.0,
B14,0.5291671277532879,0.4905328202532479,
B11,0.6105419406549873,0.5522862941068793,
cn12,0.5522862941068793,0.3794044445397935,
B54,0.6105419406549873,0.6105419406549873,
