,job298_scenario0_558,job303_scenario0_567,job307_scenario0_577,job314_scenario0_589,job316_scenario0_592,job318_scenario1_595,job320_scenario2_599,job322_scenario0_603,job324_scenario3_606,job325_scenario2_607,job326_scenario0_609,job327_scenario1_610,
in27,0.5067256004755578,0.48848384293287395,0.5067256004755578,0.513259831143907,0.5200503706123818,0.6621921215767917,0.6332689515456464,0.527118150432914,0.7671363912363929,0.6786937985141612,0.513259831143907,0.6332689515456464,
B14,0.27660357098314503,0.26670735967207904,0.27660357098314503,0.27660357098314503,0.31021907598302667,0.4071090300311746,0.43022819638476606,0.26670735967207904,0.36847472253113456,0.5769264356551057,0.24846560212939517,0.43022819638476606,
B11,0.5502373167865056,0.5421830011750524,0.513259831143907,0.5421830011750524,0.5502373167865056,0.6332689515456464,0.6621921215767917,0.5344867757902456,0.8373372264159407,0.696935556056845,0.513259831143907,0.6786937985141612,
cn12,0.012830799579593322,0.0,0.012830799579593322,0.012830799579593322,0.016192780222309855,0.14669823927033954,0.20640273580359703,0.0031196621106983624,0.31651564489427053,0.228073052172039,0.0062965689112439716,0.1782647669498474,
B54,0.6204381519660533,0.6084929633346134,0.6471272708346534,0.6204381519660533,0.6332689515456464,0.7671363912363929,0.7987029189159006,0.6084929633346134,0.7404472723677926,0.95734634681768,0.6471272708346534,0.8871455116381322,
