,job131_scenario0_249,job135_scenario2_259,job136_scenario0_262,job137_scenario1_264,job139_scenario1_268,job140_scenario3_269,job141_scenario1_271,job142_scenario0_273,job143_scenario1_274,
in27,0.01332477013682376,0.1719681980386032,0.020392549957356065,0.10176736285905541,0.12654335107008863,0.2919773184403426,0.1719681980386032,0.0,0.12654335107008863,
B14,0.5103252428753796,0.7222055148251086,0.5103252428753796,0.6906389871456009,0.620438151966053,0.7222055148251086,0.620438151966053,0.4910680187099148,0.6906389871456009,
B11,0.14527907917000304,0.26528819957174243,0.1137125514904953,0.2337216718922347,0.24878652263437306,0.42393162747352187,0.24878652263437306,0.1137125514904953,0.26528819957174243,
cn12,0.32011528729409244,0.5439407478752614,0.30704216918248095,0.48218727402162975,0.4910680187099148,0.6906389871456009,0.4737399126957136,0.31021907598302645,0.5103252428753796,
B54,0.26528819957174254,0.41198643884208197,0.26528819957174254,0.36217815361989036,0.41198643884208197,0.3852973199734818,0.41198643884208197,0.3235438461198503,0.48218727402162975,
