,job211_scenario0_391,job220_scenario0_406,job224_scenario1_413,job226_scenario3_419,job228_scenario0_423,job230_scenario0_426,job236_scenario2_436,job237_scenario4_438,job238_scenario2_439,
in27,0.4477220626441467,0.45379765314266773,0.6155607431551456,0.6938158939461465,0.4804867720112679,0.4734189921907357,0.6320624200925151,0.6938158939461465,0.5506876071908158,
B14,0.44185246451122784,0.4201821481427861,0.49555162275340625,0.6320624200925151,0.40092492397732127,0.40092492397732127,0.7205050128147468,0.670696727592555,0.670696727592555,
B11,0.3678462769668601,0.3604776516095285,0.49555162275340625,0.670696727592555,0.3604776516095285,0.3604776516095285,0.49555162275340625,0.7907058479942946,0.46662845272226094,
cn12,0.0,0.003176906800545609,0.16669774351323263,0.2951542252408883,0.013073118111611493,0.003176906800545609,0.21377941233918896,0.4151633456426277,0.16669774351323263,
B54,0.5738067735444072,0.5866375731240003,0.7907058479942946,0.670696727592555,0.5738067735444072,0.6004958924130073,0.670696727592555,0.7205050128147468,0.7520715404942545,
