,job1034_scenario2_3088,
in27,0.0,
B14,0.430228196384766,
B11,0.5004290315643138,
cn12,0.35066634835081933,
B54,0.12000912040173939,
