,job66_scenario1_133,job76_scenario1_150,job78_scenario0_152,job83_scenario3_159,job84_scenario0_160,job90_scenario0_167,job91_scenario0_168,job94_scenario0_174,job96_scenario1_180,job97_scenario0_182,job98_scenario0_185,
in27,0.339142246014172,0.29738827640343357,0.19020995558128728,0.6342964712550603,0.20406827487029422,0.20406827487029422,0.19700049504976203,0.17737915600169407,0.3102190759830267,0.21143690022762585,0.18367572491293804,
B14,0.4440865156737731,0.3738856804942252,0.27426911004984206,0.5640956360755125,0.29738827640343357,0.2637727714035518,0.27426911004984206,0.29738827640343357,0.3738856804942252,0.25387656009248594,0.27426911004984206,
B11,0.16543396737025418,0.1200091204017395,0.006790539468474743,0.32407739527203366,0.021226944646338675,0.0,0.006790539468474743,0.03697748564259851,0.20406827487029433,0.028923170031145418,0.006790539468474743,
cn12,0.21143690022762585,0.244515547238087,0.06690289617353873,0.47565304335328085,0.06690289617353873,0.07699137464802253,0.05737003559995457,0.07699137464802253,0.2271874412238858,0.06366660451119865,0.07356281582226465,
B54,0.25387656009248594,0.18367572491293793,0.13386743969074655,0.18367572491293793,0.0952331321907064,0.1200091204017395,0.1489322904328848,0.16543396737025418,0.25387656009248594,0.0952331321907064,0.10717832082214629,
