,job575_scenario0_1180,job588_scenario3_1208,job593_scenario2_1222,job594_scenario1_1226,job595_scenario0_1227,job596_scenario3_1228,job597_scenario1_1232,
in27,0.43022819638476584,0.7222055148251086,0.5567715474548545,0.5319955592438215,0.450620746342122,0.620438151966053,0.5439407478752614,
B14,0.5856947174859998,0.6906389871456009,0.6906389871456009,0.6021963944233693,0.5004290315643137,0.7608398223251487,0.7222055148251086,
B11,0.45798937169945364,0.6639498682770006,0.6408307019234092,0.5706298667438614,0.450620746342122,0.620438151966053,0.5706298667438614,
cn12,0.006534230668349239,0.31021907598302645,0.21060250553864324,0.18084894272688812,0.0,0.31021907598302645,0.14040167035909545,
B54,0.5567715474548545,0.6021963944233693,0.8106481075473402,0.6906389871456009,0.5856947174859998,0.6408307019234092,0.6906389871456009,
