,job147_scenario0_284,job161_scenario0_308,job171_scenario1_322,job173_scenario3_325,job175_scenario0_329,job177_scenario1_332,job178_scenario1_333,job179_scenario1_334,job180_scenario2_335,job183_scenario1_340,job184_scenario0_342,
in27,0.026689118868600148,0.0,0.1328399199813327,0.26670735967207904,0.012830799579593322,0.17826476694984728,0.1617630900124779,0.1617630900124779,0.19650652449253114,0.17826476694984728,0.0,
B14,0.2766035709831449,0.2573463468176801,0.40710903003117455,0.4884838429328739,0.24846560212939506,0.45691731525336615,0.3867164800738183,0.40710903003117455,0.4884838429328739,0.40710903003117455,0.2573463468176801,
B11,0.3369081948516267,0.3369081948516267,0.45691731525336615,0.6084929633346133,0.3369081948516267,0.4430589959643592,0.47198216599550447,0.45691731525336615,0.5067256004755577,0.47198216599550447,0.3519730455937651,
cn12,0.19650652449253114,0.19332961769198564,0.3773554672194195,0.5769264356551056,0.19974281615487122,0.3867164800738184,0.40710903003117455,0.3519730455937651,0.3600273612052183,0.3773554672194195,0.19332961769198564,
B54,0.43022819638476606,0.4884838429328739,0.5271181504329139,0.5067256004755577,0.43022819638476606,0.5067256004755577,0.5769264356551056,0.5502373167865053,0.5271181504329139,0.5769264356551056,0.4430589959643592,
