,job544_scenario0_1098,job554_scenario0_1122,job558_scenario4_1134,job559_scenario2_1135,
in27,0.2337216718922348,0.26041079076083506,0.4737399126957137,0.3665615918735675,
B14,0.4892550538421623,0.44217338501620596,0.6092641742439017,0.6092641742439017,
B11,0.44217338501620596,0.4737399126957137,0.8022007462214242,0.5772473561600837,
cn12,0.009896211311065883,0.0,0.2919773184403427,0.19020995558128728,
B54,0.6323833405974932,0.6092641742439017,0.9692915354491198,0.7292732946456411,
