,job384_scenario0_742,job385_scenario2_752,
in27,0.16002300940716352,0.30216476037157347,
B14,0.28709990962943516,0.5271181504329139,
B11,0.0,0.19020995558128728,
cn12,0.020392549957356065,0.2267952857609533,
B54,0.30216476037157347,0.4773098652107224,
