,job161_scenario0_308,job175_scenario0_329,job178_scenario1_333,job179_scenario1_334,job184_scenario0_342,job186_scenario0_345,job189_scenario0_348,job193_scenario1_357,job194_scenario1_359,job195_scenario3_360,job196_scenario2_361,
in27,0.547117654675807,0.5599484542554002,0.7088807446882849,0.7088807446882849,0.547117654675807,0.5599484542554002,0.5888716242865455,0.7088807446882849,0.6551815864461066,1.1240440903309126,0.6799575746571396,
B14,0.4240440903309126,0.4151633456426277,0.5534142235870508,0.5738067735444072,0.4240440903309126,0.4649716308648193,0.43340510318531167,0.6938158939461465,0.5534142235870508,0.6551815864461066,0.813825014347886,
B11,0.45379765314266773,0.45379765314266773,0.5888716242865455,0.5738067735444072,0.4688625038848061,0.45379765314266773,0.45379765314266773,0.6671267750775465,0.6236150587665987,0.6938158939461465,0.644007608723955,
cn12,0.0,0.006413198462885683,0.21377941233918896,0.15864342790177954,0.0,0.013073118111611493,0.006413198462885683,0.20328307369289877,0.20328307369289877,0.31339598278357217,0.19338686238183278,
B54,0.7253824216256544,0.6671267750775465,0.813825014347886,0.7871358954792858,0.6799575746571396,0.6799575746571396,0.7088807446882849,0.8453915420273937,0.8453915420273937,0.7871358954792858,0.8840258495274338,
