,job575_scenario0_1180,job588_scenario3_1208,job591_scenario1_1219,job593_scenario2_1222,job594_scenario1_1226,
in27,0.20679489126652928,0.49877220970687197,0.3205074427570247,0.333338242336618,0.3085622541255848,
B14,0.6991696072193899,0.804113876878991,0.9241229972807303,0.804113876878991,0.7156712841567594,
B11,0.23455606658121708,0.4405165631587641,0.4173973968051726,0.4173973968051726,0.34719656162562484,
cn12,0.0,0.3036848453146772,0.17431471205853888,0.204068274870294,0.17431471205853888,
B54,0.36002736120521817,0.40545220817373273,0.4440865156737728,0.6139039212977039,0.4938948008959645,
