,job298_scenario0_558,job303_scenario0_567,job307_scenario0_577,job314_scenario0_589,job316_scenario0_592,job318_scenario1_595,job320_scenario2_599,job322_scenario0_603,
in27,0.24631480971472286,0.228073052172039,0.24631480971472286,0.2528490403830722,0.25963957985154673,0.4017813308159568,0.3728581607848116,0.26670735967207904,
B14,0.6864392174105548,0.6765430060994889,0.6864392174105548,0.6864392174105548,0.7200547224104366,0.8169446764585844,0.8400638428121758,0.6765430060994889,
B11,0.6498538872308888,0.6417995716194356,0.6128764015882903,0.6417995716194356,0.6498538872308888,0.7328855219900297,0.761808692021175,0.6341033462346288,
cn12,0.012830799579593322,0.0,0.012830799579593322,0.012830799579593322,0.016192780222310077,0.14669823927033954,0.20640273580359714,0.0031196621106985845,
B54,0.6000456020086972,0.5881004133772572,0.6267347208772973,0.6000456020086972,0.6128764015882903,0.7467438412790366,0.7783103689585444,0.5881004133772572,
