,job474_scenario0_933,job485_scenario2_953,job490_scenario0_967,job496_scenario4_980,job498_scenario1_982,job500_scenario3_990,
in27,0.034864466685516904,0.13009759887622319,0.01595807660740256,0.26205190790940247,0.26205190790940247,0.4789509823592898,
B14,0.3168789956317525,0.5287592675814814,0.3168789956317525,0.42699190472242576,0.42699190472242576,0.6874026954832608,
B11,0.4624493054219204,0.5673935750815216,0.4705036210333736,0.7576035306628087,0.6607135766146608,0.8074118158850003,
cn12,0.0,0.21854019159845484,0.0066599196487259205,0.27223934984063325,0.15223022943889386,0.3771836195002344,
B54,0.3771836195002344,0.5287592675814814,0.3504945006316341,0.617201860303713,0.5287592675814814,0.42699190472242576,
