,job98_scenario0_185,job99_scenario0_190,job100_scenario0_194,job102_scenario0_198,job107_scenario0_204,job114_scenario0_213,job119_scenario1_225,job125_scenario1_239,job126_scenario3_240,job127_scenario2_242,
in27,0.006296568911244194,0.02668911886860026,0.012830799579593322,0.0,0.012830799579593322,0.02668911886860026,0.1328399199813327,0.14669823927033965,0.26670735967207904,0.1782647669498474,
B14,0.17147422748137287,0.18264820520352443,0.16097788883508246,0.18264820520352443,0.12439255865541654,0.1510816775240167,0.29148334788311225,0.27109079792575586,0.41149246828485153,0.3728581607848116,
B11,0.12312878251243808,0.14526141307510854,0.1375651876903018,0.14526141307510854,0.13019656233297006,0.13019656233297006,0.25020568273470967,0.30001396795690116,0.6804338791194756,0.30001396795690116,
cn12,0.07794625407594147,0.07794625407594147,0.08844259272223165,0.07794625407594147,0.07458427343322493,0.07458427343322493,0.25825999834616276,0.22351656386610952,0.3600273612052183,0.2898265260256705,
B54,0.4484699539274499,0.4751590727960502,0.46130075350704314,0.4484699539274499,0.42535078757385847,0.4484699539274499,0.5067256004755578,0.5249673580182416,0.49022392353818844,0.5951681931977896,
