,job661_scenario2_1409,
in27,0.0,
B14,0.19020995558128723,
B11,0.22884426308132727,
cn12,0.07020083517954778,
B54,0.39866166870525827,
