,job326_scenario0_609,job335_scenario4_630,job339_scenario0_640,job340_scenario3_642,job341_scenario0_643,job342_scenario3_645,job343_scenario2_647,job344_scenario3_648,job346_scenario3_652,job347_scenario0_653,
in27,0.00653423066834935,0.19020995558128717,0.013324770136823982,0.38041991116257445,0.0,0.23372167189223503,0.10176736285905574,0.2604107907608352,0.2919773184403429,0.0,
B14,0.4960455933106369,0.6546890212124163,0.4960455933106369,0.7360638341141158,0.504926337998922,0.8947072620158952,0.8245064268363473,1.0147163824176346,0.7746981416141558,0.4960455933106369,
B11,0.45062074634212224,0.7360638341141158,0.48759823198472074,0.8947072620158952,0.4644790656311292,0.8947072620158952,0.6160547137123764,0.8947072620158952,0.8245064268363473,0.4644790656311292,
cn12,0.3240773952720336,0.6160547137123764,0.3273136869343737,0.6160547137123764,0.3374021654088575,0.6160547137123764,0.504926337998922,0.6342964712550602,0.5995530367750069,0.3273136869343737,
B54,0.4644790656311293,0.6160547137123764,0.4644790656311293,0.5844881860328686,0.41467078040893757,0.5844881860328686,0.5577990671642685,0.7746981416141558,0.5346799008106771,0.41467078040893757,
