,job314_scenario0_589,job326_scenario0_609,job335_scenario4_630,job339_scenario0_640,job340_scenario3_642,job341_scenario0_643,job342_scenario3_645,job343_scenario2_647,job344_scenario3_648,
in27,0.006534230668349128,0.006534230668349128,0.19020995558128717,0.01332477013682376,0.38041991116257434,0.0,0.2337216718922347,0.10176736285905541,0.26041079076083484,
B14,0.3903161224736402,0.36217815361989036,0.5208215815216699,0.36217815361989036,0.6021963944233693,0.3710588983081753,0.7608398223251487,0.6906389871456008,0.880848942726888,
B11,0.5358864322638082,0.5069632622326629,0.7924063500046564,0.5439407478752614,0.9510497779064359,0.5208215815216698,0.9510497779064359,0.672397229602917,0.9510497779064359,
cn12,0.1967441862496362,0.19020995558128695,0.48218727402162975,0.19344624724362713,0.48218727402162975,0.20353472571811093,0.48218727402162975,0.3710588983081753,0.5004290315643135,
B54,0.6141415830548091,0.6408307019234092,0.7924063500046564,0.6408307019234092,0.7608398223251487,0.5910224167012177,0.7608398223251487,0.7341507034565484,0.9510497779064359,
