,job515_scenario4_1030,job516_scenario0_1032,job518_scenario0_1034,
in27,0.14040167035909568,0.0,0.0,
B14,0.3969215880999438,0.20671163251865665,0.1973506196642577,
B11,0.587131543681231,0.30168845590923765,0.3229154005555761,
cn12,0.7457749715830104,0.42169757631097693,0.42169757631097693,
B54,0.8657840919847499,0.6755741364034626,0.6617158171144557,
