,job866_scenario1_2133,
in27,0.266707359672079,
B14,0.0,
B11,0.33690819485162676,
cn12,0.1617630900124779,
B54,0.3600273612052182,
