,job1061_scenario1_3294,
in27,0.05287272916534658,
B14,0.1728818495670859,
B11,0.11112837571345441,
cn12,0.0,
B54,0.2697718036152339,
