,job605_scenario2_1255,
in27,0.11156175907582311,
B14,0.7586890299104765,
B11,0.2647942290145119,
cn12,0.0,
B54,0.2786525483035188,
