,job161_scenario0_308,job175_scenario0_329,job178_scenario1_333,job179_scenario1_334,job180_scenario2_335,job184_scenario0_342,job186_scenario0_345,job189_scenario0_348,job193_scenario1_357,job194_scenario1_359,
in27,0.573806773544407,0.5866375731240002,0.7355698635568849,0.7355698635568849,0.7703132980369382,0.573806773544407,0.5866375731240002,0.6155607431551455,0.7355698635568849,0.6818707053147066,
B14,0.6409431647807999,0.6320624200925149,0.7703132980369382,0.7907058479942943,0.8720806608959938,0.6409431647807999,0.6818707053147066,0.6503041776351989,0.9107149683960338,0.7703132980369382,
B11,0.3604776516095284,0.3604776516095284,0.49555162275340614,0.48048677201126777,0.5302950572334594,0.37554250235166675,0.3604776516095284,0.3604776516095284,0.573806773544407,0.5302950572334594,
cn12,0.0,0.006413198462885683,0.21377941233918885,0.15864342790177954,0.16669774351323252,0.0,0.013073118111611493,0.006413198462885683,0.20328307369289877,0.20328307369289877,
B54,0.5618615849129671,0.5036059383648592,0.6503041776351989,0.6236150587665987,0.6004958924130073,0.5164367379444524,0.5164367379444524,0.5453599079755977,0.6818707053147066,0.6818707053147066,
