,job90_scenario0_167,job91_scenario0_168,job98_scenario0_185,job99_scenario0_190,job100_scenario0_194,job102_scenario0_198,job105_scenario0_202,job106_scenario1_203,job107_scenario0_204,job110_scenario2_207,job111_scenario2_208,job112_scenario2_211,job113_scenario0_212,job114_scenario0_213,
in27,0.40057479936282536,0.39350701954229317,0.3801822494054692,0.40057479936282536,0.3867164800738184,0.3738856804942253,0.3867164800738184,0.5521504474440726,0.3867164800738184,0.47077563454237326,0.5521504474440726,0.5521504474440726,0.40057479936282536,0.40057479936282536,
B14,0.6504892514773702,0.6609855901236605,0.6609855901236605,0.6721595678458121,0.6504892514773702,0.6721595678458121,0.6504892514773702,0.8041138768789913,0.6139039212977042,1.0210129513288786,1.0210129513288786,0.8623695234270993,0.6721595678458121,0.6405930401663044,
B11,0.5769264356551057,0.5837169751235805,0.5837169751235805,0.605849605686251,0.5981533803014443,0.605849605686251,0.605849605686251,0.8308029957475915,0.5907847549441126,0.710793875345852,0.6969355560568451,0.7606021605680436,0.5907847549441126,0.5907847549441126,
cn12,0.019621339048068176,0.0,0.016192780222310077,0.016192780222310077,0.02668911886860026,0.016192780222310077,0.012830799579593322,0.1782647669498475,0.012830799579593322,0.16981740562393133,0.20640273580359725,0.20640273580359725,0.016192780222310077,0.012830799579593322,
B54,0.5769264356551057,0.605849605686251,0.5640956360755126,0.5907847549441128,0.5769264356551057,0.5640956360755126,0.5769264356551057,0.7423604030253599,0.540976469721921,0.7809947105253998,0.7809947105253998,0.8308029957475915,0.5769264356551057,0.5640956360755126,
