,job161_scenario0_308,job171_scenario1_322,job175_scenario0_329,job178_scenario1_333,job179_scenario1_334,job180_scenario2_335,job183_scenario1_340,job184_scenario0_342,job186_scenario0_345,job187_scenario3_346,
in27,0.11688945829104092,0.24972937827237351,0.12972025787063413,0.2786525483035188,0.2786525483035188,0.31339598278357206,0.2951542252408882,0.11688945829104092,0.12972025787063413,0.35690769909451975,
B14,0.025382421625654406,0.1751451048391488,0.01650167693736937,0.15475255488179263,0.1751451048391488,0.25651991774084826,0.1751451048391488,0.025382421625654406,0.06630996215956098,0.34496251046307985,
B11,0.26358769756138045,0.3835968179631199,0.26358769756138045,0.3986616687052582,0.3835968179631199,0.43340510318531145,0.3986616687052582,0.2786525483035188,0.26358769756138045,0.5351724660443671,
cn12,0.0,0.18402584952743384,0.006413198462885572,0.21377941233918885,0.15864342790177943,0.16669774351323252,0.18402584952743384,0.0,0.013073118111611493,0.3337885327409283,
B54,0.2249533900613404,0.26358769756138056,0.16669774351323252,0.31339598278357217,0.286706863914972,0.26358769756138056,0.31339598278357217,0.17952854309282573,0.17952854309282573,0.24319514760402416,
