,job713_scenario1_1574,job714_scenario1_1576,job715_scenario0_1581,
in27,0.8437221077814661,0.9139229429610138,0.7623472948797666,
B14,0.9321647005036976,0.9525572504610538,0.8220517914130242,
B11,0.8974212660236444,0.9321647005036976,0.7623472948797666,
cn12,0.1968698752300131,0.16873190637626312,0.0,
B54,0.5605130711720177,0.5872021900406178,0.4173847844166868,
