,job30_scenario0_70,
in27,0.1447851086127725,
B14,0.24001824080347883,
B11,0.15864342790177943,
cn12,0.0029099266969642157,
B54,0.0,
B51,0.2937173990456572,
os4,0.15864342790177943,
in4,0.21834792443503703,
B33,0.2786525483035189,
sh10,0.19020995558128717,
in22,0.1990907002695722,
