,job326_scenario3_622,
in27,0.0782551507910009,
B14,0.4151633456426277,
B11,0.1049442696596011,
cn12,0.05513598443740944,
B54,0.01650167693736937,
B51,0.13651079733910884,
os4,0.17514510483914886,
in4,0.0782551507910009,
B33,0.0,
sh10,0.29515422524088825,
in22,0.1049442696596011,
