,job811_scenario0_1902,
in27,0.276603570983145,
B14,0.25734634681768015,
B11,0.24001824080347894,
cn12,0.08303163475914105,
B54,0.35197304559376513,
B51,0.38671648007381837,
os4,0.3102190759830267,
in4,0.2870999096294352,
B33,0.45691731525336626,
sh10,0.23196392519202574,
in22,0.0,
