,job813_scenario1_1908,
in27,0.25825999834616264,
B14,0.3986616687052583,
B11,0.2235165638661094,
cn12,0.16981740562393105,
B54,0.2786525483035189,
B51,0.11156175907582322,
os4,0.16981740562393105,
in4,0.1586434279017795,
B33,0.018241757542683867,
sh10,0.44846995392744987,
in22,0.0,
