,job600_scenario4_1249,
in27,0.06487313596432992,
B14,0.12000912040173939,
B11,0.4800364816069576,
cn12,0.06487313596432992,
B54,0.08137481290169934,
B51,0.16981740562393105,
os4,0.3600273612052182,
in4,0.12000912040173939,
B33,0.06487313596432992,
sh10,0.16981740562393105,
in22,0.0,
