,job955_scenario2_2408,
in27,0.028137968853749862,
B14,0.10350744346437002,
B11,0.0884425927222317,
cn12,0.0,
B54,0.20845171312397115,
B51,0.0884425927222317,
os4,0.27865254830351893,
in4,0.01824175754268398,
B33,0.12000912040173944,
sh10,0.13825087794442326,
in22,0.27865254830351893,
