,job693_scenario3_1515,
in27,0.10494426965960113,
B14,0.05513598443740947,
B11,0.2951542252408883,
cn12,0.07825515079100093,
B54,0.17514510483914889,
B51,0.4151633456426277,
os4,0.2951542252408883,
in4,0.17514510483914889,
B33,0.22495339006134046,
sh10,0.0,
in22,0.05513598443740947,
