,job861_scenario1_2044,
in27,0.10176736285905547,
B14,0.1404016703590955,
B11,0.26041079076083495,
cn12,0.0,
B54,0.3102190759830265,
B51,0.02039254995735612,
os4,0.1404016703590955,
in4,0.12000912040173928,
B33,0.10176736285905547,
sh10,0.26041079076083495,
in22,0.38041991116257434,
