,job936_scenario0_2305,
in27,0.12937013325613833,
B14,0.24308268474663386,
B11,0.21996351839304235,
cn12,0.0,
B54,0.19957096843568622,
B51,0.26977180361523395,
os4,0.19020995558128728,
in4,0.19957096843568622,
B33,0.33997263879478173,
sh10,0.42134745169648113,
in22,0.26977180361523395,
