,job415_scenario1_807,
in27,0.07825515079100098,
B14,0.07825515079100098,
B11,0.10494426965960107,
cn12,0.0,
B54,0.2951542252408883,
B51,0.06630996215956103,
os4,0.12000912040173939,
in4,0.06630996215956103,
B33,0.12000912040173939,
sh10,0.34496251046307985,
in22,0.12000912040173939,
