,job538_scenario0_1105,
in27,0.1921230862388541,
B14,0.0,
B11,0.24582224448103251,
cn12,0.0840591544685545,
B54,0.28056567896108586,
B51,0.300958228918442,
os4,0.3240773952720335,
in4,0.300958228918442,
B33,0.300958228918442,
sh10,0.3507665141406336,
in22,0.31213220664059355,
