,job99_scenario2_202,
in27,0.23113749611519385,
B14,0.05287272916534658,
B11,0.23113749611519385,
cn12,0.019257224165464826,
B54,0.5097900444187127,
B51,0.09462669877608498,
os4,0.14976268321349445,
in4,0.0,
B33,0.3897809240169733,
sh10,0.11112837571345441,
in22,0.1728818495670859,
