,job532_scenario4_1070,
in27,0.13651079733910884,
B14,0.0,
B11,0.29515422524088825,
cn12,0.01650167693736937,
B54,0.22495339006134044,
B51,0.05513598443740944,
os4,0.29515422524088825,
