,job197_scenario1_351,job199_scenario2_355,job201_scenario0_357,
in27,0.39091615702118315,0.29641681973840245,0.0,
B14,0.4407244422433748,0.4599376564510895,0.1569866060443379,
B11,0.7193769905468936,0.3816825056600886,0.13386743969074633,
cn12,0.39091615702118315,0.30631303104946844,0.0033619806427167553,
B54,0.669568705324702,0.48662677531968973,0.2538765600924857,
B51,0.5291670349656064,0.2870558068840036,0.3240773952720335,
os4,0.42955046452122325,0.6768367309009768,0.12679965987021413,
