,job441_scenario0_854,job443_scenario1_856,job444_scenario2_857,
in27,0.26904474109988125,0.3281001841292942,0.22039690175541105,
B14,0.3076790485999212,0.36284361860934744,0.26215087136614945,
B11,0.03790724498468734,0.020524465794630187,0.0,
cn12,0.13253394376077238,0.22459274066492418,0.16752417259006447,
B54,0.2494234020518134,0.5032452889684431,0.1768851854444633,
B51,0.5161307617238924,0.3446018610666636,0.26215087136614945,
os4,0.3463133560999613,0.2744010258871158,0.3986616687052583,
