,job312_scenario0_576,job314_scenario1_582,
in27,0.23503292347915,0.14040167035909545,
B14,0.30859573930141454,0.43022819638476584,
B11,0.08180045354046123,0.0,
cn12,0.10848957240906137,0.08526568592168604,
B54,0.3839652139120347,0.31021907598302656,
B51,0.30859573930141454,0.22177648326079483,
os4,0.24889124276815694,0.16352083671268702,
