,job168_scenario1_301,job171_scenario2_308,
in27,0.5135047625261928,0.33914224601417176,
B14,0.7339016642816036,0.4756530433532806,
B11,0.7921573108297115,0.3556439229515412,
cn12,0.5356373930888634,0.2538765600924857,
B54,0.6138925438798644,0.4756530433532806,
B51,0.3801708719876294,0.0,
os4,0.6721481904279721,0.5640956360755123,
