,job350_scenario1_654,
in27,0.14669823927033965,
B14,0.3102190759830266,
B11,0.14669823927033965,
cn12,0.15659445058140553,
B54,0.21689907444988737,
B51,0.0,
os4,0.2319639251920257,
