,job614_scenario1_1242,
in27,0.35373079229397425,
B14,0.35373079229397425,
B11,0.24655247147182807,
cn12,0.11371255149049542,
B54,0.09059338513690396,
B51,0.0,
os4,0.2754756415029733,
