,job706_scenario0_1496,job707_scenario2_1498,
in27,0.29598065431772014,0.2024967836577204,
B14,0.0,0.2361122886576021,
B11,0.2351408319925712,0.26280140752620224,
cn12,0.10883514267958772,0.12893396783545585,
B54,0.27865254830351893,0.4143770556074494,
B51,0.8057706987364328,0.33300224270575,
os4,0.19522875808144557,0.45301136310748946,
