,job665_scenario1_1386,
in27,0.018241757542683867,
B14,0.18805916316661475,
B11,0.3284608335257105,
cn12,0.3017717146571104,
B54,0.0,
B51,0.3284608335257105,
os4,0.09961657044438321,
