,job734_scenario3_1587,job736_scenario3_1589,
in27,0.19411590772716394,0.0,
B14,0.28255850044939557,0.0813748129016994,
B11,0.09234854486810831,0.24001824080347883,
cn12,0.1625493800476562,0.0,
B54,0.0741067873254245,0.04980828522219166,
B51,0.35275933562894335,0.12000912040173942,
os4,0.1625493800476562,0.24001824080347883,
