,job939_scenario0_2199,
in27,0.16601205325911106,
B14,0.1990907002695722,
B11,0.16601205325911106,
cn12,0.01506485074213837,
B54,0.0,
B51,0.3102190759830266,
os4,0.26479422901451194,
