,job380_scenario2_709,job381_scenario3_710,job382_scenario0_712,
in27,0.6208637926048153,0.7718135542915578,0.32216426461446646,
B14,0.7675620318751548,0.8918226746932972,0.41905421866261444,
B11,0.4187086483920881,0.396271051939891,0.09332000153313924,
cn12,0.6336945921844084,0.5549144798416705,0.2116880047863111,
B54,0.34221124430129635,0.4931610059880389,0.0,
B51,0.679119439152923,1.0118317950950366,0.44217338501620596,
os4,0.7991285595546626,1.0118317950950366,0.41905421866261444,
