,job431_scenario4_831,
in27,0.468862503884806,
B14,0.0,
B11,0.6590724594660933,
cn12,0.26041079076083495,
B54,0.468862503884806,
B51,0.299045098260875,
os4,0.299045098260875,
