,job208_scenario0_373,job209_scenario1_374,
in27,0.42033198507369995,0.668797587203095,
B14,0.41227766946224675,0.7074318947031351,
B11,0.3768202687627522,0.456917315253366,
cn12,0.2736337458033603,0.4785876316218078,
B54,0.0,0.15362462540162092,
B51,0.610541940654987,0.6372310595235873,
os4,0.41227766946224675,0.5874227743013956,
