,job1151_scenario4_3421,
in27,0.0,
B14,0.12000912040173944,
B11,0.15864342790177946,
cn12,0.018241757542683812,
B54,0.15864342790177946,
B51,0.15864342790177946,
os4,0.0617534738536315,
