,job246_scenario1_443,
in27,0.5142873508533206,
B14,0.5640956360755123,
B11,0.0,
cn12,0.3738856804942251,
B54,0.7543055916567994,
B51,0.0033619806427164223,
os4,0.45915136641591114,
