,job855_scenario4_1932,
in27,0.45691731525336615,
B14,0.2667073596720789,
B11,0.4071090300311746,
cn12,0.3369081948516268,
B54,0.0,
B51,0.36847472253113456,
os4,0.36847472253113456,
