,job314_scenario1_582,
in27,0.2106025055386434,
B14,0.5004290315643138,
B11,0.260410790760835,
cn12,0.15546652110123393,
B54,0.0,
B51,0.29197731844034275,
os4,0.23372167189223492,
