,job785_scenario2_1720,
in27,0.21188027194972897,
B14,0.13050545904802963,
B11,0.23012202949241278,
cn12,0.1664554249812143,
B54,0.6105419406549872,
B51,0.0,
os4,0.15362462540162108,
