,job1166_scenario1_3522,
in27,0.04980828522219172,
B14,0.43022819638476606,
B11,0.43022819638476606,
cn12,0.0,
B54,0.43022819638476606,
B51,0.09332000153313935,
os4,0.2715847684829866,
