,job720_scenario0_1545,job721_scenario0_1547,
in27,0.20883134046399388,0.0960902456385293,
B14,0.28470929286406776,0.2337216718922348,
B11,0.23275021522720385,0.12654335107008852,
cn12,0.13677875968792452,0.003236291662339963,
B54,0.3882167363284378,0.2754756415029732,
B51,0.1980067807471506,0.0,
os4,0.3128472617178176,0.14777029571642708,
