,job791_scenario3_1739,
in27,0.4800364816069576,
B14,0.6267347208772971,
B11,0.5382921281550656,
cn12,0.4365247652960099,
B54,0.0,
B51,0.3600273612052182,
os4,0.011173977722151562,
