,job514_scenario3_1018,job515_scenario1_1019,
in27,0.5607336554327959,0.5340445365641957,
B14,0.1803137442702214,0.0,
B11,0.5340445365641957,0.4140354161624563,
cn12,0.5109253702106042,0.3280840399866486,
B54,0.6807427758345352,0.8709527314158224,
B51,0.5923001831123036,0.47229106271056415,
os4,0.5923001831123036,0.5109253702106042,
