,job175_scenario3_314,job179_scenario2_319,job182_scenario2_323,
in27,0.5128473362784527,0.41569214523221637,0.23372167189223497,
B14,0.35108424626597484,0.295683024830477,0.33061162594038296,
B11,0.6879924411176015,0.3658838600100248,0.3804199111625745,
cn12,0.5679833207158621,0.3520255407210179,0.11371255149049564,
B54,0.3573808151772186,0.41569214523221637,0.0,
B51,0.5911024870694536,0.3391947411414247,0.09059338513690413,
os4,0.6879924411176015,0.556093815591312,0.14040167035909573,
