,job443_scenario1_856,job446_scenario1_863,
in27,0.6267233434594575,0.3449625104630798,
B14,0.3512477019564842,0.0,
B11,0.5978001734283123,0.44672987332213543,
cn12,0.5232158999950876,0.18251373019648043,
B54,0.9218775687003458,0.4151633456426277,
B51,0.5232158999950876,0.11484048097066701,
os4,0.5730241852172792,0.326720752920396,
