,job802_scenario0_1779,
in27,0.20138393330343884,
B14,0.37826911874790203,
B11,0.18805916316661486,
cn12,0.08137481290169934,
B54,0.30177171465711033,
B51,0.0,
os4,0.28982652602567044,
