,job234_scenario1_423,
in27,0.41340559894241846,
B14,0.7938255101049929,
B11,0.24358819331848758,
cn12,0.3137890284980353,
B54,0.5151729618014741,
B51,0.0,
os4,0.41340559894241846,
