,job33_scenario4_68,job39_scenario0_78,job40_scenario0_79,
in27,0.6117965914197928,0.14040167035909557,0.16352083671268713,
B14,0.7437509004529721,0.16352083671268713,0.19020995558128728,
B11,0.7206317340993806,0.13333389053856337,0.16352083671268713,
cn12,0.6006226136976412,0.024037664862460062,0.0,
B54,0.5802300637402851,0.12654335107008863,0.043511716310947635,
B51,0.6117965914197928,0.10176736285905552,0.043511716310947635,
os4,0.7206317340993806,0.0702008351795479,0.0702008351795479,
