,job121_scenario2_233,job123_scenario1_236,
in27,0.7044289765161392,0.5959394041070778,
B14,0.7044289765161392,0.3088394944776426,
B11,0.5346115708922082,0.3790403296571905,
cn12,0.27907818894228087,0.0,
B54,0.944447217319618,0.6773142170087771,
B51,0.24751166126277313,0.1390220888537116,
os4,0.6159863837939076,0.36709514102575047,
