,job349_scenario0_652,
in27,0.09853107119671545,
B14,0.1968698752300131,
B11,0.1371653786967555,
cn12,0.0,
B54,0.23048538022989484,
B51,0.028330236017167665,
os4,0.15223022943889386,
