,job33_scenario4_68,
in27,0.08137481290169923,
B14,0.21332912193487855,
B11,0.0,
cn12,0.07020083517954767,
B54,0.16981740562393086,
B51,0.2715847684829865,
os4,0.1902099555812871,
