,job380_scenario2_709,job381_scenario3_710,job382_scenario0_712,
in27,0.23275021522720407,0.4199945027866237,0.0,
B14,0.8892384989162563,1.0497936676070758,0.6066799984668606,
B11,0.699028543334969,0.7128854727554491,0.4395892092391649,
cn12,0.7553710592255098,0.7128854727554492,0.39931378459055733,
B54,0.5256411851960292,0.7128854727554491,0.24937925365787772,
B51,0.8007959061940245,1.1698027880088153,0.6297991648204522,
os4,0.9208050265957639,1.1698027880088153,0.6066799984668606,
