,job401_scenario0_764,job403_scenario2_768,
in27,0.3289896331152991,0.30177171465711033,
B14,0.4655004304544079,0.3600273612052183,
B11,0.3454913100526685,0.19459339383496416,
cn12,0.1672265431028211,0.12000912040173939,
B54,0.1800573426824144,0.2084517131239711,
B51,0.42007558348589324,0.14814708925548925,
os4,0.14410737674922974,0.0,
