,job907_scenario1_2077,job909_scenario2_2084,
in27,0.5067142230577182,0.17737915600169407,
B14,0.5907733775262729,0.44408651567377294,
B11,0.5703808275689166,0.16543396737025412,
cn12,0.4602679184782433,0.15425998964810256,
B54,0.7107824979280123,0.3942782304515814,
B51,0.31650426747643096,0.0,
os4,0.5356373930888634,0.6342964712550602,
