,job252_scenario3_458,
in27,0.39866166870525827,
B14,0.4688625038848061,
B11,0.31021907598302667,
cn12,0.1586434279017795,
B54,0.22884426308132727,
B51,0.4688625038848061,
os4,0.0,
