,job453_scenario0_876,job454_scenario2_880,
in27,0.4006272944900779,0.2565199177408482,
B14,0.5067780956028104,0.4853641808221755,
B11,0.4006272944900779,0.326720752920396,
cn12,0.2634619157933224,0.22495339006134052,
B54,0.4820021073917773,0.4151633456426277,
B51,0.2602256241309823,0.0,
os4,0.5067780956028104,0.6053733012239149,
