,job720_scenario0_1545,
in27,0.2863002012198164,
B14,0.3621781536198903,
B11,0.0,
cn12,0.21424762044374707,
B54,0.10565823587904216,
B51,0.4656855970842603,
os4,0.39031612247364017,
