,job249_scenario3_450,job250_scenario1_453,
in27,0.5857994376197839,0.20304075516088044,
B14,0.44539776726068825,0.45691731525336615,
B11,0.27558036163675736,0.0,
cn12,0.4657903172180444,0.1200091204017395,
B54,0.5857994376197839,0.527118150432914,
B51,0.34578119681630504,0.16709078922769577,
os4,0.3569551745384566,0.03156652767950774,
