,job550_scenario1_1131,job551_scenario1_1134,job552_scenario1_1136,job553_scenario1_1137,job554_scenario2_1138,
in27,1.0691159481108488,0.8868325093804459,0.7866398889846304,0.5980046758665833,0.8380229166700621,
B14,0.8789059925295615,0.7170151037565148,0.6279964610828509,0.40072694046476376,0.40072694046476376,
B11,0.9877411352091494,0.9254668168804858,0.7368316037624387,0.5139455213980285,0.5593703683665432,
cn12,0.38973645934256607,0.3222935015828301,0.1834665736869746,0.0,0.025382421625654406,
B54,1.0526142711734794,1.0454759372822253,0.9066490093863698,0.6628778118309132,0.7993886091700221,
