,job601_scenario1_1250,job605_scenario2_1256,job606_scenario2_1257,job608_scenario3_1259,job609_scenario4_1260,job610_scenario0_1262,
in27,0.7303389460431091,0.5776536988582467,0.5549957596544364,0.5460050917845374,0.40304307102151055,0.11264049504440787,
B14,0.7454037967852474,0.8315302589507324,0.7950140004579151,0.6927033310548769,0.3714765433420028,0.19401530794610727,
B11,0.7454037967852474,0.6848320196803929,0.586562287333944,0.5460050917845374,0.6114947841454816,0.12770534578654624,
cn12,0.6032620458208375,0.5119501701133069,0.45005148999483524,0.4140507827513581,0.6816956193250294,0.0,
B54,0.7801472312653006,0.6617128533268014,0.6483157611875756,0.5024933754735896,0.6114947841454816,0.1624487802665996,
