,job156_scenario1_316,job158_scenario0_319,job159_scenario1_321,job160_scenario1_323,job161_scenario1_324,job162_scenario2_325,job163_scenario1_326,job164_scenario1_329,job165_scenario1_331,job166_scenario2_333,job167_scenario3_334,job168_scenario2_336,
in27,0.8098312946293551,0.5555047205078096,0.615702116303786,1.0022045208662074,0.5292558582764697,0.49988360292927064,0.4807944111522124,0.5680012262924133,0.4304100759785885,0.2644328020643518,0.38729253002525055,0.05825564654810789,
B14,0.951973045593765,0.8074681499427284,1.0308654619464137,0.9004371580071516,0.8345975254485886,1.0571886995363085,0.8682821021353191,0.8466537745959323,0.6743191898020541,0.6502636711900168,0.6659450783287695,0.5769264356551056,
B11,0.7617630900124779,0.6015076533651813,0.6890798582838794,0.6919854448831806,0.8844058106707802,0.6767687883737339,0.5692370038744441,0.5680012262924133,0.3894825354446818,0.38179856481772867,0.4055342875679345,0.1617630900124779,
cn12,0.5880548113685601,0.3305513304464692,0.4352032981913937,0.44351984275378553,0.4976893305969618,0.43675054757025517,0.40830034293879797,0.4025672589221594,0.24409099341728813,0.1969163084516593,0.2588360482975949,0.0,
B54,1.0884838429328738,0.8545498187686846,1.1895088898481931,0.8821954004644679,1.1448166014316152,0.8873712939123773,1.1083003429387979,0.87822030227544,0.7792634594616552,0.8671627456399041,0.5957442431492217,0.527118150432914,
