,job371_scenario0_708,job372_scenario2_710,job373_scenario1_711,job374_scenario2_712,job375_scenario1_714,
in27,0.3090541174789147,0.2664798780695594,0.29023630998479855,0.17746123539589553,0.0,
B14,0.31793486216719974,0.46786381137299826,0.35198978383843005,0.2707812369290348,0.024775988211033217,
B11,0.5561401381029258,0.6651415467748176,0.5688888582883175,0.4561137836994144,0.43729597620529836,
cn12,0.2863683344876919,0.3622910961491227,0.3377513621731236,0.2974703557976349,0.11771588736787286,
B54,0.2609859128620376,0.2730973674857815,0.24216810536792144,0.35116951403981334,0.05369915824217841,
