,job37_scenario0_82,job38_scenario2_83,job39_scenario1_84,job40_scenario0_87,
in27,0.26150632188314027,0.3572157038256578,0.26096301533915756,0.0,
B14,0.8494642946412031,1.3145620506433378,1.2569436696568776,0.5463753745983789,
B11,0.3015202108885643,0.45410565787380575,0.5164963972890849,0.02668911886860026,
cn12,0.38678589681025033,0.5558730207328613,0.4778620897890449,0.06761665940250694,
B54,0.9440909934172881,1.1945529302415983,1.0169254288533986,0.5680456909668208,
