,job86_scenario0_179,
in27,0.09989559800334924,
B14,0.13507397114387765,
B11,0.21225706548879109,
cn12,0.0,
B54,0.6628778118309131,
