,job227_scenario2_451,
in27,0.3855885505936467,
B14,0.2820811071292767,
B11,0.03361550499988164,
cn12,0.0,
B54,0.8007518962362744,
