,job1142_scenario0_3508,job1143_scenario0_3511,
in27,0.3244361441348851,0.1371653786967555,
B14,0.3645694788593379,0.20736621387630333,
B11,0.3722657042441446,0.14453400405408712,
cn12,0.22333341381125993,0.0,
B54,0.40700913872419797,0.27223934984063325,
