,job198_scenario0_387,job200_scenario1_390,job202_scenario1_392,job203_scenario1_394,job204_scenario0_399,job205_scenario1_401,job206_scenario1_402,job207_scenario0_406,
in27,0.8598124678742272,0.9178626587423745,0.9247338393972558,0.8707406164022046,0.6999555353255926,0.6849010913672415,0.7320799544986532,0.30285045062569493,
B14,1.0125862976430877,0.9283589973886648,0.937564638976849,0.9356137523665344,0.7859069115014004,0.8154065504152712,0.7320799544986532,0.3432977229934877,
B11,0.6420625977915794,0.6679482066278297,0.7114047174623771,0.5500252017728877,0.43217611920742605,0.5549957596544363,0.3764360315471119,0.0,
cn12,0.6454911566173372,0.8314690433405169,0.7264695682045155,0.6805306608209174,0.44899871664977353,0.528306640785836,0.49206171369517426,0.05926225730720747,
B54,0.9858971787744877,1.0097338102903641,1.1914411990693348,1.3507770980091622,0.8125960303700004,0.7313473959467165,0.6866551075301384,0.37305128580524277,
