,job106_scenario1_216,job108_scenario3_218,job110_scenario2_224,
in27,0.3747268140768282,0.4953732000402152,0.0,
B14,0.537926730284537,0.688760062422048,0.20988853931920226,
B11,0.6263693230067687,0.9989791384050745,0.1712542318191621,
cn12,0.44103677623638904,0.4953732000402152,0.0716376613747789,
B54,1.1267983545710825,0.8789700180033351,0.4316650225799971,
