,job550_scenario1_1131,job551_scenario1_1134,job552_scenario1_1136,job553_scenario1_1137,
in27,1.0456105168267207,0.8365827537513174,0.6551815864461066,0.6053733012239151,
B14,0.838898884308064,0.6502636711900169,0.4800364816069578,0.3915938888847261,
B11,0.8940348687454736,0.8050162260718097,0.5351724660443673,0.45111331157581247,
cn12,0.35886240270110625,0.2646751205963699,0.04463964579111912,0.0,
B54,1.0291088398893513,0.9952261816530968,0.7751907068478461,0.670246437188245,
