,job173_scenario0_349,job176_scenario1_352,job179_scenario0_356,job180_scenario4_357,job181_scenario2_358,job182_scenario3_359,job183_scenario1_360,job184_scenario4_361,job185_scenario4_364,
in27,0.798901536754388,1.001295268961821,0.6730007014284147,0.9635432328869732,0.7038249131641862,0.8575186102526561,0.6763155244969692,0.69695229430151,0.43340510318531145,
B14,0.7175267238526886,0.7226427206583022,0.6302601960267553,0.9635432328869732,0.812660055843774,0.7059429621714088,0.591049838575283,0.7938422483496579,0.3835968179631199,
B11,0.7175267238526886,0.8110853133805338,0.5600593608472075,0.7466441584370858,0.6375149510046252,0.8961529177526961,0.5728080810325992,0.7938422483496579,0.4537976531426677,
cn12,0.26060940859932236,0.4030626318208767,0.12863298277482826,0.4244798938226193,0.283492928090486,0.33884782114565837,0.17414641232734096,0.2751714592426602,0.0,
B54,0.876170151754468,0.9514869837396295,0.7862192823616794,0.9635432328869732,0.8624683410659657,0.7557512473936004,0.9714697497378575,1.0338604891531367,0.6236150587665987,
