,job643_scenario4_1336,job644_scenario0_1338,
in27,0.4357212337420583,0.1200091204017395,
B14,0.8743967914527406,0.5341859302534464,
B11,0.5143694302475224,0.1853325467703797,
cn12,0.5761229041011539,0.0,
B54,0.9130310989527807,0.6155607431551458,
