,job326_scenario3_622,job333_scenario1_633,job334_scenario3_635,job335_scenario2_636,job336_scenario0_637,job337_scenario0_638,job338_scenario0_639,
in27,0.7734104057167965,0.5213111829677057,0.5805043064174059,0.2357860158015107,0.08714687781795771,0.0,0.007696225384806743,
B14,1.6374367510013372,1.1501966962596752,1.3476406976537987,0.9531141218157118,0.7399512658731371,0.55131605275509,0.55131605275509,
B11,1.3272176750183107,0.998621048178428,0.9876133364485804,1.0113697683638196,0.6381839030140816,0.560196797443375,0.5126817452550501,
cn12,0.9671903138130924,0.5915120181472535,0.7272025456877456,0.48927042043106406,0.2247783040716631,0.0895213286908163,0.07902499004452612,
B54,1.238775082296079,1.068821883357976,1.0107325028021719,1.0113697683638196,0.7287772881509855,0.6259003261883147,0.6011243379772817,
