,job1001_scenario1_2614,
in27,0.12770534578654613,
B14,0.16244878026659937,
B11,0.16244878026659937,
cn12,0.0,
B54,0.42285957102743443,
