,job885_scenario0_2108,
in27,0.0,
B14,0.5769264356551056,
B11,0.05883373243696488,
cn12,0.25917849685503114,
B54,0.5029202481107378,
