,job293_scenario4_563,job298_scenario2_571,job299_scenario1_573,job300_scenario0_574,job301_scenario0_576,
in27,0.6937512879411674,0.502376754216123,0.4151309355552232,0.16608370813482887,0.021387182106054725,
B14,1.43419856030896,1.193015741361724,0.9004951163773987,0.7806522619679632,0.6666013222831408,
B11,1.1057377267832496,0.7778523957190964,0.850686831155207,0.48237837461637656,0.3204322803669296,
cn12,0.7999020890538997,0.4885184349271162,0.3514643310440245,0.12132349370174456,0.0,
B54,1.5043993954885078,1.154381433861684,1.1405133571808774,0.7589819455995215,0.6666013222831408,
