,job1089_scenario2_3121,
in27,0.0,
B14,0.3369081948516267,
B11,0.026689118868600092,
cn12,0.012830799579593155,
B54,0.12000912040173933,
