,job120_scenario2_241,job123_scenario0_251,job124_scenario1_252,job125_scenario1_253,
in27,1.035743236347515,0.536479163287313,0.42921876307096524,0.4829179213131436,
B14,0.9806072519101054,0.5568717132446692,0.4411639517024052,0.7078713113744841,
B11,0.7116658410754813,0.2023412125410764,0.22783482976752645,0.2594013574470342,
cn12,0.6147758870273334,0.0,0.04250228299714687,0.018304380674970755,
B54,1.2757614771509938,0.6564882836890523,0.7780721465540319,0.5176613557931968,
