,job35_scenario0_80,job37_scenario0_82,job38_scenario2_83,job39_scenario1_84,
in27,0.497867753310153,0.32358342471480284,0.32515816717804313,0.286523859678003,
B14,0.6659450783287696,0.5746332026212391,0.9455963191440963,0.9455963191440963,
B11,0.11920558884778776,0.0,0.0584508075059641,0.1784599279077035,
cn12,0.18590859672181181,0.030579991888586955,0.10553247633192042,0.08513992637456425,
B54,0.6028120229697541,0.4790499458160369,0.6353772431610696,0.5153681227593303,
