,job641_scenario4_1329,job642_scenario3_1333,
in27,0.1746106278367362,0.12000912040173939,
B14,0.8587153843139879,0.4137265194473966,
B11,0.7702727915917562,0.4484699539274498,
cn12,0.2382772323479347,0.0,
B54,0.7702727915917562,0.46886250388480605,
