,job868_scenario4_2056,job870_scenario0_2060,job872_scenario3_2064,job873_scenario1_2066,job874_scenario1_2069,job875_scenario2_2071,
in27,0.7107345395292007,0.39060648175648705,0.5128274840725184,0.5343896436554487,0.29955647134443236,0.2519634294349188,
B14,0.40539287235708166,0.09383162162931313,0.45457183752441055,0.05435316204849111,0.14296202076302683,0.25196342943491873,
B11,0.2982145515349356,0.18516591518788217,0.392818363670779,0.2122253790409822,0.17452854844253457,0.0,
cn12,0.6609262543070091,0.28296952076451265,0.6714709119742979,0.3441796880741616,0.25491682555331313,0.1990907002695722,
B54,0.8307436599309401,0.636700313058487,0.7914800323760374,0.6810878829257883,0.599879336016393,0.3986616687052583,
