,job790_scenario4_1844,job794_scenario1_1849,job795_scenario3_1850,job796_scenario0_1851,job797_scenario0_1852,
in27,1.233425460146151,0.9298018304416891,1.1726706788043273,0.5769264356551056,0.6969355560568451,
B14,0.8031972637613849,0.51343195334593,0.5837990545177818,0.24358819331848758,0.20495388581844753,
B11,1.3303154141942988,0.9752266774102037,0.95577160435444,0.6351820822032135,0.6267347208772973,
cn12,0.6693298240706387,0.5569436696568776,0.4055342875679345,0.019621339048067954,0.0,
B54,1.1899137438352032,1.1836783905341748,0.9122598880434922,0.5067256004755578,0.5067256004755578,
