,job188_scenario2_367,job189_scenario0_368,job192_scenario1_377,job193_scenario0_378,job194_scenario0_380,
in27,0.8541754374598063,0.7354129360250871,0.6657064903340633,0.43080424633619807,0.3306116259403826,
B14,0.9039837226819979,0.813668086816088,0.6492048133966939,0.5627585553693775,0.3167533066513757,
B11,0.9741845578615458,0.7203480852829487,0.6202816433655487,0.44904600387888194,0.345676476682521,
cn12,0.637276363009919,0.46983350583317973,0.39412172185107675,0.21226405473774324,0.10565823587904233,
B54,0.5670755278303712,0.3714947017998821,0.37372917189372057,0.3023477646085424,0.0,
