,job1093_scenario3_3132,job1094_scenario1_3135,
in27,0.2090277630754033,0.0,
B14,0.29040257597710273,0.04980828522219155,
B11,0.5690551242806215,0.12000912040173944,
cn12,0.17039345557536326,0.015064850742138314,
B54,0.44904600387888216,0.09332000153313924,
