,job584_scenario1_1214,job587_scenario3_1223,job590_scenario3_1230,job591_scenario0_1231,
in27,0.7633369819410628,0.5958661795520105,0.3545305007035927,0.0,
B14,1.3615696190820072,1.3306096140320636,0.8256862376222655,0.6243023043188267,
B11,1.431770454261555,1.3306096140320636,0.7674305910741575,0.5691663198814172,
cn12,1.1144835984579962,1.4008104492116114,0.6891754402831566,0.42702456891700713,
B54,0.8710367988287594,0.6151234037174752,0.30358688968950986,0.15688865041917044,
