,job371_scenario0_708,job372_scenario2_710,job373_scenario1_711,job374_scenario2_712,job376_scenario3_716,job377_scenario4_717,job378_scenario0_719,
in27,0.6869738963998593,0.6854168896291982,0.7432015366079625,0.6848906845834544,0.7053996556274262,0.5539902735384832,0.1680773250186166,
B14,0.6958546410881443,0.886800822932637,0.8049550104615939,0.7782106861165936,0.7053996556274262,0.6739993939402225,0.19020995558128717,
B11,0.4651974131390643,0.6152160544496506,0.5529915810266752,0.4946807290021672,0.3747880296870433,0.363780317957196,0.008054315611453089,
cn12,0.505644685506857,0.6225846798069821,0.632073160894508,0.6462563770834142,0.5649979852683306,0.5855568012179909,0.03797972614239331,
B54,0.46519741313906443,0.5183261004015025,0.5214250533471676,0.6848906845834544,0.19111230477410557,0.43398115313674374,0.0,
