,job229_scenario0_456,job230_scenario4_458,
in27,0.1200091204017395,0.17139214808717118,
B14,0.3480821725737784,0.2794560798574707,
B11,0.0,0.2212004333093628,
cn12,0.03156652767950785,0.4696660354387579,
B54,0.5769264356551056,0.7483185837422768,
