,job229_scenario0_456,job231_scenario2_459,job232_scenario2_461,
in27,0.38865610636784986,0.26339253660352424,0.19476644388721653,
B14,0.7255643012194766,0.820697633210562,0.44185246451122767,
B11,0.22902614267514942,0.16551604676445553,0.0,
cn12,0.3774821286456983,0.3811084239713971,0.2951542252408882,
B54,0.7641986087195167,0.650880227586631,0.6818707053147064,
