,job896_scenario0_2137,
in27,0.5083824223329995,
B14,0.6036155545237059,
B11,0.20845171312397115,
cn12,0.0,
B54,0.6155607431551458,
