,job179_scenario0_356,job180_scenario4_357,job181_scenario2_358,job185_scenario4_364,job186_scenario0_365,job187_scenario1_366,job188_scenario2_367,job189_scenario0_368,job190_scenario3_370,job191_scenario4_371,
in27,0.3434731540327481,0.6493120414691995,0.4083255808320446,0.4026335340749988,0.17894929659030367,0.26949865293618913,0.28138863609122877,0.14557030979016794,0.40932427334385246,0.20500765308705274,
B14,0.4207417690328281,0.7693211618709388,0.637169843913372,0.4728343692545467,0.363289654038672,0.3231978111783675,0.3311969213134203,0.22382546058116892,0.2626260340735129,0.4219067275369401,
B11,0.3505409338532803,0.5524220874210515,0.462024739074223,0.5430352044340945,0.21171400595742484,0.37833379561577696,0.4013977564929682,0.13050545904802957,0.35951598812166086,0.23169677195565294,
cn12,0.19776710408441983,0.5089103711101037,0.3866552644636028,0.36789009959494556,0.07784656626667852,0.2285711124022825,0.1844986820430809,0.0,0.35951598812166086,0.06187936633172192,
B54,0.4566917349660128,0.6493120414691995,0.5669690087338242,0.592843489656286,0.31786480707015735,0.6183520364192558,0.374708637624368,0.1620719867275373,0.4795251085234003,0.051383027685431626,
