,job1038_scenario3_2784,
in27,0.3240773952720336,
B14,0.0,
B11,0.5142873508533208,
cn12,0.20406827487029416,
B54,0.3240773952720336,
