,job536_scenario0_1101,
in27,0.29966454995159286,
B14,0.47904994581603677,
B11,0.0,
cn12,0.2101085349814127,
B54,0.038634307500040044,
