,job143_scenario2_294,job145_scenario1_296,job146_scenario0_297,job147_scenario0_298,job148_scenario1_299,
in27,0.7499901648160141,0.5276703750112365,0.3966535428796496,0.2507588351632618,0.2651952403411256,
B14,0.7935018811269617,0.752944685577555,0.5082153019554727,0.3792845853706831,0.5595983296409044,
B11,0.8819444738491934,0.7094329692666074,0.5181115132665386,0.32694871419475724,0.3792845853706831,
cn12,0.5006109111581364,0.4369345492551382,0.15844826694392333,0.0,0.14669823927033954,
B54,1.1304100759785884,1.1867428344773296,0.9303891827287856,0.7915622548329301,1.0165156448942705,
