,job173_scenario0_349,job179_scenario0_356,job180_scenario4_357,job181_scenario2_358,job182_scenario3_359,job183_scenario1_360,job184_scenario4_361,job185_scenario4_364,job186_scenario0_365,job187_scenario1_366,
in27,0.7756243819111629,0.669347544876058,0.9655322781859736,0.7130978491817114,0.8765634804179983,0.7091786264374296,0.7509175187356132,0.523886586112232,0.18247754322532428,0.2966170654941449,
B14,1.0929112377147217,1.0252687081796568,1.364193946891232,1.2205946605665574,1.1236495010420093,1.0225746092210017,1.2464691414890194,0.8727399695952988,0.6454704489772116,0.6289687720398421,
B11,1.0929112377147217,0.955067873000109,1.1472948724413445,1.0454495557274086,1.3138594566232964,1.0043328516783179,1.2464691414890194,0.9429408047748465,0.4938948008959644,0.6841047564772516,
cn12,0.5546191095596562,0.44226668202603014,0.7437557949251787,0.6100527199115702,0.6751795471145594,0.5242963700713603,0.6464235394803224,0.40776833873047946,0.0,0.17431471205853888,
B54,1.1315455452147618,1.0612186741128413,1.2441848264894926,1.1503938253870096,1.0534486658624616,1.2829853999818368,1.3664782618907587,0.9927490899970381,0.6000456020086968,0.9241229972807304,
