,job172_scenario3_347,job173_scenario0_349,job174_scenario1_350,job176_scenario1_352,
in27,0.5574869762008602,0.27829112135335865,0.44416859506797457,0.3053416671721191,
B14,0.48098957211006843,0.17022718958305916,0.1636029161068887,0.0,
B11,1.0081077225429824,0.6271445048364253,0.6841868358714532,0.5453599079755977,
cn12,0.8329626177038335,0.44887973788657787,0.554816702615315,0.4159897747194595,
B54,1.0081077225429824,0.5457696919347259,0.6343785506492616,0.4457433375312146,
