,job466_scenario1_938,job467_scenario1_940,job469_scenario0_947,job470_scenario3_948,
in27,0.6748358548916917,0.5954001319950605,0.05121400252094788,0.5940826939501216,
B14,0.9352466456525268,0.8905543572359488,0.26562186042441116,0.4038727383688344,
B11,1.1050640512764578,1.0256283283798264,0.4814421989057138,0.8341009347536004,
cn12,0.6481467360230917,0.6736552827860613,0.0,0.2887410267780026,
B54,1.2454657216355534,1.080764312817236,0.5673935750815216,0.7842926495314089,
