,job373_scenario1_711,job379_scenario2_725,job380_scenario1_727,job381_scenario2_728,
in27,0.9413354461891925,0.641942202342191,0.5874227743013958,0.49117008581489563,
B14,1.0030889200428241,0.738832156390339,0.738998422382643,0.6000052284944835,
B11,0.45080262593594467,0.0985366529235967,0.0,0.13259157459482696,
cn12,0.8302070704757382,0.6188230359885996,0.527118150432914,0.43291443926678774,
B54,1.0297780389114242,0.7001978488902989,0.8274410151048746,0.5796126785371272,
