,job61_scenario4_122,job63_scenario4_124,job64_scenario3_127,job65_scenario4_130,job66_scenario0_131,
in27,0.41137991621251824,0.33650334086461686,0.3416193376702305,0.1639918362820309,0.0,
B14,0.6717907069733532,0.48807898894586393,0.5633958209310255,0.36926664260545633,0.2808033407181913,
B11,0.7917998273750926,0.4565124612663562,0.482021008029326,0.44752179339645726,0.21797113089597508,
cn12,0.6717907069733532,0.48807898894586393,0.482021008029326,0.44752179339645726,0.09423850004200796,
B54,0.7917998273750926,0.5498324627994955,0.5318292932515176,0.5057774399445651,0.2421690332181512,
