,job624_scenario1_1288,job626_scenario1_1290,job627_scenario1_1291,job629_scenario4_1293,job630_scenario0_1294,job631_scenario0_1295,
in27,0.8198102683932049,0.6800023836781205,0.7560287881995685,0.6984104072131083,0.5071415938384984,0.4269919047224259,
B14,0.7700019831710133,0.7796189541225036,0.7212853537195153,0.800177770072164,0.5734515559980595,0.49719273990197377,
B11,0.9215776312522606,0.9698289097037909,0.7764213381569247,0.800177770072164,0.49207674309636007,0.4269919047224259,
cn12,0.3548386375283857,0.34002974488333876,0.34619314177215876,0.3534478967500286,0.05135220806530394,0.0,
B54,0.7096973593025315,0.9698289097037909,0.7995405045105162,0.800177770072164,0.6120858634980995,0.49719273990197377,
