,job251_scenario2_493,job252_scenario4_496,job253_scenario1_497,job256_scenario3_502,job258_scenario2_507,job259_scenario1_508,job260_scenario1_509,job261_scenario4_510,
in27,0.8660631443624256,0.9902875572319736,0.8573523442603519,0.9459612029748877,0.5821808850176917,0.5722320310811669,0.4509470455835083,0.4537976531426677,
B14,1.024706572264205,1.040095842454165,0.7373432238586126,0.7761437973509567,0.87733511025858,0.6424328662607148,0.4648053648725152,0.43340510318531145,
B11,1.0745148574863965,0.8702784368302341,0.9071606294825436,0.8259520825731483,0.4969151990960057,0.6424328662607148,0.535006200052063,0.6938158939461465,
cn12,0.36563411279811175,0.43298246062493584,0.2684807199738065,0.4006012949992899,0.09825353039074736,0.044200229119770396,0.0058390722987750054,0.0,
B54,0.986072264764165,1.040095842454165,0.9387271571620514,0.692084642882402,0.7573259898568406,0.6424328662607148,0.5581253664056545,0.5036059383648593,
