,job868_scenario4_2056,job869_scenario2_2057,job870_scenario0_2060,job871_scenario0_2061,job872_scenario3_2064,job873_scenario1_2066,
in27,0.7980812669557713,0.6302809051917888,0.42298764738213307,0.38647138888931576,0.38729253002525055,0.31021907598302667,
B14,1.0198577502165662,0.9987556277229233,0.6533309376878731,0.679646889017272,0.8561550339100567,0.35730074480898294,
B11,0.3975064675929461,0.5102717847900493,0.22949226944496803,0.16759358932649648,0.27922859825495117,0.0,
cn12,0.9384829373148669,0.7868753557731942,0.5055606419714458,0.4722806751409686,0.7361459135083173,0.31021907598302667,
B54,1.1083003429387979,1.1573990556247027,0.8592914342654201,0.7445200249816019,0.8561550339100567,0.6471272708346534,
