,job759_scenario4_1755,job760_scenario4_1756,job761_scenario0_1758,
in27,0.9238974169933774,0.9893871093543216,0.4518985127532078,
B14,1.1407964914432647,0.7991771537730343,0.5607336554327957,
B11,0.8456422662023764,0.90094451663209,0.5220993479327556,
cn12,0.5638700557881591,0.4209080350251323,0.0,
B54,0.7421348227380064,0.5907254406490633,0.3180310730624616,
