,job428_scenario3_849,
in27,0.0,
B14,0.5186707891069977,
B11,0.28982652602567044,
cn12,0.4217808350588497,
B54,0.3600273612052182,
