,job371_scenario0_708,job372_scenario2_710,job373_scenario1_711,job374_scenario2_712,job375_scenario1_714,job376_scenario3_716,
in27,0.532106465835629,0.513122392349209,0.557980946758091,0.4817221306620053,0.30426089526610967,0.39427823045158145,
B14,0.540987210523914,0.7145063256526477,0.6197344206117226,0.5750421321951446,0.32903688347714277,0.39427823045158145,
B11,0.6907498937374085,0.8233414683322355,0.7481909023393782,0.6719320862432925,0.6531142787491764,0.444086515673773,
cn12,0.540987210523914,0.64050013810828,0.6370625266259238,0.6332977787432523,0.45354331031349027,0.444086515673773,
B54,0.4303391029765735,0.4660407235232526,0.45621358389903544,0.6017312510637446,0.30426089526610967,0.0,
