,job326_scenario3_622,job329_scenario1_627,job332_scenario3_632,job333_scenario1_633,job334_scenario3_635,job335_scenario2_636,
in27,0.7187733428197086,0.5369609036586493,0.5261194579211059,0.3667337140755901,0.287099909629435,0.0,
B14,1.6059188544578409,1.1573990556247025,1.1149910822076514,1.0187383937211512,1.0773554672194192,0.7404472723677924,
B11,1.2956997784748143,1.026893596576673,1.3550093230111302,0.867162745639904,0.7173281060142009,0.7987029189159004,
cn12,0.8654715820900482,0.5941378142381726,0.5305028961747827,0.38985288042918165,0.3867164800738182,0.2064027358035968,
B54,1.2072571857525825,1.3974172964281815,0.9949819618059119,0.9373635808194518,0.7404472723677924,0.7987029189159004,
