,job908_scenario2_2186,
in27,0.3036848453146773,
B14,0.5640956360755123,
B11,0.335251372994185,
cn12,0.37388568049422505,
B54,0.0,
