,job843_scenario2_1987,
in27,0.3556439229515411,
B14,0.6841047564772516,
B11,0.0,
cn12,0.33914224601417176,
B54,0.59566216375502,
