,job254_scenario1_461,job255_scenario0_462,job258_scenario0_467,job259_scenario4_469,job260_scenario4_476,job261_scenario0_478,job262_scenario3_479,job263_scenario1_481,job264_scenario1_483,
in27,0.6019047855001877,0.3550693340402157,0.3280499874460744,0.5356692574139407,0.37233949900104035,0.17882462274777722,0.32896569319783087,0.34739852904030133,0.055612288899745344,
B14,0.9098898103206692,0.828488326230951,0.8068799375999007,0.9775217219251685,0.8759454373658997,0.618185870712581,0.9841472796439373,0.6039184467811496,0.901003830927139,
B11,0.6570407699375972,0.5182692502479245,0.5099856317536979,0.9277134367029769,0.5861189113402292,0.3395333224090622,0.585485610938679,0.42565367983130226,0.42096734932018137,
cn12,0.4818956650984483,0.3228482250030612,0.27346521825574277,0.6721800547530494,0.46883640733472504,0.13334714268481085,0.3103308899406838,0.18563543902782342,0.0,
B54,1.0437572500114154,0.8119866492935817,0.7975189247455017,1.287740797908195,0.8759454373658997,0.6679941559347726,0.6600698843719037,0.8123701599051206,0.5907847549441124,
