,job55_scenario2_108,job57_scenario3_110,job58_scenario0_112,job59_scenario2_113,job60_scenario0_114,job61_scenario2_115,job62_scenario0_118,job63_scenario0_119,job64_scenario3_120,job65_scenario3_122,job66_scenario4_123,
in27,0.6218008209428028,0.7025976707247163,0.3926738756564367,0.4627659330686659,0.34436047904833345,0.49493880925909384,0.24118052810765767,0.21965424605590722,0.6463587828111981,0.4151633456426277,0.2453459400186968,
B14,0.43159086536151553,0.5123877151434291,0.26613052458634834,0.4156842642427096,0.2571160680137152,0.4412396510169154,0.14122613011635476,0.10852587034245276,0.38594799205036295,0.0,0.10494426965960113,
B11,0.545303416852011,0.5825885503229769,0.27266475525469747,0.39256509788911814,0.2975633403815079,0.43006567329476386,0.15712137363910306,0.16139859950779933,0.45614882722991096,0.2453459400186968,0.2951542252408884,
cn12,0.7355133724332983,0.8345519797578956,0.46623669147870134,0.6232223258381981,0.42063690472640214,0.6562255948092357,0.328424939142276,0.31799305008920487,0.5965504975890065,0.6053733012239149,0.3969215880999439,
B54,0.9137781393831457,0.7727985059042641,0.7318161216706087,0.7525924590943363,0.6734859451094743,0.9101021549017214,0.5873495700238689,0.5546493102499669,0.7165596179907459,0.4355558955999839,0.6755741364034628,
