,job726_scenario4_1565,job730_scenario3_1573,
in27,0.4064962165368621,0.2217764832607949,
B14,0.36330542073089256,0.08526568592168615,
B11,1.115376961225147,0.690638987145601,
cn12,0.19978458401820554,0.0,
B54,0.4998162180700013,0.34178560366253435,
