,job388_scenario0_722,job394_scenario0_734,job395_scenario0_745,job396_scenario0_747,job397_scenario1_749,job398_scenario0_750,job400_scenario0_759,job401_scenario0_764,
in27,0.8016081290625646,0.7940542451439556,0.7120543728537791,0.6753624176920121,0.783563910955281,0.6602348661216099,0.5314833585956642,0.29563052970322445,
B14,1.1789635962819842,1.1123276367384354,1.0819779453700633,1.1121248447451273,1.2009613077604535,1.0588965348268682,0.8582041115160601,0.7423604030253599,
B11,1.170082851593699,1.1296557427526366,1.037338299578944,1.0557823288545864,1.2978512618086016,1.0477225571047166,0.8195698040160202,0.6223512826236204,
cn12,0.557264429543663,0.5047202843519754,0.44768147411500314,0.4214858575995263,0.5839929425195947,0.40292974720336616,0.2327883849492851,0.0,
B54,1.2087171590937391,1.1705832832865433,1.0819779453700633,1.1259831640341342,1.0809521873587142,1.0179689942929615,0.9782132319177995,0.6969355560568451,
