,job635_scenario1_1306,job636_scenario2_1309,job638_scenario0_1313,job639_scenario0_1314,
in27,0.69450977769478,0.6117754336204061,0.28483665435737227,0.23113749611519385,
B14,0.7260763053742876,0.7772094009906603,0.2771404289725655,0.31021907598302667,
B11,0.7878297792279192,0.586999445409373,0.28483665435737227,0.2697718036152339,
cn12,0.5818692826503721,0.598944634040813,0.1326064249184784,0.13590436392448757,
B54,0.5358663497930004,0.5554329177298654,0.0,0.05287272916534658,
