,job346_scenario4_642,job349_scenario0_652,job362_scenario0_676,job367_scenario0_684,job369_scenario2_688,job370_scenario2_689,job371_scenario0_690,job373_scenario4_695,job374_scenario0_696,job375_scenario1_698,
in27,0.6265641294847485,0.3892857812903825,0.2994371328711706,0.28516068242178727,0.3741037068368632,0.23865467696146037,0.13295173393899018,0.3878791509554643,0.0,0.0019311589051013156,
B14,1.19719399622861,0.9880536168879938,0.8518252420723481,0.7855897139861011,0.9180444547121246,0.999494499286609,0.7124623453711366,0.8384998972975864,0.5502373167865056,0.4374870545050851,
B11,0.8918523290564909,0.6496965720512173,0.5731726937688293,0.5158179103708673,0.595880190097658,0.5456968461439413,0.38629474487929283,0.5212130414940277,0.19020995558128728,0.19478447213475103,
cn12,0.9185414479250911,0.6009737860766935,0.49618131912080676,0.4438041103235667,0.5145053771959587,0.4990654677222951,0.32316168952027724,0.5513999876681515,0.15507347538677085,0.17707626374425,
B54,1.2673948314081578,1.0216691218878755,0.8607059867606331,0.8353979992082927,0.9180444547121246,0.8243493944474601,0.7781658741160764,0.7184907768958471,0.5888716242865456,0.5188618674067844,
