,job545_scenario0_1097,job551_scenario3_1112,job552_scenario0_1113,job553_scenario1_1114,job555_scenario2_1117,job556_scenario1_1118,
in27,0.6826957728769438,0.7556312927552735,0.43693591665907916,0.5060030197442327,0.29167647290354337,0.35654960886787335,
B14,0.7771437038902547,0.7240647650757659,0.5885115647403263,0.6442538976886558,0.4228595710274343,0.5815029989292138,
B11,0.5272292517757098,0.7240647650757659,0.3777666185824886,0.42462820684253333,0.3730512858052427,0.31479563925713483,
cn12,0.2860128292846178,0.34852226272409903,0.0727507023302929,0.20315256911853774,0.04243965986485998,0.0,
B54,1.0592248110195315,0.9640830058792447,0.8324206785637919,0.8344638532699431,0.6313112841514054,0.8215212397326925,
