,job720_scenario0_1545,job721_scenario0_1547,
in27,0.1944302385354582,0.09285395397618934,
B14,0.2703081909355321,0.23048538022989484,
B11,0.21834911329866818,0.12330705940774855,
cn12,0.1223776577593888,0.0,
B54,0.3738156343999021,0.27223934984063325,
