,job111_scenario0_216,job117_scenario0_226,job122_scenario0_234,job125_scenario2_240,job128_scenario0_243,job129_scenario0_244,job131_scenario2_247,job132_scenario0_249,job133_scenario3_251,job134_scenario1_253,job135_scenario0_254,job136_scenario1_255,job137_scenario2_256,job138_scenario2_257,job139_scenario3_258,job140_scenario2_260,job141_scenario2_261,job142_scenario3_262,
in27,0.6846237068115031,0.5987088949594692,0.6157476820261363,0.6956879172966421,0.605918910861075,0.5894080116068438,0.6602186010602333,0.4740380627424146,0.7960513350154204,0.5427263646378071,0.45475308003711373,0.5670185163499963,0.5208349960186125,0.5012668247625932,0.6125444685798438,0.37281240687986883,0.3113972155848888,0.45154986659082125,
B14,0.23653054642311533,0.2226883346063353,0.1775507329488144,0.2984750985765334,0.20065177652951321,0.10823620420799485,0.18618745774435486,0.03938911820987934,0.16511684440307678,0.24240349996584637,0.07686075482827381,0.09298737303411786,0.1957361431356187,0.26461056460183113,0.24202076872833533,0.0941598585763499,0.09063619894687491,0.031217881517121127,
B11,0.6772550814541715,0.650388945037367,0.6314982230223962,0.6956879172966421,0.5965578980066761,0.535102419950044,0.6451537503180951,0.5665072686427934,0.9160604554171599,0.5675023528488402,0.4403166748592499,0.6719627860095975,0.6547024357093589,0.6351342644533395,0.7325535889815831,0.5846926788295979,0.37710074432982854,0.7617689425738478,
cn12,0.2506719999745093,0.21279212329526942,0.16429254099503188,0.4170353689931232,0.09612886644236229,0.10823620420799485,0.3210763550460616,0.04682101291301466,0.3271888311306143,0.1661973264952195,0.0,0.18142996575634962,0.13603164660236122,0.17821694919997338,0.1436819646950377,0.06259333089684227,0.042105680135768875,0.021321670206055132,
B54,0.7705750829873108,0.7243951325817348,0.6785798918483525,0.9357061581001209,0.6761197460406227,0.6689698596407905,0.7651628707198345,0.5881775850112352,0.6374079071136409,0.7715706277191343,0.5535352557925146,0.982181861992624,0.6862689633888667,0.8253442200346268,0.7325535889815831,0.7433361067313773,0.46115989879838326,0.45154986659082125,
