,job367_scenario0_684,job369_scenario2_688,job374_scenario0_696,job377_scenario0_703,job380_scenario2_709,job382_scenario0_712,job383_scenario0_713,job384_scenario1_716,job385_scenario1_718,job386_scenario1_719,
in27,1.029889904204457,1.1503561250209904,0.9683630093601601,0.8632224534904416,0.9080589801955703,0.7357814287639093,0.7629999181126053,0.7733784383436226,0.5973189856124617,0.4846784905680539,
B14,1.029889904204457,1.1938678413319381,1.0181712945823516,0.8986798541899361,1.0547572194659098,0.8326713828120573,0.7714472794385214,0.7444552683124773,0.6471272708346533,0.7875289411937489,
B11,0.7285515729097154,0.8401370490379638,0.6265774056976257,0.5733959274647711,0.6743373083033353,0.47537063800307444,0.4225938959554548,0.5182953467980054,0.26041079076083495,0.38041991116257434,
cn12,0.351196105690296,0.4534205689641456,0.28609925833099026,0.22941995279261218,0.3937716293422495,0.09818701850283995,0.11587264727795188,0.12625116750896925,0.020392549957356065,0.0,
B54,0.6494699930418827,0.7636396449471721,0.6265774056976257,0.5130913035962894,0.5978399042125435,0.3820506364699352,0.36935705190750534,0.42140539274985755,0.2870999096294351,0.3573007448089829,
