,job38_scenario1_77,job42_scenario1_84,job47_scenario0_91,job48_scenario1_98,job49_scenario3_99,job50_scenario3_100,job51_scenario1_101,
in27,0.6541204463803636,0.5333854442222687,0.3356161485839559,0.2653324382340022,0.21977244009325547,0.5484243519187527,0.11819615553398666,
B14,0.5572304923322157,0.5880711382553679,0.3320461960689472,0.30230992387660066,0.5531106824298736,0.14131532188757812,0.17288184956708585,
B11,0.5368379423748595,0.5298154917072601,0.238726194535808,0.27562080500800057,0.19308332122465532,0.14131532188757812,0.021306201485838727,
cn12,0.44034103404117475,0.39786118267408077,0.1598164623871604,0.12791595497856123,0.18113813259321543,0.07956184803394661,0.0,
B54,0.9439469724060341,0.9636136406070348,0.6570092022891341,0.519208998326488,0.8900188772815003,0.6684334723204921,0.5097900444187127,
