,job559_scenario4_1125,job570_scenario0_1148,job572_scenario0_1150,job576_scenario0_1157,job577_scenario4_1158,job578_scenario2_1162,
in27,0.5291569174653671,0.20985178153659279,0.17393721552627328,0.052177103979501815,0.20315256911853774,0.0,
B14,0.7193668730466543,0.36506665061261434,0.3424768547391186,0.17759718234433186,0.43199683219986496,0.15864342790177943,
B11,1.1180285417519125,0.7760376228319155,0.6926080046332708,0.6251534847432991,0.8622250285846309,0.5390633390643538,
cn12,1.0913394228833124,0.6017229107733764,0.5572670533858117,0.4542007533274768,0.6581567537143368,0.46886250388480605,
B54,0.9482111361279815,0.46888299079204376,0.43434800628710807,0.4380079731051668,0.5021976673794127,0.3488533834830667,
