,job38_scenario1_77,job47_scenario0_91,job51_scenario1_101,job55_scenario2_108,job56_scenario1_109,job57_scenario3_110,job58_scenario0_112,job59_scenario2_113,job60_scenario0_114,job61_scenario2_115,
in27,1.250393084466163,0.9928416060997431,1.0338642378157095,0.9820962384786323,0.8394973222033971,1.0345557478083403,0.6742544331329297,0.6988952701717307,0.4943534410657928,0.6621921215767917,
B14,1.250393084466163,1.0861616076328824,1.1854398858969568,0.9820962384786323,0.9247630081250832,1.0345557478083403,0.7379210376441283,0.8420235569270615,0.5973189856124619,0.7987029189159006,
B11,1.230000534508807,0.9928416060997431,1.0338642378157095,1.0256079547895798,0.9412646850624526,1.0345557478083403,0.6742544331329297,0.7487035553939223,0.5675654228007068,0.7173281060142012,
cn12,0.6948280684644398,0.4752563162404132,0.5738824786191884,0.5251789232252662,0.4590774110408228,0.595880190097658,0.17718738221133234,0.2887217961974011,0.0,0.252849040383072,
B54,1.3002013696883548,1.0742164190014425,1.1854398858969568,1.0838636013376879,1.003018158916084,0.9145466274066009,0.8231867235658143,0.7985118406161138,0.6332689515456464,0.8871455116381322,
