,job570_scenario0_1148,job572_scenario0_1150,job576_scenario0_1157,job577_scenario4_1158,job578_scenario2_1162,job579_scenario1_1163,job580_scenario0_1164,job581_scenario2_1165,
in27,0.38058159436638916,0.3489149664227451,0.2633306198874388,0.4274381735443573,0.30327209311159264,0.19404549045964747,0.022268370720830877,0.1857892074335178,
B14,0.5574667798108521,0.5391249220040324,0.4104210146207107,0.6779527529941265,0.48358583738181404,0.3974784010834601,0.13238127981150438,0.5128011909740786,
B11,0.9186294668079619,0.8394477866759931,0.8081690317974863,1.0583726641567008,0.8141974633221968,0.6707199914238884,0.44260035579453083,0.6763220276867656,
cn12,0.4340956787663963,0.39388775944550747,0.32699722439863743,0.5440853133033803,0.4337775521596223,0.24728233450759696,0.0,0.15277382976886045,
B54,0.6928496476697896,0.6625626012315298,0.7023983330610534,0.7797201158531819,0.705362320642609,0.7161448383924031,0.2341486426705598,0.3976694793832468,
