,job447_scenario0_864,job450_scenario3_870,job456_scenario0_887,job458_scenario3_890,job459_scenario2_891,job460_scenario4_892,job461_scenario1_896,
in27,0.7583960022461133,0.9412969037482368,0.6129510557956068,0.7032954215793477,0.567742221243908,0.5736762689700462,0.42033198507369995,
B14,0.54779349670747,0.5608769925856624,0.3619012778891708,0.5242594437202119,0.5361756935644003,0.4065854797423504,0.12517775983281165,
B11,0.46324177700522506,0.5693243539115787,0.2696533328021191,0.3726837956389648,0.2575231452608815,0.41503284106826666,0.0,
cn12,0.7348265454882116,1.0879951430185764,0.5489343266699124,0.7531037068015392,0.7125273298566805,0.7638862245513333,0.4109709722193011,
B54,0.9486059578274004,1.061306024149976,0.7858329053626928,0.8464237083346784,0.9165956047269748,1.0039044653548121,0.680742775834535,
