,job232_scenario0_420,job236_scenario1_430,job238_scenario0_433,job242_scenario0_439,job245_scenario0_442,job247_scenario1_448,job250_scenario1_453,job251_scenario1_457,job252_scenario3_458,
in27,0.8282192036928501,0.9034765971829526,0.755685905303616,0.7514189073446144,0.7805409433457964,0.822793294273884,0.6757921627461004,0.48536418082217536,0.6938158939461465,
B14,0.7699635571447422,0.9421109046829927,0.73529335534626,0.6950763914540735,0.7899019562001952,0.6862824969347752,0.8096596024368468,0.4271085342740675,0.6440076087239548,
B11,0.9797948517740973,1.1323208602642798,0.9659505832953399,0.9350946322575524,0.8832219577333347,0.7912267665943762,0.902979603969986,0.8138250143478858,0.7253824216256543,
cn12,0.40535963266541564,0.5230566860203782,0.3227733673519948,0.2792584644537991,0.2641633872726654,0.40373907561126954,0.24390714450389284,0.0,0.10494426965960102,
B54,1.0184291592741372,1.1821291454864715,1.0605772820714248,0.96666115993706,0.9534227929128825,1.004555888529255,1.1198786784198733,0.6440076087239548,0.6440076087239548,
