,job441_scenario0_854,job447_scenario0_864,job450_scenario3_870,job451_scenario3_872,job452_scenario2_874,job453_scenario0_876,job454_scenario2_880,
in27,0.388200861621226,0.333301675389853,0.4910190212363588,0.49322743280867304,0.27361047069739663,0.1869736639189472,0.14418239638788188,
B14,0.7370542451042926,0.6933290365950713,0.681228976817646,0.9936564643729868,0.8940486226634499,0.6033435410147062,0.6832457354522357,
B11,0.435715913809551,0.34836652613199137,0.4292655473827273,0.4434191475864813,0.393619591099136,0.1869736639189472,0.21438323156742967,
cn12,0.20188177905992555,0.13991481300802022,0.46789985488276736,0.2967209083161418,0.2144411726208061,0.0,0.06280758348618254,
B54,0.7988077189579242,0.7137215865524273,0.8012380972193854,0.7536382235695079,0.8056060299412182,0.5785675528036731,0.6130449002726879,
