,job551_scenario3_1112,job552_scenario0_1113,job553_scenario1_1114,job555_scenario2_1117,job556_scenario1_1118,job557_scenario3_1121,job558_scenario1_1122,job559_scenario4_1125,job560_scenario1_1126,
in27,0.9250290951361216,0.622191727519043,0.7122293436813386,0.6588973988296718,0.7065101844937632,0.6723775941884497,0.6049338999344944,0.4365247652960099,0.37285816078481143,
B14,0.8436542822344222,0.7239590903780986,0.8006719364035702,0.7402722117313711,0.8816552893329122,0.8625875497697368,0.6396773344145477,0.5382921281550656,0.4017813308159567,
B11,1.0134716878583532,0.6830315498441919,0.7508636511813787,0.8602813321331106,0.7847653352847641,0.7158893104993973,0.5400607639701644,0.5067256004755578,0.38671648007381837,
cn12,0.40985613333464754,0.1499425814199571,0.3013149612853441,0.3015966540206889,0.2418966438555904,0.35586194929417914,0.18276001916118156,0.14312828675533085,0.0,
B54,0.614810019153095,0.4990057003167581,0.5220193881000514,0.4798614209705362,0.6528110262515849,0.583935001466218,0.3262813516309756,0.4182830077533261,0.25963957985154673,
