,job277_scenario3_507,job283_scenario1_522,job284_scenario0_523,job285_scenario0_525,job287_scenario1_532,job288_scenario1_536,job289_scenario1_538,job290_scenario1_540,job291_scenario0_541,
in27,0.943394127232495,0.823373813397584,0.6665183176093201,0.7129245718202804,0.6849511534517907,0.6277379483973307,0.569381398431283,0.288377676040521,0.24295282907200622,
B14,1.0451614900915507,1.0033963270476405,0.8319522849795744,0.8245881459904016,1.1107959115828798,0.7846412956937957,0.75959135401257,0.5283959168439998,0.38169767757366024,
B11,1.3442065883524257,1.1887288738180202,0.9558522784013006,0.9937279125384715,1.0792293839033722,0.922892173638219,0.8297921891921178,0.6870393447457792,0.548788466801356,
cn12,0.9034820533213695,0.6279952183852245,0.439758268759624,0.4441682348278275,0.5620074447815243,0.48870186927551196,0.37789367643891003,0.16176309001247802,0.0,
B54,1.3940148735746174,1.3789388293993072,1.142171360962601,1.1032406942939206,1.3894484598863988,1.0246595364972746,1.038243902316089,0.9972584207288058,0.7433818606363201,
