,job570_scenario0_1148,job580_scenario0_1164,job584_scenario0_1169,job585_scenario2_1171,job586_scenario2_1173,job588_scenario1_1175,job589_scenario1_1183,job590_scenario2_1184,job591_scenario3_1185,
in27,0.7887964973169138,0.7626709293050804,0.680381123266486,0.7734534470548744,0.8441836527145179,0.7739538787477185,0.48829276463308724,0.37285816078481143,0.4800364816069576,
B14,0.37553229206374594,0.28263444769812285,0.31298513670393624,0.41342608584965623,0.2708271695744211,0.3374291134517086,0.1598319311073767,0.0,0.05825564654810789,
B11,0.8363115495052388,0.6924700941255326,0.6880773486512928,0.9250290951361216,0.9024392992626258,0.6743373083033354,0.6785027202143744,0.38671648007381837,0.5382921281550656,
cn12,0.6619968374466997,0.5600888143140283,0.5172789967043392,0.7236451618326829,0.6905590273128968,0.6041364731237875,0.40873091659914057,0.2898265260256705,0.4800364816069576,
B54,0.769175158268846,0.6426618089033411,0.5845699051869226,0.6395860073641281,0.7824301788608864,0.6041364731237877,0.519859292312595,0.45691731525336615,0.5067256004755578,
