,job55_scenario2_108,job57_scenario3_110,job58_scenario0_112,job59_scenario2_113,job60_scenario0_114,job61_scenario2_115,job62_scenario0_118,job63_scenario0_119,job64_scenario3_120,job66_scenario4_123,job67_scenario2_124,job68_scenario0_125,job69_scenario0_127,
in27,0.8097578126405951,0.8952257702952398,0.5914408247164264,0.665389515284575,0.5515639215611701,0.707672855375409,0.4806326318798245,0.47454625930173755,0.9238405919305244,0.601814237823796,0.4755971162257261,0.28333887881463976,0.2315708794775626,
B14,0.5311052643370763,0.6165732219917209,0.3764548809241061,0.5298652537363869,0.37587691780432025,0.5655311044109992,0.2922356411662901,0.27497529086605155,0.5749872084474577,0.37296997474246874,0.3041228887443534,0.024307669559188838,0.0,
B11,0.7332604085498033,0.7752166498935003,0.471431704314687,0.5951886801050272,0.5047667828943447,0.6427997194110792,0.3965734774112698,0.41629061275362966,0.7336306363492371,0.6516225230459876,0.4396471502925414,0.21313804363509192,0.12888986509002442,
cn12,0.7332604085498035,0.8369701237471319,0.47479368495740376,0.6356359524728199,0.43763039165795165,0.6787496853442638,0.3776670873331557,0.382675107753748,0.6838223511270455,0.5631799303237559,0.4291508116462512,0.17952253863521028,0.06805004276487547,
B54,0.9115251754996507,0.7752166498935003,0.7403731151493111,0.7650060857289581,0.6904794320410238,0.9326262454367495,0.6365917182147487,0.61933136791451,0.8038314715287849,0.8418324786272748,0.7294736763182118,0.3914028105849393,0.2786525483035189,
