,job232_scenario0_420,job236_scenario1_430,job238_scenario0_433,job242_scenario0_439,job245_scenario0_442,job247_scenario1_448,job251_scenario1_457,job252_scenario3_458,job253_scenario2_459,job254_scenario1_461,
in27,0.9207292651047553,0.9997670127306642,0.8536683119607609,0.8542775214209237,0.8870993119031134,0.942615911528195,0.7698915628424124,0.9361853088368683,0.5764441267351541,0.6284924675775063,
B14,0.9824827389583869,1.1584104406324436,0.9532848824051443,0.9179441259321224,1.0164694451592515,0.9261142345908255,0.831645036696044,1.0063861440164161,0.7883243986848831,0.5213141467553601,
B11,0.9522957927842631,1.1086021554102519,0.9439238695507453,0.9179441259321224,0.8697712058889122,0.7910402634469478,0.9783432759663835,0.8477427161146367,0.5869404653814443,0.5084833471757669,
cn12,0.4164948811756216,0.5379722886663904,0.3393809611074404,0.3007422656284092,0.2893469429282829,0.4421868799638812,0.20315256911853774,0.2659388716486236,0.10157628455926881,0.0,
B54,0.9909301002843031,1.1584104406324436,1.0385505683268303,0.94951065361163,0.93997204106846,1.0043693853818265,0.8085258703424525,0.7663679032129374,0.9469678265866625,0.6551815864461065,
