,job892_scenario1_2029,job893_scenario0_2031,job894_scenario1_2035,
in27,0.2745160751797313,0.11470997639630598,0.0,
B14,0.9328173237365363,0.6333807655033037,0.5684790743291892,
B11,0.41764436193506216,0.1182078037018297,0.09332000153313924,
cn12,0.49141514962961863,0.25296085434072935,0.15157564808124713,
B54,0.754552556786689,0.771631643447727,0.7586890299104765,
