,job1162_scenario4_3486,
in27,0.3102190759830266,
B14,0.09688995404814804,
B11,0.3369081948516268,
cn12,0.4071090300311746,
B54,0.0,
