,job18_scenario2_44,job19_scenario0_46,
in27,0.3802288328627877,0.1509472025169727,
B14,0.5553739377019365,0.12972025787063413,
B11,0.3967305098001571,0.1108138677925199,
cn12,0.2856021340867027,0.0,
B54,0.3967305098001571,0.3337885327409283,
