,job832_scenario4_1872,job835_scenario4_1879,job837_scenario1_1881,job838_scenario0_1882,job839_scenario1_1887,
in27,0.967666661094948,0.7827281650362284,0.7371971056827332,0.6741172181157662,0.7509436110140828,
B14,0.967666661094948,1.106805560308262,0.8838953449530728,0.6945097680731224,0.8007518962362744,
B11,1.1143649003652876,0.8667873195047832,0.8572062260844726,0.6104506136045675,0.5468753361437887,
cn12,0.4237259132196868,0.2694683338923215,0.20315256911853774,0.007515895832625241,0.0,
B54,0.7543375391600695,0.6498882450548957,0.643877104149594,0.4656655049917951,0.4722910627105639,
