,job502_scenario0_996,
in27,0.34719656162562484,
B14,0.26505053781463717,
B11,0.0,
cn12,0.24338022144619542,
B54,0.23348401013512943,
