,job186_scenario0_333,job191_scenario0_342,job192_scenario0_343,job193_scenario0_345,job197_scenario1_351,job198_scenario1_353,job199_scenario2_355,job200_scenario1_356,job201_scenario0_357,job202_scenario1_360,job203_scenario1_363,job204_scenario1_364,job205_scenario0_365,job206_scenario4_368,
in27,0.5905042895550993,0.6051996271525693,0.5752541802516835,0.5418081942903956,0.6629448338790016,0.6281012991348125,0.6418742205377237,0.7319118367000192,0.4337177883284998,0.5070595519000114,0.6036174944848987,0.34914075145020174,0.24331617980948805,0.406398973092499,
B14,0.927412484406726,0.863459625498732,0.8394703233773384,0.865885589562429,0.8327622395029326,1.04326464477744,0.9254041776521501,0.8905552646017987,0.7107135147745769,0.8311369471720449,0.7853800887402695,0.7295606626127761,0.5470010251241655,0.48777378599419835,
B11,0.9385864621288775,0.8065835604560081,0.7940454764088236,0.9018355554956137,1.1114147878064515,0.9028629744183445,0.8471490268611492,0.8519209571017586,0.6875943484209854,0.8107443972146887,0.7418683724293219,0.6593598274332283,0.4971927399019737,0.4712721090568289,
cn12,0.36667882897393034,0.3038612958578275,0.33904129181302456,0.30178995348691684,0.4229265930755228,0.37301820758919524,0.41175219104531074,0.3553827985574316,0.19706152816773748,0.3622744432872389,0.2435901332796805,0.34914075145020174,0.0,0.03587527324099049,
B54,0.9633624503399107,0.8950261531782397,0.9981137512791178,0.9018355554956137,1.0616065025842598,0.9232555243757007,0.9520932965207503,1.0105643850035382,0.8076034688227248,0.9125117600737443,0.7622609223866781,0.8109354755144755,0.5785675528036731,0.5495272598478298,
