,job117_scenario0_226,job122_scenario0_234,job128_scenario0_243,job129_scenario0_244,job131_scenario2_247,job132_scenario0_249,job134_scenario1_253,job135_scenario0_254,job137_scenario2_256,job141_scenario2_261,job144_scenario3_267,job145_scenario4_270,job146_scenario4_271,job147_scenario3_273,job148_scenario1_274,job149_scenario4_275,job150_scenario2_276,
in27,0.4692660210903248,0.4953956977941527,0.5024946011859909,0.4886241986308796,0.5688251345552185,0.3905146000666888,0.48115693283837185,0.4006366238913771,0.48545170259045234,0.3775902067159975,0.6925129038295535,0.3726837956389648,0.4477331008421688,0.2711075110796959,0.1618809084277507,0.15362462540162114,0.0,
B14,0.7202890783295475,0.6842423663091874,0.7242710844467858,0.6344960088243872,0.7218376088316968,0.5829092731265104,0.807877685758768,0.6497879162748937,0.7873964672998154,0.7838728076703401,0.7090145807669229,0.47445115849802044,0.6726864909035092,0.4076183084188048,0.36859254094640725,0.38702537678887783,0.3483910692888379,
B11,0.9361094168108501,0.9263095844330403,0.9082969339742196,0.8494819526167074,0.968923629455708,0.8981471516096953,0.9210962666920326,0.801363564356141,1.0344824879238264,0.8584570811035649,1.0374754142926335,0.9780570968628797,0.8046407999366885,0.7297825730332713,0.5503551352017784,0.7856870454941361,0.49053282025324785,
cn12,0.8087316710517791,0.7693229783887024,0.7180869783929323,0.7328348128576848,0.955065310166701,0.6886799718629433,0.8300103163214385,0.6712659654799177,0.8260307747998553,0.8336810928925318,0.9490328215704018,0.8082396912389487,0.6846316795349492,0.6364625715001321,0.4644037590259706,0.47546796951110953,0.39590612147716286,
B54,1.010115604355218,0.9733912532589966,0.9878587820081663,0.9833493923074539,1.0889327498574475,0.9198174679781371,1.1251645415623268,0.9145821452894056,1.0660490156033342,0.9425162355721196,0.8290237011686623,0.8313588575925401,0.8628964464847965,0.6680290991796398,0.8170624948738572,0.5687879710442487,0.6656779250923968,
