,job665_scenario1_1386,job667_scenario1_1388,job671_scenario1_1397,
in27,0.3780853293766343,0.2988700376244535,0.0,
B14,0.7648018094504525,0.8757964732795591,0.5538072693015141,
B11,0.40477444824523456,0.39043229245738376,0.24358819331848747,
cn12,0.47985269223568994,0.38869221185206926,0.042505105551847944,
B54,0.8167608870873166,0.9459973084591069,0.48360643412196624,
