,job191_scenario0_342,job193_scenario0_345,job199_scenario2_355,job201_scenario0_357,job205_scenario0_365,job208_scenario0_373,job210_scenario0_375,job213_scenario4_380,job215_scenario2_382,job216_scenario1_386,job218_scenario1_388,job219_scenario4_395,job220_scenario0_398,job221_scenario1_400,
in27,0.6520990878463778,0.59889133577447,0.7531600541574187,0.5628221091915475,0.532655807688223,0.531603587983662,0.4901384936273501,0.6547159692552675,0.49887438942250856,0.5183883837567915,0.49579858788329567,0.6915816409402087,0.12000912040173956,0.11882061719614223,
B14,0.6703408453890618,0.6829504902430248,0.7966717704683663,0.599799594834146,0.5963224121994216,0.5235492723722088,0.5674071086274302,0.5995799848178581,0.7206508726833034,0.6255667045789377,0.5798577423518504,0.4515634001367298,0.23322770133500426,0.14550973606474232,
B11,0.6134647803463379,0.7189004561762093,0.7184166196773655,0.5766804284805545,0.5465141269772299,0.48809187167271434,0.5203254398014738,0.736090782156967,0.6188835098242478,0.5473115537879367,0.47102259967226257,0.47468256649032126,0.1586434279017795,0.10687542856470228,
cn12,0.4707698769533756,0.47888221537273057,0.6430471450667453,0.4461749694325249,0.4093487482804744,0.38490534871332244,0.36670081439985275,0.5845151340757198,0.4806326318798246,0.5183883837567915,0.3970164121278948,0.6213808057606608,0.0,0.0753089008851946,
B54,0.7019073730685694,0.7189004561762093,0.8233608893369666,0.696689548882294,0.6278889398789294,0.5681889181633282,0.5674071086274302,0.7045242544774593,0.6392760597816041,0.5638132307253061,0.629666027574042,0.4311708501793736,0.2203969017554111,0.33571969164602955,
