,job6_scenario0_16,job8_scenario1_19,
in27,0.3898388650703498,0.2786525483035189,
B14,0.3512045575703097,0.2937173990456572,
B11,0.020592931629927036,0.0,
cn12,0.1857705902000556,0.1737082786439178,
B54,0.052930670218723,0.09332000153313924,
