,job371_scenario0_690,job374_scenario0_696,job375_scenario1_698,job377_scenario0_703,job382_scenario0_712,job383_scenario0_713,job384_scenario1_716,job385_scenario1_718,job386_scenario1_719,job387_scenario0_720,job388_scenario0_722,job389_scenario0_723,job390_scenario2_724,job391_scenario3_725,
in27,0.2644044219339853,0.23362714572645527,0.3573051073970682,0.2327472798189194,0.17048336614361237,0.15423059033507402,0.2299531710150513,0.21933078300777242,0.20536368595144672,0.06991465607604364,0.048150985261924184,0.003428558825757877,0.11885225213431616,0.16440714315141514,
B14,0.8604167103035013,0.8551932271726801,0.9996558942635816,0.8103594057281466,0.7480954920528395,0.7491075529126987,0.8989930767501648,0.8247040842316872,0.9805543927992926,0.6201519728625492,0.6180668857863447,0.5954770899128489,0.7589689878382844,0.6764604428421906,
B11,0.8350342886778469,0.8028573559967541,0.9214007434725806,0.7605511205059549,0.6844288875416409,0.6967716817367728,0.8105504840279332,0.7406449297631325,0.755601002737952,0.5912288028314039,0.568258600564153,0.525276254733301,0.6540247181786832,0.9164786836456695,
cn12,0.26764071359632535,0.2431600063000393,0.43086792321933276,0.21152033517258073,0.14595848249126464,0.15066063782006545,0.29361977552624996,0.24244994936136388,0.22848285230503818,0.06284687625551155,0.022589795873495744,0.0,0.1535956866143695,0.2844162635531545,
B54,0.9261202390484411,0.8888087321725618,0.9996558942635816,0.8538711220390942,0.8044380079433804,0.7955538574921737,0.9691939119297126,1.064722325035166,0.8921118000770609,0.6984071236535502,0.6279630970974106,0.6518196058033896,0.7905355155177921,0.6764604428421906,
