,job22_scenario4_49,job23_scenario1_50,job24_scenario2_51,job25_scenario2_52,
in27,0.5947927508887971,0.4304301637994423,0.287099909629435,0.31378902849803514,
B14,0.8552035416496321,0.7957852242198784,0.8640263452845405,0.8640263452845405,
B11,0.4400401960070044,0.2606127581755113,0.08883563843669473,0.10390048917883299,
cn12,0.28945108371667816,0.10157628455926881,0.0,0.026689118868600037,
B54,1.2152309028548502,1.0358034650233572,0.7440172248828012,0.814218060062349,
