,job261_scenario0_478,job264_scenario1_483,job265_scenario0_484,job274_scenario1_503,job275_scenario2_504,job276_scenario0_505,job277_scenario3_507,job278_scenario1_510,job279_scenario2_512,job280_scenario1_514,job281_scenario4_519,
in27,0.3613588967382122,0.45494093791703505,0.316945236443933,0.32224598376852076,0.2880122882018745,0.17613446144241274,0.44552198400925963,0.28335489647800505,0.23002469798437786,0.18071684445503033,0.0,
B14,0.6726567086898234,0.7532148252686217,0.6606439707640342,0.6161364328664305,0.6684321993644489,0.5263674264308633,0.6939875861386549,0.5704548061074401,0.6536354049529216,0.46392588106447863,0.20983129462935501,
B11,0.8607158718564383,0.968200769060942,0.8810408725194453,0.8493641342014346,0.8270756272662283,0.7236451618326828,1.0610827271644052,0.8104730469109189,0.7571428484172917,0.7078349948879442,0.6084929633346133,
cn12,0.28516901770671677,0.44299574928559515,0.24865753192195228,0.3241591144260878,0.2964596495277907,0.12091521825713047,0.3672668332182587,0.2398431801670574,0.20301465861079948,0.17409935503880825,0.0031196621106984734,
B54,0.5570310265417611,0.7034065400464301,0.5477026301828272,0.553003377507415,0.5435456701518018,0.3747917783496162,0.5108454103778999,0.418879158026193,0.4634254493716345,0.45275190334232707,0.3369081948516268,
