,job602_scenario3_1205,job607_scenario4_1217,job609_scenario0_1233,job611_scenario2_1236,job612_scenario3_1239,job613_scenario2_1241,job614_scenario1_1242,
in27,0.5286152367672132,0.47472752294093806,0.1159524862580189,0.1892942498295307,0.20447737951271872,0.04555999814074674,0.0,
B14,0.9357242667983878,0.9316448381943042,0.6302398371113398,0.9435998414863304,0.8747238167009634,0.6096556342162591,0.5004290315643138,
B11,1.1055416724223188,1.171663078997783,0.703167288687123,0.8031981711272347,0.8360895092009235,0.7612312822975063,0.5818038444660132,
cn12,0.7770808388966083,0.7849465989239646,0.30286450283329713,0.4530670212330825,0.4444956203161975,0.2811948006905486,0.21332912193487863,
B54,1.1757425076018666,1.2418639141773309,0.7733681238666708,0.8467098874381824,0.8045229815214158,0.8496738750197379,0.600045602008697,
