,job201_scenario0_357,job205_scenario0_365,job208_scenario0_373,job209_scenario1_374,job210_scenario0_375,job211_scenario1_376,job214_scenario3_381,job216_scenario1_386,job217_scenario2_387,job218_scenario1_388,job219_scenario4_395,job220_scenario0_398,job221_scenario1_400,job222_scenario4_401,
in27,0.4413301986933069,0.40513265269484344,0.3972273011697308,0.5284086529355823,0.3446132823822564,0.5353722622960779,0.5230645524795321,0.4257706009126075,0.36196097877002287,0.3758769178043203,0.346630041016846,0.016209493376249884,0.0,0.16543396737025395,
B14,0.5409467691376902,0.5234849512391411,0.46353726332929174,0.5782169381577738,0.4229236513408008,0.590057956329177,0.5573576965552751,0.51519972942576,0.5317783843939539,0.4711100499950264,0.477813139140737,0.12572227513169898,0.11835229854429763,0.09523313219070617,
B11,0.625584009495102,0.6386166628299729,0.559348481408855,0.6399704120114054,0.5484884322321192,0.6553813826978172,0.7742567710051624,0.5955880065365384,0.6202209771161855,0.5456943234282512,0.7564656874442559,0.23202983185755255,0.1987405756550762,0.33525137299418495,
cn12,0.7880327897617013,0.7618620748940523,0.7351220318122782,0.8799886528148841,0.7141735041610586,0.9157921734586523,0.9644667265864497,0.8111803837434801,0.8104309326974728,0.7728817646521369,0.8062739726664474,0.39447861212415203,0.38895053123636336,0.4800364816069575,
B54,0.7382245045395097,0.6821283791409205,0.6452998575846627,0.7866686512817449,0.661128927276527,0.7753905030995567,0.6724894081461069,0.7005322761961397,0.6904218122957334,0.6795617631189976,0.6364565670425165,0.3597351776440988,0.4236939657164167,0.2538765600924856,
