,job723_scenario1_1550,job725_scenario0_1559,
in27,0.43520778491131007,0.0,
B14,0.7712303688147834,0.355921163303599,
B11,0.9881294432646708,0.4909951344474768,
cn12,0.7094768949611518,0.2220537236128528,
B54,0.7592851801833435,0.27865254830351893,
