,job835_scenario4_1879,job839_scenario1_1887,job841_scenario1_1891,job842_scenario1_1892,job843_scenario1_1893,job845_scenario1_1897,
in27,0.9727307488777317,0.9069869237494828,0.7480695423775107,0.6965754965106259,0.702509544236764,0.4993569751182263,
B14,0.823305893211157,0.6985352106255116,0.6854304575757258,0.6854015187884743,0.6842677866940801,0.4811152175755423,
B11,1.2331415396385668,0.9385534514289904,0.8321286968460655,0.8552189244124053,0.8225186646385033,0.6397586454773219,
cn12,0.5362059835817217,0.3705077604621698,0.27832142754455136,0.2516033698886997,0.21084879450334448,0.0,
B54,1.5433606156215933,1.3372151201342486,1.142347772829092,1.0187397611250923,1.0127286202197905,0.8095760511012529,
