,job806_scenario4_1795,job808_scenario1_1799,
in27,0.4667402666799182,0.03474343448005324,
B14,0.3396633664576466,0.0,
B11,0.3396633664576466,0.0,
cn12,0.48180511742205656,0.2137794123391889,
B54,0.7769593426629449,0.4151633456426277,
