,job756_scenario0_1646,
in27,0.36002736120521817,
B14,0.0,
B11,0.37335213134204215,
cn12,0.25334301094030265,
B54,0.4737399126957137,
