,job463_scenario0_901,job466_scenario1_907,job468_scenario4_914,job469_scenario2_915,job470_scenario2_916,job472_scenario0_918,job473_scenario1_920,job474_scenario2_921,job475_scenario2_922,job476_scenario3_923,job477_scenario1_925,
in27,1.0457143352650897,1.150254607405914,1.1278936145988259,1.0502599130313017,1.0802448505261528,0.8918406808886479,0.9776067985031781,0.8800334027649461,0.902748571599761,0.8433302541700072,0.7417539696107384,
B14,1.0955226204872814,1.2702637278076534,1.1714053309097734,1.2156938804015558,1.1419983243797844,0.9149598472422393,0.9941084754405475,1.0498508083888771,1.007692841259362,1.1384844794108955,0.7968899540481478,
B11,1.0653356743131575,1.1653194581480524,1.3181035701801131,1.1139265175425002,1.0348200035576383,0.8779823615996409,1.0123502329832312,0.9614082156666455,0.8738254015686157,1.0682836442313477,0.7968899540481478,
cn12,0.30220261895414213,0.4235654885373139,0.4798526922356898,0.3547572194659099,0.34867832284664513,0.12487613737144021,0.2127336625388483,0.23973789929820388,0.1783227080032237,0.23003276628692448,0.0,
B54,0.733446281961689,0.8716020591023952,0.8696336162526632,0.7854656840167897,0.840226609722674,0.6131881325851289,0.6838893994575209,0.6827556673631267,0.6405977002336114,0.5229237362557498,0.6382465261463683,
