,job167_scenario0_300,job182_scenario2_323,job184_scenario2_328,job186_scenario0_333,job187_scenario2_334,job188_scenario1_335,job190_scenario1_340,job191_scenario0_342,job192_scenario0_343,job193_scenario0_345,job194_scenario2_346,job195_scenario3_348,job196_scenario1_350,job197_scenario1_351,job198_scenario1_353,
in27,0.4406782992448075,0.4772902570617099,0.4923261690165967,0.3174841582782848,0.42318603509326513,0.40243203015829276,0.3675742590048924,0.2165502006385175,0.19628653467094803,0.1635862748970459,0.24090805768917456,0.36141760978375814,0.1665502624786016,0.09327362575984088,0.05536394571177061,
B14,1.0418026372220892,1.2370580229407713,1.1717056577848795,0.9376214647075387,1.1314886938926931,1.2120080812595455,1.0176212712562123,0.8296197272472392,0.8255488415019796,0.8033449203743677,0.9535941547422795,1.0944962567942191,0.9494371947112541,0.6998089217002132,0.5982326371409443,
B11,0.6806965400482864,0.7597481577300488,0.6693634955629986,0.503823315807764,0.6163157320912189,0.6848899308266316,0.6189596025509541,0.4744697748529286,0.4363047754744268,0.41130074108533154,0.4828185201999064,0.6873872267630446,0.38757560979828687,0.3832932768059426,0.2613244422893176,
cn12,0.40750616596702915,0.49842371544073116,0.5014592205966346,0.2613927469464292,0.4507459180581579,0.4062373825231128,0.3504944961786659,0.1737835594434859,0.16647638203588644,0.13041414161926757,0.33803341158713385,0.38561551210593425,0.1356121803633682,0.06849763754880778,0.0,
B54,1.0804369447221294,1.1668571877612233,1.1401391301053716,0.9607406310611302,1.170123001392733,1.2120080812595455,0.9558677974025808,0.873131443558187,0.8858534653704614,0.8264640867279592,0.9535941547422795,0.904286301212932,0.8294280743095148,0.7202014716575694,0.6684334723204922,
