,job1153_scenario1_3445,
in27,0.0813748129016994,
B14,0.169817405623931,
B11,0.13507397114387776,
cn12,0.0,
B54,0.3600273612052182,
