,job255_scenario0_462,job258_scenario0_467,job261_scenario0_478,job264_scenario1_483,job265_scenario0_484,job271_scenario2_494,job274_scenario1_503,job275_scenario2_504,job276_scenario0_505,job277_scenario3_507,job278_scenario1_510,job279_scenario2_512,job280_scenario1_514,
in27,0.8088678207368679,0.840903656537914,0.8044932339871084,0.8970277824857242,0.7587855820444838,0.8011145182080633,0.7531408569302225,0.7175048195424536,0.6040077099866381,0.8692669707711291,0.6969894193394683,0.6311798888727514,0.5563216619693343,
B14,0.8790686559164157,0.8833433164027741,0.8673254438093245,0.9468360677079158,0.85401871423519,0.9330688272412426,0.7985657038987373,0.8494591285756329,0.7057750728456936,0.8692669707711291,0.7356237268395084,0.8063249937119004,0.5910650964493875,
B11,0.8706212945904995,0.8196767118915754,0.7767320586724206,0.8831694631967173,0.7957630676870823,0.8713153533876111,0.7531408569302225,0.7294500081738935,0.6244002599439942,0.9577095634933608,0.6969894193394683,0.6311798888727514,0.5563216619693343,
cn12,0.21027106871332035,0.20583683223057903,0.1795148881542571,0.3362941270529287,0.1417094107211473,0.27901517027530787,0.2062655207864339,0.17716371406701414,0.0,0.24222335317877253,0.10468923622716497,0.05538138269781756,0.0009157057517563683,
B54,0.9408221297700473,0.9149098440822818,0.9032754097425093,1.0486034305669714,0.8926530217352302,0.9597579461098429,0.8870082966209689,0.876148247444233,0.7057750728456936,0.8377004430916215,0.7356237268395084,0.7676906862118603,0.7314667668084831,
