,job9_scenario4_20,job10_scenario1_21,job11_scenario1_23,
in27,0.19573803646907573,0.08651143381713045,0.0,
B14,0.43575627727255456,0.396730509800157,0.25651991774084815,
B11,0.6259662328538418,0.414972267342841,0.4067159843167114,
cn12,0.29924547993344564,0.1644576878930717,0.03474343448005324,
B54,0.5761579476316501,0.5167396302018965,0.2951542252408882,
