,job261_scenario0_478,job264_scenario1_483,job274_scenario1_503,job276_scenario0_505,job278_scenario1_510,job280_scenario1_514,job281_scenario4_519,job282_scenario1_521,job283_scenario1_522,job284_scenario0_523,job285_scenario0_525,job286_scenario3_528,job287_scenario1_532,
in27,0.5322242193504106,0.6306259887120563,0.5399019645240735,0.40288675947645397,0.5448436466152927,0.49893496314793423,0.5063823768523499,0.4819016695560639,0.4127985880623289,0.2696533328021192,0.2050636359311736,0.3567771945201589,0.1101129090906735,
B14,0.6448647143948184,0.7302425591564395,0.6351350967147796,0.5544624075577012,0.6332862393375244,0.583486682850179,0.5175563545745014,0.5317099547782556,0.5177428577219299,0.3717974892002368,0.34546530629026917,0.5034754337904985,0.230122029492413,
B11,0.37395758498769305,0.4862622103750197,0.40939650547604367,0.2927738503857803,0.41433818756726304,0.36842950409990455,0.4572517307060196,0.331003660550678,0.33742911345170856,0.14684409913889618,0.1023193521978315,0.563179930323756,0.0,
cn12,0.6377969345742861,0.8004433943359874,0.7235776894370114,0.5294301105465427,0.6830945245597161,0.6740800679870831,0.6912646332184194,0.5632764824577632,0.5774473542551875,0.35560470897792684,0.3250727563329129,0.5350419614700062,0.20343291062381275,
B54,0.9910337563110296,1.1422289979985218,1.033796765420038,0.8646814835407277,0.943505315320551,1.0341074291923014,1.106427978861047,0.9233038436629815,0.9977793393288875,0.7284628697627382,0.7205575182376256,0.6550510818717455,0.5719076331549473,
