,job760_scenario1_1654,job761_scenario1_1655,job763_scenario1_1658,
in27,0.25793842894145136,0.15752481526382822,0.02321933214340588,
B14,0.776609218048449,0.71620949337625,0.5734566489299112,
B11,0.23207573914968316,0.2450537564575772,0.0,
cn12,0.6218566631666563,0.6050811176627955,0.47384007848552806,
B54,0.5681575049244779,0.5575660654744705,0.5552148913872275,
