,job58_scenario0_112,job60_scenario0_114,job62_scenario0_118,job63_scenario0_119,job65_scenario3_122,job66_scenario4_123,job67_scenario2_124,job68_scenario0_125,job69_scenario0_127,job70_scenario0_128,job71_scenario1_129,job72_scenario2_131,
in27,0.49082172517931577,0.4889587251527687,0.4284194096224685,0.42348020239418305,0.7484173762904184,0.5409470704088926,0.47157061393068167,0.33634032301277805,0.26955338022569275,0.20070629422757724,0.24935190856812317,0.1864099315088944,
B14,0.9878221979178716,0.9433848238597108,0.9129531976640339,0.9421509915011806,1.1288372874529926,1.0146869831046061,1.0920087658967348,0.8525198955733517,0.7594860731437163,0.6980708818487362,0.8115344139860685,0.7682137759749076,
B11,0.9354863267419457,0.9268831469223414,0.8875707760383795,0.8537083987789491,1.1288372874529926,1.0146869831046061,0.9333653379949554,0.7591998940402124,0.6997815766104587,0.680742775834535,0.7332792631950675,0.6027798086046534,
cn12,0.2671321112609538,0.2541946866992596,0.20822239616657168,0.20658112794429573,0.41150918143879156,0.48756883267169226,0.30447982470298585,0.09821430391655217,0.019889596408684262,0.0,0.11153441398606845,0.019319142281198687,
B54,1.0094925142863134,1.0318274165819425,0.942706760475789,1.0509861341807685,0.988435617093897,1.0413761019732064,1.0920087658967348,0.9107755421214596,0.8348555477543365,0.7278244446604913,1.0284334884359558,0.666446413115852,
