,job432_scenario0_832,job435_scenario3_842,job438_scenario0_849,job440_scenario1_853,job441_scenario0_854,job442_scenario3_855,job443_scenario1_856,job445_scenario1_862,job446_scenario1_863,
in27,0.8207720187900214,1.2143191953566164,0.7042801315847403,0.8451822336366801,0.6672935438964172,0.8826828090423259,0.7164163985159671,0.44408651567377294,0.4312557160941798,
B14,0.9008690652806352,1.024109239775329,0.8179926830752359,0.8269404760939962,0.7097332037612772,0.9528836442218737,0.8364255189177063,0.6095204830440271,0.5281456701423277,
B11,0.4121429038157429,0.553333605232956,0.2805861658683235,0.4446074342738549,0.21583840286531253,0.47016282104806073,0.31408385245293247,0.045424846968514676,0.0,
cn12,0.3506317484941297,0.5591376089105098,0.2242436499777828,0.3384566331611224,0.16939209828583768,0.4177111781775066,0.2946355634571173,0.03761284988907976,0.018355625723614932,
B54,0.94731536986011,1.024109239775329,0.8308234826548291,0.9153830688162279,0.766075719651818,0.8559936901737257,0.9831237581880459,0.6979630757662587,0.6979630757662587,
