,job30_scenario4_63,job31_scenario2_64,job32_scenario3_66,job33_scenario4_68,job34_scenario1_70,job35_scenario1_72,job36_scenario0_73,
in27,0.5774473542551875,0.4548291239593778,0.5518680420938662,0.5025601885645188,0.2938345219703553,0.12000912040173939,0.012830799579593322,
B14,0.8259129563845825,0.8989156396331507,0.791886282897345,0.8443457922270531,0.7112319187755279,0.5502373167865053,0.40710903003117455,
B11,0.9845563842863619,0.8287148044536028,0.9820962384786321,0.9327883849492846,0.6494784449218964,0.4884838429328739,0.3369081948516267,
cn12,0.809411279447213,0.6904639265091795,0.7571428484172917,0.7425784293679975,0.5129676475827876,0.36847472253113445,0.19650652449253114,
B54,0.5156938804015558,0.418879158026193,0.4051698028235266,0.414117595842287,0.4277019616611016,0.26670735967207904,0.0,
