,job186_scenario0_333,job190_scenario1_340,job191_scenario0_342,job192_scenario0_343,job193_scenario0_345,job201_scenario0_357,job205_scenario0_365,job206_scenario4_368,job208_scenario0_373,job209_scenario1_374,job210_scenario0_375,job211_scenario1_376,job212_scenario1_378,job213_scenario4_380,job214_scenario3_381,job215_scenario2_382,job216_scenario1_386,
in27,0.4396791270611581,0.5321397309980536,0.39908225852533785,0.38941672280507367,0.38243713694968984,0.3513139089801883,0.297222993977925,0.5285097581969151,0.25586779740258087,0.38064884804492966,0.1896331204955563,0.37217254793176174,0.25102969543562814,0.4875242766096318,0.29098881332984927,0.20315256911853774,0.0,
B14,0.7071576976425253,0.829528007401487,0.659493049286173,0.6660202937882186,0.669537046579125,0.6299664572837071,0.5946112703813586,0.7502862414577101,0.5012137374212775,0.6094931111262569,0.4469794673132364,0.6058942198239967,0.5500747936965031,0.677734232190919,0.5043179352647278,0.6183159147611653,0.2684651063722881,
B11,0.6102677435943774,0.7677745335478554,0.641251291743489,0.6136844226122926,0.6144010621417155,0.5559602697393394,0.5510995540704109,0.7187197137782022,0.4383815275990613,0.5126031570781091,0.41390082030277525,0.5125742182908575,0.4949388092590937,0.7479350673704669,0.5625735818128358,0.4098642016371943,0.19020995558128717,
cn12,0.49979148376622207,0.6312637362087467,0.4725193853672258,0.4758103382069314,0.46546877170883083,0.40818997402291224,0.36412589015146374,0.6302771210559706,0.303936002019458,0.44240232189856127,0.26936681624868813,0.46276593306866587,0.34600651882620903,0.5310359929205795,0.4425644614110963,0.30809683877813887,0.09558325680520219,
B54,0.7302768639961169,0.7677745335478554,0.7030047655971207,0.7263249176567004,0.6926562129327165,0.6686007647837473,0.5946112703813586,0.7502862414577101,0.524332903774869,0.6593013963484486,0.5265413153471831,0.632583338692597,0.7198921993204341,0.8679441877722063,0.46080621895378016,0.6183159147611653,0.2951542252408883,
