,job535_scenario0_1078,job538_scenario4_1084,job540_scenario2_1087,job541_scenario1_1091,job542_scenario1_1092,job543_scenario0_1093,job544_scenario0_1096,
in27,0.9973722620817211,1.1033879120222214,1.044728267955337,0.9168379232589932,0.8841376634850912,0.7348013755334297,0.5950337181907457,
B14,0.8210206257894408,1.0718213843427138,0.9798551319910069,0.7968288028572537,0.8223841896314595,0.5402079816984655,0.4290216649316346,
B11,0.7058889141986091,1.0451322654741135,0.7425635075837634,0.6564271324981581,0.6237268727242561,0.41175149997080984,0.2658217487239257,
cn12,0.4366386066489254,0.627734868668941,0.497134308817194,0.41099793373158866,0.3871784186459716,0.17070573945791723,0.0,
B54,1.1312397017724676,1.262031339924001,1.3398824931962252,1.1337369977088805,1.15084502315717,0.8419796963555759,0.657865928012962,
