,job11_scenario1_23,job12_scenario4_29,job13_scenario4_30,job14_scenario4_31,
in27,0.15565817403895849,0.011191622392218714,0.23236792271080242,0.0,
B14,0.31256152133542353,0.25877161357346057,0.3229613078477065,0.1607942203164519,
B11,0.6143332359925339,0.5956798084250874,0.8029977894546642,0.6408307019234095,
cn12,0.4325706417371629,0.4552781380659917,0.3727695930698981,0.3804199111625745,
B54,0.5912140696389424,0.5254789732455396,0.5629795486511853,0.48218727402163014,
