,job463_scenario0_901,job466_scenario1_907,job472_scenario0_918,job473_scenario1_920,job474_scenario2_921,job475_scenario2_922,job476_scenario3_923,job477_scenario1_925,job478_scenario2_926,job479_scenario4_927,job480_scenario2_929,job481_scenario0_930,
in27,0.8187968313596105,0.9315260271552817,0.7161774613911724,0.8245333748791985,0.7442203294412051,0.7918331151052964,0.772264943849277,0.7229570903199296,0.6485028609352892,0.6828422978965656,0.5036059383648593,0.3449625104630799,
B14,1.2490250277443766,1.4319550587195955,1.1197165389073385,1.2214549629791422,1.2944576462277104,1.277197295927472,1.4478390802527399,1.1585129859199135,1.207187539047711,1.2036638794182357,1.0040349699291733,0.7822584866683783,
B11,1.0988289611685134,1.207001668658255,0.9627299328630006,1.1196876001200868,1.0860059331037393,1.0233207358349863,1.2576291246714526,1.0385038655181742,0.967169298244232,1.0836547590164964,0.7640167291256943,0.605373301223915,
cn12,0.4801308898077744,0.6096826830457933,0.35405869263307665,0.46450601367398026,0.5087706007335745,0.472253026267871,0.5638132307253061,0.386048895468303,0.3706767417086022,0.4782814577925816,0.15864342790177943,0.0,
B54,1.0069578096205236,1.1533025104160766,0.9379539446519674,1.0312450073978552,1.0473716256036996,1.030111275303461,0.9522874574993336,1.1198786784198735,0.967169298244232,0.9748196163369085,0.6938158939461465,0.5351724660443671,
