,job1052_scenario1_2847,
in27,0.169817405623931,
B14,0.15157564808124718,
B11,0.1061508011127325,
cn12,0.0,
B54,0.21332912193487868,
