,job525_scenario0_1044,job526_scenario0_1046,job531_scenario1_1062,job532_scenario4_1070,
in27,0.45461378655702955,0.4241323983322257,0.4623730763701924,0.24476200502043655,
B14,0.9887997168104756,0.9575471176763837,1.0392995120252981,0.7718801554533505,
B11,0.9259675069882594,0.9308579988077835,0.873865544655044,0.8420809906328983,
cn12,0.16634006522564493,0.15205145722315117,0.1499014527166319,0.0,
B54,1.011918883164067,0.9779396676337397,1.0392995120252981,0.8034466831328584,
