,job111_scenario0_216,job117_scenario0_226,job122_scenario0_234,job124_scenario2_239,job128_scenario0_243,job129_scenario0_244,job130_scenario3_246,job132_scenario0_249,job134_scenario1_253,job135_scenario0_254,job136_scenario1_255,job137_scenario2_256,job138_scenario2_257,job139_scenario3_258,job140_scenario2_260,job141_scenario2_261,
in27,0.7613767585885959,0.6988513074857491,0.6668971926371108,0.7449498135076457,0.627100214255425,0.633160419584257,0.7772673420440366,0.589814527388342,0.6504053303603275,0.48869540813989826,0.5793241931996671,0.5397753359642223,0.48395590983672876,0.731624468732884,0.36217815361989036,0.3167533066513757,
B14,0.9200201864903752,0.9218259724341575,0.854042704275243,1.143611482212904,0.8243779496572444,0.7773674423081725,0.9990438253048315,0.7544632935812006,0.8753587204216681,0.6754768048954274,0.762999918112605,0.8064826956363013,0.7737824358623993,0.8018253039124318,0.6906389871456009,0.6408307019234093,
B11,0.6013537491814324,0.5564709120137215,0.4963085761038914,0.5933741654263985,0.45132666385200165,0.4760291110134308,0.7274590568218451,0.38453972106491635,0.4949388092590936,0.35536151760133483,0.4345390845868946,0.39131934999367357,0.32969592018862637,0.4916062279294053,0.14040167035909545,0.15546652110123382,
cn12,0.37752828860026333,0.327626648932394,0.2960101420481204,0.46286870637836874,0.2333555329560265,0.2249793331069947,0.5870573864627493,0.17717350718861302,0.2864870961351226,0.09495072684049977,0.25320987369389236,0.23585282889243975,0.2130487804296034,0.24626028791070842,0.020392549957356065,0.0,
B54,0.9946044599235999,0.944945138787749,0.9197462330201828,1.0938031969907123,0.9057527625589438,0.9156183202525957,0.8625330279657226,0.7880787985810822,0.8486696015530679,0.7357814287639093,0.8332007532921529,0.838049223315809,0.9639923914436864,0.6818161835106924,0.5439407478752614,0.6021963944233693,
