,job545_scenario0_1097,job546_scenario0_1098,job550_scenario2_1107,job551_scenario3_1112,job552_scenario0_1113,job553_scenario1_1114,job554_scenario1_1116,
in27,0.3549912898019012,0.3968763696687137,0.3655009202889926,0.5133716451015641,0.0907937668094746,0.17177711973881649,0.020392549957356065,
B14,0.6420911994313363,0.6341679940759573,0.7726099503201671,0.7737824358623991,0.3418435447159106,0.6020053161235825,0.33061162594038274,
B11,0.2690399136260935,0.2853146105928904,0.2721809187558534,0.3435542394776332,0.022743724044599012,0.10157628455926881,0.0,
cn12,0.3882146393388507,0.38029143398347165,0.4939574020166483,0.4635633598793726,0.11772054743518023,0.20723452043831103,0.14040167035909545,
B54,0.43363948630736526,0.4488354473055776,0.525523929696156,0.3253124819349493,0.2129536796258863,0.30511101027737975,0.20353472571811093,
