,job922_scenario1_2120,job923_scenario2_2121,job924_scenario1_2124,
in27,0.14592975124688434,0.11921169359103267,0.0,
B14,0.7880382195813793,0.7613201619255276,0.595477089912849,
B11,0.6515274222422704,0.6248093645864188,0.4905328202532479,
cn12,0.5866542862779405,0.5301826658103338,0.3870253767888779,
B54,0.7564716919018716,0.7030645153774197,0.5252762547333012,
