,job711_scenario1_1513,
in27,0.7653834980385419,
B14,0.8992509377292883,
B11,0.8108083450070567,
cn12,0.0,
B54,0.6521649171052772,
