,job572_scenario0_1150,job576_scenario0_1157,job580_scenario0_1164,job584_scenario0_1169,job586_scenario2_1173,job588_scenario1_1175,job589_scenario1_1183,job591_scenario3_1185,job592_scenario2_1186,job593_scenario2_1188,job594_scenario1_1190,job595_scenario0_1193,
in27,0.6982702075508236,0.6855569379666788,0.6281738952681054,0.6647729280369651,0.687863155603305,0.72612240437182,0.5982320596754762,0.7122300391719135,0.5877175982562932,0.4966557751162073,0.46355151782352855,0.147090394733272,
B14,1.2569548856632453,1.219742868220125,1.1494224475681003,1.1714985285125228,1.3349904264379584,1.2381757040625954,1.2334141418786895,1.289156474827019,1.2695883035709996,1.2202804500416522,0.9204688330768946,0.6841047564772519,
B11,1.0485031725392742,1.0526520789924292,1.0129116502289917,0.9774832205664157,1.1132139431771635,1.0977740337034998,0.9618293733957031,1.1691473544252797,0.9246257931079198,0.9304539240159818,0.8169613896125245,0.5275103058958464,
cn12,0.5478818738115425,0.5390000923855898,0.4934556599445984,0.4725139951353038,0.5959920040553154,0.5978802005958532,0.49441571949604657,0.5736702645124307,0.5123481236456731,0.3770888939405177,0.3353093140475618,0.0,
B54,1.2689000742946852,1.3193594386645082,1.2240067210013252,1.196274516723556,1.3034238987584508,1.319550516964295,1.2018476141991818,1.0352799147345333,1.1495791831692603,1.100271329639913,1.215623058317783,0.7057750728456937,
