,job873_scenario0_1983,job879_scenario1_1996,job880_scenario3_1998,job881_scenario3_2000,
in27,0.24975532131802802,0.18665089218116826,0.16332975841290043,0.0,
B14,0.30059112624963336,0.17382009260157527,0.29719719810364664,0.07561179314263844,
B11,0.6027558866212068,0.5107282874532019,0.7043062281348212,0.6027299435755524,
cn12,0.5841210833640598,0.5361107090788563,0.5639045577757256,0.39866166870525827,
B54,0.8138509573935404,0.8058825126940901,0.6341053929552736,0.482720823173813,
