,job108_scenario1_209,job111_scenario0_216,job114_scenario1_221,job117_scenario0_226,job121_scenario2_233,job122_scenario0_234,job123_scenario1_236,job124_scenario2_239,job125_scenario2_240,
in27,0.600118808234485,0.4355365094927054,0.528378647940841,0.33085309126034335,0.3820506364699352,0.2127626013260998,0.31510737390882404,0.05825564654810789,0.0830316347591411,
B14,1.0801552898414428,0.8341981781979636,0.9817260106791985,0.7938459970122307,0.9820962384786321,0.6399263537677109,0.7800790047736433,0.6969355560568449,0.7671363912363928,
B11,0.5347953818658449,0.3688335016186812,0.4630552215722008,0.2817926973214552,0.316727210101295,0.13549398632601983,0.23471909679804548,0.0,0.01506485074213848,
cn12,0.5449828237970756,0.36190711548739973,0.46554643811862484,0.26984750869001517,0.34341632896989505,0.15209462672013607,0.25296085434072935,0.08639361540185775,0.10806393177029949,
B54,0.7516944563157322,0.5487550904259703,0.6216986494739802,0.45693780216060387,0.5722605920512223,0.3456025213074325,0.4516181712479328,0.2870999096294351,0.21689907444988732,
