,job297_scenario1_553,job307_scenario0_569,job309_scenario0_571,job310_scenario0_574,job312_scenario0_576,job318_scenario0_592,job319_scenario1_594,job320_scenario1_596,job321_scenario1_597,job322_scenario3_599,job323_scenario1_600,job324_scenario3_601,job325_scenario0_602,job326_scenario4_605,
in27,0.8077156431609943,0.6272845782646305,0.6189083784155985,0.6331328346690726,0.6089232352494699,0.4845539536407173,0.6090055367773157,0.5258993720051482,0.5334150099159429,0.6953253176567218,0.4934621551617213,0.5972726927269281,0.25684083824582626,0.27411100320665094,
B14,1.158482157301628,1.0547861582531612,1.0166563955923742,1.0559924056965069,1.0027074951438206,0.8950249643146084,1.001049716066352,1.0214509947585544,0.8992463747987148,1.0322335125083486,0.9668811473524569,1.0226234803007865,0.6520046796455607,0.6496535055583177,
B11,0.7717656772278095,0.6396228126105336,0.6235503873766949,0.6100136683154811,0.5858040688958784,0.47529310657613255,0.6206298049037775,0.5729810408311046,0.5943549980309061,0.722014436525322,0.5254789732455393,0.732796954275116,0.24655247147182813,0.4096352647548389,
cn12,0.5735014060350693,0.3774719412443841,0.3494744023472842,0.3422342521973146,0.33569734961791575,0.2148823158152977,0.33817190423543875,0.37159710752766584,0.2992007727900179,0.455307076853243,0.2152598972625126,0.33413528556985783,0.0,0.06078188127177231,
B54,1.2518021588347672,1.0547861582531612,1.0695291247577208,1.0977463753072454,1.0231000451011767,0.9414712688940833,1.0508580012885436,0.9512501595790066,1.1241997648600552,0.8735900846065692,0.8855063344507574,0.9026143598990471,0.6906389871456009,0.8194709111822487,
