,job310_scenario2_591,
in27,0.0,
B14,0.19020995558128723,
B11,0.10883514267958783,
cn12,0.011945188631439951,
B54,0.10883514267958783,
B51,0.0884425927222316,
os4,0.13195430903317928,
in4,0.07020083517954778,
B33,0.22884426308132724,
sh10,0.22884426308132724,
in22,0.46886250388480605,
