,job345_scenario2_658,
in27,0.01506485074213837,
B14,0.19020995558128723,
B11,0.2400182408034789,
cn12,0.0,
B54,0.31021907598302667,
B51,0.09332000153313935,
os4,0.5502373167865054,
in4,0.07020083517954784,
B33,0.2715847684829866,
sh10,0.2400182408034789,
in22,0.43022819638476606,
