,job1130_scenario0_3198,
in27,0.13050545904802957,
B14,0.1803137442702213,
B11,0.17095273141582235,
cn12,0.0,
B54,0.1620719867275373,
B51,0.28208110712927675,
os4,0.2007062942275774,
in4,0.19020995558128717,
B33,0.22382546058116892,
sh10,0.44072453503105624,
in22,0.3207154146293168,
