,job565_scenario4_1127,
in27,0.1404016703590955,
B14,0.08526568592168604,
B11,0.3102190759830265,
cn12,0.10176736285905547,
B54,0.0,
B51,0.3102190759830265,
os4,0.12000912040173928,
in4,0.3102190759830265,
B33,0.05634251589054079,
sh10,0.07020083517954773,
in22,0.26041079076083495,
