,job373_scenario1_710,
in27,0.08137481290169929,
B14,0.21332912193487857,
B11,0.16981740562393088,
cn12,0.05970449653325749,
B54,0.2715847684829865,
B51,0.08137481290169929,
os4,0.24001824080347878,
in4,0.13507397114387765,
B33,0.0,
sh10,0.5502373167865053,
in22,0.13507397114387765,
