,job667_scenario3_1397,
in27,0.6551815864461065,
B14,0.0,
B11,0.49653815854432704,
cn12,0.4649716308648193,
B54,0.5351724660443671,
B51,0.5849807512665586,
os4,0.4649716308648193,
in4,0.4382825119962191,
B33,0.49653815854432704,
sh10,0.3063282029630398,
in22,0.49653815854432704,
