,job594_scenario1_1211,
in27,0.17826476694984733,
B14,0.26670735967207904,
B11,0.38671648007381837,
cn12,0.0062965689112439716,
B54,0.0,
B51,0.09688995404814799,
os4,0.24001824080347883,
in4,0.08639361540185775,
B33,0.19650652449253114,
sh10,0.38671648007381837,
in22,0.10806393177029955,
