,job514_scenario0_1008,
in27,0.12737774575907101,
B14,0.09961657044438321,
B11,0.12737774575907101,
cn12,0.0,
B54,0.15157564808124713,
B51,0.179713616934997,
os4,0.1698174056239311,
in4,0.13507397114387776,
B33,0.19020995558128723,
sh10,0.43022819638476606,
in22,0.09332000153313935,
