,job696_scenario1_1469,
in27,0.09108595037059414,
B14,0.15475255488179263,
B11,0.10494426965960107,
cn12,0.03474343448005335,
B54,0.12000912040173939,
B51,0.0,
os4,0.07825515079100098,
in4,0.07825515079100098,
B33,0.17514510483914886,
sh10,0.4151633456426277,
in22,0.1365107973391088,
