,job142_scenario0_273,job147_scenario0_284,job154_scenario1_299,job155_scenario1_301,
in27,0.29610965213533413,0.25597631741088134,0.5287592675814814,0.3948918278907352,
B14,0.6735443761942539,0.627098071614779,0.8074118158850003,0.9274209362867396,
B11,0.5989601027610292,0.6078408474493142,0.9274209362867396,0.6375944102610693,
cn12,0.0,0.010088478474483686,0.17761265106454815,0.16028454505034695,
B54,0.627098071614779,0.7024675462253992,0.9274209362867396,0.7576035306628086,
