,job672_scenario0_1447,
in27,0.25825999834616264,
B14,0.32846083352571054,
B11,0.0,
cn12,0.14148716960676333,
B54,0.038634307500040044,
