,job489_scenario0_960,job501_scenario1_992,
in27,0.0013795815053838645,0.19158953708667104,
B14,0.49237471595286053,0.8373372264159404,
B11,0.5834606663234546,0.6906389871456009,
cn12,0.0,0.15546652110123393,
B54,0.678693798514161,0.8106481075473402,
