,job335_scenario4_630,job338_scenario0_637,job341_scenario0_643,job342_scenario3_645,job343_scenario2_647,job344_scenario3_648,job345_scenario2_650,
in27,0.27278295017060006,0.0,0.04013333472445291,0.46299290575188734,0.11413952226882063,0.46299290575188734,0.09246920590037888,
B14,0.2545411926279162,0.09589776472613676,0.07169986240396053,0.23414864267056001,0.49455943343139497,0.33591600552961554,0.3043494778501078,
B11,0.4131846205296956,0.2545411926279162,0.2460938313019999,0.49455943343139497,0.3162946664815478,0.4131846205296956,0.3291254660611409,
cn12,0.5691437068646197,0.33591600552961554,0.32582752705513174,0.7345776742348739,0.4780577564940256,0.5691437068646197,0.47036153110921886,
B54,0.8230202669571054,0.512801190974079,0.598066876895765,1.0132302225383927,0.7345776742348739,0.6532028613331744,0.6532028613331744,
