,job634_scenario1_1330,
in27,0.12000912040173939,
B14,0.4098356464274098,
B11,0.503155647960549,
cn12,0.0,
B54,0.12273573679797467,
