,job376_scenario0_720,job377_scenario4_725,
in27,0.14669823927033965,0.38671648007381854,
B14,0.16176309001247802,0.29827388735158683,
B11,0.1782647669498474,0.4569173152533663,
cn12,0.0,0.36002736120521833,
B54,0.3369081948516269,0.5769264356551057,
