,job478_scenario0_941,job481_scenario0_947,job482_scenario0_949,job489_scenario0_960,job490_scenario0_967,job492_scenario3_969,job494_scenario1_977,job495_scenario1_979,job496_scenario4_980,job497_scenario3_981,
in27,0.42415260588624504,0.48848384293287395,0.46428594061069783,0.41828300775332616,0.43652476529601003,0.7285020837363528,0.497364587621159,0.5502373167865056,0.7285020837363528,0.7285020837363528,
B14,0.3966126913848844,0.4071090300311746,0.34427682020895845,0.3519730455937652,0.3600273612052183,0.6471272708346534,0.6084929633346134,0.6471272708346534,0.6471272708346534,0.5769264356551056,
B11,0.2817722104142174,0.25963957985154673,0.252849040383072,0.252849040383072,0.32641185620533664,0.8169446764585844,0.6267347208772972,0.3600273612052183,0.38671648007381854,0.41828300775332616,
cn12,0.009532860573584157,0.006296568911244194,0.019621339048067954,0.006296568911244194,0.0,0.38671648007381854,0.19650652449253125,0.14669823927033965,0.3600273612052183,0.2982738873515868,
B54,0.5769264356551056,0.5271181504329141,0.5166218117866238,0.5382921281550657,0.5769264356551056,0.7671363912363929,0.8871455116381323,0.8169446764585844,0.8871455116381323,0.6702464371882448,
