,job585_scenario1_1201,job586_scenario0_1204,job589_scenario1_1216,job590_scenario2_1218,
in27,0.250514579449769,0.0977407496809084,0.2007062942275774,0.13050545904802957,
B14,0.22382546058116892,0.28208110712927675,0.44072453503105624,0.4020902275310162,
B11,0.26557943019190733,0.13050545904802957,0.34383458098290826,0.23665626016076208,
cn12,0.14557030979016794,0.0,0.1620719867275373,0.23665626016076208,
B54,0.34383458098290826,0.30032286467196057,0.37052369985150846,0.44072453503105624,
