,job1056_scenario4_3243,
in27,0.012830799579593155,
B14,0.0,
B11,0.12000912040173933,
cn12,0.12000912040173933,
B54,0.14669823927033954,
