,job680_scenario0_1472,job681_scenario2_1474,
in27,0.3862895092954932,0.4506207463421221,
B14,0.478758715195872,0.690638987145601,
B11,0.0,0.10176736285905552,
cn12,0.2754756415029733,0.4506207463421221,
B54,0.5888716242865454,0.6092641742439016,
