,job174_scenario2_327,job175_scenario0_329,job184_scenario0_342,job191_scenario1_355,job192_scenario1_356,job193_scenario1_357,job194_scenario1_359,job195_scenario3_360,job196_scenario2_361,
in27,0.16543396737025395,0.0,0.013858319289006826,0.08405915446855461,0.13386743969074621,0.13386743969074621,0.05430559165679949,0.28544308777199334,0.16543396737025395,
B14,0.6574156376086515,0.5502373167865053,0.5502373167865053,0.7156712841567594,0.804113876878991,0.5956621637550199,0.5956621637550199,0.6841047564772517,0.6139039212977038,
B11,0.5956621637550199,0.5037910122070304,0.43022819638476584,0.5374065172069121,0.8743147120585388,0.6841047564772517,0.5640956360755123,0.6574156376086515,0.6139039212977038,
cn12,0.5502373167865053,0.3314460206293649,0.3005079385141317,0.4514551410311044,0.48453378804156555,0.5502373167865053,0.46720568202736434,0.5956621637550199,0.4938948008959645,
B54,0.40545220817373273,0.21524225259244556,0.23563480254980174,0.33525137299418495,0.3556439229515411,0.28544308777199334,0.4756530433532805,0.2715847684829865,0.3556439229515411,
