,job94_scenario0_174,job98_scenario0_185,job99_scenario0_190,job100_scenario0_194,job102_scenario0_198,job105_scenario0_202,job107_scenario0_204,job108_scenario1_205,job110_scenario2_207,job111_scenario2_208,job113_scenario0_212,job114_scenario0_213,
in27,0.5552148913872272,0.5799908795982603,0.5799908795982603,0.5799908795982603,0.6012178242445989,0.5734566489299111,0.6012178242445989,0.8338674396907462,0.7840591544685545,0.8071783208221459,0.5734566489299111,0.5552148913872272,
B14,0.6535536954205249,0.6752240117889667,0.643657484109459,0.6640500340668152,0.625415726566775,0.6342964712550601,0.6871692004204066,0.7454248469685145,0.8338674396907462,0.6999999999999997,0.6535536954205249,0.6342964712550601,
B11,0.5799908795982603,0.5610844895201461,0.6089140496294057,0.5938491988872673,0.6342964712550601,0.5734566489299111,0.6342964712550601,0.728923170031145,0.6871692004204066,0.7840591544685545,0.6871692004204066,0.6089140496294057,
cn12,0.019257224165464715,0.022685782991222814,0.029753562811754897,0.009361012854398831,0.0,0.026183610296746318,0.0030644439431546378,0.13590436392448746,0.16482753395563265,0.19020995558128706,0.012597304516738905,0.022685782991222814,
B54,0.2836301229042407,0.31519665058374846,0.38539748576329624,0.2935263342153066,0.3538309580837885,0.2742691100498418,0.38539748576329624,0.5440409136650757,0.5054066061650356,0.38539748576329624,0.38539748576329624,0.32714183921518836,
