,job74_scenario1_147,job76_scenario1_150,job78_scenario0_152,job79_scenario1_154,job84_scenario0_160,job85_scenario1_161,job88_scenario1_165,job90_scenario0_167,job91_scenario0_168,job93_scenario1_172,job94_scenario0_174,job95_scenario3_175,
in27,0.24308268474663386,0.255913484326227,0.12937013325613833,0.255913484326227,0.1497626832134945,0.24308268474663386,0.19020995558128728,0.1426949033929623,0.1497626832134945,0.28483665435737227,0.11112837571345446,0.42134745169648113,
B14,0.3013383312947417,0.26977180361523395,0.19957096843568622,0.3630918051483732,0.3013383312947417,0.28483665435737227,0.26977180361523395,0.2311374961151939,0.24308268474663386,0.3195800888374255,0.2094671797467521,0.3897809240169734,
B11,0.12307356434489447,0.14976268321349462,0.009361012854398942,0.14976268321349462,0.05287272916534658,0.11112837571345446,0.1995709684356861,0.06132009049126286,0.022685782991222925,0.12307356434489447,0.01589524352274818,0.3013383312947417,
cn12,0.18132921089300225,0.21996351839304235,0.00306444394315486,0.18132921089300225,0.022685782991222814,0.19957096843568622,0.2094671797467521,0.0,0.00306444394315486,0.16482753395563288,0.019257224165464937,0.42134745169648113,
B54,0.3013383312947417,0.3630918051483732,0.24308268474663386,0.3013383312947417,0.26977180361523395,0.5799908795982606,0.4599817591965212,0.255913484326227,0.3195800888374255,0.3013383312947417,0.19957096843568622,0.5799908795982606,
