,job462_scenario2_911,job463_scenario0_912,job464_scenario1_913,job465_scenario0_914,job466_scenario0_916,
in27,0.27392728059454974,0.14108736061321703,0.24915129238351663,0.135011770114696,0.14108736061321703,
B14,0.8766572241701021,0.7180137962683226,0.8997763905236935,0.7362555538110066,0.7362555538110066,
B11,0.589557314540667,0.31090476623714813,0.5011147218184353,0.29973078851499657,0.37265824009077964,
cn12,0.20328307369289855,0.006413198462885683,0.12972025787063424,0.0,0.019999504242893096,
B54,0.9966663445718416,0.7925980697015473,1.046474629794033,0.7461517651220725,0.7180137962683226,
