,job967_scenario1_2685,
in27,0.3986616687052583,
B14,0.17826476694984728,
B11,0.0,
cn12,0.38671648007381837,
B54,0.2786525483035188,
