,job644_scenario2_1358,job646_scenario4_1362,job648_scenario1_1367,job649_scenario1_1368,
in27,0.6551815864461064,0.8951998272495852,0.7751907068478459,0.7751907068478459,
B14,1.0538432551513646,0.9836424199718168,0.7934324643905296,1.0538432551513646,
B11,0.716935060299738,0.7934324643905296,0.8369441807014772,0.7934324643905296,
cn12,0.0,0.13825087794442315,0.02813796885374975,0.04980828522219172,
B54,0.48321338840750305,0.6032225088092423,0.4565242695389029,0.41301255322795516,
