,job728_scenario1_1622,job729_scenario3_1625,
in27,0.32528392672516493,0.43022819638476606,
B14,0.5004290315643138,0.7404472723677926,
B11,0.36002736120521817,0.5004290315643138,
cn12,0.0,0.056342515890540845,
B54,0.5502373167865053,0.40353907751616586,
