,job341_scenario0_643,job343_scenario2_647,job344_scenario3_648,job345_scenario2_650,job347_scenario0_653,job348_scenario4_658,job349_scenario1_659,
in27,0.2898265260256704,0.3638327135700381,0.7126860970531048,0.34216239720159636,0.26206535071098247,0.5926769766513653,0.4175318718122165,
B14,0.48003648160695755,0.902896052634392,0.7442526247326126,0.7126860970531048,0.5042343839291337,0.6859969781845046,0.6242435043308732,
B11,0.01575054099625972,0.08595137617580761,0.18284133022395554,0.09878217575540094,0.0,0.11264049504440776,0.4228595710274343,
cn12,0.09548423674939166,0.24771446618828552,0.3388004165588796,0.24001824080347878,0.10214415639811758,0.3388004165588796,0.29235411197940475,
B54,0.6077418273935037,0.7442526247326126,0.6628778118309131,0.6628778118309131,0.5788186573623584,0.902896052634392,0.6859969781845046,
