,job158_scenario1_305,job163_scenario0_310,job174_scenario2_327,job175_scenario0_329,job179_scenario1_334,job180_scenario2_335,job181_scenario3_337,job182_scenario2_339,job184_scenario0_342,job185_scenario2_343,
in27,0.2835299571144265,0.15157564808124713,0.34178560366253435,0.17635163629228023,0.260410790760835,0.3102190759830266,0.5004290315643138,0.2963607566940197,0.19020995558128717,0.3804199111625744,
B14,0.21332912193487874,0.03156652767950774,0.21332912193487874,0.10615080111273245,0.2400182408034789,0.16981740562393088,0.2400182408034789,0.19020995558128728,0.10615080111273245,0.21332912193487874,
B11,0.2963607566940197,0.23065722794907995,0.34178560366253435,0.24991445211454477,0.32528392672516493,0.3102190759830266,0.5502373167865053,0.5004290315643138,0.17635163629228023,0.2963607566940197,
cn12,0.2400182408034789,0.04663137842164611,0.2963607566940197,0.0775694605368793,0.24991445211454477,0.2835299571144265,0.3804199111625744,0.23065722794907995,0.04663137842164611,0.32528392672516493,
B54,0.19020995558128728,0.03156652767950774,0.19020995558128728,0.0,0.16352083671268702,0.19020995558128728,0.2217764832607949,0.3102190759830266,0.020392549957356176,0.2217764832607949,
