,job711_scenario3_1570,job713_scenario1_1574,job716_scenario0_1585,
in27,0.2337216718922348,0.14040167035909557,0.0,
B14,0.7720138000473004,0.7404472723677926,0.5502373167865054,
B11,0.2754756415029733,0.38041991116257434,0.12654335107008874,
cn12,0.6355030027081915,0.5235481979179053,0.36992357251628416,
B54,0.652004679645561,1.0506663483508192,0.5319955592438215,
