,job307_scenario0_577,job309_scenario2_579,job311_scenario1_581,job314_scenario0_589,job315_scenario2_591,job316_scenario0_592,job318_scenario1_595,job320_scenario2_599,job322_scenario0_603,
in27,0.04782956010925965,0.11413952226882074,0.15277382976886078,0.08257299458931311,0.11413952226882074,0.012372159409765104,0.18434035744836852,0.18434035744836852,0.0,
B14,0.47288911706295333,0.5830020261536267,0.5331937409314351,0.49455943343139513,0.7732119817349139,0.49455943343139513,0.6532028613331746,0.7732119817349139,0.42055324588702736,
B11,0.14341281691446184,0.22297466494840856,0.17316637972621696,0.09589776472613687,0.29317550012795635,0.08910722525766235,0.23803951569054693,0.19628554607980842,0.08257299458931311,
cn12,0.03929894003547074,0.19628554607980842,0.21361365209400962,0.03929894003547074,0.34298378535014795,0.02039254995735651,0.15930806043721013,0.24336721490576474,0.04608947950394526,
B54,0.5482585916735735,0.6033945761109829,0.6265137424645744,0.49455943343139513,0.7234036965127224,0.6033945761109829,0.7234036965127224,0.6847693890126824,0.48338545570924357,
