,job220_scenario0_406,job222_scenario1_409,job230_scenario0_426,job231_scenario2_427,job232_scenario4_428,job233_scenario3_430,job234_scenario3_432,
in27,0.3488533834830666,0.5186707891069976,0.33499506419405967,0.5186707891069976,0.5390633390643538,0.5621825054179452,0.5621825054179452,
B14,0.430228196384766,0.46886250388480605,0.41905421866261444,0.7088807446882848,0.5186707891069976,0.5621825054179452,0.6590724594660933,
B11,0.3488533834830666,0.5621825054179452,0.3417856036625344,0.3893006558508594,0.5004290315643138,0.7088807446882848,0.6204381519660532,
cn12,0.21498594379232028,0.3986616687052583,0.20845171312397104,0.44217338501620596,0.41905421866261444,0.4550041845957991,0.46886250388480605,
B54,0.0,0.16352083671268702,0.009896211311065883,0.16352083671268702,0.2217764832607949,0.12000912040173939,0.19020995558128717,
