,job682_scenario1_1479,
in27,0.26479422901451194,
B14,0.15864342790177954,
B11,0.0,
cn12,0.15864342790177943,
B54,0.13195430903317928,
