,job554_scenario0_1122,job562_scenario4_1144,job563_scenario3_1148,job565_scenario0_1155,job566_scenario4_1156,
in27,0.4234376569162913,0.6506250981401769,0.6773142170087771,0.38748769098310665,0.5434467773180307,
B14,0.0,0.19727773540181948,0.31728685580355886,0.14214175096441006,0.31728685580355886,
B11,0.43729597620529825,0.7088807446882849,0.7475150521883249,0.4234376569162913,0.5888716242865455,
cn12,0.30013059750854276,0.5573050966070376,0.6773142170087771,0.3034285365145519,0.7475150521883249,
B54,0.049808285222191606,0.1817625942553709,0.3986616687052582,0.0617534738536315,0.2786525483035188,
