,job241_scenario0_451,job242_scenario3_453,
in27,0.3036848453146772,0.45915136641591114,
B14,0.15157564808124702,0.3170096154515011,
B11,0.4370187358532406,0.7543055916567994,
cn12,0.0,0.24001824080347878,
B54,0.5502373167865053,0.6139039212977038,
