,job341_scenario0_643,job347_scenario0_653,job355_scenario0_666,job357_scenario4_669,job358_scenario2_670,job360_scenario4_675,job361_scenario2_677,job363_scenario0_681,
in27,0.17987037254811789,0.15210919723343008,0.17987037254811789,0.7227390639772917,0.2925108675925257,0.32407739527203344,0.2427025823703341,0.16543396737025406,
B14,0.17987037254811789,0.204068274870294,0.27865254830351877,0.41251998799426515,0.48272082317381293,0.38583086912566494,0.48272082317381293,0.2427025823703341,
B11,0.19562091354437783,0.17987037254811789,0.15210919723343008,0.6027299435755523,0.3627117027720735,0.38583086912566494,0.2658217487239256,0.18756659793292463,
cn12,0.03533636849403077,0.04199628814275669,0.016768245985971042,0.2658217487239256,0.2925108675925257,0.6027299435755523,0.25387656009248566,0.05249262678904687,
B54,0.028923170031145196,0.0,0.013858319289006826,0.16543396737025406,0.08405915446855461,0.32407739527203344,0.028923170031145196,0.045424846968514565,
