,job510_scenario1_1017,
in27,0.756948949305162,
B14,0.6551815864461065,
B11,0.4250595569536936,
cn12,0.0,
B54,0.3617851079054273,
