,job98_scenario0_185,job99_scenario0_190,job100_scenario0_194,job102_scenario0_198,job105_scenario0_202,job107_scenario0_204,job111_scenario2_208,job113_scenario0_212,job114_scenario0_213,job115_scenario1_217,
in27,0.27630603428358325,0.27630603428358325,0.27630603428358325,0.2975329789299217,0.2697718036152339,0.2975329789299217,0.5034934755074687,0.2697718036152339,0.25153004607255003,0.42523832471646783,
B14,0.3715391664742894,0.3399726387947817,0.36036518875213785,0.3217308812520978,0.33061162594038274,0.3834843551057294,0.3963151546853225,0.3498688501058477,0.33061162594038274,0.5034934755074687,
B11,0.4974178850089477,0.5452474451182072,0.5301825943760688,0.5706298667438616,0.5097900444187127,0.5706298667438616,0.720392549957356,0.6235025959092082,0.5452474451182072,0.8017673628590555,
cn12,0.022685782991222814,0.029753562811754897,0.009361012854398831,0.0,0.02618361029674654,0.00306444394315486,0.19020995558128717,0.012597304516738905,0.022685782991222814,0.18132921089300225,
B54,0.3715391664742894,0.4417400016538372,0.3498688501058477,0.41017347397432946,0.33061162594038274,0.4417400016538372,0.4417400016538372,0.4417400016538372,0.3834843551057294,0.8404016703590955,
