,job502_scenario4_1001,job504_scenario2_1003,job505_scenario3_1007,job506_scenario0_1009,
in27,0.23452138030185332,0.19588707280181328,0.1793853958644439,0.0,
B14,0.9545761027122898,0.8345669823105504,0.6443570267292632,0.47453962110533215,
B11,0.26393711556668875,0.24569535802400488,0.6443570267292632,0.04431142472056615,
cn12,0.47453962110533215,0.37157407655866315,0.5559144340070314,0.2993945162661834,
B54,0.714557861908811,0.4976587874589236,0.4976587874589236,0.4541470711479759,
