,job61_scenario0_119,job65_scenario0_128,job74_scenario1_147,job75_scenario4_148,job76_scenario1_150,job78_scenario0_152,job79_scenario1_154,job80_scenario1_156,job81_scenario2_157,job82_scenario1_158,
in27,0.6297991648204522,0.6426299644000454,0.7498082852221917,0.869817405623931,0.7626390848017848,0.6360957337316961,0.7626390848017848,0.706296568911244,0.7161927802223099,0.7915622548329301,
B14,0.4569173152533662,0.46627832810776515,0.5680456909668207,0.7266891188686002,0.5364791632873129,0.46627832810776515,0.6297991648204522,0.5862874485095045,0.8466982392703395,0.7764974040907917,
B11,0.663856909046384,0.663856909046384,0.7498082852221917,0.8080639317702996,0.7764974040907917,0.6360957337316961,0.7764974040907917,0.869817405623931,0.7266891188686002,0.8965065244925312,
cn12,0.0,0.009532860573584268,0.1782647669498474,0.31651564489427064,0.21689907444988743,0.0,0.1782647669498474,0.16176309001247802,0.20640273580359736,0.21689907444988743,
B54,0.7266891188686002,0.7266891188686002,0.8080639317702996,1.2067256004755578,0.869817405623931,0.7498082852221917,0.8080639317702996,0.8466982392703395,1.0165156448942705,1.0165156448942705,
