,job876_scenario0_2171,job877_scenario1_2175,
in27,0.14557030979016794,0.19020995558128717,
B14,0.13050545904802957,0.30032286467196057,
B11,0.17095273141582235,0.26557943019190733,
cn12,0.0,0.1620719867275373,
B54,0.2007062942275774,0.44072453503105624,
