,job247_scenario1_463,job250_scenario0_467,job252_scenario0_470,job253_scenario3_472,
in27,0.617318489855355,0.5036059383648595,0.4973093694536155,0.6755741364034629,
B14,0.6301492894349481,0.5555650160017234,0.5837029848554732,0.7373276102570943,
B11,0.7373276102570943,0.5169307085016834,0.5837029848554732,0.8342175643052423,
cn12,0.15864342790177954,0.0,0.02721457166300567,0.38359681796312006,
B54,0.3070994138723283,0.15347478847070728,0.2635876975613807,0.33378853274092846,
