,job949_scenario0_2594,
in27,0.09431219085515052,
B14,0.16752417259006447,
B11,0.10038778135367155,
cn12,0.0,
B54,0.05687606504272402,
