,job812_scenario1_1904,job813_scenario1_1908,
in27,0.37388568049422505,0.38895053123636336,
B14,0.44408651567377283,0.5640956360755123,
B11,0.37388568049422505,0.37388568049422505,
cn12,0.2769957264460772,0.2943238324602784,
B54,0.2769957264460772,0.37388568049422505,
B51,0.37388568049422505,0.38895053123636336,
os4,0.38895053123636336,0.37388568049422505,
in4,0.335251372994185,0.32407739527203344,
B33,0.045424846968514565,0.0,
