,job636_scenario3_1314,
in27,0.4734189921907356,
B14,0.632062420092515,
B11,0.44185246451122784,
cn12,0.35340987178899613,
B54,0.35340987178899613,
B51,0.3218433441094884,
os4,0.4734189921907356,
in4,0.5618615849129671,
B33,0.0,
