,job834_scenario1_1962,
in27,0.19020995558128723,
B14,0.2538765600924857,
B11,0.2356348025498019,
cn12,0.1245064268363475,
B54,0.27426911004984195,
B51,0.2356348025498019,
os4,0.21913312561243248,
in4,0.1245064268363475,
B33,0.0,
