,job455_scenario1_909,job456_scenario2_910,job458_scenario0_917,
in27,0.5390633390643538,0.43729597620529836,0.3607985721145065,
B14,0.08844259272223165,0.13195430903317928,0.0,
B11,0.5573050966070376,0.6008168129179854,0.4190542186626144,
cn12,0.402552541725245,0.4576885261626545,0.25032231228635116,
B54,0.6275059317865855,0.6275059317865855,0.5390633390643538,
B51,0.5225616621269844,0.49363849209583915,0.5225616621269844,
os4,0.5225616621269844,0.8177158873678727,0.4106068573366982,
in4,0.5225616621269844,0.5225616621269844,0.4106068573366982,
B33,0.49363849209583915,0.9377250077696121,0.5074968113848461,
