,job999_scenario2_2608,
in27,0.07020083517954773,
B14,0.19020995558128717,
B11,0.08526568592168604,
cn12,0.0,
B54,0.3102190759830265,
B51,0.043511716310947635,
os4,0.26041079076083495,
in4,0.05634251589054079,
B33,0.5004290315643137,
