,job578_scenario0_1204,
in27,0.2940262957607168,
B14,0.1404016703590958,
B11,0.003428558825758099,
cn12,0.1771368374696759,
B54,0.1353828678589375,
B51,0.4407245350310564,
os4,0.0,
in4,0.33578026537145533,
B33,0.4407245350310564,
