,job233_scenario0_462,
in27,0.1569866060443379,
B14,0.1743147120585391,
B11,0.1489322904328847,
cn12,0.0,
B54,0.22718744122388568,
B51,0.25387656009248577,
os4,0.19357193622400393,
in4,0.1569866060443379,
B33,0.2854430877719935,
