,job977_scenario0_2498,
in27,0.22177648326079502,
B14,0.27865254830351893,
B11,0.20845171312397104,
cn12,0.09167888438457172,
B54,0.3102190759830266,
B51,0.3349950641940597,
os4,0.29904509826087505,
in4,0.2885487596145848,
B33,0.0,
