,job600_scenario4_1249,job601_scenario1_1250,
in27,0.11112837571345441,0.06570352874493973,
B14,0.2697718036152339,0.14976268321349445,
B11,0.1995709684356861,0.11112837571345441,
cn12,0.07956184803394667,0.0,
B54,0.23113749611519385,0.2697718036152339,
B51,0.31958008883742545,0.09462669877608498,
os4,0.31958008883742545,0.14976268321349445,
in4,0.1995709684356861,0.029753562811755063,
B33,0.11112837571345441,0.05287272916534658,
