,job785_scenario1_1834,
in27,0.23372167189223492,
B14,0.3306116259403828,
B11,0.2754756415029733,
cn12,0.19020995558128728,
B54,0.38041991116257445,
B51,0.0,
os4,0.29197731844034275,
in4,0.2754756415029733,
B33,0.23372167189223492,
