,job192_scenario1_377,
in27,0.23372167189223497,
B14,0.0,
B11,0.19020995558128728,
cn12,0.03545740069949466,
B54,0.2604107907608352,
B51,0.19020995558128728,
os4,0.21060250553864351,
in4,0.11371255149049564,
B33,0.051959077636864026,
