,job494_scenario1_1008,job496_scenario2_1013,
in27,0.4386755577106823,0.42217388077331286,
B14,0.5586846781124217,0.5973189856124618,
B11,0.40710903003117455,0.3684747225311345,
cn12,0.31021907598302667,0.3275471819972279,
B54,0.5004290315643138,0.5586846781124217,
B51,0.0128307995795931,0.0,
os4,0.4386755577106823,0.7173281060142012,
in4,0.40710903003117455,0.42217388077331286,
B33,0.3932507107421676,0.5973189856124618,
