,job1030_scenario2_2751,job1031_scenario1_2757,
in27,0.02039254995735612,0.043511716310947635,
B14,0.2217764832607949,0.08526568592168604,
B11,0.12000912040173928,0.08526568592168604,
cn12,0.0,0.02039254995735612,
B54,0.3102190759830265,0.26041079076083495,
B51,0.05634251589054079,0.043511716310947635,
os4,0.3102190759830265,0.10176736285905547,
in4,0.043511716310947635,0.043511716310947635,
B33,0.3102190759830265,0.07020083517954773,
