,job592_scenario0_1233,
in27,0.2786525483035188,
B14,0.37388568049422516,
B11,0.2998794929498574,
cn12,0.1458126283221861,
B54,0.3858308691256651,
B51,0.0,
os4,0.39866166870525827,
in4,0.35221536412578336,
B33,0.08844259272223176,
