,job630_scenario0_1294,
in27,0.28907863474236706,
B14,0.39204417928903607,
B11,0.08919372866334108,
cn12,0.18467796541273274,
B54,0.42799414522222073,
B51,0.0,
os4,0.4151633456426276,
in4,0.3369081948516266,
B33,0.37165162933167994,
