,job7_scenario1_17,
in27,0.37388568049422505,
B14,0.4938948008959645,
B11,0.44408651567377283,
cn12,0.2769957264460772,
B54,0.02503229701115839,
B51,0.09523313219070617,
os4,0.4236939657164166,
in4,0.3036848453146773,
B33,0.0,
