,job494_scenario1_1008,
in27,0.3556439229515412,
B14,0.4756530433532806,
B11,0.32407739527203344,
cn12,0.22718744122388557,
B54,0.22718744122388557,
B51,0.3102190759830265,
os4,0.3556439229515412,
in4,0.32407739527203344,
B33,0.0,
