,job90_scenario3_190,job91_scenario4_192,
in27,0.40353907751616586,0.36002736120521817,
B14,0.4617947240642738,0.40353907751616586,
B11,0.5502373167865053,0.6204381519660532,
cn12,0.32528392672516493,0.32528392672516493,
B54,0.0,0.16981740562393088,
B51,0.260410790760835,0.2217764832607949,
os4,0.43022819638476606,0.5502373167865053,
in4,0.4617947240642738,0.5004290315643138,
B33,0.5004290315643138,0.2963607566940197,
