,job1116_scenario1_3291,
in27,0.08303163475914094,
B14,0.14669823927033943,
B11,0.11195480479028619,
cn12,0.0,
B54,0.21689907444988732,
B51,0.14669823927033943,
os4,0.1284564817276556,
in4,0.03658533017966603,
B33,0.1284564817276556,
