,job829_scenario4_1951,job831_scenario0_1957,job832_scenario1_1958,job833_scenario1_1959,
in27,0.4686157095355674,0.13590436392448763,0.19629090268431415,0.15703070878976955,
B14,0.6903921927963624,0.3399726387947818,0.4629982623563931,0.30860635687101656,
B11,0.7290265002964025,0.26977180361523395,0.32913082266564664,0.32684811441370043,
cn12,0.45037395199288355,0.0,0.15277918637336652,0.052086439130168416,
B54,0.778834785518594,0.3630918051483733,0.5331990975359409,0.5872589051745355,
