,job489_scenario3_1001,job491_scenario3_1005,job492_scenario2_1006,
in27,0.9320231527118512,0.5502373167865054,0.3213930537051782,
B14,0.7418131971305639,0.3333382423366181,0.3600273612052182,
B11,0.9320231527118512,0.600045602008697,0.600045602008697,
cn12,0.5516032415492769,0.2196256908461225,0.12000912040173939,
B54,0.3817858359253457,0.0,0.2400182408034789,
