,job321_scenario1_614,job322_scenario1_615,job324_scenario0_619,job325_scenario2_621,job326_scenario3_622,job328_scenario1_625,job329_scenario1_627,job330_scenario2_630,
in27,0.6615668848405015,0.6306770786935028,0.39002010815899785,0.5293490132158218,0.5719449563686285,0.3523701006605103,0.3190920779477049,0.11371255149049553,
B14,0.6411743348831453,0.7710787490525983,0.5037326596494933,0.8080015615193408,0.9088531512202553,0.5537540339639491,0.38929291312725267,0.21060250553864335,
B11,0.34085147021118467,0.4222253655695318,0.21313492271453438,0.3226373806971653,0.40842411965594144,0.21196843030141477,0.06857749849793582,0.0,
cn12,0.46290956793329807,0.45241231174365554,0.23214789116650658,0.3866541098228597,0.5172592623355292,0.25797136315878644,0.1748850552237894,0.14040167035909557,
B54,1.0215942460457197,0.8328322229062299,0.7823852079530123,0.9666449894211202,0.7888440308185158,0.832406582267468,0.9079637022342504,0.6590724594660933,
