,job464_scenario2_935,job465_scenario0_936,job467_scenario1_940,job468_scenario3_943,
in27,0.2477889591236353,0.1558691069441247,0.10332093297798917,0.21978475063026814,
B14,0.9285317349581702,0.6899136435083202,0.6987980228908381,0.5516741429817366,
B11,0.568504373752952,0.3238106918045809,0.35383551242775824,0.47029933008003716,
cn12,0.24359658570030884,0.04426491763579765,0.16362555684647107,0.0,
B54,0.9285317349581702,0.6281601696546886,0.528980617266907,0.35029020967829777,
