,job386_scenario2_746,job388_scenario2_751,job389_scenario0_752,job392_scenario4_755,job393_scenario0_763,
in27,0.6837997007293759,0.5720112777505373,0.43784966826825733,0.6812070698265416,0.0,
B14,1.3679044572066275,1.2410511834856508,0.9166796184220838,1.0550927503207668,0.49191607578303254,
B11,1.057685381223601,1.0508412279043635,0.8819361839420303,1.1252935855003146,0.469783445220362,
cn12,1.0078770960014092,0.974343823813572,0.7297059545031366,0.9212253106300203,0.31534597061272374,
B54,1.1510053827567401,1.1526085907634191,1.0184469812811392,1.005284465098575,0.5701712265740335,
