,job193_scenario0_378,job194_scenario0_380,job198_scenario0_387,job200_scenario1_390,job202_scenario1_392,job204_scenario0_399,job205_scenario1_401,job206_scenario1_402,
in27,0.5823342052385589,0.6084507210199838,0.5222544906083331,0.5850689096182444,0.5954089166647707,0.3836974177441766,0.3700839761569578,0.4151633456426276,
B14,0.29912516862911076,0.17942905608834914,0.25986497473456605,0.18040190262190697,0.19307637060173605,0.054485448277356796,0.08542608956235986,0.0,
B11,0.41036600719995553,0.43330561618083496,0.42451374092742467,0.4551635779054391,0.5020889151316315,0.23592712202774951,0.36018776484589193,0.17952854309282573,
cn12,0.2935931784605563,0.3132964957790956,0.23773234417189537,0.42847445903683884,0.3269438102924825,0.06253976388880977,0.1432886903960045,0.10494426965960102,
B54,0.8342976346734776,0.6582590062421755,0.6483392015085936,0.676940061166234,0.8621162763368495,0.4963379127885844,0.4165302807364327,0.3697384986741129,
