,job24_scenario1_57,job25_scenario4_58,job26_scenario0_59,job27_scenario3_61,
in27,0.18595843316488403,0.09599902240593483,0.0,0.10058802710941406,
B14,0.2627767577606541,0.4113867378200337,0.11087606882170142,0.4209945450236714,
B11,0.6659949147718417,0.8265500834626613,0.533735639849136,0.9561670110680385,
cn12,0.2540084759297596,0.21499267618489304,0.00438343825367693,0.0753180683411504,
B54,0.797949223805021,0.7949835557831537,0.7088807446882848,0.4992496958146724,
