,job351_scenario0_663,job357_scenario0_677,job359_scenario3_680,job360_scenario0_681,job362_scenario0_683,job363_scenario3_689,job364_scenario0_690,job365_scenario1_692,job366_scenario3_693,job367_scenario2_695,
in27,0.8334772777425565,0.7398937136179169,0.9085031979201897,0.6839523151749909,0.5935561237439937,0.7159558609111003,0.53154851913884,0.5267173619948441,0.47359884881129244,0.34802695440623477,
B14,0.589568163919091,0.5457928850166429,0.7063480537074627,0.4832460209474133,0.4300352870313066,0.49905678646121293,0.3262737128154145,0.6032147660856357,0.24211122808160268,0.1458718101935076,
B11,1.019796360303857,0.8062036757774779,1.1752105575922687,0.844408707944523,0.7718208906938411,0.7861566960906481,0.6596119551520327,0.6595572819761766,0.6776671236815865,0.5880451952097134,
cn12,0.3765599624891903,0.30259773741261864,0.6133489726793016,0.2761575948896946,0.236648424649474,0.6110115912514993,0.08746200346506705,0.1698096629003243,0.3123120632611506,0.0,
B54,1.019796360303857,0.9648471036792574,1.0285123183219291,0.8853362484784297,0.819335942882166,0.7722983768016412,0.676940061166234,0.8249912493464308,0.6776671236815865,0.6147343140783137,
