,job1071_scenario3_2977,job1073_scenario2_2983,
in27,0.8101022915210715,0.2786525483035189,
B14,0.7602940062988799,0.3284608335257104,
B11,0.7602940062988799,0.4688625038848061,
cn12,0.6900931711193321,0.26479422901451194,
B54,0.22123066723452606,0.0,
