,job521_scenario1_1067,job522_scenario2_1072,job523_scenario0_1073,
in27,1.1062374630849825,0.7446051254913608,0.5979068862210212,
B14,1.2262465834867218,0.9846233662948396,0.8043096220246183,
B11,0.7617675178555925,0.4703360154415187,0.3873043806823778,
cn12,0.4876122759866819,0.17885266755840679,0.0,
B54,1.58627394469194,1.0548242014743874,0.9348150810726479,
