,job370_scenario1_706,job371_scenario0_708,job375_scenario1_714,job378_scenario0_719,job379_scenario2_725,job380_scenario1_727,job381_scenario2_728,job382_scenario0_733,
in27,0.7104286427094908,0.5952983259789665,0.6042300635003706,0.47155717501495686,0.4954983874158412,0.485892980411764,0.42553965591176124,0.16352083671268702,
B14,0.45534555116387365,0.41396911508596423,0.4387960961301164,0.30347984999634026,0.40217838588270194,0.44725867291172394,0.34416484301006195,0.0,
B11,0.6686746730987524,0.5637317982994587,0.76287349140215,0.5017441211890806,0.4426256582504946,0.3890030263636161,0.5574939649449405,0.12000912040173928,
cn12,0.5984738379192046,0.41396911508596423,0.5633025229664639,0.34145957613873357,0.47237922106224967,0.42558835654328214,0.3672840093636534,0.020392549957356065,
B54,0.6815054726783456,0.6837409187011982,0.7944400190816577,0.6136989259793668,0.5537540339639491,0.7259112212152428,0.5139822486339929,0.2217764832607948,
