,job591_scenario0_1231,job597_scenario3_1243,job600_scenario4_1249,job601_scenario1_1250,
in27,0.3145954534825375,0.36631255269862256,0.01506485074213837,0.0,
B14,0.7891350745878696,0.6915964794237874,0.430228196384766,0.37509221194735654,
B11,0.4237800141674336,0.5178882007798697,0.48003648160695767,0.06487313596432998,
cn12,0.5918573391860501,0.6378973211816091,0.37509221194735654,0.23295046098294658,
B54,0.8122542409414611,0.8281072767628963,0.5116030092864654,0.40983564642740977,
