,job506_scenario4_1031,job509_scenario0_1039,job510_scenario0_1040,
in27,0.9017485338308052,0.2400182408034789,0.26571517035006786,
B14,0.546104610879264,0.018906390078114454,0.05485635601129901,
B11,0.5599629301682709,0.0,0.04013333472445291,
cn12,0.9403828413308453,0.26571517035006775,0.23128681614416902,
B54,0.6413377430699703,0.1843403574483684,0.20745952380195998,
