,job94_scenario3_195,job97_scenario3_199,job98_scenario3_200,job100_scenario3_203,job101_scenario1_204,job102_scenario3_206,job103_scenario4_207,
in27,0.5710077242944551,0.558034141952369,0.5756405812605698,0.7701020592582601,0.391593888884726,0.5871601292532478,0.4327682237678715,
B14,0.8377150839665339,0.6945449392914779,0.6774079441196255,0.5096912684974251,0.5004290315643138,0.5871601292532478,0.33100086090881586,
B11,0.9079159191460818,0.7829875320137094,0.7658505368418571,0.6999012240787124,0.4163698770957591,0.5871601292532478,0.5914116516696509,
cn12,0.3078703171373848,0.12263730613653057,0.21561322005535172,0.17005645724956314,0.0,0.03692281246674245,0.04117433488314548,
B54,0.6475051283852468,0.6362892927433699,0.5960331312179261,0.44602466398622664,0.40353907751616597,0.6573609644327957,0.7114207720713903,
