,job53_scenario0_108,job56_scenario1_113,job63_scenario4_124,job64_scenario3_127,job65_scenario4_130,job66_scenario0_131,job68_scenario4_141,
in27,0.3361697549184345,0.39065883789002415,0.3865674537367347,0.4084241196559415,0.25464224511120404,0.10122154683278667,0.260410790760835,
B14,0.38904248408378106,0.3768005186010172,0.34793314623669463,0.43999064733544924,0.26970709585334235,0.19181493196969068,0.1017673628590556,
B11,0.2886547027301095,0.46085967306957193,0.3163666185571869,0.35861583443374984,0.3479622466443433,0.12898272214747447,0.38041991116257445,
cn12,0.20300469575635516,0.36396971902142405,0.34793314623669463,0.35861583443374984,0.3479622466443433,0.005250091293507342,0.0,
B54,0.3770972954523411,0.5422344859712713,0.40968662009032614,0.4084241196559415,0.4062178931924512,0.15318062446965058,0.04351171631094766,
