,job824_scenario3_1929,job826_scenario3_1939,job829_scenario4_1951,job830_scenario1_1952,
in27,1.0142257113658213,0.9600603165880339,0.40246702107007815,0.4228595710274344,
B14,0.7355731630623025,0.6427734607844751,0.22558183562561496,0.08907103828650609,
B11,0.6928326576606431,0.7200420757845551,0.302850450625695,0.11264049504440776,
cn12,0.7426409428828348,0.5613986478827757,0.1442070227239155,0.0,
B54,0.5341892297588636,0.4800238349810763,0.23264961544614726,0.04243965986485998,
