,job855_scenario4_2024,
in27,0.08844259272223162,
B14,0.08844259272223162,
B11,0.1319543090331793,
cn12,0.22884426308132727,
B54,0.0,
