,job304_scenario0_582,job311_scenario2_593,job312_scenario0_595,job315_scenario2_600,job317_scenario2_602,job319_scenario3_605,job321_scenario1_614,job322_scenario1_615,job323_scenario3_617,job324_scenario0_619,
in27,0.614008594751809,0.6499418403860644,0.523210260976247,0.5653096140067009,0.6390898027308147,0.7661535571535223,0.4786757899734938,0.42198871414346034,0.41101498217705135,0.006296568911244083,
B14,0.8401685162662809,0.8282066073359116,0.7040592037031354,0.8158241934564698,0.7977332306325942,1.006171797957001,0.5782923604178769,0.6823995049042954,0.6194666953010224,0.240018240803479,
B11,0.7136251651961922,0.8117049303985422,0.7338127665148904,0.8158241934564698,0.7773406806752379,0.9359709627774533,0.46817945132720357,0.5237560770025159,0.6896675304805703,0.13963045944980745,
cn12,0.5936160447944528,0.7699509607878038,0.5264465526385871,0.7606882090190604,0.6225881257934454,0.6959527219739745,0.43159412114753753,0.3952995952748603,0.4496492896770914,0.0,
B54,0.6953834076535084,0.7966400796564039,0.6951784590148503,0.718934239408322,0.7590989231325541,0.6959527219739745,0.5600506028751931,0.3454913100526687,0.3092476193179958,0.12000912040173961,
