,job202_scenario1_392,job204_scenario0_399,job207_scenario0_406,job208_scenario2_407,job210_scenario1_410,job211_scenario2_414,job213_scenario0_416,job214_scenario3_417,job215_scenario1_422,
in27,0.6732173383394198,0.5440490716626193,0.4776534981704583,0.6187318900620629,0.5122365290098378,0.44628721624669315,0.29143150241407384,0.6484931955974247,0.14669823927033965,
B14,0.46914906346912566,0.4131013733885396,0.30120169608836367,0.49027540833440725,0.5739900028634695,0.5782415252798725,0.2527971949140338,0.34315152842530566,0.0,
B11,0.8901164127893071,0.7064978519292188,0.6050312439295293,0.636973647604747,0.8610899124929046,0.5910723248594657,0.46124890803800495,0.7186940307769725,0.266707359672079,
cn12,0.7149713079501582,0.533110493790279,0.47408354565544963,0.6102845287361467,0.5913181088776707,0.555122358926281,0.3076242826363838,0.5986849103752331,0.21689907444988737,
B54,1.059933818413238,0.7766986871087664,0.6678634537517456,0.8004944843174339,0.8224556049928646,0.619995494890611,0.5195045545861128,0.6484931955974247,0.3867164800738184,
