,job534_scenario2_1096,job535_scenario0_1098,
in27,0.5214912420052066,0.3347439596353743,
B14,0.6801346699069861,0.408750147179742,
B11,0.6099338347274381,0.3771836195002344,
cn12,0.24283869370168776,0.0,
B54,0.5916920771847544,0.4624493054219204,
