,job997_scenario3_2586,job998_scenario0_2590,
in27,0.8746584378059564,0.26245976808120897,
B14,0.8746584378059565,0.4496052797193413,
B11,0.5377502429543297,0.09536897885351325,
cn12,0.44930765023209807,0.0,
B54,0.8479693189373563,0.4496052797193413,
