,job138_scenario4_287,job139_scenario0_288,
in27,0.6088180041923187,0.18284133022395566,
B14,0.298598928209292,0.03307864701046126,
B11,0.5386171690127708,0.0798757856772867,
cn12,0.3484072134314836,0.0,
B54,0.7288271245940581,0.24771446618828563,
