,job189_scenario0_368,job193_scenario0_378,job194_scenario0_380,job198_scenario0_387,job200_scenario1_390,job202_scenario1_392,job204_scenario0_399,job205_scenario1_401,job206_scenario1_402,
in27,0.6357126501745265,0.5253610533909192,0.5498428718104187,0.4547840825710507,0.5109587625987524,0.5149194807081666,0.23314070177189727,0.10678616535921392,0.19865731690720345,
B14,0.9539860417690063,0.8973336032275774,0.7760027933248905,0.8475761531433902,0.7614733420485214,0.7677685210912386,0.5591103187511838,0.47730986521072233,0.4386755577106823,
B11,0.5504469642528403,0.4734019757540554,0.4947068873730093,0.4770524532918818,0.5010625512876863,0.5416085995767667,0.20537952645720947,0.21689907444988743,0.0830316347591411,
cn12,0.41994150520481077,0.356629147014656,0.37469776697127,0.29027105653635255,0.4743734324190862,0.36646349473761786,0.03199216831826979,0.0,0.00844736132591628,
B54,0.8922325679153746,1.0173427236293167,0.8396693978360892,0.82088703427479,0.8428481549502207,1.0216450811837243,0.5857994376197838,0.3932507107421676,0.3932507107421676,
