,job670_scenario0_1407,job671_scenario1_1409,
in27,0.653116314686601,0.6143814074055043,
B14,0.7657568097310088,0.6680805656476826,
B11,0.2386386592980949,0.254354046200286,
cn12,0.0,0.22766492733168586,
B54,0.6773142170087771,0.723216550085092,
