,job811_scenario0_1902,job812_scenario1_1904,
in27,0.0662947902459895,0.0,
B14,0.5741557165134387,0.6111773049014686,
B11,0.2781750621957185,0.1921230862388541,
cn12,0.39984100445489956,0.4360322000623197,
B54,0.3585633393064971,0.1921230862388541,
