,job295_scenario0_566,job300_scenario0_574,job301_scenario0_576,job302_scenario0_578,job303_scenario1_579,job304_scenario0_582,job305_scenario1_583,job308_scenario1_586,job309_scenario1_590,job310_scenario3_591,job311_scenario2_593,job312_scenario0_595,job313_scenario1_596,job314_scenario3_598,
in27,0.5452996115890605,0.4426239538060279,0.4226018665925685,0.43187555699367464,0.6276009252942765,0.40943935041000434,0.43050862189986955,0.4328484035272324,0.41670737598627927,0.4100532097284549,0.31357168816489184,0.11677282873939931,0.1645360674667501,0.26869404709117284,
B14,0.5452996115890605,0.5567634760748486,0.5673869752053411,0.5054383728159392,0.7089757381959758,0.5155901515227368,0.589152049801649,0.6342323368306713,0.5100273775194185,0.5149974793880561,0.37182733471299967,0.17761265106454827,0.5014442623183768,0.17180409304302485,
B11,0.5151126654149367,0.49850782952674066,0.46123617409260853,0.4386660964621494,0.5435417708257217,0.38904680045264817,0.5687594998442929,0.5142232164289318,0.5682830240675265,0.8252165553710826,0.35532565777563024,0.20736621387630327,0.22279171401485787,0.3185023323133644,
cn12,0.37860186807582785,0.34152122348240277,0.344872168595973,0.2929600465138211,0.46051013606658076,0.2690376800509088,0.5050928953330943,0.482656688749424,0.32826478326404757,0.4447966442085081,0.31357168816489184,0.0,0.10278259361311848,0.12829237673207716,
B54,0.5923812804150168,0.5350931597064067,0.5673869752053411,0.551884677395414,0.6072083753369202,0.49081416331170374,0.8291702906051279,0.6026658091511634,0.5367164963880187,0.5465640070675637,0.4602699274352314,0.2887410267780026,0.34280083441659737,0.19849321191162506,
