,job118_scenario4_237,job119_scenario2_240,job120_scenario2_241,job121_scenario1_245,
in27,0.7888440308185158,0.7252282614453217,0.7729928900411992,0.4386755577106823,
B14,0.46667976620404933,0.5488766251530415,0.33743699444121533,0.11195480479028619,
B11,0.9671087977683632,0.754151431476467,0.6889337355726445,0.5973189856124618,
cn12,0.4849215237467331,0.2983620457032722,0.3085138244100699,0.0,
B54,0.9355422700888554,1.0493056567173553,1.013011130844678,0.49237471595286064,
