,job321_scenario1_614,job322_scenario1_615,job324_scenario0_619,job325_scenario2_621,job326_scenario3_622,job328_scenario1_625,job329_scenario1_627,job330_scenario2_630,job331_scenario2_631,
in27,0.6981166601882107,0.6678634537517455,0.43086171610813856,0.5731751272562744,0.6177916059380535,0.40871400641957795,0.3925729788786248,0.14040167035909568,0.1172825040055041,
B14,0.6777241102308547,0.8082651241108412,0.544574267598634,0.8518276755597933,0.9546998007896803,0.6100979397230166,0.4627738140581726,0.2372916244072435,0.47730986521072233,
B11,0.350712126690294,0.4327226217591743,0.22728741179507528,0.3397743758690178,0.4275816503567664,0.2416232171918823,0.11536928056025586,0.0,0.020392549957356176,
cn12,0.492391563460475,0.4825309069813659,0.2659217192951152,0.42341244404278,0.5560381320844221,0.3072474890973217,0.24129817633417694,0.1600230094071634,0.06815185785917377,
B54,1.019509713893389,0.8313842904644326,0.7845925084021128,0.9718367959615327,0.7960563728879009,0.8501161805264956,0.9428102956651302,0.6471272708346534,0.47730986521072233,
