,job213_scenario0_416,job215_scenario1_422,job216_scenario1_423,job217_scenario1_424,job218_scenario2_426,job219_scenario1_429,job220_scenario0_430,job221_scenario0_431,job222_scenario1_432,job223_scenario2_434,job224_scenario1_435,
in27,0.6592297428750644,0.744203608699421,0.7044954619114991,0.810352093232698,0.6705344794287724,0.7117634874877741,0.4687795786624278,0.4120925028323943,0.5990223926623095,0.27720369831836933,0.2474501355066142,
B14,1.2179144209874861,1.1948243550415434,1.1116044919426737,1.2876619584434204,1.1581327114134932,0.9721742782486091,0.8990077750471939,0.9062249654854644,0.9359305875139362,0.8274410151048748,0.7572401799253269,
B11,1.0894579392598305,1.1246235198619954,1.301814447523961,1.0588176953620931,1.064812709880354,1.069064232296757,0.8288069398676461,0.7862158450837249,0.8722639830027377,0.7776327298826831,0.6807427758345352,
cn12,0.28870604302355574,0.4276879638051505,0.36758726705987255,0.3099230616683841,0.36787715382350905,0.254846172234408,0.0584936418307076,0.013003863348811207,0.11898591105535172,0.0,0.010496338646290404,
B54,0.8690610375044194,0.965980091960216,0.8827602288613465,1.0090094101399014,0.8012250123189735,0.7352756995558287,0.6905560619232227,0.6542615360505455,0.8474879947917046,0.5220993479327557,0.7389984223826431,
