,job773_scenario3_1785,job774_scenario1_1786,job775_scenario1_1788,job776_scenario4_1791,
in27,0.8864872327544726,0.9350875966550061,0.7586812871868698,0.5799908795982605,
B14,0.9212306672345258,0.771566759942319,0.5684713316055827,0.7,
B11,1.0616323375936216,0.8150784762532668,0.9488912427681571,0.7,
cn12,0.24162321719188218,0.17333412280137472,0.058681287186869824,0.0,
B54,0.5660807148402154,0.6333158819978957,0.48002873888335096,0.4915482868760288,
