,job239_scenario1_474,job240_scenario0_477,job241_scenario0_478,job242_scenario0_479,job244_scenario1_482,job245_scenario0_483,job246_scenario2_486,job247_scenario4_487,job248_scenario1_488,job249_scenario1_489,
in27,1.2668134882301234,1.040309006776159,0.9818450929750522,0.9720199123856514,1.1428506325943388,0.9349365373080261,1.005036772706517,0.8190783395416329,0.7561455299383599,0.742287210649353,
B14,1.2668134882301234,1.1603181271778984,1.057723045375126,1.1039742214188308,1.1224580826369825,0.9591344396302022,1.0548450579287088,0.9622066262969637,0.71751122243832,0.9077211780196072,
B11,1.2899326545837149,1.040309006776159,1.04927568404921,1.0257190706278299,1.0877146481569293,0.9137095926616874,0.9499007882691076,0.8839514755059629,0.7561455299383599,0.7712103806804983,
cn12,0.43277089772740873,0.2764672514529922,0.2478783571945875,0.2158743824472915,0.3716402519138402,0.14586119262390596,0.20407282921426373,0.36926101256631283,0.07825515079100098,0.0,
B54,0.9179601047470567,0.6914556232930924,0.697695684169908,0.6716970477136908,0.8255637767907797,0.6350570443581687,0.6294942703548503,0.5635449575917055,0.45080386276624096,0.5090595093143488,
