,job497_scenario2_1014,job500_scenario0_1019,job501_scenario3_1020,job503_scenario2_1024,job504_scenario3_1025,
in27,0.14345854878248465,0.011889505124550004,0.26431674290671175,0.0,0.19322645874115896,
B14,0.6922470155838403,0.539007655557464,0.8096766508823094,0.7671363912363927,0.441692060870554,
B11,0.3735805782748973,0.1248308457057572,0.26431674290671164,0.21332912193487857,0.38343641432244613,
cn12,0.6757453386464708,0.3221085811075765,0.6012249377583384,0.33690819485162665,0.38343641432244624,
B54,0.6606804879043324,0.4421177015093161,0.6012249377583384,0.43022819638476595,0.441692060870554,
