,job591_scenario0_1231,job597_scenario3_1243,job600_scenario4_1249,job602_scenario3_1251,job603_scenario2_1253,
in27,0.6447688608251965,0.7306542985343023,0.5468752433561073,0.5123892993216436,0.3213930537051781,
B14,1.0379336690288294,0.9745634123577679,0.8806637760970355,0.7910418476251624,0.8951998272495852,
B11,0.7925877290101327,0.9208642541155896,1.0504811817209665,0.6590875385919831,0.36808167681667125,
cn12,0.3054834675826428,0.3856917880712225,0.2903553256152589,0.40256762085113496,0.0,
B54,1.061052835382421,1.1110742096968766,0.9620385889987348,0.8492974941732704,0.7049898716682981,
