,job532_scenario2_1093,
in27,0.2532701266778645,
B14,0.40802268155965715,
B11,0.10433783624497994,
cn12,0.0,
B54,0.478223516739205,
