,job556_scenario4_1150,
in27,0.0,
B14,0.31021907598302667,
B11,0.430228196384766,
cn12,0.24001824080347878,
B54,0.22177648326079497,
