,job513_scenario0_1045,job517_scenario1_1059,
in27,0.6635597652176346,0.3693883740596169,
B14,1.179053647524087,0.8547525548817925,
B11,1.0235871264228529,0.7663099621595608,
cn12,0.25493065024335637,0.0,
B54,1.21379708200414,0.8547525548817925,
