,job790_scenario4_1844,job794_scenario1_1849,job795_scenario3_1850,job796_scenario0_1851,job797_scenario0_1852,
in27,0.9502140751165306,0.6835028774066,0.9416309599154888,0.37197254983665806,0.49198167023839756,
B14,0.5199858787317646,0.267133000310841,0.35275933562894335,0.038634307500040044,0.0,
B11,0.8070857883611997,0.4889094835716359,0.48471364466212263,0.19020995558128717,0.1817625942553709,
cn12,0.6030175134909055,0.5275437910716759,0.3913936431289834,0.03156652767950774,0.011945188631439896,
B54,0.9067023588055829,0.9373794374990857,0.6812201691546538,0.3017717146571103,0.3017717146571103,
