,job581_scenario2_1210,job584_scenario1_1214,job586_scenario0_1220,
in27,1.0726856603117196,0.9895993523767225,0.5079578943813614,
B14,1.0726856603117196,1.0780419450989542,0.6399122034145408,
B11,0.6120974677005772,0.7330794346358742,0.13142885623877365,
cn12,0.49088181584570645,0.4007277280901771,0.0,
B54,1.4713473290169778,1.0780419450989542,0.6527430029941339,
