,job1097_scenario0_3045,
in27,0.1497626832134945,
B14,0.21996351839304235,
B11,0.16482753395563288,
cn12,0.0,
B54,0.18132921089300225,
B51,0.3013383312947417,
os4,0.19020995558128728,
