,job1040_scenario0_2774,job1041_scenario0_2776,
in27,0.12937013325613833,0.1497626832134945,
B14,0.1497626832134945,0.26977180361523395,
B11,0.15713130857082613,0.13590436392448757,
cn12,0.04092754053390668,0.0,
B54,0.2311374961151939,0.21996351839304235,
B51,0.3013383312947417,0.2311374961151939,
os4,0.2094671797467521,0.19957096843568622,
