,job56_scenario1_109,job59_scenario2_113,
in27,0.43022819638476606,0.4506207463421222,
B14,0.5154938823064521,0.5937490330974531,
B11,0.5319955592438215,0.5004290315643138,
cn12,0.43022819638476606,0.4208671835303671,
B54,0.5937490330974531,0.5502373167865053,
B51,0.07020083517954778,0.0,
os4,0.652004679645561,0.9306572279490798,
