,job340_scenario3_632,
in27,0.0,
B14,0.36847472253113456,
B11,0.527118150432914,
cn12,0.21689907444988737,
B54,0.21689907444988737,
B51,0.45691731525336615,
os4,0.28709990962943516,
