,job433_scenario3_836,job435_scenario3_842,
in27,0.2786525483035188,0.22884426308132724,
B14,0.1586434279017795,0.19020995558128723,
B11,0.46886250388480605,0.46886250388480605,
cn12,0.0,0.34885338348306666,
B54,0.19020995558128723,0.34885338348306666,
B51,0.22884426308132724,0.2786525483035188,
os4,0.05369915824217836,0.34885338348306666,
