,job167_scenario0_300,job168_scenario1_301,job169_scenario4_302,
in27,0.13874484850165414,0.19700049504976203,0.39427823045158145,
B14,0.2191331256124326,0.4173973968051729,0.5142873508533209,
B11,0.0,0.2854430877719936,0.32407739527203366,
cn12,0.06690289617353873,0.2191331256124326,0.3556439229515414,
B54,0.2854430877719936,0.29738827640343357,0.5640956360755125,
B51,0.39427823045158145,0.3738856804942252,0.47565304335328085,
os4,0.23563480254980196,0.3556439229515414,0.4440865156737731,
