,job175_scenario3_314,job177_scenario2_316,job179_scenario2_319,job180_scenario3_320,
in27,0.3204065179142572,0.3053416671721189,0.35514995239431046,0.49555162275340614,
B14,0.0,0.14669823927033943,0.07649740409079164,0.17826476694984728,
B11,0.49555162275340614,0.2786525483035188,0.3053416671721189,0.5453599079755977,
cn12,0.3755425023516667,0.24503704330363707,0.291483347883112,0.39866166870525815,
B54,0.35514995239431046,0.42535078757385836,0.5453599079755977,0.35514995239431046,
B51,0.39866166870525815,0.33690819485162665,0.2786525483035188,0.4569173152533661,
os4,0.49555162275340614,0.5453599079755977,0.49555162275340614,0.39866166870525815,
