,job571_scenario1_1149,
in27,0.4605881926111424,
B14,0.5490307853333741,
B11,0.6690399057351135,
cn12,0.30194476470936304,
B54,0.13651079733910898,
B51,0.0,
os4,0.3792133797094431,
