,job725_scenario0_1559,
in27,0.22615992151447184,
B14,0.3213930537051782,
B11,0.2715847684829865,
cn12,0.12000912040173939,
B54,0.3102190759830266,
B51,0.0,
os4,0.1698174056239311,
