,job758_scenario4_1649,job759_scenario0_1652,
in27,0.3792133797094431,0.3240773952720336,
B14,0.4605881926111424,0.2205699518076636,
B11,0.5805973130128819,0.3240773952720336,
cn12,0.47882995015382623,0.16861087417079967,
B54,0.2538765600924858,0.0,
B51,0.6690399057351135,0.39038735743159464,
os4,0.7392407409146613,0.28861999457253906,
