,job1172_scenario1_3559,
in27,0.2311374961151939,
B14,0.3195800888374255,
B11,0.3897809240169734,
cn12,0.18132921089300225,
B54,0.7,
B51,0.0,
os4,0.255913484326227,
