,job400_scenario0_759,
in27,0.1737082786439178,
B14,0.0,
B11,0.15157564808124724,
cn12,0.008880744688284925,
B54,0.3102190759830266,
B51,0.24001824080347883,
os4,0.2786525483035189,
