,job317_scenario1_590,job319_scenario1_594,job321_scenario1_597,
in27,0.2963607566940197,0.2835299571144265,0.7404472723677926,
B14,0.3804199111625744,0.3804199111625744,0.43022819638476606,
B11,0.7404472723677926,0.4617947240642738,0.32528392672516493,
cn12,0.2400182408034789,0.2400182408034789,0.2217764832607949,
B54,0.43022819638476606,0.5502373167865053,0.7404472723677926,
B51,0.0,0.14040167035909557,0.043511716310947746,
os4,0.08137481290169934,0.12488652921264698,0.2217764832607949,
