,job842_scenario1_1892,job843_scenario1_1893,job844_scenario3_1895,
in27,0.16352083671268702,0.043511716310947746,0.19020995558128717,
B14,0.26041079076083495,0.3804199111625744,0.41905421866261444,
B11,0.07020083517954778,0.0,0.08844259272223165,
cn12,0.2885487596145848,0.26041079076083495,0.4421733850162059,
B54,0.5888716242865455,0.5004290315643138,0.5004290315643138,
B51,0.34885338348306666,0.27865254830351893,0.5004290315643138,
os4,0.4688625038848061,0.4688625038848061,0.5888716242865455,
