,job319_scenario1_594,job322_scenario3_599,job324_scenario3_601,job325_scenario0_602,
in27,0.2337216718922348,0.38041991116257434,0.31021907598302645,0.14777029571642708,
B14,0.14040167035909557,0.07020083517954778,0.10176736285905541,0.0,
B11,0.4119864388420821,0.3306116259403827,0.35373079229397414,0.15546652110123382,
cn12,0.19020995558128717,0.31021907598302645,0.31021907598302645,0.009896211311065883,
B54,0.5004290315643136,0.2754756415029732,0.29197731844034264,0.19020995558128717,
B51,0.3306116259403827,0.4506207463421221,0.4506207463421221,0.31021907598302645,
os4,0.35373079229397414,0.35373079229397414,0.29197731844034264,0.19020995558128717,
