,job96_scenario0_189,
in27,0.15296631068125333,
B14,0.17058861653321933,
B11,0.22039690175541105,
cn12,0.05369915824217841,
B54,0.36709514102575047,
B51,0.36709514102575047,
os4,0.0,
