,job842_scenario1_1892,job843_scenario1_1893,job845_scenario1_1897,
in27,0.181762594255371,0.0617534738536315,0.08844259272223176,
B14,0.19020995558128717,0.3102190759830266,0.3986616687052583,
B11,0.07020083517954778,0.0,0.15864342790177954,
cn12,0.21834792443503703,0.19020995558128717,0.19020995558128717,
B54,0.5186707891069977,0.43022819638476606,0.5186707891069977,
B51,0.08844259272223176,0.01824175754268398,0.12000912040173939,
os4,0.3986616687052583,0.3986616687052583,0.34885338348306666,
