,job759_scenario0_1652,
in27,0.1737082786439178,
B14,0.0,
B11,0.1737082786439178,
cn12,0.018241757542683867,
B54,0.26479422901451194,
B51,0.24001824080347883,
os4,0.13825087794442326,
