,job1106_scenario0_3113,
in27,0.1378740844053612,
B14,0.23665626016076208,
B11,0.0977407496809084,
cn12,0.0,
B54,0.37052369985150846,
B51,0.21188027194972897,
os4,0.07020083517954778,
