,job1161_scenario1_3484,job1162_scenario4_3486,
in27,0.03594996593318467,0.14312828675533085,
B14,0.12000912040173939,0.12000912040173939,
B11,0.14312828675533085,0.16981740562393105,
cn12,0.0,0.2400182408034788,
B54,0.09961657044438316,0.16981740562393105,
B51,0.08137481290169934,0.2898265260256704,
os4,0.03594996593318467,0.14312828675533085,
