,job135_scenario0_254,job136_scenario1_255,job137_scenario2_256,job138_scenario2_257,
in27,0.4713537204312299,0.599059066217776,0.5701358961866307,0.5701358961866307,
B14,0.5839942154756377,0.6155607431551455,0.7355698635568849,0.8240124562791165,
B11,0.0,0.24708602062401097,0.24708602062401097,0.24708602062401097,
cn12,0.3268197163771428,0.5236895916071559,0.49555162275340603,0.5573050966070376,
B54,0.5701358961866307,1.0142224118604037,0.7355698635568849,0.8942132914586643,
B51,0.5839942154756377,0.6541950506551855,0.5573050966070376,0.5701358961866307,
os4,0.4141768098517067,0.42535078757385825,0.6155607431551455,0.7040033358773772,
