,job769_scenario1_1671,job771_scenario1_1674,
in27,0.41905421866261444,0.46886250388480605,
B14,0.12000912040173939,0.0,
B11,0.5888716242865455,0.46886250388480605,
cn12,0.33499506419405967,0.430228196384766,
B54,0.6590724594660933,0.899090700269572,
B51,0.13825087794442315,0.0617534738536315,
os4,0.4550041845957991,0.46886250388480605,
