,job707_scenario2_1498,job709_scenario3_1502,
in27,0.07356281582226454,0.2538765600924858,
B14,0.25387656009248577,0.03697748564259851,
B11,0.13386743969074638,0.37388568049422516,
cn12,0.0,0.5640956360755124,
B54,0.28544308777199356,0.444086515673773,
B51,0.20406827487029416,0.37388568049422516,
os4,0.444086515673773,0.28544308777199356,
