,job622_scenario4_1303,job626_scenario3_1311,
in27,0.2400182408034788,0.0,
B14,0.2400182408034788,0.16981740562393105,
B11,0.06487313596432992,0.2013839333034388,
cn12,0.2013839333034388,0.023119166353591514,
B54,0.2400182408034788,0.2013839333034388,
