,job651_scenario3_1378,job652_scenario1_1379,
in27,0.14669823927033954,0.0,
B14,0.7107938753458518,0.6609855901236602,
B11,0.7107938753458518,0.4440865156737729,
cn12,0.28056567896108575,0.12581312407929313,
B54,0.1921230862388541,0.13386743969074621,
