,job98_scenario0_185,job100_scenario0_194,job102_scenario0_198,job105_scenario0_202,job114_scenario0_213,job118_scenario1_220,job122_scenario0_231,job124_scenario1_238,
in27,0.5549585825871022,0.5549585825871022,0.5761855272334406,0.5484243519187528,0.530182594376069,0.6749677029888415,0.5838817526182474,0.6390177370556568,
B14,0.8902099555812872,0.8790359778591357,0.8404016703590955,0.8492824150473806,0.8492824150473806,1.0804199111625743,0.8902099555812872,1.0221642646144664,
B11,0.7760704333124666,0.8088351426795878,0.8492824150473806,0.7884425927222316,0.8238999934217262,1.1190542186626145,0.9149859437923202,0.9021551442127271,
cn12,0.022685782991222814,0.009361012854399053,0.0,0.02618361029674654,0.022685782991222814,0.11112837571345446,0.012597304516739127,0.16482753395563288,
B54,0.5533017607296604,0.5316314443612186,0.5919360682297005,0.5123742201957537,0.5652469493611003,0.7119451886314399,0.6070009189718388,0.7119451886314399,
