,job311_scenario1_581,job322_scenario0_603,job326_scenario0_609,job330_scenario4_620,job332_scenario1_622,job333_scenario0_623,job335_scenario4_630,
in27,0.1698174056239311,0.017043575855070436,0.0,0.3600273612052182,0.13118309812389095,0.05717691057952323,0.28982652602567044,
B14,0.28982652602567044,0.17718603098126262,0.20138393330343873,0.3600273612052182,0.30489137676780875,0.24001824080347883,0.3600273612052182,
B11,0.12000912040173939,0.02941573526483543,0.04274050540165941,0.3600273612052182,0.2631374071570703,0.07292745157578306,0.24001824080347883,
cn12,0.21026467799172377,0.0427405054016593,0.023119166353591347,0.4098356464274099,0.2759682067366635,0.02623882846428993,0.2759682067366635,
B54,0.3831465275588097,0.24001824080347883,0.2196256908461227,0.48003648160695767,0.3831465275588097,0.339634811247862,0.5298447668291493,
