,job311_scenario1_581,job322_scenario0_603,job326_scenario0_609,job335_scenario4_630,job336_scenario0_632,job338_scenario0_637,
in27,0.45062074634212207,0.29784691657326146,0.280803340718191,0.5706298667438615,0.33798025129771425,0.29784691657326146,
B14,0.45062074634212207,0.33798025129771425,0.36217815361989036,0.5208215815216699,0.3537307922939742,0.36217815361989036,
B11,0.09059338513690385,0.0,0.01332477013682376,0.21060250553864324,0.051959077636863804,0.051959077636863804,
cn12,0.3710588983081754,0.20353472571811093,0.18391338667004298,0.43676242705311513,0.20353472571811093,0.20353472571811093,
B54,0.3039225070717825,0.16079422031645163,0.14040167035909545,0.45062074634212207,0.16079422031645163,0.14040167035909545,
