,job341_scenario0_643,job345_scenario2_650,job347_scenario0_653,job355_scenario0_666,job356_scenario2_668,job360_scenario4_675,job361_scenario2_677,job362_scenario1_678,job363_scenario0_681,
in27,0.5435220377247214,0.5958579089006474,0.5157608624100336,0.5435220377247214,0.6175282252690892,0.687729060448637,0.6063542475469377,0.5958579089006474,0.5290856325468576,
B14,0.5435220377247214,0.7761716531708687,0.5677199400468975,0.6423042134801222,0.8077381808503764,0.7494825343022684,0.8463724883504165,0.896180773572608,0.6063542475469377,
B11,0.24905350273795468,0.3320851374970958,0.23330296174169485,0.20554178642700716,0.31925433791750246,0.43926345831924185,0.31925433791750246,0.296135171563911,0.2409991871265016,
cn12,0.018568122508059837,0.16310212656214707,0.025228042156785646,0.0,0.22593433638436322,0.5859616975895814,0.23710831410651478,0.16310212656214707,0.03572438080307583,
B54,0.6712273835112675,0.726363367948677,0.6423042134801222,0.6561625327691292,0.726363367948677,0.9663816087521558,0.6712273835112675,0.7494825343022684,0.687729060448637,
