,job621_scenario2_1299,job622_scenario4_1303,job623_scenario4_1306,
in27,0.026689118868600148,0.45691731525336615,0.0,
B14,0.36847472253113445,0.40710903003117455,0.3369081948516268,
B11,0.45691731525336615,0.47198216599550447,0.6969355560568449,
cn12,0.026689118868600148,0.29827388735158666,0.3369081948516268,
B54,0.3298404150310945,0.36847472253113445,0.4182830077533261,
