,job163_scenario0_310,job169_scenario0_320,job175_scenario0_329,job184_scenario0_342,job186_scenario0_345,job188_scenario3_347,job189_scenario0_348,job191_scenario1_355,job192_scenario1_356,
in27,0.0,0.038634307500040044,0.024775988211033217,0.038634307500040044,0.005869598132918763,0.1737082786439178,0.07908157986783271,0.10883514267958783,0.15864342790177943,
B14,0.4071090300311745,0.4457433375312146,0.48169330346439926,0.48169330346439926,0.4688625038848061,0.6155607431551456,0.4159897747194595,0.6471272708346534,0.735569863556885,
B11,0.4159897747194595,0.3488533834830666,0.43524699888492435,0.3616841830626598,0.3986616687052583,0.735569863556885,0.3986616687052583,0.4688625038848061,0.8057706987364328,
cn12,0.2319639251920257,0.2227686725828063,0.2629020073072589,0.2319639251920257,0.24503704330363718,0.5888716242865455,0.24846560212939506,0.3829111277089984,0.4159897747194595,
B54,0.21689907444988732,0.21689907444988732,0.18533254677037958,0.20572509672773576,0.25553338194992736,0.4457433375312146,0.22884426308132733,0.30534166717211897,0.32573421712947515,
