,job163_scenario0_310,job169_scenario0_320,job175_scenario0_329,job176_scenario1_330,job178_scenario1_333,job180_scenario2_335,job182_scenario2_339,job183_scenario1_340,job184_scenario0_342,job185_scenario2_343,
in27,0.49455943343139475,0.5331937409314348,0.5193354216424279,0.7732119817349137,0.6033945761109827,0.6532028613331742,0.6393445420441672,0.6532028613331742,0.5331937409314348,0.723403696512722,
B14,0.5647602686109425,0.6033945761109827,0.6393445420441672,0.7030111465553658,0.7732119817349137,0.7030111465553658,0.723403696512722,0.8434128169144615,0.6393445420441672,0.7465228628663134,
B11,0.5736410132992276,0.5065046220628346,0.5928982374646924,0.6682677120753125,0.6682677120753125,0.6532028613331742,0.8434128169144615,0.7030111465553658,0.5193354216424279,0.6393445420441672,
cn12,0.009195252609219162,0.0,0.040133334724452574,0.21247832630211783,0.1758929961224519,0.2460938313019997,0.1932211021366531,0.1843403574483682,0.009195252609219162,0.2878478009127381,
B54,0.37455031302965536,0.37455031302965536,0.3429837853501476,0.6532028613331742,0.5647602686109425,0.5331937409314349,0.6532028613331742,0.5331937409314349,0.3633763353075038,0.5647602686109425,
