,job929_scenario0_2441,
in27,0.1477702957164272,
B14,0.19020995558128728,
B11,0.16352083671268713,
cn12,0.0,
B54,0.2754756415029733,
