,job136_scenario0_262,job142_scenario0_273,job152_scenario2_296,job156_scenario4_303,job158_scenario1_305,job159_scenario3_306,job160_scenario2_307,job161_scenario0_308,job162_scenario3_309,job163_scenario0_310,job164_scenario3_312,job165_scenario4_313,
in27,0.1831421757607551,0.1975785809386189,0.40353907751616597,0.5502373167865056,0.28352995711442663,0.3600273612052183,0.3600273612052183,0.16352083671268713,0.5502373167865056,0.15157564808124724,0.500429031564314,0.500429031564314,
B14,0.08137481290169946,0.10615080111273256,0.2715847684829867,0.21332912193487885,0.21332912193487885,0.3600273612052183,0.3102190759830267,0.0,0.1902099555812874,0.03156652767950785,0.169817405623931,0.3600273612052183,
B11,0.1831421757607551,0.22177648326079502,0.32528392672516504,0.500429031564314,0.2963607566940198,0.6204381519660533,0.3102190759830267,0.19020995558128728,0.43022819638476617,0.23065722794908006,0.40353907751616597,0.500429031564314,
cn12,0.05970449653325771,0.05304457688453179,0.240018240803479,0.2604107907608351,0.240018240803479,0.32528392672516504,0.20527480632342565,0.08137481290169946,0.3102190759830267,0.04663137842164622,0.3600273612052183,0.3600273612052183,
B54,0.2715847684829867,0.24991445211454488,0.43022819638476617,0.40353907751616597,0.43022819638476617,0.3600273612052183,0.40353907751616597,0.32528392672516504,0.6204381519660533,0.2715847684829867,0.3102190759830267,0.6204381519660533,
