,job1090_scenario0_3504,
in27,0.17288184956708608,
B14,0.15713130857082613,
B11,0.18132921089300225,
cn12,0.0,
B54,0.0,
