,job915_scenario3_2385,
in27,0.5502373167865054,
B14,0.0,
B11,0.5502373167865054,
cn12,0.27158476848298657,
B54,0.2898265260256704,
