,job892_scenario0_2234,
in27,0.2647942290145119,
B14,0.3190998206713116,
B11,0.0,
cn12,0.13195430903317917,
B54,0.31021907598302656,
