,job15_scenario4_34,job16_scenario1_35,job18_scenario3_40,job19_scenario2_43,
in27,0.036977485642598396,0.18367572491293804,0.18367572491293804,0.13386743969074644,
B14,0.347196561625625,0.25387656009248577,0.6841047564772518,0.6841047564772518,
B11,0.444086515673773,0.40545220817373295,0.2854430877719935,0.32407739527203355,
cn12,0.2854430877719935,0.1489322904328847,0.444086515673773,0.13386743969074633,
B54,0.20406827487029416,0.08405915446855472,0.0,0.045424846968514676,
