,job211_scenario0_391,job215_scenario3_398,job216_scenario1_400,job217_scenario3_402,job219_scenario4_404,job220_scenario0_406,job221_scenario1_407,job222_scenario1_409,job223_scenario1_411,job224_scenario1_413,job225_scenario2_415,
in27,0.13386743969074633,0.49389480089596455,0.3738856804942252,0.347196561625625,0.3036848453146773,0.13386743969074633,0.20406827487029416,0.3036848453146773,0.2854430877719935,0.3036848453146773,0.25387656009248577,
B14,0.3036848453146773,0.5640956360755124,0.21524225259244573,0.444086515673773,0.40545220817373295,0.21524225259244573,0.40545220817373295,0.25387656009248577,0.2854430877719935,0.40545220817373295,0.32407739527203355,
B11,0.1743147120585391,0.444086515673773,0.3036848453146773,0.40545220817373295,0.2689414108346241,0.13386743969074633,0.3036848453146773,0.347196561625625,0.347196561625625,0.3738856804942252,0.2689414108346241,
cn12,0.010288366773998248,0.2854430877719935,0.21524225259244573,0.3738856804942252,0.3036848453146773,0.0,0.24001824080347883,0.18367572491293804,0.16543396737025406,0.12000912040173939,0.20406827487029416,
B54,0.21524225259244573,0.2854430877719935,0.49389480089596455,0.3036848453146773,0.3738856804942252,0.18367572491293804,0.3738856804942252,0.347196561625625,0.32407739527203355,0.49389480089596455,0.444086515673773,
