,job532_scenario0_1074,job533_scenario2_1075,job534_scenario2_1079,job535_scenario4_1081,job536_scenario0_1082,job537_scenario1_1084,
in27,0.6442355699983161,0.7182417575426838,0.8501960665758632,0.947086020624011,0.6599861109945759,0.7884425927222316,
B14,0.7070677798205323,0.947086020624011,0.947086020624011,0.7719409157848622,0.7070677798205323,0.8066843502649155,
B11,0.8066843502649156,0.8630268661554563,0.9084517131239711,1.0284608335257106,0.7884425927222316,1.0670951410257505,
cn12,0.0034978273055237263,0.23322770133500437,0.1972777354018196,0.317286855803559,0.0,0.11321858093326487,
B54,0.947086020624011,1.0284608335257106,0.9702051869776025,1.0284608335257106,0.8630268661554563,1.116903426247942,
