,job230_scenario0_426,job244_scenario1_456,job247_scenario1_463,job248_scenario3_464,job249_scenario0_466,job250_scenario0_467,
in27,0.006534230668349128,0.26041079076083484,0.1137125514904953,0.26041079076083484,0.020392549957356065,0.0,
B14,0.5910224167012177,0.7924063500046564,0.6269723826344022,0.880848942726888,0.5439407478752614,0.5523881092011775,
B11,0.5137538017011376,0.7608398223251487,0.7341507034565484,0.7924063500046564,0.5439407478752614,0.5137538017011376,
cn12,0.38041991116257423,0.5910224167012177,0.5358864322638082,0.6408307019234092,0.37724300436202873,0.37724300436202873,
B54,0.5805260780549274,0.880848942726888,0.7341507034565484,0.7608398223251487,0.6021963944233693,0.5805260780549274,
