,job290_scenario3_544,job293_scenario0_550,job295_scenario4_553,job296_scenario0_554,job298_scenario0_558,job299_scenario4_560,job300_scenario4_561,
in27,0.44015780273168936,0.2075081872855421,0.4134686838630891,0.18628124263920365,0.20013956192821047,0.510358637911237,0.471724330411197,
B14,0.680176043535168,0.4015234952316492,0.48996608795388086,0.37985317886320746,0.36059595469774264,0.5917334508129364,0.510358637911237,
B11,0.39034951750949765,0.06627212223746426,0.32014868232994986,0.11169696920597882,0.035819016805904935,0.44015780273168936,0.2934595634613497,
cn12,0.3517152100094576,0.027637814737424105,0.3313226600521014,0.03792618151142235,0.0,0.4015234952316492,0.37483437636304906,
B54,0.4134686838630891,0.27034039710775826,0.6303677583129765,0.24058683429600314,0.3517152100094576,0.510358637911237,0.7503768787147159,
