,job296_scenario0_554,job303_scenario0_567,job307_scenario0_577,job308_scenario1_578,job309_scenario2_579,job310_scenario1_580,job311_scenario1_581,
in27,0.015895243522748403,0.022685782991223036,0.04481841355389371,0.070200835179548,0.11112837571345457,0.19957096843568622,0.14976268321349462,
B14,0.5463753745983789,0.5799908795982607,0.5463753745983789,0.7266891188686002,0.6564882836890523,0.7,0.6066799984668607,
B11,0.5182374057446291,0.47960309824458913,0.5271181504329141,0.6382465261463686,0.6066799984668607,0.8466982392703395,0.5568717132446692,
cn12,0.02618361029674654,0.0,0.015895243522748403,0.19020995558128728,0.17288184956708608,0.14976268321349462,0.19020995558128728,
B54,0.5271181504329141,0.5680456909668208,0.6217448492089991,0.8466982392703395,0.6768808336464085,0.8466982392703395,0.7,
