,job591_scenario1_1219,job595_scenario0_1227,job596_scenario3_1228,
in27,0.05970449653325782,0.0,0.5502373167865056,
B14,0.6031100459518521,0.5097900444187129,0.6031100459518521,
B11,0.6031100459518521,0.4893974944613566,0.7813748129016994,
cn12,0.21332912193487874,0.042376390519056395,0.36309180514837325,
B54,0.66136569249996,0.48310092555011275,0.5595983296409044,
