,job857_scenario3_2093,job860_scenario0_2105,
in27,0.7677699109597653,0.09688995404814793,
B14,0.6091264830579859,0.0035699525150086897,
B11,0.8877790313615047,0.13864392365888645,
cn12,0.7179616257375737,0.0,
B54,0.5010625512876863,0.01863480325714706,
