,job1085_scenario1_3474,
in27,0.44510797328473317,
B14,0.07854638141116577,
B11,0.0,
cn12,0.4091580073515485,
B54,0.6989845333772189,
