,job1020_scenario3_3022,job1021_scenario0_3026,
in27,0.7160150099041771,0.21188027194972914,
B14,0.4373624616006582,0.0,
B11,0.8746584378059564,0.2340129025123997,
cn12,0.6346401970024776,0.08178267307350584,
B54,0.6577593633560691,0.3540220229141391,
