,job716_scenario0_1585,job717_scenario0_1589,
in27,0.8357769356540803,0.6979630757662586,
B14,0.5255578596710537,0.38774399978323204,
B11,0.8588961020076717,0.6979630757662586,
cn12,0.13781385988782158,0.0,
B54,0.970850906797958,0.804113876878991,
