,job564_scenario0_1154,job567_scenario0_1159,job570_scenario3_1171,job572_scenario3_1176,
in27,0.3898994471267273,0.36033543933299733,0.5417070302382108,0.1599211943128651,
B14,0.5630658268529443,0.500737109692093,0.562099580195567,0.20343291062381275,
B11,0.28297645235419433,0.2121171151195539,0.2985118826341865,0.036735167110580225,
cn12,0.1820457883551455,0.12391684092934041,0.22314240802356633,0.0,
B54,0.5159841580269879,0.47404799082349286,0.3950087909678713,0.1101129090906735,
