,job444_scenario2_872,job445_scenario0_873,job447_scenario3_882,
in27,0.2647970567213297,0.14048174072733133,0.010288366773998137,
B14,0.970179974104091,0.7312664956714436,0.5640956360755123,
B11,0.8684126112450353,0.7045773768028436,0.6342964712550601,
cn12,0.3478286914804708,0.09379311761583797,0.0,
B54,1.008814281604131,0.7747782119823914,0.537406517206912,
