,job248_scenario3_464,job250_scenario0_467,job252_scenario0_470,job253_scenario3_472,job256_scenario4_475,job258_scenario1_477,job259_scenario1_480,job260_scenario0_481,job261_scenario0_484,job262_scenario1_485,job263_scenario2_486,job264_scenario2_488,
in27,0.6986762863203739,0.47869299812767085,0.43855538232317537,0.5892152572462814,0.5554425031032835,0.46460438159222256,0.45823240487813305,0.2710794205079163,0.1800573426824144,0.25327468102183404,0.17449456867909618,0.07458427343322471,
B14,0.7955662403685217,0.6650120806889712,0.6287653379044627,0.8109917405070765,0.86566157908631,0.6686726564625167,0.7368849531816519,0.49826686173180196,0.3841256175527086,0.45734295589212814,0.47276845603068285,0.44846995392744987,
B11,1.0355844811720005,0.5910058931446035,0.5816836690785063,0.7794252128275687,0.7456524586845708,0.6135366720251072,0.5782415252798725,0.4049468601986626,0.30685700255262854,0.40220697145471873,0.4412019283511751,0.1586434279017795,
cn12,0.620421135529373,0.3400490744687844,0.2981537119640798,0.5394069720240899,0.5372007455605996,0.3735184312216285,0.33822328447639366,0.14777236110016773,0.05033708481178023,0.1544925052664332,0.10429373349954829,0.0,
B54,0.8186854067221132,0.6650120806889712,0.7283819083488458,0.7527360939589685,0.86566157908631,0.8384900620864477,0.6666841180021041,0.4646513567319202,0.42007558348589324,0.45734295589212814,0.4412019283511751,0.2786525483035189,
