,job521_scenario1_1043,job522_scenario0_1045,job524_scenario0_1053,job526_scenario0_1056,job527_scenario3_1057,job528_scenario0_1059,job529_scenario0_1061,job530_scenario4_1062,job531_scenario2_1063,
in27,0.3689003631698965,0.30930090262532495,0.22345334100548814,0.1780153482374095,0.39314905231825964,0.1526484133835187,0.10615080111273256,0.31418071163579314,0.1991416931026912,
B14,0.8258176784232627,0.663537203491153,0.5834807022107065,0.5692291347458358,0.9469563216197738,0.5393648934573372,0.527118150432914,0.7479788605355678,0.9662780843390839,
B11,0.3265951783120802,0.21056994312909505,0.11627502018334179,0.11626187438377789,0.3828606855442614,0.060534943303510724,0.020199424936924837,0.4239014652635343,0.07810505299153814,
cn12,0.37519693208114047,0.18579395491806194,0.10974078951499289,0.08139740769826098,0.37632645487591215,0.04547009256137269,0.0,0.31775066415080183,0.14626896393734468,
B54,0.658726889195567,0.5142547884437724,0.4763023813885601,0.4447227079094883,0.5981029381367071,0.3807214655555576,0.3867164800738185,0.5577689049542807,0.46584905277477023,
