,job230_scenario0_426,job243_scenario4_454,job244_scenario1_456,job245_scenario2_457,job246_scenario2_459,
in27,0.44163361552533553,0.5017949563270852,0.10848957240906154,0.08605197595686453,0.0,
B14,0.9460659829670266,0.7888948659565203,0.7058085580215232,0.6896675304805702,0.7671363912363928,
B11,0.9056187105992338,0.768502315999164,0.6671742505214832,0.6012249377583384,0.4884838429328739,
cn12,0.6452079198383989,0.5986849103752332,0.4187086483920881,0.36120669695485963,0.2573463468176801,
B54,0.665600469795755,0.5488766251530415,0.4271560097180044,0.36120669695485963,0.24846560212939506,
