,job468_scenario0_919,job475_scenario0_934,job478_scenario0_941,job479_scenario3_944,job480_scenario1_945,job481_scenario0_947,job482_scenario0_949,job483_scenario0_951,job484_scenario2_952,job485_scenario2_953,job486_scenario3_954,
in27,0.6695185220369728,0.5717059047429964,0.5228655693736597,0.663033084787826,0.5756952544364258,0.4379287526874902,0.33339291551247396,0.2769957264460772,0.317197214795665,0.1796801317591672,0.288515274438755,
B14,0.6063854666779573,0.5060023759980566,0.43593509598238134,0.624398777287786,0.5258869692142343,0.31791963228575093,0.3102737491588825,0.22718744122388557,0.6412746100676985,0.2498809669387151,0.16850615403701563,
B11,0.8306531664851763,0.7473273140444812,0.685314349640259,0.891106136959865,0.7539600213862732,0.5765726763463768,0.5067802736514135,0.4166261858958844,0.4928186240971497,0.3650126785295469,0.7952408749143127,
cn12,0.4063811148799026,0.31193047822864284,0.23850121757025078,0.4647688135950857,0.37226234381261314,0.12810272241892684,0.08987684740347168,0.0,0.11772641214979318,0.03655184500383635,0.124994437726068,
B54,1.0836953318886797,1.074048066964877,0.9724142592696942,1.0813160925411522,1.0641790973692997,0.857868582298258,0.7903102307658403,0.6637122065198956,0.8581736845175858,0.7067982821920812,0.7454325896921212,
