,job338_scenario0_637,job339_scenario0_640,job341_scenario0_643,job346_scenario3_652,job347_scenario0_653,job348_scenario4_658,job349_scenario1_659,job350_scenario2_660,job351_scenario1_661,job352_scenario2_663,job353_scenario1_664,job354_scenario1_665,job355_scenario0_666,
in27,0.5542283267003315,0.5432574901211488,0.5099913274366875,0.7212226807422383,0.4171916251588601,0.5488257900150371,0.44304761854651953,0.4051440539045694,0.43374491356220957,0.30523375865869795,0.21450845768451998,0.15546652110123405,0.0,
B14,1.2454008629981155,1.1391968942282262,1.1281362463688742,1.317162084849316,1.0264557994027617,1.1559391718442664,1.0640193196647558,1.0824582709133463,1.1496934380710269,1.186616250537769,1.0504661025950766,0.7910267684992724,0.6092641742439016,
B11,1.1485109089499677,1.13074953290231,1.0876889740010813,1.3669703700715075,0.994889271723254,1.1559391718442664,1.0640193196647558,1.0042031201223454,1.0528034840228788,0.9079637022342503,0.7965895425025908,0.7292732946456411,0.5776976465643938,
cn12,0.6813052269226032,0.6602459118689366,0.6503929977957831,0.8317979040271405,0.547504817043472,0.7959118106390481,0.6337911232799898,0.5820292393490325,0.5292552861049735,0.4959772633921682,0.4206669377746245,0.2905977369349587,0.1270769002222718,
B54,1.2454008629981155,1.227639486950458,1.1578898091806291,1.1971529644475765,1.0650901069028018,1.1559391718442664,1.1342201548443036,1.1091473897819466,1.2697025584727661,1.0666071301360298,0.962023509872845,0.8879167225474205,0.6478984817439417,
