,job377_scenario4_725,
in27,0.19020995558128728,
B14,0.43022819638476606,
B11,0.0,
cn12,0.3102190759830266,
B54,0.7404472723677926,
