,job51_scenario0_101,job54_scenario0_104,job58_scenario3_111,job59_scenario0_113,job61_scenario0_119,job62_scenario0_123,job63_scenario1_124,job64_scenario2_127,job65_scenario0_128,
in27,0.7793874025753159,0.7740881911634978,0.9313286568143408,0.6976416222107105,0.5817906049085921,0.5189512146221011,0.5888074898621565,0.37718361950023427,0.24331617980948805,
B14,0.8248122495438305,0.8168286965651571,0.8695751829607092,0.7187118112439279,0.6692410083088127,0.5400214036553186,0.634232336830671,0.4585584324019336,0.2501067192779626,
B11,0.6528440515052271,0.683494806026594,0.8491826330033532,0.5723048025937532,0.46708586409608555,0.40166871061659704,0.613839786873315,0.25184679988327696,0.13989199509299077,
cn12,0.5461597012403115,0.5136774004026629,0.7882003700590099,0.4505556015866994,0.3606787541832279,0.2684366351723322,0.3777124190898229,0.17761265106454815,0.0,
B54,1.1683379338116793,1.1202572330797091,1.1482277312642282,1.072733834158067,0.9745826754809317,0.8651202565383125,0.9942596980358893,0.7372109807054525,0.6322667110458514,
