,job333_scenario0_623,job334_scenario1_626,job336_scenario0_632,job337_scenario2_633,job338_scenario0_637,job339_scenario0_640,job340_scenario3_642,job341_scenario0_643,job342_scenario3_645,job343_scenario2_647,
in27,0.47919303609344555,0.6294422171320861,0.40274646714065826,0.5180680574004268,0.3433313850458629,0.2921083816416974,0.6044759707146234,0.18776153367937165,0.308742110746142,0.06404670688749814,
B14,0.7761891570339466,0.8463412915819735,0.7214129044496012,0.9004010992205682,0.6940978991864966,0.5476417635916249,0.732932452442279,0.465500430454408,0.7425402596459167,0.5595983296409044,
B11,0.9066946160819762,0.9347838843042051,0.8098554971718328,0.9004010992205682,0.717217065540088,0.659203522667448,1.0115850007457978,0.5450622784883545,0.8625493800476561,0.4711557369186727,
cn12,0.3459609606491806,0.4621160280545792,0.27294295052215123,0.48211809146724205,0.20020309829053207,0.13889161641188275,0.3729050912370608,0.057958017060864675,0.22386947053891904,0.0,
B54,0.5697864212303495,0.7263321711802341,0.5200289711461623,0.6603828584170893,0.45407965838301767,0.3960661155103777,0.46134768395929243,0.25523575246268426,0.3123120632611507,0.17288184956708597,
