,job184_scenario0_342,job186_scenario0_345,job189_scenario0_348,job191_scenario1_355,job192_scenario1_356,job193_scenario1_357,job194_scenario1_359,job195_scenario3_360,job197_scenario0_362,job198_scenario1_365,job199_scenario1_367,job200_scenario1_368,job201_scenario1_371,job202_scenario4_372,
in27,0.9185632783581162,0.914257082765857,0.9240227220961774,0.9728783354717428,0.978082529734772,0.9675852735451296,0.8906106173495957,1.34645409331508,0.7594942098175749,0.7787492819450149,0.759971695925375,0.8077363245212524,0.5618615849129671,0.7022632552720628,
B14,0.9856996695945092,1.0094902149565634,0.9587661565762308,0.9879431862138812,1.056337680525773,1.1427303783842784,0.9790532100718272,1.0678015450115612,0.7981285173176148,0.8601240948467143,0.8440308503939297,0.8308554908748439,0.5618615849129671,0.5822541348703234,
B11,0.720299007165376,0.6880971612513852,0.6689396305505603,0.7479249454104024,0.8430085585908944,0.8058221835326516,0.7390349692683484,0.7962167765285746,0.5416085995767667,0.603604177105866,0.533811774410903,0.4836589292492189,0.27203505888729673,0.46224501446858396,
cn12,0.38651047442444775,0.38244659736420683,0.35662914701465587,0.46927239710688357,0.4875497094815242,0.4770524532918817,0.4537769553385262,0.5508708365098778,0.21753120430473294,0.3249516288023472,0.2791048215378077,0.20236302329733735,0.0,0.11195480479028619,
B54,0.8611932427581617,0.8440562475863093,0.8538218869166296,0.9026775002921952,0.9630176789926337,0.9138861153029512,0.8906106173495957,0.819335942882166,0.6696720355899591,0.878365852389398,0.7351957077143418,0.7375354893417047,0.44185246451122784,0.7520715404942544,
