,job230_scenario0_426,job236_scenario2_436,job237_scenario4_438,job240_scenario2_449,job241_scenario0_451,
in27,0.5091170258693488,0.5846741458361313,0.6231521217364073,0.1986924710012724,0.0,
B14,1.091804544102041,1.3282983250044693,1.2552145418289222,0.9507640114955267,0.5682511130548282,
B11,1.051357271734248,1.1033449349431288,1.3752236622306617,0.8538740574473787,0.5428686914291738,
cn12,0.5305356902125781,0.6580518878162245,0.8361603231663077,0.30057229671771835,0.013516489833714784,
B54,0.9811564365547004,0.9682709637992513,0.9948037510680874,0.7605540559142394,0.47266785624962604,
