,job362_scenario1_678,job363_scenario0_681,job364_scenario2_688,job366_scenario1_693,job367_scenario2_695,
in27,0.2825432849937042,0.1513197188186145,0.16453791850806865,0.12420495931125242,0.0,
B14,1.0052823489709959,0.8147756165383848,0.9387420895649936,0.8015191763200296,0.8240124562791165,
B11,0.8852732285692566,0.7236896661677906,0.7098978264836664,0.6650083789809207,0.5701358961866307,
cn12,0.6452549877657777,0.44191745575357333,0.531633059533819,0.4696297839685612,0.3755425023516666,
B54,0.9737158212914883,0.8286339358273918,0.8187329691632542,0.7432635297719217,0.7355698635568848,
