,job553_scenario1_1118,job554_scenario0_1122,job557_scenario2_1132,job558_scenario4_1134,job559_scenario2_1135,job560_scenario1_1137,job561_scenario2_1142,job562_scenario4_1144,job563_scenario3_1148,
in27,0.5532082179376803,0.394858748840447,0.422041209270713,0.5075005130928963,0.38826845512771496,0.34826613854825933,0.30793317935144326,0.36199298699003785,0.0,
B14,0.8412946633580363,0.5695535632752856,0.7074842970427063,0.635956994820552,0.6239032576775168,0.5967317406776544,0.547951420154922,0.6020112277935167,0.288086445420356,
B11,0.6581524875972813,0.5464343969216942,0.5709734997035976,0.7742078727649754,0.5372007455605996,0.5447726630407905,0.44618405729586647,0.4504355797122696,0.41516334564262763,
cn12,0.5879516524177335,0.37446619888309096,0.4956040250929774,0.5657561596410042,0.4519350596389134,0.39002010815899785,0.32617493689412713,0.3037373404419299,0.10494426965960102,
B54,1.1585815191615951,0.8952877804047608,1.017703373025733,1.1546277839275496,0.9025558059810356,0.9953934093829127,0.8581704961379486,0.8308554908748439,0.4853641808221754,
