,job528_scenario0_1059,job532_scenario0_1074,job534_scenario2_1079,job536_scenario0_1082,job537_scenario1_1084,job538_scenario1_1085,job539_scenario2_1087,job540_scenario1_1090,
in27,0.4988370194800358,0.3912598827686007,0.4116904245274397,0.2785187879431361,0.3517361262825558,0.33714619013422653,0.22513671216808429,0.04644630457947496,
B14,0.5872796122022674,0.5000950254481885,0.640534687608767,0.35760036781096893,0.46057126896214357,0.41052393211431987,0.7078575353418972,0.13050545904802968,
B11,0.4220307186741844,0.30675735657794256,0.4082618657016816,0.21821416407465444,0.30967325995675754,0.28001847306629,0.1471238799091017,0.0,
cn12,0.42672305364292107,0.319145916931486,0.45177358201262935,0.2064048221060215,0.30854533047658617,0.2638256928439804,0.24044388144224083,0.02516814367396547,
B54,0.9788735010869933,0.8832415530069982,1.0391963563140252,0.7971895770501338,0.9019734430690611,0.9109529636786337,0.8278666557436367,0.5789754129754796,
