,job205_scenario1_377,job206_scenario1_379,job207_scenario4_381,job211_scenario0_391,job212_scenario1_392,job213_scenario0_393,job214_scenario2_396,job215_scenario3_398,job216_scenario1_400,job217_scenario3_402,job218_scenario1_403,job219_scenario4_404,
in27,0.730664616600792,0.7320051441711837,0.7500095682401664,0.47286950851397064,0.6441908380430172,0.4784627008812295,0.5964832828225564,0.5932032170711842,0.4339339027749002,0.5114027635307228,0.181762594255371,0.32846083352571054,
B14,0.7445229358897989,0.7635716718506915,0.9086529961419458,0.5870090307827912,0.7326334307652489,0.584613501993962,0.7866932384038435,0.7399014563415237,0.5855095508561474,0.5612110487529144,0.30177171465711033,0.3600273612052183,
B11,0.5045046950863201,0.5070517541098433,0.6300004478384269,0.27298460243494466,0.3726060695600307,0.2535093108198891,0.33822328447639366,0.49988321553804493,0.1800573426824144,0.271384522727244,0.0,0.3986616687052583,
cn12,0.6947146506676074,0.6270608745115827,0.7886438757402063,0.36205564072145074,0.49261518996177006,0.341297322184474,0.476474162420817,0.5496915007602365,0.37362927890641834,0.41451280948257485,0.12000912040173939,0.2084517131239711,
B54,0.8960985839710461,0.8835807922524309,0.8700186886419058,0.5989542194142312,0.7641999584447567,0.584613501993962,0.7866932384038435,0.5700840507175927,0.5855095508561474,0.3913936431289834,0.30177171465711033,0.44846995392744987,
