,job98_scenario0_185,job99_scenario0_190,job100_scenario0_194,job102_scenario0_198,job103_scenario0_199,job105_scenario0_202,job107_scenario0_204,job109_scenario2_206,job112_scenario2_211,job113_scenario0_212,job114_scenario0_213,job115_scenario1_217,job116_scenario1_218,job117_scenario1_219,
in27,0.41809960950519776,0.4126201248881042,0.37462114061432794,0.3334315850525622,0.34511715421012534,0.31189274534808265,0.291534832679331,0.4021267744167217,0.35472496141376286,0.18143029633255292,0.15635753127019592,0.09767624408332609,0.0,0.034743434480053126,
B14,0.9656103098954678,0.9509122530431697,0.9051012716899585,0.8984128320762279,0.9152530503967562,0.8423728764237131,0.7854296335752955,1.1692631656531145,0.9316513970688685,0.7197224244876186,0.6630831317457537,0.6746026797384317,0.5934281125924749,0.6320624200925149,
B11,0.648323454091909,0.64458405008013,0.6127471597105537,0.592084629113188,0.5620162286600126,0.5577149898291152,0.522292226418225,0.6190258488666089,0.589865793406334,0.3983293707824404,0.3732566057200833,0.3007169992442065,0.2168990744498872,0.2951542252408881,
cn12,0.7649040156678905,0.7390319810934408,0.7253876547549615,0.6865325601264989,0.6752348095932773,0.6488009401997092,0.6284430275309576,0.8204097821700478,0.7197711251191394,0.5078421525378896,0.47940740683281574,0.4419530642922844,0.35340987178899597,0.3449625104630798,
B54,0.9887294762490594,0.9895465605432099,0.9515475762694334,0.9103580207076678,0.9789196549079546,0.888819181003188,0.8325113024012517,0.8906106173495956,1.0200939897911,0.7444984126986517,0.7065948480567015,0.794611800140171,0.5934281125924749,0.8720806608959937,
