,job573_scenario3_1178,job574_scenario2_1179,job575_scenario0_1180,job576_scenario3_1181,job578_scenario2_1184,job579_scenario3_1189,job580_scenario0_1190,job581_scenario3_1192,job582_scenario2_1193,
in27,0.5476454439343619,0.4164145627223024,0.2906482740887715,0.43309576727068366,0.34455001559762555,0.30954134411948386,0.07253960647587676,0.16543396737025406,0.0,
B14,0.9299784857545033,0.918756724944183,0.7315578829619989,1.1337022006853048,0.8468921778195062,0.7648018375154083,0.4281835294274181,0.6095204830440271,0.6095204830440271,
B11,1.0499876061562428,0.7783550545850875,0.6038525371754526,0.893683959881826,0.6428239029492122,0.7648018375154083,0.3730475449900087,0.5393196478644793,0.349109692283192,
cn12,0.7517137188046559,0.6000902876352402,0.404360825579267,0.6950266429746226,0.571737456821511,0.5367287853433693,0.16256166900300695,0.2908540457350841,0.1807411366444106,
B54,1.0886219136562827,1.158774965747662,0.9812872612343725,1.1021356730057972,1.086910418622985,0.9234452654171879,0.7566443629531285,0.6277622405867108,0.6979630757662587,
