,job656_scenario0_1392,job657_scenario0_1393,job658_scenario2_1394,
in27,0.5102045818431092,0.4302281963847657,0.5363789974974983,
B14,0.35763674443985083,0.22322533324594462,0.7137581534991924,
B11,0.7405478721488492,0.6435573183196446,0.7404472723677924,
cn12,0.12606586496228833,0.0,0.19020995558128706,
B54,0.8847548948727647,0.7265889530787855,0.8106481075473402,
