,job5_scenario0_15,job7_scenario1_19,
in27,0.1267000138955281,0.0,
B14,0.5198060221112075,0.44408651567377283,
B11,0.4793587497434147,0.37388568049422505,
cn12,0.3488532906953851,0.3036848453146773,
B54,0.5390632462766722,0.4938948008959645,
