,job293_scenario0_550,job298_scenario0_558,job301_scenario2_563,job303_scenario0_567,job304_scenario4_570,job305_scenario4_575,job306_scenario3_576,job307_scenario0_577,
in27,0.853080838217329,0.7826008439195202,0.8346975704756283,0.6599608981210644,0.7756556338923422,0.676836730900977,0.8743147120585388,0.3036848453146772,
B14,0.9036603343488091,0.8128896051879425,0.8937244279330245,0.6985952056211044,0.9508007387314911,0.5772201604565936,0.46447906563112906,0.3339736065830995,
B11,1.05772719897648,1.0163225158117553,1.0635418335569555,0.90387001194453,1.0708098591332305,0.9372475216618119,0.8743147120585388,0.5004290315643137,
cn12,0.5394332034085444,0.478915998604843,0.6333136371721896,0.3616870107694776,0.5854456783110549,0.35275933562894324,0.2538765600924857,0.0,
B54,1.0236694547505485,0.9665142305895636,1.0951083612364634,0.8501708537023516,1.1410106943127782,0.9372475216618119,0.60760735238646,0.5142873508533208,
