,job42_scenario0_87,job44_scenario1_89,job45_scenario1_91,job46_scenario2_93,job47_scenario0_94,job48_scenario2_95,job50_scenario1_99,job51_scenario0_101,
in27,0.962352556586757,1.0499202865688078,1.0353303504204785,1.0155375014851709,0.8496114617612924,0.8873709065211516,0.6882879489751862,0.511880249638523,
B14,1.0251847664089733,1.143240288101947,1.090466334857888,1.2941900497886896,0.8826901087717536,1.177197432546822,0.8082970693769255,0.5959394041070778,
B11,0.9479161514088932,1.0814868142483154,1.070073784900532,0.983970973805663,0.8351750565834286,0.9869874769655347,0.7446304648657269,0.5257385689275299,
cn12,0.41915688382741156,0.5463143482039485,0.5247138769249341,0.5250046812319229,0.29688292842836295,0.4782128991696031,0.2629371614013277,0.0,
B54,0.821116491538679,0.9032220472984682,0.9318229069561086,1.0541718089852108,0.7222337160022214,0.8487365990211115,0.6700461914325022,0.4207942992679289,
