,job211_scenario0_391,job212_scenario1_392,job213_scenario0_393,job215_scenario3_398,job216_scenario1_400,job217_scenario3_402,job218_scenario1_403,job219_scenario4_404,job220_scenario0_406,job221_scenario1_407,job222_scenario1_409,job223_scenario1_411,job224_scenario1_413,
in27,0.6868955680672285,0.8636693975961747,0.7041579796244227,0.8706953194969816,0.7540998200104869,0.9171382585919118,0.6847368863320976,0.8142981304305847,0.5067142230577182,0.643404548007839,0.5774552352446942,0.4496492896770913,0.3519730455937651,
B14,0.801035090336049,0.9521119903184064,0.8103087807371552,1.017393558767321,0.905675468091734,0.9669465438141034,0.804746006733837,0.8458646581100926,0.5931078384595758,0.74834881766744,0.6121986697247475,0.481215817356599,0.3519730455937651,
B11,0.7270289027916813,0.832102869916667,0.7192228303665611,1.017393558767321,0.74024150072148,0.9171382585919118,0.7429925328802054,1.1245172064136113,0.5334033419263182,0.6781479824878922,0.5125820992803642,0.5198501248566391,0.3519730455937651,
cn12,0.33606345947122984,0.47207550871144877,0.32697436012418846,0.5871653623825552,0.4537769553385263,0.5802300637402851,0.3829651716749872,0.4542707692253665,0.152983430763744,0.30875960842827505,0.2620675198305952,0.08962192847187311,0.0,
B54,0.6227703233862018,0.7934685624166269,0.620098825155868,0.657366197562103,0.7154655125104469,0.6069191826088853,0.6145360511525498,0.744097295251037,0.44934418745776356,0.5581388620861529,0.6121986697247475,0.4496492896770913,0.33690819485162676,
