,job98_scenario0_185,job99_scenario0_190,job100_scenario0_194,job102_scenario0_198,job103_scenario0_199,job105_scenario0_202,job107_scenario0_204,job109_scenario2_206,job112_scenario2_211,job113_scenario0_212,job114_scenario0_213,job115_scenario1_217,job116_scenario1_218,job117_scenario1_219,job118_scenario1_220,
in27,0.3341767106986485,0.33095525890011857,0.29537792261114904,0.2574743579691988,0.27017333238895136,0.2406503706583244,0.2235133754864721,0.3382232844763936,0.308845541013041,0.14176759512186676,0.12463059995001435,0.1490356206981418,0.12780594556760283,0.11575759798533625,0.0,
B14,0.8399334414781803,0.8274934174444457,0.7841040840760413,0.7807016353821259,0.7985552589648437,0.7293765321232166,0.6756542067716983,1.0636057061020479,0.8440180070574081,0.638305753666194,0.5896022308148339,0.6842080867425089,0.6794800885493393,0.6713226139870596,0.48536418082217536,
B11,0.7626648264781002,0.7611834552848847,0.7317682129001153,0.7143916732225649,0.6853366780315789,0.6847368863320974,0.6525350404181067,0.7533866301190213,0.7422506441983525,0.5569309407644946,0.5397939455926422,0.5503406470517624,0.5429692912102304,0.5744326599389116,0.40130502635362064,
cn12,0.6392271472506028,0.6156131454947168,0.6043904671410443,0.568821363432397,0.5585370181613648,0.5358045958992127,0.5186676007273604,0.7147523226189811,0.6321377351076791,0.426425481716465,0.4059265059018959,0.45155847129636156,0.43946184774586045,0.3842227043576245,0.33560149760868097,
B54,0.8630526078317717,0.8661277249444859,0.8305503886555161,0.7926468240135659,0.8622218634760421,0.7758228367026916,0.7227358755976545,0.7849531577985289,0.9324605997796397,0.663081741877227,0.6331139471257816,0.8042172071442482,0.6794800885493393,0.9113408547905384,0.4649716308648192,
