,job211_scenario0_391,job213_scenario0_393,job220_scenario0_406,job221_scenario1_407,job223_scenario1_411,job226_scenario3_419,job227_scenario3_421,job228_scenario0_423,job229_scenario2_424,job230_scenario0_426,job231_scenario2_427,job232_scenario4_428,
in27,0.8071687321110591,0.8308949485950087,0.7286860497108337,0.8828826118038895,0.8334481217776784,0.8233239027070689,0.7593281886526897,0.5143906811185777,0.584246956358633,0.3582872805999038,0.35876476670770396,0.40418961367621864,
B14,1.111518209961167,1.1272557052890284,1.0052896206939788,1.1780368370447778,1.055224605038473,1.0717895048364638,0.9993464294561685,0.7450479090676578,1.028333472032406,0.596012288369516,0.8730521175610247,0.7530429971592854,
B11,1.037512022416799,1.0361697549184343,0.945585124160721,1.10783600186523,1.0938589125385132,1.110423812336504,1.0695472646357163,0.704600636699865,0.8033800819710655,0.5555650160017233,0.5628330415779981,0.6828421619797376,
cn12,0.4714014742571988,0.4687761798369128,0.3900201081589978,0.5633025229664641,0.4884856113145981,0.5366170387920968,0.47923881415393965,0.1589318320092079,0.30295105040675185,0.0,0.05922710321313884,0.17923622361487823,
B54,1.1234633985926068,1.1272557052890284,1.0517359252734535,1.1780368370447778,1.2138680329402527,0.9904146919347645,0.9993464294561685,0.7979206382330044,0.858516066408475,0.6755741364034626,0.7144086896592453,0.8730521175610247,
