,job211_scenario0_391,job212_scenario1_392,job213_scenario0_393,job215_scenario3_398,job220_scenario0_406,job221_scenario1_407,job223_scenario1_411,job224_scenario1_413,job225_scenario2_415,job226_scenario3_419,job227_scenario3_421,
in27,0.8857985689909951,1.0646248045336653,0.907341517547796,1.0886755097920022,0.7791330646640515,0.9296743938662092,0.8598819911712463,0.8386523160407073,0.7767956832362493,0.6914252771807792,0.5555650160017231,
B14,0.9999380912598157,1.1530673972558971,1.0134923186605285,1.2353737490623418,0.8655266800659092,1.0346186635258103,0.8914485188507542,0.8386523160407073,1.016813924039728,0.7496809237288872,0.6053733012239149,
B11,0.9259319037154479,1.0330582768541576,0.9224063682899344,1.2353737490623418,0.8058221835326516,0.9644178283462624,0.9300828263507941,0.8386523160407073,0.808362210915757,0.7883152312289272,0.6755741364034626,
cn12,0.27455566963416134,0.4126201248881044,0.2697471072867268,0.5447347619167409,0.16499148160924237,0.3346186635258104,0.2394438392051932,0.22626847968610742,0.1968048036379888,0.12924277176283394,0.0,
B54,1.0118832798912556,1.1846339249354048,1.0134923186605285,1.0655563434384108,0.9119729846453841,1.0346186635258103,1.0500919467525336,1.0137974208798564,0.846996518415797,0.6683061108271877,0.6053733012239149,
