,job368_scenario2_696,
in27,0.22884426308132727,
B14,0.38041991116257445,
B11,0.1238999934217262,
cn12,0.15864342790177954,
B54,0.4190542186626145,
B51,0.0,
os4,0.4190542186626145,
