,job146_scenario0_297,job148_scenario1_299,
in27,0.0,0.007368625357331626,
B14,0.26670735967207904,0.45691731525336615,
B11,0.3966126913848843,0.3966126913848843,
cn12,0.20983129462935501,0.3369081948516267,
B54,0.47198216599550447,0.6969355560568449,
B51,0.0626390848017847,0.12630568931298325,
os4,0.1871455116381322,0.2817722104142173,
