,job189_scenario0_368,job193_scenario0_378,
in27,0.777412145621905,0.7237129873797266,
B14,0.855667296412906,0.855667296412906,
B11,0.7623472948797666,0.7419547449224104,
cn12,0.0066599196487258094,0.0,
B54,0.5152612742557555,0.6970238685111264,
B51,0.5223290540762878,0.5872021900406178,
os4,0.8437221077814661,0.8325481300593145,
