,job383_scenario0_736,
in27,0.26313740715707035,
B14,0.33333824233661813,
B11,0.26313740715707035,
cn12,0.08724441103461833,
B54,0.600045602008697,
B51,0.0,
os4,0.26313740715707035,
