,job189_scenario0_368,
in27,0.7885254133709598,
B14,0.8667805641619608,
B11,0.7734605626288215,
cn12,0.0,
B54,0.8050270903083292,
B51,0.44499972910311103,
os4,0.8548353755305209,
