,job449_scenario0_901,job450_scenario2_903,
in27,0.37052369985150835,0.43022819638476595,
B14,0.0,0.25051457944976896,
B11,0.4407245350310562,0.47667450096424085,
cn12,0.23012202949241278,0.42033198507370007,
B54,0.5607336554327955,0.680742775834535,
B51,0.25051457944976896,0.18031374427022118,
os4,0.08342379022207325,0.3438345809829082,
