,job592_scenario0_1233,job593_scenario1_1234,
in27,0.4288486148793821,0.49904945005892987,
B14,0.24708602062401108,0.45553773374798223,
B11,0.0,0.22039690175541093,
cn12,0.2718620088350442,0.3986616687052583,
B54,0.49904945005892987,0.8359576449105566,
B51,0.16214125520730305,0.20389522481804156,
os4,0.4461767208935833,0.6190585704606693,
