,job353_scenario2_665,job355_scenario1_668,
in27,0.29197731844034275,0.23372167189223492,
B14,0.14040167035909568,0.16352083671268713,
B11,0.24655247147182807,0.23372167189223492,
cn12,0.19020995558128728,0.1719681980386033,
B54,0.38041991116257445,0.260410790760835,
B51,0.10176736285905552,0.2106025055386434,
os4,0.0702008351795479,0.0,
