,job592_scenario0_1233,job593_scenario1_1234,job594_scenario1_1235,
in27,0.4604151425588898,0.5306159777384376,0.572369947349176,
B14,0.468862503884806,0.6773142170087771,0.7088807446882849,
B11,0.0,0.22039690175541093,0.11321858093326487,
cn12,0.3034285365145519,0.43022819638476606,0.5074968113848461,
B54,0.5306159777384376,0.8675241725900643,0.49700047273855585,
B51,0.15019606657586315,0.19195003618660156,0.19195003618660156,
os4,0.47774324857309103,0.6506250981401769,0.572369947349176,
