,job106_scenario1_216,job109_scenario1_220,
in27,0.2835299571144265,0.23065722794907995,
B14,0.10176736285905552,0.14040167035909557,
B11,0.3102190759830266,0.40353907751616586,
cn12,0.21332912193487874,0.2217764832607949,
B54,0.6204381519660532,0.3804199111625744,
B51,0.34178560366253435,0.36002736120521817,
os4,0.0,0.15157564808124713,
