,job735_scenario2_1682,
in27,0.06487313596432992,
B14,0.08137481290169934,
B11,0.14312828675533085,
cn12,0.0,
B54,0.2400182408034788,
B51,0.03594996593318467,
os4,0.2400182408034788,
