,job177_scenario3_353,job178_scenario1_355,
in27,0.735569863556885,0.45691731525336615,
B14,0.5769264356551056,0.4114924682848515,
B11,0.3551499523943107,0.14669823927033954,
cn12,0.47515907279604996,0.3127102925294506,
B54,0.01283079957959321,0.17826476694984728,
B51,0.6653690283773372,0.3986616687052583,
os4,0.17826476694984728,0.0,
