,job155_scenario1_315,job158_scenario0_319,job160_scenario1_323,
in27,0.6011243379772817,0.4993569751182263,0.99978600668254,
B14,0.7597677658790613,0.47266785624962615,0.6193660955199656,
B11,0.18284133022395566,0.0,0.1442070227239156,
cn12,0.4291561399386784,0.3059701127363935,0.47266785624962615,
B54,0.99978600668254,0.5197495250755824,0.6011243379772817,
B51,0.29090526199425515,0.2642161431256551,0.4424809100755024,
os4,0.6193660955199656,0.46461354063817295,0.5197495250755824,
