,job318_scenario1_604,job323_scenario3_617,
in27,0.15864342790177954,0.3369081948516268,
B14,0.4253507875738584,0.4253507875738584,
B11,0.15864342790177954,0.49555162275340625,
cn12,0.1466982392703396,0.2555333819499274,
B54,0.18533254677037964,0.044930876411283904,
B51,0.1714742274813727,0.2786525483035189,
os4,0.026689118868600148,0.0,
