,job181_scenario2_358,job183_scenario1_360,job185_scenario4_364,job187_scenario1_366,
in27,0.7236246749254451,0.7773238331676234,0.8120672676476767,0.7236246749254451,
B14,0.9524689380067723,0.8120672676476767,0.8822681028272246,0.7773238331676234,
B11,0.7773238331676234,0.7938255101049929,0.9524689380067723,0.8324598176050328,
cn12,0.02813796885374975,0.0,0.10350744346436991,0.008880744688284814,
B54,0.8822681028272246,1.0724780584085116,1.0022772232289638,1.0724780584085116,
B51,0.2933964785406791,0.3818390712629107,0.2933964785406791,0.3320307860407191,
os4,0.9524689380067723,0.8555789839586243,0.8822681028272246,0.8555789839586243,
