,job331_scenario2_631,job336_scenario0_637,
in27,0.11451225990011404,0.0,
B14,0.7531921694088511,0.4043387859257845,
B11,0.2731556878018935,0.06255318226325013,
cn12,0.3826684695573427,0.199384900107337,
B54,0.5131739286053723,0.3931648082036329,
B51,0.4043387859257845,0.562982213827564,
os4,0.6331830490071118,0.3727722582462768,
