,job84_scenario1_177,job85_scenario4_178,
in27,0.3519730455937651,0.40710903003117455,
B14,0.5769264356551056,0.33690819485162676,
B11,0.31021907598302667,0.48848384293287395,
cn12,0.22426769980721895,0.3230498755626198,
B54,0.6471272708346534,0.3867164800738183,
B51,0.0,0.14669823927033965,
os4,0.3519730455937651,0.527118150432914,
