,job703_scenario3_1560,
in27,0.44672987332213543,
B14,0.3449625104630798,
B11,0.5351724660443671,
cn12,0.3449625104630798,
B54,0.0,
B51,0.7253824216256543,
os4,0.44672987332213543,
