,job459_scenario4_918,job462_scenario2_923,
in27,0.6628778118309132,0.5926769766513654,
B14,0.5659878577827653,0.7828869322326526,
B11,0.902896052634392,0.40246702107007826,
cn12,0.12770534578654613,0.0,
B54,0.5926769766513654,0.5042343839291337,
B51,0.2642161431256549,0.12770534578654613,
os4,0.20908015868824548,0.2975227514104771,
