,job281_scenario2_542,job282_scenario4_545,job284_scenario3_547,job285_scenario1_548,job286_scenario0_550,
in27,0.5004290315643138,0.5186707891069976,0.5888716242865455,0.5621825054179452,0.3488533834830666,
B14,0.5888716242865455,0.6590724594660933,0.6590724594660933,0.5888716242865455,0.363918234225205,
B11,0.10350744346436991,0.3986616687052582,0.2786525483035188,0.038634307500040044,0.0,
cn12,0.44217338501620596,0.430228196384766,0.4550041845957991,0.3893006558508594,0.19607955371420616,
B54,0.5390633390643538,0.7088807446882848,0.5621825054179452,0.5621825054179452,0.4085578800163242,
B51,0.38041991116257434,0.7088807446882848,0.6204381519660532,0.5186707891069976,0.430228196384766,
os4,0.7790815798678327,0.6590724594660933,0.5390633390643538,0.4550041845957991,0.4085578800163242,
