,job466_scenario1_938,job467_scenario1_940,job468_scenario3_943,
in27,0.48710426142748986,0.4523608269474366,0.7475150521883249,
B14,0.5573050966070378,0.5573050966070378,0.5888716242865455,
B11,0.48710426142748986,0.4523608269474366,0.7475150521883249,
cn12,0.3670951410257506,0.4372959762052983,0.4523608269474366,
B54,0.6275059317865855,0.5074968113848461,0.5074968113848461,
B51,0.0,0.05369915824217841,0.10883514267958783,
os4,0.5074968113848461,0.35773412817135164,0.5888716242865455,
