,job22_scenario0_54,job23_scenario0_56,
in27,0.16906951434062778,0.26153872024100655,
B14,0.3218433441094884,0.28320903660944835,
B11,0.1575227989871828,0.25164250892994067,
cn12,0.05825564654810789,0.05825564654810789,
B54,0.44185246451122784,0.3920441792890362,
B51,0.0,0.01650167693736937,
os4,0.2951542252408883,0.26153872024100655,
