,job270_scenario0_528,job272_scenario1_531,
in27,0.38041991116257434,0.5340445365641955,
B14,0.0,0.18031374427022118,
B11,0.44809316038838776,0.5340445365641955,
cn12,0.3243605295344206,0.4557893857731945,
B54,0.510925370210604,0.6540536569659348,
B51,0.6309344906123433,0.5607336554327955,
os4,0.5757985061749339,0.6309344906123433,
