,job591_scenario0_1231,job592_scenario0_1233,
in27,0.41967367035333214,0.48710426142748986,
B14,0.5341859302534462,0.49555162275340603,
B11,0.022132630562670674,0.0,
cn12,0.3369081948516266,0.33011765538315196,
B54,0.5573050966070376,0.5573050966070376,
B51,0.599059066217776,0.5573050966070376,
os4,0.5341859302534462,0.5044323674416911,
