,job99_scenario2_202,job100_scenario3_203,
in27,0.21188027194972903,0.37052369985150846,
B14,0.03361550499988175,0.1101129090906734,
B11,0.21188027194972903,0.3003228646719606,
cn12,0.0,0.13050545904802963,
B54,0.49053282025324785,0.046446304579474906,
B51,0.07536947461062016,0.3003228646719606,
os4,0.13050545904802963,0.1803137442702213,
