,job635_scenario0_1313,job636_scenario3_1314,
in27,0.46370785472184073,0.7107938753458518,
B14,0.0,0.3240773952720335,
B11,0.5205839197645646,0.7423604030253595,
cn12,0.33037396418327736,0.6609855901236601,
B54,0.5640956360755123,0.6223512826236202,
B51,0.6405930401663039,0.7423604030253595,
os4,0.6058496056862507,0.8308029957475911,
