,job196_scenario2_385,job198_scenario0_387,job200_scenario1_390,
in27,0.5346193136158148,0.461407331880901,0.5538765377812798,
B14,0.7545828320088572,0.56437287642757,0.5145645912053783,
B11,0.5257385689275299,0.313858296977801,0.3741629208462828,
cn12,0.22039690175541105,0.0,0.22039690175541105,
B54,0.994601072812336,0.7777019983624487,0.8359576449105566,
B51,0.7545828320088572,0.994601072812336,0.7657568097310088,
os4,0.7075011631829009,0.5015406666053538,0.8541994024532403,
