,job663_scenario0_1392,
in27,0.2951542252408883,
B14,0.31638116988722687,
B11,0.28861999457253906,
cn12,0.18193564430762355,
B54,0.0,
B51,0.4605881926111424,
os4,0.349459816897688,
