,job98_scenario0_193,job105_scenario0_211,
in27,0.0,0.012372159409764993,
B14,0.6300836949795829,0.6195873563332926,
B11,0.1762860418369152,0.19278771877428458,
cn12,0.4194811894409395,0.43280595957776336,
B54,0.2496637838170085,0.27278295017059995,
