,job714_scenario0_1517,job715_scenario1_1519,
in27,0.5382921281550657,0.6969355560568451,
B14,0.5858071803433906,0.7586890299104765,
B11,0.5604247587177362,0.7151773135995289,
cn12,0.0,0.16176309001247802,
B54,0.6653690283773372,0.7151773135995289,
