,job279_scenario0_530,job284_scenario3_541,job287_scenario3_546,job288_scenario1_547,job289_scenario2_549,job290_scenario0_552,job291_scenario0_556,
in27,0.24631480971472275,0.4800364816069576,0.8169446764585844,0.38671648007381837,0.3264118562053365,0.24631480971472275,0.25963957985154673,
B14,0.2817722104142173,0.5067256004755578,0.6267347208772971,0.5067256004755578,0.4800364816069576,0.3480821725737783,0.33690819485162676,
B11,0.2817722104142173,0.5382921281550656,0.696935556056845,0.4017813308159567,0.4182830077533261,0.2817722104142173,0.2898265260256705,
cn12,0.019621339048067843,0.4182830077533261,0.29827388735158666,0.17826476694984728,0.169817405623931,0.009532860573584045,0.0,
B54,0.37285816078481143,0.6267347208772971,0.4365247652960099,0.5382921281550656,0.5382921281550656,0.38671648007381837,0.4017813308159567,
