,job82_scenario0_168,job84_scenario0_170,job85_scenario0_171,job92_scenario0_181,job94_scenario0_188,job98_scenario0_193,job99_scenario2_195,job100_scenario3_196,job101_scenario2_198,job102_scenario2_199,job103_scenario3_201,
in27,0.5769264356551054,0.5645542762453404,0.5973189856124616,0.5769264356551054,0.5834606663234546,0.5645542762453404,0.678693798514161,0.8373372264159404,0.7488946336937088,0.6906389871456009,0.8106481075473402,
B14,0.703469786725194,0.6675198207920094,0.678693798514161,0.6570234821457192,0.6906389871456009,0.6675198207920094,0.8689037540954482,0.9573463468176797,1.0275471819972275,0.8373372264159404,0.9075380615954882,
B11,0.6204381519660531,0.6046876109697932,0.6046876109697932,0.6288855132919693,0.5902512057919294,0.6123838363545999,0.7488946336937088,1.0275471819972275,0.7671363912363925,0.7173281060142009,0.8689037540954482,
cn12,0.009896211311065883,0.003236291662340074,0.009896211311065883,0.0,0.006534230668349128,0.0,0.1719681980386032,0.31021907598302645,0.2217764832607948,0.2217764832607948,0.2919773184403426,
B54,0.7323929567563393,0.678693798514161,0.7323929567563393,0.6570234821457192,0.7323929567563393,0.6675198207920094,0.8106481075473402,0.7875289411937487,0.8373372264159404,0.9075380615954882,0.7875289411937487,
