,job488_scenario0_954,job494_scenario0_969,job496_scenario3_972,job498_scenario0_974,job501_scenario4_981,job502_scenario0_983,job503_scenario2_984,job505_scenario3_989,job506_scenario3_994,
in27,0.4863330505182015,0.47396089110843653,0.7200547224104363,0.5067256004755577,0.6969355560568449,0.5067256004755577,0.6128764015882902,0.6969355560568449,0.7200547224104363,
B14,0.5769264356551056,0.600045602008697,0.7467438412790366,0.5881004133772572,0.8169446764585844,0.5881004133772572,0.8169446764585844,0.8667529616807759,0.7783103689585443,
B11,0.5140942258328893,0.5067256004755577,0.9369537968603238,0.5217904512176961,0.7467438412790366,0.5140942258328893,0.6969355560568449,0.8169446764585844,0.8667529616807759,
cn12,0.012830799579593322,0.0,0.29827388735158666,0.016192780222309855,0.2528490403830721,0.012830799579593322,0.21689907444988732,0.2817722104142173,0.31651564489427053,
B54,0.600045602008697,0.6267347208772971,0.7783103689585443,0.600045602008697,0.7783103689585443,0.5881004133772572,0.9369537968603238,0.7783103689585443,0.6969355560568449,
