,job366_scenario0_699,job368_scenario0_702,job369_scenario2_704,job370_scenario1_707,job373_scenario1_710,job375_scenario2_712,job376_scenario2_713,
in27,0.6165472789460664,0.5908503493994774,0.743624179168338,0.743624179168338,0.7297658598793311,0.7297658598793311,0.743624179168338,
B14,0.6833195552998562,0.6833195552998562,0.9836424199718168,0.8369441807014772,0.8369441807014772,0.8951998272495852,0.8369441807014772,
B11,0.43340510318531134,0.4565242695389029,0.5684790743291892,0.5684790743291892,0.6032225088092423,0.5684790743291892,0.5849807512665586,
cn12,0.0,0.0,0.24972937827237363,0.1666977435132324,0.1509472025169727,0.19338686238183267,0.2249533900613404,
B54,0.6097567394775917,0.5969259398979986,0.7751907068478459,0.743624179168338,0.7751907068478459,0.6938158939461465,0.8636332995700775,
