,job768_scenario2_1668,job769_scenario4_1669,job770_scenario2_1670,
in27,0.07864819650546406,0.1719681980386033,0.1102147241849718,
B14,0.5004290315643138,0.4506207463421221,0.38041991116257434,
B11,0.6288855132919695,0.8373372264159404,0.6471272708346533,
cn12,0.0,0.14669823927033965,0.017328106014201206,
B54,0.5973189856124617,0.7173281060142012,0.43867555771068223,
