,job221_scenario0_439,job222_scenario0_440,job227_scenario0_448,job229_scenario0_451,job234_scenario1_459,job235_scenario0_460,job239_scenario1_467,job240_scenario0_468,job241_scenario0_469,job242_scenario1_470,job243_scenario0_472,job245_scenario0_479,
in27,0.6227313849999199,0.6094066148630959,0.6297991648204521,0.6159408455314451,0.7648731359643298,0.6448640155625904,0.7813748129016993,0.6371677901777837,0.5970344554533309,0.7231191663535914,0.6159408455314451,0.6297991648204521,
B14,0.7231191663535914,0.6796074500426438,0.7111739777221515,0.6895036613537097,0.8200091204017392,0.6895036613537097,0.9013839333034387,0.7,0.7231191663535914,0.8431282867553307,0.6702464371882448,0.6613656924999598,
B11,0.6371677901777837,0.6448640155625904,0.6227313849999199,0.6371677901777837,0.7648731359643298,0.6297991648204521,0.7498082852221915,0.6371677901777837,0.6371677901777837,0.7813748129016993,0.6529183311740436,0.6159408455314451,
cn12,0.006184106053853444,0.00306444394315486,0.019257224165464937,0.01589524352274818,0.19020995558128717,0.01589524352274818,0.19020995558128717,0.012597304516738905,0.012597304516738905,0.19020995558128717,0.0,0.0,
B54,0.7,0.7231191663535914,0.7498082852221915,0.6796074500426438,0.9013839333034387,0.7498082852221915,0.869817405623931,0.7648731359643298,0.7648731359643298,0.869817405623931,0.6895036613537097,0.7498082852221915,
