,job781_scenario4_1701,job784_scenario1_1705,job786_scenario4_1709,job787_scenario1_1710,
in27,0.7523924609992323,0.659072459466093,0.6906389871456009,0.6452141401770861,
B14,0.2288442630813271,0.25196342943491856,0.25196342943491856,0.2288442630813271,
B11,1.0893006558508591,0.6741373102082314,0.7088807446882847,0.6452141401770861,
cn12,0.12000912040173928,0.0,0.12000912040173928,0.018241757542683867,
B54,0.8106481075473403,0.9692915354491197,0.8990907002695718,0.7292732946456408,
