,job528_scenario0_1045,job529_scenario0_1046,job532_scenario0_1054,job536_scenario0_1065,job539_scenario2_1070,job541_scenario1_1077,job542_scenario0_1078,
in27,0.02941573526483543,0.04274050540165941,0.04274050540165941,0.0,0.169817405623931,0.15595908633492406,0.017043575855070436,
B14,0.5827174959944958,0.6297991648204522,0.6529183311740436,0.600045602008697,0.8311830981238909,0.7729274515757829,0.6297991648204522,
B11,0.5595983296409043,0.5595983296409043,0.5595983296409043,0.5595983296409043,0.694672300784782,0.6657491307536367,0.591164857320412,
cn12,0.40983564642740977,0.42573088995015795,0.4224329509441488,0.41290009037056463,0.6193028261741619,0.591164857320412,0.4290928705928747,
B54,0.6657491307536367,0.6657491307536367,0.6657491307536367,0.6529183311740436,0.7729274515757829,0.7498082852221915,0.6297991648204522,
