,job442_scenario0_868,job443_scenario3_869,job447_scenario2_877,job448_scenario0_878,job449_scenario1_879,job450_scenario0_881,job451_scenario2_883,job452_scenario0_884,
in27,0.24331617980948805,0.617201860303713,0.35049450063163423,0.2501067192779626,0.408750147179742,0.24331617980948805,0.32737533427804266,0.28029366545208634,
B14,0.5470010251241654,0.7687775083849603,0.7372109807054525,0.590512741435113,0.6874026954832608,0.5785675528036731,0.8572201011071918,0.5673935750815216,
B11,0.4003027858538257,0.6487683879832209,0.512257590644112,0.36332530021122733,0.5470010251241653,0.4003027858538257,0.49719273990197377,0.3845522448575659,
cn12,0.0,0.27223934984063325,0.17761265106454815,0.0,0.15223022943889386,0.003297939006009276,0.1869736639189471,0.003297939006009276,
B54,0.2664353461630795,0.4003027858538257,0.4003027858538257,0.2536045465834862,0.3736136669852256,0.28029366545208634,0.5203119062555652,0.2664353461630795,
