,job424_scenario2_836,job425_scenario0_838,job428_scenario1_841,job429_scenario1_843,
in27,0.5973189856124617,0.4773098652107223,0.6675198207920094,0.6675198207920094,
B14,0.7173281060142012,0.5370143617439799,0.6288855132919695,0.7173281060142012,
B11,0.6123838363546,0.49237471595286064,0.6288855132919695,0.5973189856124617,
cn12,0.20010616689235305,0.0,0.1719681980386033,0.15546652110123393,
B54,0.33061162594038274,0.19865731690720345,0.3573007448089829,0.3573007448089829,
