,job108_scenario1_227,job110_scenario1_229,job111_scenario1_230,job112_scenario3_232,job113_scenario3_233,job114_scenario1_236,
in27,0.6608587036666327,0.714557861908811,0.6994930111666726,0.8510686592479199,0.7928130126998119,0.6856346918776657,
B14,0.8510686592479199,0.7696938463462204,0.7310595388461805,0.7928130126998119,0.8510686592479199,0.7928130126998119,
B11,0.7310595388461805,0.7310595388461805,0.7310595388461805,0.7928130126998119,1.1297212075514387,0.6994930111666726,
cn12,0.01650167693736937,0.0080543156114532,0.0,0.15475255488179274,0.1751451048391489,0.03474343448005324,
B54,0.7493012963888642,0.7310595388461805,0.7928130126998119,0.8510686592479199,0.7928130126998119,0.8195021315684121,
