,job338_scenario0_645,job354_scenario0_675,job355_scenario1_678,
in27,0.3175877013403582,0.2963607566940196,0.430228196384766,
B14,0.3804199111625744,0.4035390775161659,0.5004290315643138,
B11,0.3175877013403582,0.31021907598302656,0.46179472406427374,
cn12,0.169817405623931,0.15448557477821134,0.30315129616249437,
B54,0.049808285222191606,0.0,0.14312828675533085,
