,job518_scenario4_1022,job523_scenario0_1035,job524_scenario0_1036,job527_scenario3_1043,job528_scenario0_1045,job529_scenario0_1046,
in27,0.29289096996882547,0.1026810143875383,0.1026810143875383,0.43329264032792114,0.1026810143875383,0.11600578452436228,
B14,0.8902099555812872,0.6501917147778085,0.6396953761315182,0.8515756480812472,0.6031100459518521,0.6501917147778085,
B11,0.9400182408034787,0.5729230997777284,0.5595983296409044,0.8902099555812872,0.5799908795982606,0.5799908795982606,
cn12,0.269771803615234,0.019257224165464937,0.015895243522748403,0.42134745169648113,0.0,0.015895243522748403,
B54,0.8902099555812872,0.7150648507421383,0.7150648507421383,0.7702008351795477,0.686141680710993,0.686141680710993,
