,job697_scenario1_1470,job698_scenario2_1471,job702_scenario3_1484,job703_scenario1_1487,
in27,0.07687750646709146,0.10165349467812446,0.30572176954841856,0.10165349467812446,
B14,0.5746631803830426,0.7996165704443832,0.7996165704443832,0.6297991648204522,
B11,0.5746631803830426,0.5329092107723042,0.7996165704443832,0.6529183311740436,
cn12,0.04092754053390668,0.05287272916534658,0.11112837571345446,0.0,
B54,0.5595983296409044,0.6796074500426437,0.591164857320412,0.5595983296409044,
