,job298_scenario0_571,job299_scenario0_572,job305_scenario1_583,job306_scenario0_584,job309_scenario2_590,job311_scenario0_592,job313_scenario2_594,job314_scenario0_595,job320_scenario1_609,
in27,0.01283079957959321,0.03405774422593166,0.1200091204017395,0.0,0.10806393177029949,0.019621339048067954,0.09688995404814793,0.01283079957959321,0.1328399199813327,
B14,0.3551499523943107,0.3986616687052583,0.45691731525336615,0.38671648007381837,0.6155607431551456,0.36504616370537657,0.5769264356551056,0.3986616687052583,0.735569863556885,
B11,0.32040651791425734,0.32040651791425734,0.4404156383159967,0.3127102925294506,0.4253507875738584,0.32040651791425734,0.4404156383159967,0.29148334788311203,0.4955516227534062,
cn12,0.1617630900124779,0.1649399968130234,0.36504616370537657,0.15864342790177932,0.3127102925294506,0.17147422748137264,0.36504616370537657,0.17826476694984728,0.3369081948516267,
B54,0.2667073596720789,0.27865254830351893,0.3755425023516668,0.25553338194992736,0.4253507875738584,0.3053416671721191,0.39866166870525827,0.29148334788311203,0.4955516227534062,
