,job1004_scenario1_2550,
in27,0.07458427343322477,
B14,0.20845171312397115,
B11,0.1586434279017795,
cn12,0.0,
B54,0.04980828522219166,
