,job608_scenario4_1240,
in27,0.5706298667438616,
B14,0.22884426308132733,
B11,0.6590724594660933,
cn12,0.0,
B54,0.11371255149049542,
