,job298_scenario0_571,job299_scenario0_572,job302_scenario3_579,job303_scenario2_580,job304_scenario3_581,job305_scenario1_583,job306_scenario0_584,
in27,0.1826482052035241,0.20387514984986277,0.40983564642740977,0.3026573256052635,0.40983564642740977,0.2898265260256704,0.169817405623931,
B14,0.22807305217203888,0.2715847684829865,0.6084929633346132,0.6084929633346132,0.36847472253113445,0.3298404150310944,0.2596395798515466,
B11,0.5919912863972439,0.5919912863972439,0.8871455116381322,0.7120004067989832,0.8871455116381322,0.7120004067989832,0.5842950610124371,
cn12,0.0031196621106983624,0.0062965689112439716,0.3867164800738183,0.20640273580359714,0.3369081948516267,0.20640273580359714,0.0,
B54,0.6583012485568049,0.6702464371882448,0.8871455116381322,0.7467438412790365,0.7671363912363927,0.7671363912363927,0.6471272708346534,
