,job3_scenario1_8,
in27,0.15546652110123405,
B14,0.21060250553864351,
B11,0.0,
cn12,0.051959077636864026,
B54,0.10176736285905569,
