,job258_scenario0_495,job259_scenario0_496,job267_scenario0_509,job273_scenario1_518,job275_scenario0_520,job277_scenario1_525,job279_scenario0_530,job280_scenario4_531,
in27,0.06639548281472785,0.051959077636863915,0.038634307500040044,0.16517765857012878,0.051959077636863915,0.16517765857012878,0.038634307500040044,0.16517765857012878,
B14,0.478758715195872,0.4688625038848061,0.5123742201957537,0.5706298667438616,0.4506207463421221,0.5390633390643538,0.43411906940475276,0.7292732946456411,
B11,0.1238999934217262,0.1238999934217262,0.10883514267958783,0.299045098260875,0.10176736285905552,0.2786525483035188,0.1238999934217262,0.4688625038848061,
cn12,0.0,0.003236291662340074,0.006534230668349239,0.15546652110123393,0.013324770136823871,0.1719681980386033,0.013324770136823871,0.2919773184403427,
B54,0.5390633390643538,0.5706298667438616,0.4892550538421622,0.6590724594660933,0.6092641742439016,0.632383340597493,0.5252050197753468,0.8492824150473804,
