,job790_scenario0_1725,
in27,0.4547530800371137,
B14,0.426991904722426,
B11,0.20736621387630327,
cn12,0.0,
B54,0.6735443761942539,
