,job690_scenario2_1459,
in27,0.2715847684829864,
B14,0.9306572279490797,
B11,0.790255557589984,
cn12,0.0,
B54,0.8604563927695319,
