,job1109_scenario3_3071,
in27,0.3719725498366581,
B14,0.5186707891069977,
B11,0.4688625038848061,
cn12,0.2937173990456572,
B54,0.0,
