,job645_scenario0_1340,job646_scenario0_1342,job648_scenario0_1345,job650_scenario3_1356,job651_scenario1_1358,
in27,0.00679053946847441,0.013858319289006937,0.0,0.3240773952720334,0.13386743969074621,
B14,0.16055655855934636,0.15119554570494742,0.16055655855934636,0.47077563454237303,0.30095822891844193,
B11,0.5205839197645645,0.5560413204640591,0.5640956360755123,0.9712046661066868,0.7107938753458517,
cn12,0.4038110910251652,0.4038110910251652,0.41047101067389113,0.6342964712550601,0.5640956360755123,
B54,0.3121322066405935,0.3240773952720334,0.30095822891844193,0.5023421622218807,0.4440865156737728,
