,job166_scenario0_345,job167_scenario4_346,job168_scenario1_349,job169_scenario3_350,job170_scenario1_351,job172_scenario0_354,job174_scenario0_359,job175_scenario1_362,job176_scenario1_363,job177_scenario0_364,job178_scenario2_365,job179_scenario1_366,
in27,0.6227313849999199,0.7648731359643298,0.7813748129016993,0.9898265260256702,0.7231191663535914,0.6297991648204521,0.6094066148630959,0.7813748129016993,0.7231191663535914,0.6094066148630959,0.7498082852221915,0.7813748129016993,
B14,0.7,0.9898265260256702,0.8431282867553307,0.8200091204017392,0.869817405623931,0.6895036613537097,0.7,0.8431282867553307,0.7996165704443831,0.6613656924999598,0.9400182408034787,0.7813748129016993,
B11,0.6529183311740436,0.869817405623931,0.7996165704443831,0.9400182408034787,0.7996165704443831,0.6159408455314451,0.6297991648204521,0.7813748129016993,0.7996165704443831,0.6227313849999199,0.7231191663535914,0.7996165704443831,
cn12,0.0,0.28483665435737227,0.2199635183930423,0.28483665435737227,0.19020995558128717,0.009361012854399053,0.01589524352274818,0.15713130857082613,0.18132921089300225,0.009361012854399053,0.23113749611519385,0.17288184956708585,
B54,0.7498082852221915,0.9898265260256702,0.8200091204017392,0.8200091204017392,0.869817405623931,0.6796074500426438,0.7498082852221915,0.9400182408034787,0.7996165704443831,0.7648731359643298,0.9400182408034787,0.8431282867553307,
