,job383_scenario0_725,job388_scenario2_743,job391_scenario2_748,job394_scenario2_754,job395_scenario1_755,
in27,0.0,0.14214175096441006,0.10038778135367155,0.07726861500008009,0.11321858093326487,
B14,0.3670951410257506,0.6275059317865855,0.5888716242865455,0.5888716242865455,0.5306159777384376,
B11,0.31728685580355886,0.5074968113848461,0.4372959762052983,0.5074968113848461,0.48710426142748986,
cn12,0.05687606504272391,0.26747857058136726,0.23772500776961225,0.2470860206240112,0.22884426308132721,
B54,0.42343765691629137,0.5888716242865455,0.6773142170087771,0.5888716242865455,0.6275059317865855,
