,job702_scenario3_1484,job704_scenario1_1499,job708_scenario1_1504,
in27,0.4853641808221755,0.2812959059518813,0.31021907598302656,
B14,0.5351724660443671,0.36535506042043603,0.44672987332213543,
B11,0.5351724660443671,0.2812959059518813,0.3449625104630798,
cn12,0.13651079733910876,0.008054315611453089,0.0,
B54,0.20671163251865654,0.1751451048391489,0.24534594001869664,
