,job761_scenario0_1650,job762_scenario3_1652,
in27,0.0,0.24001824080347878,
B14,0.40047463357301094,0.600045602008697,
B11,0.3673959865625498,0.7902555575899842,
cn12,0.22615992151447184,0.5502373167865053,
B54,0.430228196384766,0.6316121296882048,
