,job591_scenario1_1203,job592_scenario0_1204,
in27,0.14893229043288458,0.0,
B14,0.5791604868176505,0.48453378804156555,
B11,0.5791604868176505,0.4514551410311044,
cn12,0.4514551410311044,0.3069211369770173,
B54,0.3556439229515411,0.16543396737025395,
