,job479_scenario3_939,job481_scenario0_942,job482_scenario2_943,job483_scenario0_945,job485_scenario0_948,job488_scenario0_954,job489_scenario0_956,job490_scenario1_957,
in27,0.4720394106853515,0.2249533900613404,0.36709514102575036,0.21162861992451643,0.21816285059286566,0.21162861992451643,0.21816285059286566,0.38359681796311984,
B14,0.8840258495274337,0.6528883534122398,0.9226601570274737,0.6622493662666388,0.6938158939461465,0.682641916223995,0.682641916223995,0.7324502014461864,
B11,0.8840258495274337,0.6198097064017787,0.782258486668378,0.6528883534122398,0.612441081044447,0.6198097064017787,0.6198097064017787,0.8257702029793257,
cn12,0.2786525483035188,0.013073118111611493,0.20328307369289855,0.0,0.006413198462885461,0.009711137468894737,0.013073118111611493,0.16669774351323252,
B54,0.7324502014461864,0.573806773544407,0.7057610825775864,0.5985827617554401,0.5985827617554401,0.585751962175847,0.6275059317865854,0.682641916223995,
