,job519_scenario0_1028,job520_scenario0_1033,job523_scenario0_1041,job525_scenario0_1044,job526_scenario0_1046,job527_scenario2_1047,job528_scenario3_1050,job529_scenario3_1056,job530_scenario2_1057,job531_scenario1_1062,
in27,0.4244305503274865,0.4085517524653182,0.37076329312225537,0.3924107249243652,0.3421649926343849,0.4703328834038013,0.44238126410081646,0.5743864082720003,0.3670394575188607,0.15864342790177954,
B14,0.45461749650161026,0.4899265653670176,0.37076329312225537,0.32874412041316653,0.3868046384255041,0.5587754761260331,0.4606230216435003,0.42768816900166073,0.557249413100148,0.2555333819499274,
B11,0.13503740766418465,0.10321008529319925,0.03385509827062866,0.0372607725300545,0.005256797782758171,0.0520498756504752,0.31392478237316085,0.23747821342037362,0.011889505124550115,0.0,
