,job831_scenario0_1871,job834_scenario1_1876,job838_scenario0_1882,job840_scenario1_1890,job841_scenario1_1891,job842_scenario1_1892,job843_scenario1_1893,job844_scenario3_1895,job845_scenario1_1897,job846_scenario4_1901,job847_scenario1_1904,job848_scenario0_1905,job849_scenario1_1907,
in27,0.5055943898280676,0.5697154937354448,0.5031608810898565,0.5421998486826667,0.48691434523504296,0.5835954098675464,0.45236452865548693,0.5739900028634695,0.42432609557126255,0.39104807285845705,0.2986995279903487,0.07410678732542453,0.0,
B14,0.664237817729847,0.693615487157171,0.5937542662267604,0.7008432765844461,0.5709734997035976,0.4720336507917234,0.5808210103831426,0.5943825528208255,0.6145360511525498,0.44300715049532097,0.2986995279903487,0.15318836719325724,0.2715847684829865,
B11,0.8379460963737648,0.9047105579295045,0.7497133525616845,0.8706606822083771,0.8425582681865842,0.8320610119969416,0.7506384160070736,0.8140082436669482,0.8545542919560286,0.8914771044227708,0.6320377703269667,0.3199946262618222,0.45334736273835746,
