,job125_scenario2_240,job128_scenario0_243,job129_scenario0_244,job131_scenario2_247,job132_scenario0_249,job134_scenario1_253,job135_scenario0_254,job136_scenario1_255,job137_scenario2_256,job138_scenario2_257,job140_scenario2_260,job141_scenario2_261,job144_scenario3_267,job145_scenario4_270,job146_scenario4_271,job147_scenario3_273,job148_scenario1_274,job149_scenario4_275,job150_scenario2_276,job151_scenario1_277,job152_scenario0_278,job153_scenario1_279,
in27,0.722958932969741,0.6397390698708716,0.6257960351883622,0.7058472250917327,0.5275112883910913,0.6183753127065563,0.5379898362250765,0.6590554430294129,0.6232099083699523,0.615979783917727,0.5456882749586328,0.5176369621910081,0.8414685734448366,0.5342660006216817,0.6168758327799124,0.46831668785853703,0.38885361574587796,0.44587909140633997,0.24546268394239912,0.23981799504773615,0.01443640517786382,0.10038778135367155,
B14,0.8162789345028802,0.7250047557925576,0.6351570480427612,0.7223489020291021,0.583395164111804,0.8085852682878436,0.6506303312694843,0.6755571199667822,0.7886438757402063,0.8698563440102127,0.7575685469083618,0.787408765806242,0.7214594530430972,0.49952256614162854,0.7053184255021441,0.46831668785853703,0.45905445092542574,0.5427690454544879,0.45734295589212814,0.21312887617913612,0.05687606504272391,0.1768851854444632,
B11,0.722958932969741,0.6303780570164726,0.5714904435315625,0.6907823743495944,0.6199804942914701,0.6431513009175895,0.5235534310472126,0.763999712689014,0.7570773480606986,0.7498472236084734,0.7575685469083618,0.5833404909359479,0.7712677382652888,0.724475956202969,0.5586201862318045,0.5118284041694847,0.36216449687727786,0.6627781658562273,0.3208321585530193,0.28962628026992776,0.0,0.19727773540181942,
