,job616_scenario0_1248,job618_scenario4_1254,job620_scenario0_1257,job622_scenario1_1263,job624_scenario2_1275,job625_scenario3_1276,job626_scenario0_1278,job627_scenario3_1280,job628_scenario0_1282,
in27,0.8194539695428295,1.0339681273657575,0.7951381995301993,0.8277693820879097,0.6884768173130891,0.8803031267006193,0.48374218799709173,0.7016127191120101,0.2519634294349187,
B14,0.9224195140894984,1.0606572462343578,0.8619104758839891,0.8389433598100613,1.025385012164716,0.7399014563415236,0.5445820103222407,0.7016127191120101,0.3017717146571104,
B11,0.6195690634638035,0.7708307202086873,0.643562551448952,0.6375594265066225,0.6653576509594976,0.6900931711193321,0.25704871733043677,0.5816035987102706,0.0,
