,job788_scenario0_1734,job789_scenario0_1737,job790_scenario0_1738,job792_scenario0_1742,job793_scenario1_1748,job794_scenario3_1753,job796_scenario1_1755,job797_scenario1_1760,job798_scenario4_1763,
in27,0.2171436151964175,0.22733824693307964,0.19025759734787367,0.22787040621673577,0.21981830395403218,0.2455171422617048,0.19152120716820248,0.1675194819162935,0.0,
B14,0.2814748522430464,0.28421431197580355,0.2439567555900521,0.32476036026488364,0.24148862032247398,0.38202793960081366,0.29869952799034866,0.1675194819162935,0.26670735967207887,
B11,0.24284054474300648,0.26597255443311957,0.22889190484791372,0.2545595250853359,0.2662646085335071,0.38202793960081366,0.1555712412350178,0.10385287740509502,0.09688995404814787,
