,job673_scenario2_1400,job675_scenario0_1409,job677_scenario1_1415,job679_scenario2_1421,job680_scenario0_1428,job681_scenario1_1429,job683_scenario3_1433,job684_scenario1_1434,job685_scenario2_1437,
in27,0.565649159514767,0.4402190942683045,0.5027612029844624,0.5394069720240898,0.2621476829865123,0.5670675475577209,0.2374273782823691,0.23238956583078774,0.0,
B14,0.816163738964536,0.6210680369951929,0.7316054660657896,0.7296169276053771,0.4662159578568065,0.6484423604594203,0.6241438583561874,0.3689003631698965,0.27865254830351893,
B11,0.777529431464496,0.5956856153695385,0.7316054660657896,0.5493031833351558,0.4364623950450514,0.5284332400576809,0.5041347379544481,0.488909483571636,0.25196342943491873,
