,job861_scenario1_1946,job862_scenario0_1956,job864_scenario4_1959,job865_scenario0_1960,job867_scenario3_1966,job868_scenario1_1973,job869_scenario1_1978,
in27,0.6054594437380612,0.4410077291308308,0.5554134026956348,0.3697341286490116,0.6708799569116173,0.3817858359253457,5.551115123125783e-17,
B14,0.6837145945290621,0.5155920025640556,0.5989251190065824,0.4829527095822763,0.5241817176412777,0.3200323620717142,0.21689907444988735,
B11,0.4854503233363218,0.2823643012290515,0.5056051174734432,0.24293446877879749,0.38105343088594695,0.35866666957175425,0.0,
