,job110_scenario2_213,job111_scenario0_216,job112_scenario0_217,job114_scenario1_221,job117_scenario0_226,job118_scenario2_227,job119_scenario1_228,job120_scenario1_229,job121_scenario2_233,job122_scenario0_234,job123_scenario1_236,job124_scenario2_239,job125_scenario2_240,job127_scenario1_242,job128_scenario0_243,job129_scenario0_244,job131_scenario2_247,job132_scenario0_249,job133_scenario3_251,job134_scenario1_253,
in27,0.63863430750004,0.513313288338841,0.4571767672058822,0.6023397816273628,0.41038498514356236,0.5187587422621732,0.5621877385472527,0.5169136920650029,0.5258932126745754,0.4049098110604753,0.5696601784605551,0.4829445205440739,0.4558259326589002,0.4784627008812295,0.3429512826695632,0.3164532746433119,0.34513066065625225,0.11134266738210863,0.3415853579067919,0.0,
B14,1.068862503884806,0.8659720241867277,0.8521545402772677,1.0325679780121289,0.835116321026703,0.9489869386469392,0.8585484952412723,0.9590870770812088,1.0263222442388893,0.7674647582194278,0.7829893003954338,0.7931635965271004,0.8593650101750661,0.8904491397233116,0.7384360445742759,0.6360333634807376,0.6718514135766482,0.47744561908584787,0.5114027635307228,0.5004290315643138,
B11,0.9488533834830666,0.816163738964536,0.8432737955889826,0.962367142832581,0.7722841112044867,0.8938509542095298,0.9222150997524708,0.8390779566794695,0.7863040034354105,0.7308794280397618,0.7829893003954338,0.9296743938662093,0.7660450086419268,0.6785688677735826,0.6438093457981909,0.5723667589695389,0.6402848858971405,0.514030949265514,0.7718135542915578,0.3349950641940597,
