,job51_scenario1_101,job52_scenario2_102,job54_scenario1_106,job55_scenario2_108,job56_scenario1_109,job58_scenario0_112,job59_scenario2_113,job60_scenario0_114,job61_scenario2_115,job62_scenario0_118,job63_scenario0_119,job64_scenario3_120,job65_scenario3_122,job66_scenario4_123,job67_scenario2_124,job68_scenario0_125,job69_scenario0_127,job70_scenario0_128,job71_scenario1_129,job72_scenario2_131,job73_scenario0_134,
in27,0.6813510107920149,0.6496568503031305,0.7248277873513156,0.6923815002509242,0.5659930909120727,0.4815342583381238,0.5580268848872565,0.4471255704500826,0.6066213443913892,0.39378746872233494,0.39446419025484397,0.8521049333293299,0.756831333087425,0.5728614383829534,0.4732999861044718,0.3233230709512868,0.3322548084726909,0.27699509723621,0.34772809169941404,0.27747258334401015,0.0,
B14,0.8329266588732621,0.8279216172529777,0.806202600253015,0.6923815002509242,0.6512587768337588,0.5452008628493225,0.7011551716425872,0.5500911149967516,0.743132141730498,0.4840430263123193,0.4735457701226768,0.781904098149782,0.5318779430260845,0.622669723605145,0.580478306926618,0.34294440999935477,0.37933647729864717,0.35426371223629005,0.5646271661493013,0.6015499786160438,0.08595137617580773,
B11,0.6813510107920149,0.7696659707048699,0.6159926446717279,0.7358932165618719,0.6677604537711281,0.4815342583381238,0.607835170109448,0.5203375521849966,0.6617573288287986,0.4297374346555196,0.4562176641084756,0.781904098149782,0.7070230478652334,0.7426788440068844,0.5573591405730265,0.37313135617347853,0.3495829144868921,0.324510149424535,0.4059837382475219,0.3228974303125248,0.0,
