,job6_scenario0_16,
in27,0.6092641742439016,
B14,0.2919773184403426,
B11,0.0,
