,job864_scenario4_1959,job865_scenario0_1960,job870_scenario2_1979,job871_scenario0_1981,job872_scenario1_1982,job873_scenario0_1983,job874_scenario1_1984,job875_scenario1_1985,job876_scenario0_1987,job877_scenario1_1989,job878_scenario0_1991,
in27,0.7833311649734451,0.6012820214149525,0.5739900028634695,0.3856917880712225,0.4885639133011095,0.3382232844763937,0.6063307935021014,0.3910480728584571,0.2752904748731204,0.20299665241544873,0.0,
B14,1.2709293969581659,1.1585871180219902,1.1113965200703815,0.8999791389245431,1.091293856876662,0.832118085372358,1.120618144355422,0.9755362588913254,0.8709526386281407,0.7417098668653067,0.5752696137976638,
B11,1.2976185158267661,1.0385779976202507,0.9794422110372022,0.8684126112450353,1.1228603845561695,0.832118085372358,0.9619747164536425,0.9053354237117777,0.7691852757690851,0.77645330134536,0.4938948008959644,
