,job216_scenario1_386,job218_scenario1_388,job220_scenario0_398,job221_scenario1_400,job222_scenario4_401,job225_scenario3_409,job227_scenario4_414,job228_scenario1_415,job229_scenario1_416,job230_scenario1_417,job231_scenario4_418,job232_scenario0_420,job233_scenario4_421,
in27,0.8115086843350414,0.8019382170826113,0.6300004478384269,0.7155915768204512,0.784153211020738,0.8414685734448366,0.536901169231842,0.6087183582176326,0.4950044168586104,0.4227599250527485,0.4959772633921681,0.08844259272223154,0.27865254830351877,
B14,0.9186870051571876,0.885997371551166,0.7432190287716915,0.7422806956890513,0.8045457609780942,0.8414685734448366,0.7538002436817292,0.5246592037490779,0.7488809769510961,0.3841256175527084,0.735995504195647,0.15019606657586315,0.2968943058462026,
B11,0.7204227339644472,0.6571531084698387,0.5486256349367274,0.5836372677872718,0.6641440906189986,0.7214594530430972,0.5369011692318418,0.46831668785853703,0.42042014342538564,0.32586997100460063,0.6159863837939075,0.0,0.27865254830351877,
