,job673_scenario2_1400,job675_scenario0_1409,job677_scenario1_1415,job679_scenario2_1421,job680_scenario0_1428,job681_scenario1_1429,job682_scenario4_1430,job683_scenario3_1433,job684_scenario1_1434,
in27,0.39475243539206295,0.26786360683912935,0.3287544219973973,0.3624694627668043,0.07654989921804439,0.37890827749011524,0.40364379764994973,0.024195343152406346,0.0,
B14,0.5252578944400925,0.3287034291642783,0.4375895646769851,0.4326702979463522,0.16060905368659917,0.34027396999007525,0.2569455583796102,0.29090270282448516,0.01650167693736937,
B11,0.48662358694005253,0.3033210075386239,0.4375895646769851,0.2523565536761309,0.1308554908748441,0.2202648495883358,0.40364379764994973,0.17089358242274585,0.13651079733910884,
