,job594_scenario1_1190,job595_scenario0_1193,job597_scenario1_1195,job601_scenario0_1203,job603_scenario1_1206,job604_scenario1_1207,job605_scenario1_1211,job606_scenario2_1214,job607_scenario4_1217,
in27,0.6071528395493941,0.48763306101707854,0.5820800744870371,0.39776561984307285,0.5779886903337477,0.46035945905199993,0.5514372203843916,0.45045849238786245,0.39866166870525827,
B14,0.6071528395493941,0.49568737662853174,0.5553909556184371,0.43474310548567136,0.5779886903337477,0.4723046476834399,0.4896837465307601,0.7291110406913813,0.4169034262479421,
B11,0.19463285155512894,0.09702570792327342,0.15672928691317872,0.028027121168959945,0.1793270216284894,0.07364297897818156,0.17946467054773346,0.006371976714089511,0.0,
