,job813_scenario3_1819,job815_scenario3_1826,job816_scenario1_1828,job817_scenario1_1834,job818_scenario3_1835,job819_scenario1_1836,job820_scenario0_1837,
in27,0.863772864191233,0.6736964637738183,0.5496349927258082,0.4631455697011551,0.5633618411675867,0.36499441102401975,0.1790359778591356,
B14,1.006901150946564,1.153732945380776,0.8024840331088802,0.7582997949420434,0.8420143894711055,0.6365791795070063,0.478758715195872,
B11,0.7051294362894536,0.4764187283719989,0.4492472113721366,0.28943729105723737,0.49316100598803886,0.23791751080174806,0.0,
