,job395_scenario0_745,job396_scenario0_747,job400_scenario0_759,job401_scenario0_764,job402_scenario1_765,job405_scenario3_774,job406_scenario1_775,job407_scenario1_776,job408_scenario2_777,job409_scenario1_783,job410_scenario2_785,
in27,0.8400182408034788,0.8112827842764302,0.7850158115299419,0.7502777666106574,0.8334279470907466,1.1802756657489821,0.7345451715542892,0.7035498570934299,0.6715615268130117,0.47276845603068274,0.3461690419162113,
B14,0.7095127817554492,0.7476161797652316,0.6113075328860241,0.696578608368479,0.7503963123316058,0.5914040414624366,0.6959108640542491,0.7174081763824368,0.7480589309038035,0.40256762085113507,0.3213930537051782,
B11,0.5448640155625906,0.5712645434729514,0.4526641049842447,0.4565603675650002,0.5232088711077202,0.5100292285607373,0.5176460971044018,0.36855479289937015,0.4813515712317245,0.21235766526984778,0.0,
