,job360_scenario1_674,job362_scenario0_676,job366_scenario1_682,job367_scenario0_684,job369_scenario2_688,job370_scenario2_689,job371_scenario0_690,job374_scenario0_696,job375_scenario1_698,job376_scenario3_700,job377_scenario0_703,job378_scenario2_705,job379_scenario1_706,job380_scenario2_709,job381_scenario3_710,job382_scenario0_712,
in27,0.7930410267337464,0.6122787400929831,0.6963365046930112,0.6233612700290594,0.7365393829111255,0.6096078978810708,0.5139351807066139,0.5323391922035575,0.6141276186679648,0.5890548536056077,0.386796550442054,0.486321673100362,0.44739058874899795,0.3218186943439403,0.4727684560306828,0.023119166353591458,
B14,0.7347853801856385,0.5442286973281076,0.7230256235616113,0.50335214962732,0.6600419788203338,0.7500095682401664,0.47300764017270736,0.46213835702400974,0.4292453623018955,0.6939991232652089,0.3022448307398092,0.5178882007798697,0.5314497432175527,0.3485078132125403,0.4727684560306828,0.0,
B11,0.8112827842764302,0.664237817729847,0.6261356695134634,0.6322420147173444,0.7365393829111255,0.6948735838027569,0.5455017083861218,0.5007726645240498,0.5852044486368195,0.693999123265209,0.4071891003994102,0.5013865238425004,0.4763137587801432,0.3983160984347319,0.3758785019825348,0.07292745157578318,
