,job1028_scenario0_2690,
in27,0.12630568931298325,
B14,0.0,
B11,0.03786309659075171,
