,job552_scenario0_1113,job553_scenario1_1114,job558_scenario1_1122,job560_scenario1_1126,job561_scenario1_1128,job562_scenario1_1129,job564_scenario1_1131,job565_scenario2_1134,job566_scenario3_1137,job567_scenario1_1140,job568_scenario2_1146,job569_scenario0_1147,job570_scenario0_1148,job571_scenario1_1149,job572_scenario0_1150,job573_scenario3_1151,
in27,0.5916570934303076,0.6890868387422644,0.7031606171332161,0.6500967821173014,0.6503929977957832,0.7364828748766972,0.5574597403540833,0.5745375872714629,0.7598569882422783,0.5304217785180935,0.40217838588270194,0.19606645438609366,0.1920151777254333,0.2847092928640679,0.0,0.2919773184403428,
B14,0.6934244562893632,0.7775294314644959,0.7379040516132693,0.6790199521484466,0.8019686458770303,0.7133637085231057,0.6276605755336311,0.7914366617213501,0.7598569882422783,0.7704400193215722,0.5537540339639491,0.3391947411414246,0.2587874540792231,0.37315188558629964,0.08009704649061378,0.26041079076083506,
B11,0.6524969157554565,0.7277211462423043,0.6382874811688861,0.6639551014063083,0.6654578485379214,0.629304554054551,0.6978614107131789,0.587368386851056,0.7598569882422783,0.7206317340993806,0.41724323662484025,0.2254821896509291,0.23953022991375827,0.4931610059880389,0.0,0.3804199111625744,
