,job698_scenario0_1477,job700_scenario0_1484,job703_scenario3_1489,job704_scenario0_1491,job705_scenario2_1493,job706_scenario0_1496,job709_scenario3_1502,job710_scenario1_1504,
in27,0.22824136868786105,0.2458130854350823,0.38671824845554276,0.20771690788501168,0.19332215461994112,0.1506483398101519,0.20118368754769617,0.0,
B14,0.7136055495100365,0.5984718212829689,0.6849921358071295,0.6330676954588701,0.6596004827277062,0.5284840751956854,0.5114027635307228,0.27865254830351893,
B11,0.599892998019541,0.5984718212829689,0.8050012562088689,0.5361777414107223,0.559983912283323,0.4267167123366298,0.6581010028010623,0.42535078757385847,
