,job100_scenario1_196,job104_scenario1_203,job106_scenario3_207,job109_scenario3_211,job110_scenario2_213,job111_scenario0_216,job112_scenario0_217,job113_scenario1_219,job114_scenario1_221,job115_scenario2_222,job116_scenario2_223,job117_scenario0_226,job118_scenario2_227,job119_scenario1_228,job120_scenario1_229,
in27,0.5539824808968044,0.4180713845797439,0.41611778587097836,0.4447186455286186,0.3960151226772586,0.25371984074238324,0.1908180298541653,0.45007493031585327,0.3004110230236464,0.33308231307398567,0.20381187328248723,0.023349383075876196,0.10156711710331301,0.1045836202631848,0.0,
B14,0.8143932716576394,0.8981078661867016,0.9614776938465761,0.7620055013321776,0.7946767913825169,0.5748120489107622,0.5542292752460432,0.5948600389286258,0.6990726917289047,0.8019448169587917,0.7827872862579668,0.41651419127950906,0.5002287858085712,0.3693778492776967,0.4106068573366981,
B11,0.597494197207752,0.4411905509333355,0.5628160251413178,0.4447186455286186,0.3960151226772586,0.24635121538505173,0.2666959822542393,0.34513066065625225,0.350219308245838,0.3148405555313018,0.31392478237316074,0.07502943315377397,0.16644025306764293,0.1543919054853764,0.011945188631440007,
