,job17_scenario1_42,job19_scenario0_46,job20_scenario2_47,job21_scenario1_48,job23_scenario1_50,job24_scenario2_51,job25_scenario2_52,job26_scenario2_53,job27_scenario1_54,job28_scenario2_56,job29_scenario0_59,job30_scenario4_63,job31_scenario2_64,
in27,0.3224474587142411,0.23747229455653596,0.31412679651062775,0.2706506350316369,0.2594279566779645,0.2704933858885206,0.2992283275799374,0.22020270253506685,0.32470952512687934,0.20435584478564744,0.036823325462265855,0.1200091204017395,0.0,
B14,0.8396693978360892,0.6731626651635636,0.7977332306325942,0.7611834552848848,0.6959527219739744,0.6838989848309391,0.8610899124929046,0.7002391841420245,0.661617719978506,0.6049306441484725,0.4786757899734937,0.4071090300311746,0.28709990962943516,
B11,0.8396693978360892,0.5342471546837099,0.7275323954530462,0.6540051344627387,0.6461444367517828,0.6340906996087475,0.6072133524004188,0.6219840333510236,0.6064817355410966,0.5701872096684193,0.3737315203138926,0.28709990962943516,0.2484656021293951,
