,job812_scenario2_1818,job813_scenario3_1819,job815_scenario3_1826,job816_scenario1_1828,
in27,0.2869341959794659,0.5016259699802526,0.21707893107044451,0.007447882196832012,
B14,1.0798740951363055,0.8488225316058775,0.9011836875476961,0.464365197450198,
B11,0.23317585586596612,0.4359224412353127,0.11274109482546446,0.0,
