,job1119_scenario2_3232,
in27,0.20215514421272718,
B14,0.38041991116257445,
B11,0.0,
