,job426_scenario3_815,job428_scenario1_824,job429_scenario2_825,job430_scenario2_830,job432_scenario0_832,job433_scenario3_836,job434_scenario3_838,job435_scenario3_842,
in27,0.45469640986412846,0.23898441388748926,0.3794502228792679,0.20278866393609962,0.13449956954559206,0.37987409513630543,0.3139247823731607,0.038634307500040016,
B14,0.5747055302658679,0.3185462619214359,0.3794502228792679,0.34591695069143047,0.23800701300996208,0.2598649747345661,0.5041347379544479,0.0,
B11,0.5045046950863201,0.3683545471436275,0.42925850810145955,0.25259694915829123,0.09586526204555212,0.5700840507175926,0.2254821896509291,0.2786525483035188,
