,job831_scenario0_1871,job834_scenario1_1876,job838_scenario0_1882,job840_scenario1_1890,job841_scenario1_1891,job842_scenario1_1892,job843_scenario1_1893,job844_scenario3_1895,job845_scenario1_1897,job846_scenario4_1901,job847_scenario1_1904,job848_scenario0_1905,job849_scenario1_1907,
in27,0.33992301015878,0.40604970073997404,0.34290349958139466,0.3899433104876254,0.33617555694941836,0.43455978916940474,0.3052537945459494,0.4315941211475374,0.28830950279244255,0.27830697803299237,0.23275021522720402,0.04445200043495695,0.0,
B14,0.618575558462299,0.6499588145634396,0.553506005120038,0.6685958587911444,0.5402438318197125,0.4430071504953209,0.5537193966753445,0.5719957915066329,0.5985285787754691,0.45027517607159584,0.35275933562894335,0.24354270070452916,0.391593888884726,
B11,0.5522655963027379,0.6210356445322944,0.46944685065148317,0.5983950236115965,0.5718103594992203,0.5630162708970603,0.48351856149579675,0.5516032415492766,0.5985285787754691,0.6587268891955669,0.4460793371620826,0.1703307189696152,0.333338242336618,
