,job1147_scenario2_3406,
in27,0.30177171465711033,
B14,0.3986616687052583,
B11,0.0,
