,job950_scenario0_2292,
in27,0.0,
B14,0.06433123704662891,
B11,0.018906390078114232,
