,job638_scenario0_1313,job639_scenario0_1314,job641_scenario2_1319,job642_scenario2_1321,job643_scenario2_1322,job644_scenario3_1327,job646_scenario4_1335,job647_scenario3_1339,job648_scenario2_1346,
in27,0.502400553588046,0.4436963537255833,0.6680255317990071,0.5354986196786526,0.555547999565043,0.6108703076380223,0.5486635360607773,0.40494686019866255,0.0,
B14,0.49470432820323934,0.5227779335934162,0.6680255317990071,0.5772525892893909,0.7955662403685217,0.6108703076380223,0.47846270088122944,0.40494686019866255,0.13195430903317928,
B11,0.502400553588046,0.48233066122562335,0.726281178347115,0.6323885737268005,0.5169136920650029,0.7575685469083618,0.6686726564625167,0.5453485305577582,0.19020995558128723,
