,job1110_scenario0_3134,
in27,0.06341029571107326,
B14,0.43729597620529836,
B11,0.0,
