,job493_scenario0_968,job495_scenario4_978,job497_scenario2_980,job498_scenario1_981,job499_scenario3_986,job500_scenario0_988,job501_scenario2_992,job502_scenario0_996,job503_scenario0_997,job504_scenario4_998,job505_scenario2_999,job506_scenario2_1001,job507_scenario0_1002,job508_scenario1_1003,
in27,0.6939066651480997,0.879197353998754,0.6754252948069417,0.8584051259360037,0.6799581613933998,0.5649735499485631,0.5442800978071004,0.37387430307638553,0.37549065688262856,0.5156532756160921,0.40286134565262316,0.29012025082715864,0.05129444510143355,0.1245064268363475,
B14,0.5535049947890042,0.5872200355584111,0.6171696482588338,0.5868203574530172,0.5680033566031135,0.36588284967899093,0.49719842898114414,0.29172827926539785,0.19264932665867301,0.307201562492121,0.42955046452122325,0.5568276104992375,0.0,0.06366660451119843,
B11,0.6295754281014708,0.7774299911396984,0.7842604374865294,0.7218943285968948,0.9751123866342881,0.5395911283229087,0.594088383029292,0.38670510265597874,0.3550981069252724,0.6560549459751877,0.5811261126024705,0.3483758973752664,0.05129444510143355,0.19020995558128723,
