,job347_scenario0_646,job348_scenario1_648,job349_scenario0_652,job350_scenario1_654,job351_scenario3_655,job354_scenario4_658,job355_scenario1_662,job356_scenario3_665,job357_scenario3_666,job359_scenario1_670,job360_scenario1_674,job361_scenario3_675,job362_scenario0_676,job363_scenario1_677,job364_scenario2_678,job365_scenario4_679,job366_scenario1_682,job367_scenario0_684,job368_scenario3_685,
in27,0.8537086477312634,1.0037895187687822,0.8265371307314011,0.904810723719319,1.062998262356393,1.002349550873593,0.8878270628222209,0.9970489495932482,0.9887060430235557,0.8569371659977891,0.8380566787240791,0.9811978088159317,0.6334491877036965,0.7697581781041054,0.7191159910729975,1.0181206212826739,0.5684713316055827,0.3280274501633418,0.6066799984668607,
B14,0.9856629567644428,1.0971095203019214,0.9248759347646988,1.068331560432006,1.1212539089045008,1.0725503860531407,1.0464704907240003,1.0237380684618484,1.1354042822938952,0.8720020167399274,0.8998101525777106,0.9109969736363839,0.6854082653405604,0.9062689754432143,1.0431933863450311,0.8981115008809345,0.7151695708759223,0.3280274501633418,0.6564882836890522,
B11,0.5350422104223206,0.6819461746592939,0.5282632433798145,0.5679025288676922,0.6643365936511347,0.6858339059793224,0.6393614606928258,0.6868298736102215,0.7100534947200369,0.569837256368354,0.5193902414151361,0.6940978991864966,0.34850007048893367,0.43284998325247875,0.4458744007325693,0.6812124264310472,0.16136230157440812,0.0,0.1497626832134945,
