,job881_scenario3_2000,job885_scenario0_2011,job889_scenario0_2020,job890_scenario2_2023,job891_scenario0_2025,job892_scenario1_2029,job893_scenario0_2031,job894_scenario1_2035,
in27,0.6484818181795851,0.39690457166326343,0.390658837890024,0.4041725972395384,0.3005116228047032,0.3033766910455138,0.1370395969286975,0.0,
B14,1.117344322064391,0.9155753607702612,0.7893205065952822,0.9432359363038922,0.7638184661999303,0.911869654380127,0.6059021008135035,0.5186707891069976,
B11,1.1404634884179825,0.8657670755480695,0.7450090818747162,0.8880999518664827,0.7233711938321375,0.8536140078320191,0.5476464542653956,0.5004290315643138,
