,job626_scenario0_1278,job628_scenario0_1282,job630_scenario0_1295,job631_scenario0_1297,job632_scenario2_1300,job633_scenario2_1301,
in27,0.3380231293980842,0.30065123165499574,0.10709114496570549,0.12371482679187351,0.12000912040173939,0.0,
B14,0.7357711465748599,0.6873677117288142,0.4918288999265918,0.47051923295456627,0.4569173152533662,0.6155607431551456,
B11,0.37803701840350823,0.315395161892156,0.2598649747345661,0.12371482679187351,0.026689118868600148,0.026689118868600148,
