,job910_scenario1_2085,job912_scenario4_2095,job913_scenario2_2101,job915_scenario1_2103,job916_scenario2_2104,job918_scenario1_2115,job919_scenario1_2116,job920_scenario3_2118,
in27,0.5660823300128159,0.550874858012844,0.3480839409555027,0.5396063002364802,0.39187374208705106,0.246263057033366,0.0,0.18758176984649605,
B14,0.5478405724701321,0.5775639768814442,0.5017085663571238,0.43783893737742446,0.4968180117466522,0.1123956173426196,0.06030462386848179,0.04088353057615651,
B11,0.5478405724701321,0.6975730972831835,0.5599642129052318,0.41959717983474065,0.4470097265244605,0.12625393663162654,0.1305054590480296,0.017764364222565054,
