,job1088_scenario0_3012,job1089_scenario1_3013,job1090_scenario1_3017,
in27,0.4315941211475373,0.550766116376094,0.3102190759830266,
B14,0.5719957915066329,0.7259112212152429,0.3804199111625744,
B11,0.021758474720127596,0.008583115201041824,0.0,
