,job588_scenario1_1175,job590_scenario2_1184,job594_scenario1_1190,job595_scenario0_1193,job596_scenario2_1194,job597_scenario1_1195,job598_scenario3_1196,job599_scenario3_1197,job601_scenario0_1203,job602_scenario3_1205,job603_scenario1_1206,job604_scenario1_1207,job605_scenario1_1211,
in27,0.6011047623708314,0.4906463757973132,0.4636281473855325,0.3336111126635743,0.3906242006014195,0.41939785162235044,0.5022205969658471,0.549254482703635,0.17278931710613954,0.4114406228158133,0.30041102302364636,0.1552813544713813,0.0617534738536315,
B14,0.6446164786817792,0.5978246966194594,0.4636281473855325,0.3416654282750275,0.4608250357809673,0.39270873275375034,0.5604762435139551,0.6376970754258665,0.20976680274873805,0.5700840507175927,0.30041102302364636,0.16722654310282126,0.0,
B11,0.5014881919264483,0.5045046950863201,0.44976982809652555,0.3416654282750275,0.42925850810145955,0.39270873275375034,0.5022205969658471,0.7078979106054144,0.20171248713728485,0.6900931711193321,0.30041102302364636,0.16722654310282126,0.0884425927222317,
