,job274_scenario1_503,job276_scenario0_505,job279_scenario2_512,job281_scenario4_519,job282_scenario1_521,job283_scenario1_522,job284_scenario0_523,job285_scenario0_525,job286_scenario3_528,job287_scenario1_532,job288_scenario1_536,job289_scenario1_538,job290_scenario1_540,job291_scenario0_541,
in27,0.711666213832047,0.6198404904707462,0.7748815372558678,0.7068294778547566,0.5824920373652418,0.6278482890377277,0.4701219100026831,0.5146309838130569,0.671068185251346,0.477389935578958,0.41070900595649107,0.3441243749588635,0.04542484696851479,0.0,
B14,1.1557527295058199,1.1122152064236068,1.25219140246659,1.087249389017331,1.0948662575609955,1.086523350991303,0.9142084256764562,0.9049471062866972,1.0514880964139204,1.181887242013566,0.8462649015564749,0.8129868788436696,0.5640956360755124,0.41739739680517296,
B11,1.1210092950257668,0.9771412352797291,1.1117897321074945,1.1686242019190303,0.9876879367388494,1.1132124698599033,0.8794649911964029,0.9154434449329873,1.1714972168156597,0.9916772864322789,0.8258723515991186,0.7245442861214378,0.5640956360755124,0.42584475813108913,
