,job650_scenario1_1349,job651_scenario2_1351,job652_scenario0_1355,job654_scenario2_1361,job655_scenario4_1363,job656_scenario4_1364,
in27,0.2868424977105945,0.2971825047571209,0.12365914328498379,0.15557124123501787,0.0,0.1466982392703396,
B14,0.6257996698825953,0.48251505152750046,0.3026951211441194,0.5542329099402761,0.18533254677037964,0.2555333819499274,
B11,0.5871653623825552,0.7225332923309793,0.40884592225685185,0.2844611063250423,0.49555162275340625,0.3369081948516268,
