,job19_scenario0_46,job23_scenario1_50,job24_scenario2_51,job27_scenario1_54,job28_scenario2_56,job29_scenario0_59,job31_scenario2_64,job32_scenario3_66,job33_scenario4_68,job34_scenario1_70,job35_scenario1_72,job36_scenario0_73,job37_scenario1_74,job38_scenario1_77,job39_scenario0_78,job40_scenario0_79,job41_scenario3_83,
in27,0.5133132883388409,0.5575365380254556,0.5756506627587628,0.65652923871157,0.560847210976861,0.4506037299054419,0.6375594265066225,0.6194684636827468,0.44046712311221564,0.5056342178810918,0.4988552508385857,0.35284749398062915,0.39601512267725864,0.40026664509366167,0.18040190262190692,0.16722654310282126,0.13195430903317928,
B14,0.42188550851295464,0.4669431528885514,0.46193811126826706,0.46631928313028287,0.43430385990677217,0.36533804398375586,0.39754118570314373,0.6194684636827468,0.3822114765641078,0.2971825047571207,0.2700109877572584,0.17313387704563216,0.39601512267725864,0.21005668951237455,0.013311113394211205,0.0037057063901342335,0.0,
B11,0.3531708332126488,0.4873357028459078,0.48233066122562346,0.4813841338724211,0.46976126060626683,0.3305946095037025,0.42910771338265136,0.6194684636827468,0.4292931453900641,0.526026767838448,0.3402118229368062,0.19625304339922361,0.39601512267725864,0.25986497473456605,0.053325002399635335,0.04721742270108176,0.22884426308132724,
