,job900_scenario2_2060,job902_scenario0_2065,job903_scenario0_2067,job904_scenario0_2070,job906_scenario1_2076,job907_scenario1_2077,job908_scenario4_2079,job909_scenario2_2084,
in27,0.49379452571141147,0.40066084781384215,0.353646714958821,0.3509902115108946,0.32627809584495376,0.32933506705602417,0.3200323620717142,0.0,
B14,0.8040136016944381,0.6355104491862485,0.5373224398717591,0.5963361515295913,0.5866888866057888,0.6036041771058661,0.7888948659565203,0.45691731525336615,
B11,0.7836210517370819,0.5554134026956348,0.589281517508623,0.5190675365295112,0.7453323145075682,0.5832116271485099,0.5986849103752332,0.17826476694984733,
