,job715_scenario1_1530,job717_scenario0_1540,job720_scenario0_1545,job721_scenario0_1547,job725_scenario0_1559,job726_scenario4_1565,
in27,0.5467144553205295,0.3649100031454332,0.29137183237272213,0.27423483720086983,0.12599753504381983,0.0,
B14,1.000061818058887,0.7917096407044413,0.7272771459780142,0.7718936246597935,0.5812580284397443,0.4217808350588497,
B11,0.7480983886239683,0.643562551448952,0.5553089479394109,0.5447061834359078,0.41144062281581323,0.6386799095087371,
