,job742_scenario1_1602,job745_scenario0_1610,job746_scenario0_1611,job749_scenario4_1617,job751_scenario1_1630,job752_scenario2_1636,job753_scenario1_1639,
in27,0.6104386422368002,0.527301546074626,0.4791542473051438,0.5676343389487923,0.38049998153081005,0.214640373521794,0.0,
B14,1.0673559574901663,0.957529742459392,0.976598091765803,1.1028068049931594,0.8058507691046685,0.9373794374990858,0.4635348046695882,
B11,1.0855977150328502,0.9259632147798843,0.8778159160104021,1.191249397715391,0.8209156198468068,0.6587268891955669,0.5186707891069977,
