,job487_scenario0_952,job488_scenario0_953,job489_scenario0_957,job491_scenario1_961,job493_scenario0_968,job494_scenario2_975,job495_scenario4_978,job496_scenario2_979,job497_scenario2_980,
in27,0.4921781719051684,0.44762863004359627,0.4215487347144559,0.5036919868158761,0.35436431201734675,0.2865527037346394,0.30295105040675174,0.024775988211033106,0.0,
B14,0.5010589165934534,0.5747055302658679,0.5486256349367276,0.49086118723628297,0.4041725972395384,0.5404292638271251,0.20118368754769617,0.19020995558128723,0.13195430903317928,
B11,0.475676494967799,0.45469640986412846,0.4883210110682457,0.5036919868158761,0.29003307497071784,0.2617767155236063,0.20118368754769617,0.038634307500040044,0.10883514267958783,
