,job754_scenario1_1640,job755_scenario0_1641,job756_scenario0_1646,job757_scenario0_1647,job758_scenario4_1649,job759_scenario0_1652,job760_scenario1_1654,job761_scenario1_1655,
in27,0.7773753179638423,0.6296427598144133,0.5223208119902418,0.5235558312467732,0.5469648843640011,0.37908780510112716,0.291483347883112,0.2555333819499273,
B14,0.4587088806548994,0.3838205153333808,0.27600600227551914,0.26802244929684577,0.4114406228158131,0.058681287186869824,0.15864342790177932,0.08844259272223154,
B11,0.48222109272295405,0.36749188844826386,0.26406081364407924,0.22451073298589808,0.4696962693639211,0.10043525679760834,0.026689118868600037,0.0,
