,job1180_scenario1_3592,
in27,0.0,
B14,0.2673930499262005,
B11,0.3874021703279398,
