,job281_scenario4_519,job282_scenario1_521,job284_scenario0_523,job285_scenario0_525,job288_scenario1_536,job289_scenario1_538,job290_scenario1_540,job291_scenario0_541,job292_scenario1_543,job293_scenario1_544,job294_scenario2_549,job295_scenario1_551,job296_scenario3_552,
in27,0.7589204713288942,0.6399163289149925,0.5338357767429751,0.5858795079880195,0.5860383504457358,0.5808210103831426,0.43573912491904604,0.3761617888699908,0.5271982208011494,0.39792778100965115,0.2383949041218668,0.07020083517954773,0.21332912193487857,
B14,0.7589204713288942,0.7718706379481719,0.5975023812541738,0.5957757192990853,0.6411743348831453,0.6692636031053742,0.5739900028634692,0.4131392745125893,0.5973990559806974,0.5284332400576808,0.48890948357163583,0.13507397114387765,0.43022819638476595,
B11,0.6500853286493065,0.47448236154473844,0.37254899119283325,0.41606210236408836,0.4305718293445018,0.3906110548018553,0.383780047282182,0.2313766802572183,0.2373716947754791,0.3613424508299851,0.09463125312005449,0.0,0.049808285222191606,
