,job0_scenario3_0,
in27,0.1200091204017394,
B14,0.1200091204017394,
B11,0.0,
