,job755_scenario0_1641,job756_scenario0_1646,job757_scenario0_1647,job759_scenario0_1652,job761_scenario1_1655,job762_scenario2_1657,job763_scenario1_1658,job764_scenario3_1660,job765_scenario4_1663,job766_scenario2_1665,job767_scenario2_1667,
in27,0.393421922645216,0.3232264770264368,0.33568325709328817,0.3039563257731069,0.32279778433783907,0.31626216380096306,0.39601512267725875,0.47514769537821044,0.1800573426824144,0.0673162478569499,0.0,
B14,0.5547087081953579,0.48402069734288866,0.4872589051745354,0.39065883789002404,0.5628160251413179,0.4833529530286588,0.4662159578568065,0.4484585765096103,0.2374273782823691,0.3415853579067918,0.2786525483035189,
B11,0.6001335551638726,0.5338289825650803,0.5055006627172193,0.49416628135439405,0.5361269062727179,0.6033620734303982,0.5475907707585058,0.524955980600402,0.5041347379544481,0.25752620343823707,0.20845171312397104,
