,job1088_scenario0_3012,job1090_scenario1_3017,job1092_scenario1_3026,
in27,0.2888436919427997,0.35738081517721865,0.0,
B14,0.9794826790884008,0.9778189671432718,0.6435573183196446,
B11,0.6692636031053741,0.8374172967841762,0.43022819638476606,
