,job675_scenario0_1409,job679_scenario2_1421,job680_scenario0_1428,job683_scenario3_1433,job684_scenario1_1434,job685_scenario2_1437,job686_scenario3_1438,job687_scenario1_1440,job688_scenario1_1445,job689_scenario3_1447,
in27,0.3652034471143475,0.49368902924965186,0.25899658295723216,0.3165042674764309,0.346204499944134,0.24983152689216642,0.39133795962209356,0.18064400629737487,0.0,0.10415797962442272,
B14,0.42604326943949644,0.5638898644291997,0.34305573742578693,0.5832116271485097,0.3627061768815034,0.4084749547939459,0.30289536689986185,0.3504614119213059,0.041753969610738406,0.007268025576274761,
B11,0.40066084781384204,0.38357612015897846,0.31330217461403187,0.46320250674677044,0.48271529728324286,0.3817858359253457,0.5113470800238329,0.2455171422617048,0.0,0.0655236721243827,
