,job1041_scenario0_2776,job1042_scenario4_2778,
in27,0.24499581540420068,0.28383036865998323,
B14,0.2836301229042407,0.29089814848051554,
B11,0.0,0.21133630044656881,
