,job255_scenario0_462,job258_scenario0_467,job260_scenario4_476,job261_scenario0_478,job263_scenario1_481,job265_scenario0_484,job266_scenario1_486,job267_scenario1_488,job268_scenario2_489,job269_scenario1_490,job270_scenario1_491,job271_scenario2_494,
in27,0.487208070036531,0.4724046182546294,0.5718892728617386,0.4085247194369982,0.6776024159196952,0.2860752176268393,0.33822328447639366,0.31182405237143,0.2617767155236064,0.2956830248304769,0.1990829575459655,0.0,
B14,0.8556827925676654,0.8462902987488545,0.970550941566997,0.7429416977422009,0.8291780640009423,0.7051294362894538,0.7684514808611596,0.8234270616578954,0.7937722747674278,0.6992221023466427,0.7106859668324309,0.6204381519660531,
B11,0.5952720018068305,0.5992042781248433,0.7305327007635182,0.5140974346608737,0.7007215822732866,0.4597834962707571,0.5782415252798723,0.5749614595285004,0.4021783858827019,0.5672677933134634,0.418708648392088,0.16352083671268702,
