,job1085_scenario0_3000,
in27,0.0,
B14,0.25387656009248555,
B11,0.25387656009248555,
