,job826_scenario0_1853,job827_scenario0_1861,job828_scenario0_1864,job831_scenario0_1871,job833_scenario1_1873,job834_scenario1_1876,job836_scenario0_1880,job837_scenario1_1881,job838_scenario0_1882,job839_scenario1_1887,job840_scenario1_1890,
in27,0.42867604798142933,0.36335373858361375,0.37128929208254535,0.3202725707030636,0.4608250357809673,0.3590445271223477,0.2380070130099622,0.2991251686291107,0.23645592161733814,0.33733383549038876,0.0,
B14,0.5923382783833672,0.5080732527410213,0.5250553111734172,0.5056051174734432,0.575956747371799,0.509633639412674,0.4714077643972189,0.5427133619475983,0.35373842562284225,0.4840320747607283,0.1853325467703797,
B11,0.652642902251849,0.6280823731427607,0.595256146352965,0.5593042757156216,0.6612224332934853,0.6007195897832681,0.4629604030713026,0.6360333634807375,0.3896883915560269,0.35016463506998197,0.2351408319925712,
