,job1092_scenario1_3026,job1093_scenario2_3029,job1094_scenario4_3034,job1095_scenario4_3036,job1096_scenario2_3037,
in27,0.39002010815899785,0.35328813521853175,0.2488912427681571,0.07020083517954778,0.0,
B14,0.7372166697846227,0.7823098001501665,0.5027678028606428,0.4054522081737328,0.3738856804942251,
B11,0.9043074590123185,0.8525106353297143,0.8627951640658609,0.6342964712550601,0.4938948008959644,
