,job1025_scenario0_2679,
in27,0.007696225384806743,
B14,0.04243965986486009,
B11,0.0,
