,job987_scenario0_2471,job988_scenario0_2472,job989_scenario0_2474,job990_scenario1_2475,
in27,0.2962968841489276,0.27927843469802366,0.19020995558128734,0.23673817505210693,
B14,0.17239689072720138,0.12565380929640252,0.0,0.012912714470938003,
B11,0.28860065876412083,0.2490914885238999,0.16981740562393116,0.27849214466284533,
