,job698_scenario0_1477,job700_scenario0_1484,job703_scenario3_1489,job704_scenario0_1491,job705_scenario2_1493,job706_scenario0_1496,job707_scenario2_1498,job708_scenario3_1500,
in27,0.28240975164055593,0.28588741330046774,0.40778447238156307,0.2165017514980042,0.1845059484855015,0.09348387065999975,0.0,0.1377734846243045,
B14,0.8749522532848777,0.7457244699705006,0.8132366805552959,0.7490308598940089,0.7579625974154127,0.5784979268676793,0.8146102155252815,0.5818600002980775,
B11,0.7612397017943822,0.7457244699705006,0.9332458009570352,0.6521409058458609,0.6583460269710296,0.47673056400862374,0.5043911395422548,0.7018691206998169,
