,job196_scenario1_350,job199_scenario2_355,job201_scenario0_357,job202_scenario1_360,job203_scenario1_363,job204_scenario1_364,job205_scenario0_365,job206_scenario4_368,job208_scenario0_373,job209_scenario1_374,job210_scenario0_375,job212_scenario1_378,job213_scenario4_380,job214_scenario3_381,job215_scenario2_382,job216_scenario1_386,
in27,0.5580870166171146,0.6222081205244918,0.4276849756302427,0.5299327199843248,0.6754252948069417,0.4464186870939216,0.3751855546633008,0.6741901848729772,0.3341599903997192,0.5696065646097925,0.27680152722573315,0.33822328447639366,0.37549065688262856,0.3689550363457525,0.1691396737603883,0.0,
B14,0.6669221592967024,0.6657198368354394,0.4646624612728412,0.6139918744528795,0.6171696482588337,0.5868203574530171,0.43885215917449943,0.5155467569711978,0.326105674788266,0.6082408721098326,0.3540701422258132,0.40188988898759215,0.3203546724452191,0.307201562492121,0.3909161570211832,0.10717832082214618,
B11,0.6465296093393462,0.5874646860444386,0.44154329491924965,0.5935993244955233,0.5736579319478861,0.5166195222734693,0.3890438739523077,0.49904508003382836,0.2906482740887715,0.3577262926600635,0.3069884733998569,0.38364813144490834,0.45686546978432796,0.5156532756160921,0.2891487941621276,0.02892317003114525,
