,job502_scenario0_996,job503_scenario0_997,job507_scenario0_1002,job511_scenario1_1010,job513_scenario0_1015,job514_scenario3_1018,job515_scenario1_1019,job517_scenario0_1021,job518_scenario0_1022,job519_scenario0_1028,job520_scenario0_1033,job521_scenario3_1035,
in27,0.4564518190534048,0.478915998604843,0.4232047115550215,0.6010222918030355,0.3606594910600639,0.5881021817589818,0.5515524064112725,0.28981514860783086,0.33601705801290344,0.1966953928304342,0.0,0.2472862663797537,
B14,0.7547257064049915,0.6764945795434619,0.7523301776161624,0.7708396974269663,0.6708785670430906,0.7783121373402688,0.5881377365909385,0.5298333894113098,0.5648613210942307,0.41709229458584524,0.2715847684829866,0.3174871015593016,
B11,0.6594925742142852,0.6487334042287741,0.6134146671363087,0.7912322473843225,0.538038647061758,0.7516230184716687,0.6217532415908202,0.5382807507372259,0.5097253366568213,0.43442040060004644,0.22177648326079502,0.2472862663797537,
