,job129_scenario0_244,job131_scenario2_247,job132_scenario0_249,job134_scenario1_253,job135_scenario0_254,job137_scenario2_256,job140_scenario2_260,job141_scenario2_261,job145_scenario4_270,job146_scenario4_271,job147_scenario3_273,job148_scenario1_274,job149_scenario4_275,job150_scenario2_276,job151_scenario1_277,job152_scenario0_278,job153_scenario1_279,job154_scenario1_280,job155_scenario1_282,job156_scenario1_284,
in27,0.5590724594660934,0.6410186341253872,0.4641414607312167,0.5585415160132933,0.4792020303933125,0.5667624453383932,0.49524337569656113,0.4690637869027809,0.5176879550241271,0.6074015807401474,0.47846270088122944,0.413152117849111,0.4893351242103979,0.31655296810795186,0.355138574976471,0.21742531486970607,0.27372190415504627,0.2502581778619622,0.20118368754769617,0.0,
B14,0.5684334723204922,0.6575203110627565,0.5200253364519294,0.7487514715945804,0.5918425254377203,0.7321964127086473,0.7071236476462901,0.7388355905180148,0.48294452054407383,0.695844173462379,0.47846270088122944,0.48335295302865877,0.5862250782585459,0.5284332400576809,0.3284494561078709,0.25986497473456616,0.3502193082458379,0.29568302483047687,0.11274109482546452,0.19020995558128723,
B11,0.38475774740755425,0.5059446629815094,0.4366015462298561,0.46330838382258693,0.3447565048137093,0.5806207646274001,0.5871145272445507,0.4147581952459812,0.5878887902036749,0.42913681379030005,0.40196529679043774,0.2664538785787715,0.5862250782585459,0.27191332231683263,0.28493773979692316,0.08297978929010286,0.25060273780145476,0.15917222749136806,0.004677163055165134,0.011945188631439896,
