,job171_scenario2_308,job173_scenario1_311,job175_scenario3_314,job176_scenario2_315,job177_scenario2_316,job178_scenario1_318,job179_scenario2_319,job180_scenario3_320,job181_scenario2_322,job183_scenario1_324,job184_scenario2_328,job185_scenario1_329,job186_scenario0_333,job187_scenario2_334,job188_scenario1_335,job189_scenario2_338,job190_scenario1_340,job191_scenario0_342,
in27,0.6770735740708018,0.6202949898669249,0.6454939005917301,0.6245138154880595,0.6183753127065564,0.5786671659186345,0.6482422053811108,0.7814137512879813,0.549012379028167,0.488363667545367,0.4678796698019355,0.41719162515886016,0.2991251686291107,0.3999767583300253,0.39108854090965567,0.31392478237316074,0.15137540232550462,0.0,
B14,1.0536026122133895,0.980322351072143,0.8437581717844704,1.0547420118728255,0.9784026739117747,0.9386945271238527,0.8882604461845895,0.98279768459142,0.9357288591019853,0.9501583916096408,0.9977244366310847,0.9358624142658578,0.6360333634807375,0.7164924032242956,0.8849833418056202,0.5272539043080395,0.5345219298843142,0.25825999834616276,
B11,0.93359349181165,0.9020672002811421,1.0606572462343578,0.9143403415137299,0.8317044346414352,0.8315162063017065,0.838452160962398,1.0712402773136516,0.7770854312002058,0.7985827435283936,0.7727710465697443,0.7456524586845706,0.647207341202889,0.7368849531816519,0.694773386224333,0.504134737954448,0.5114027635307228,0.20138393330343884,
