,job1053_scenario1_2851,
in27,0.2235165638661094,
B14,0.0,
B11,0.24001824080347883,
cn12,0.11156175907582322,
B54,0.3986616687052583,
