,job654_scenario2_1361,
in27,0.41905421866261444,
B14,0.6590724594660933,
B11,0.26929153544912,
cn12,0.34885338348306666,
B54,0.0,
