,job50_scenario3_100,job56_scenario1_109,job57_scenario3_110,job58_scenario0_112,job60_scenario0_114,job62_scenario0_118,job63_scenario0_119,
in27,0.8427481843790312,0.3423191528147175,0.5640956360755124,0.2786525483035188,0.2597461582254046,0.24270258237033415,0.2538765600924857,
B14,0.2538765600924857,0.1489322904328847,0.28544308777199356,0.06366660451119854,0.08405915446855472,0.05430559165679971,0.05430559165679971,
B11,0.2538765600924857,0.16543396737025406,0.28544308777199356,0.0,0.05430559165679971,0.0,0.036977485642598396,
cn12,0.4125199879942652,0.3423191528147175,0.5058399895274044,0.1620054085444962,0.1458126283221861,0.1397370378236653,0.1620054085444962,
B54,0.7227390639772918,0.5058399895274044,0.44408651567377294,0.4275848387364035,0.39866166870525827,0.39866166870525827,0.39866166870525827,
