,job456_scenario0_887,job458_scenario3_890,job460_scenario4_892,job461_scenario1_896,
in27,0.6281123652012068,0.7778750484147012,0.7076742132351534,0.757482498457345,
B14,0.4472634224743186,0.6690399057351135,0.6107842591870056,0.5325291083960046,
B11,0.2848146422077191,0.4472634224743185,0.549030785333374,0.3371505133836451,
cn12,0.0,0.2635876975613807,0.33378853274092846,0.18402584952743384,
B54,0.6809850943665534,0.8009942147682927,1.01789328921818,0.8978841688164407,
