,job42_scenario1_84,job48_scenario1_98,job49_scenario3_99,job50_scenario3_100,
in27,0.013858319289007048,0.0,0.013858319289007048,0.444086515673773,
B14,0.29593942641828375,0.264372898738776,0.5745919747218027,0.264372898738776,
B11,0.2608029462237673,0.2608029462237673,0.23768377987017586,0.28749206509236747,
cn12,0.21729122991281968,0.20154068891655985,0.3141811839609677,0.3141811839609677,
B54,0.6946010951235421,0.5043911395422549,0.9346193359270208,0.8146102155252815,
