,job399_scenario1_756,job400_scenario0_759,job401_scenario0_764,job402_scenario1_765,
in27,0.0910859503705942,0.0,0.0,0.0910859503705942,
B14,0.6053733012239149,0.20671163251865654,0.32672075292039593,0.3884742267740275,
B11,0.2747616752835319,0.09787648983906871,0.13651079733910876,0.21109507077233347,
cn12,0.288086445420356,0.14539154202739368,0.14845598597054854,0.31827339159447976,
B54,0.2951542252408883,0.13651079733910876,0.0910859503705942,0.2951542252408883,
