,job1120_scenario0_3241,
in27,0.15573350120481522,
B14,0.17885266755840679,
B11,0.14187518191580828,
cn12,0.0,
B54,0.23710831410651462,
