,job458_scenario3_890,job463_scenario0_901,job464_scenario3_902,
in27,0.21060250553864346,0.0,0.38041991116257456,
B14,0.5424918978901119,0.3024736570866331,0.484236251342004,
B11,0.6807427758345351,0.5424918978901119,0.9411535665953702,
cn12,0.2940262957607168,0.030438598199336253,0.3642271309402646,
B54,0.7242544921454828,0.5424918978901119,0.8709527314158223,
