,job405_scenario3_774,job411_scenario1_786,job412_scenario3_788,job415_scenario0_794,
in27,0.7404472723677926,0.32528392672516493,0.3102190759830266,0.2217764832607949,
B14,0.2217764832607949,0.24001824080347878,0.15157564808124713,0.12990533171280538,
B11,0.260410790760835,0.19020995558128728,0.430228196384766,0.07756946053687941,
cn12,0.43022819638476606,0.19020995558128717,0.3804199111625744,0.049808285222191606,
B54,0.19020995558128728,0.3102190759830266,0.260410790760835,0.0,
