,job360_scenario1_674,job361_scenario3_675,job362_scenario0_676,
in27,0.6454704489772116,0.804113876878991,0.4735022509386082,
B14,0.707223922830843,0.7339130416994433,0.5254613285754721,
B11,0.6637122065198954,0.8539221621011825,0.5254613285754721,
cn12,0.204068274870294,0.204068274870294,0.0,
B54,0.4440865156737728,0.5640956360755123,0.29432383246027827,
