,job430_scenario2_830,
in27,0.1586434279017795,
B14,0.023119166353591458,
B11,0.2084517131239711,
cn12,0.16981740562393105,
B54,0.0,
