,job369_scenario2_688,job371_scenario0_690,job373_scenario4_695,job374_scenario0_696,
in27,0.48710426142748986,0.2786525483035188,0.6773142170087771,0.3488533834830666,
B14,0.6506250981401769,0.47774324857309103,0.7475150521883249,0.5186707891069977,
B11,0.48710426142748986,0.31021907598302667,0.5888716242865455,0.31728685580355886,
cn12,0.15864342790177943,0.0,0.37197254983665806,0.035064354985031354,
B54,0.3137169032885502,0.2065385824664041,0.2905977369349587,0.22039690175541093,
