,job495_scenario4_978,
in27,0.4151633456426277,
B14,0.31339598278357206,
B11,0.31339598278357206,
cn12,0.07337774198009339,
B54,0.0,
