,job685_scenario2_1437,job688_scenario1_1445,
in27,0.0813748129016994,0.09332000153313935,
B14,0.2400182408034789,0.13507397114387776,
B11,0.21332912193487868,0.09332000153313935,
cn12,0.07020083517954784,0.0,
B54,0.3600273612052182,0.2715847684829866,
