,job380_scenario2_709,job382_scenario0_712,job387_scenario0_720,job388_scenario0_722,job389_scenario0_723,job390_scenario2_724,job391_scenario3_725,
in27,0.1260847109002604,0.006075590498521022,0.0,0.006075590498521022,0.05588387572071263,0.15277382976886056,0.34298378535014773,
B14,0.741645454055406,0.5718280484314751,0.5830020261536266,0.5420744856197199,0.5166920639940655,0.8616545744571453,0.9318554096366932,
B11,0.6714446188758582,0.5247463796055187,0.5830020261536266,0.5331937409314349,0.5166920639940655,0.6216363336536666,0.9318554096366932,
cn12,0.6077780143646596,0.36446183455517167,0.35186453003843265,0.36446183455517167,0.36775977356118084,0.5613317097851848,0.5949472147850665,
B54,0.7149563351868058,0.5514354984741189,0.5949472147850665,0.5718280484314751,0.6918371688332143,0.7732119817349138,0.6714446188758582,
