,job337_scenario2_626,job341_scenario0_634,job342_scenario2_636,
in27,0.9306572279490799,0.794146430609971,0.8852323809805651,
B14,1.0893006558508593,0.8195288522356254,0.9692915354491198,
B11,0.6702464371882448,0.6039364750286839,0.708880744688285,
cn12,0.14040167035909557,0.0,0.14040167035909557,
B54,0.8492824150473806,0.8387860764010903,1.0190998206713116,
