,job112_scenario0_217,job116_scenario2_223,job117_scenario0_226,job118_scenario2_227,job119_scenario1_228,job120_scenario1_229,
in27,0.2659076512624605,0.36992357251628427,0.2659076512624605,0.3804199111625745,0.4302281963847661,0.39159388888472607,
B14,0.07201380004730062,0.39159388888472607,0.10176736285905563,0.22177648326079502,0.1377173287922404,0.24489564961438648,
B11,0.3417856036625344,0.48003648160695767,0.3175877013403583,0.44529304712690443,0.48003648160695767,0.403539077516166,
cn12,0.0036451149051038856,0.12737774575907113,0.0,0.16045639276953216,0.12737774575907113,0.1797136169349971,
B54,0.2715847684829866,0.5004290315643138,0.2715847684829866,0.40353907751616597,0.7404472723677927,0.6204381519660533,
