,job235_scenario1_425,job236_scenario1_430,job238_scenario0_433,
in27,0.47822351673920493,0.31958008883742545,0.18839699071353444,
B14,0.45153439787060473,0.47822351673920493,0.28801356115791776,
B11,0.12937013325613822,0.1497626832134944,0.0,
cn12,0.28801356115791776,0.28801356115791776,0.10433783624497972,
B54,0.07111448670803033,0.14131532188757812,0.036371052227977096,
