,job122_scenario0_234,job123_scenario1_236,job124_scenario2_239,job126_scenario3_241,job129_scenario0_244,job130_scenario3_246,job131_scenario2_247,job132_scenario0_249,job133_scenario3_251,job134_scenario1_253,
in27,0.040133334724452796,0.22297466494840845,0.16783868051099893,0.15277382976886067,0.07321198173491406,0.3043494778501078,0.16783868051099893,0.0,0.34298378535014784,0.11413952226882063,
B14,0.38762343114126707,0.4212389361411488,0.46299290575188723,0.5679371754114884,0.3777272198302012,0.6879462958132276,0.4794945826892566,0.35103810096160093,0.49773634023194047,0.599503703090996,
B11,0.47104722136334043,0.5412480565428882,0.7195128234927355,0.8781562513945149,0.4340697357207419,0.9981653717962543,0.5679371754114884,0.5076325515430065,0.8781562513945149,0.5540788561224814,
cn12,0.07404237451552387,0.20084203438573778,0.27811064938581787,0.27811064938581787,0.07740435515824051,0.2892846271079694,0.31406061531900253,0.058147130992775575,0.3594854622875172,0.22297466494840845,
B54,0.5181288901892966,0.7195128234927355,0.6612571769446276,0.6612571769446276,0.5679371754114884,0.6381380105910361,0.6879462958132277,0.5293028679114482,0.599503703090996,0.7581471309927755,
