,job405_scenario3_774,job406_scenario1_775,job408_scenario2_777,job409_scenario1_783,
in27,0.45691731525336615,0.026689118868600148,0.0,0.026689118868600148,
B14,0.4884838429328739,0.6084929633346133,0.6969355560568449,0.5769264356551056,
B11,0.0830316347591411,0.10615080111273256,0.10615080111273256,0.0626390848017847,
cn12,0.29827388735158666,0.16440644766084045,0.13963045944980723,0.08137481290169934,
B54,0.5769264356551056,0.4884838429328739,0.4884838429328739,0.6969355560568449,
