,job509_scenario2_1006,job514_scenario3_1018,
in27,0.0,0.19020995558128728,
B14,0.43022819638476606,0.43022819638476606,
B11,0.06663088266453909,0.06663088266453909,
cn12,0.36002736120521817,0.3804199111625744,
B54,0.21332912193487874,0.21332912193487874,
