,job778_scenario2_1700,
in27,0.025382421625654406,
B14,0.2951542252408883,
B11,0.0,
cn12,0.03474343448005335,
B54,0.05513598443740947,
