,job444_scenario2_857,job445_scenario1_862,job447_scenario0_864,job449_scenario4_867,
in27,0.884025849527434,0.9605232536182257,0.7907058479942947,1.0622906164772812,
B14,0.9257798191381724,1.0040349699291733,0.8405141332164864,0.9809158035755818,
B11,0.9422814960755419,0.9257798191381724,0.805770698736433,1.3409431647808001,
cn12,0.18402584952743406,0.1933868623818331,0.0,0.2635876975613809,
B54,0.9605232536182257,1.0040349699291733,0.8609066831738426,1.0622906164772812,
