,job574_scenario0_1152,job577_scenario4_1158,job578_scenario2_1162,job579_scenario1_1163,
in27,0.3781566558905116,0.5746631803830426,0.5746631803830426,0.5248548951608512,
B14,0.8515756480812471,1.130228196384766,1.0600273612052182,1.033338242336618,
B11,0.8515756480812471,1.130228196384766,1.0102190759830265,0.9261599215144718,
cn12,0.0,0.25591348432622696,0.2697718036152341,0.1426949033929623,
B54,0.6929322201794677,0.8515756480812471,0.9013839333034388,0.9715847684829866,
