,job169_scenario4_302,job171_scenario2_308,job173_scenario1_311,job175_scenario3_314,job176_scenario2_315,job177_scenario2_316,job178_scenario1_318,job179_scenario2_319,
in27,0.6702464371882448,0.6151104527508354,0.573356483140097,0.6151104527508354,0.600045602008697,0.600045602008697,0.573356483140097,0.6498538872308887,
B14,0.7902555575899843,0.7516212500899443,0.6933656035418363,0.573356483140097,0.7902555575899843,0.7200547224104366,0.6933656035418363,0.6498538872308887,
B11,0.7902555575899843,0.6316121296882049,0.6151104527508354,0.7902555575899843,0.6498538872308887,0.573356483140097,0.5861872827196901,0.600045602008697,
cn12,0.15157564808124724,0.04980828522219172,0.0597044965332576,0.19020995558128728,0.04980828522219172,0.0597044965332576,0.0,0.10615080111273267,
B54,0.7200547224104366,0.6316121296882049,0.6316121296882049,0.5298447668291493,0.7200547224104366,0.600045602008697,0.5502373167865056,0.7200547224104366,
