,job481_scenario0_947,job482_scenario0_949,job486_scenario3_954,job488_scenario2_958,job489_scenario0_960,job490_scenario0_967,job491_scenario2_968,job492_scenario3_969,job493_scenario1_970,
in27,0.7707864392495906,0.731791884555767,0.8935220853701321,0.6931056779061913,0.5651120869824262,0.38752644176464845,0.6135544474418464,0.5008133526163818,0.33537938524612776,
B14,0.8480550542496706,0.7704261920558072,0.9321563928701722,0.8622454444542609,0.6574455527246447,0.46967246557563613,0.5939331083937786,0.5780819676164619,0.5078811324369141,
B11,0.793905605603182,0.7723184137630602,1.0521655132719117,0.8151637756283046,0.6516415490470909,0.5293769621088936,0.4850979657141907,0.8412193747735321,0.5310002987905056,
cn12,0.35452480633545347,0.35305292410062994,0.5709734997035977,0.42067427417690784,0.2190512892478369,0.016927317576131307,0.19099624561646555,0.2249533900613404,0.0,
B54,1.2080824154548888,1.1827894244369515,1.2304302802217588,1.2453919720130706,1.083782876089424,0.9265897808290022,0.980649588467597,0.9381093288216802,1.0581184492234195,
