,job889_scenario2_2229,job890_scenario4_2231,
in27,0.11274109482546452,0.07020083517954778,
B14,0.14430762250497225,0.3102190759830266,
B11,0.14430762250497225,0.09332000153313924,
cn12,0.007796825165863497,0.0,
B54,0.35275933562894335,0.09332000153313924,
