,job408_scenario2_803,
in27,0.0,
B14,0.5390633390643539,
B11,0.020392549957356176,
cn12,0.17903597785913566,
B54,0.14040167035909557,
