,job132_scenario0_251,job136_scenario0_262,job137_scenario1_264,job138_scenario2_267,job139_scenario1_268,job140_scenario3_269,job141_scenario1_271,job142_scenario0_273,job143_scenario1_274,job144_scenario2_278,job145_scenario1_279,job146_scenario4_280,
in27,0.5030544502408629,0.4033496336488932,0.6312781235720795,0.463637929738335,0.43778810223942016,0.5436447335606189,0.48788627422524816,0.264168396300505,0.4219369614621034,0.22285400391613797,0.010496338646290182,0.03361550499988175,
B14,0.5693644124004239,0.5416005115933165,0.6312781235720795,0.7673227750530123,0.6342946267319514,0.74015125805315,0.4674937242678921,0.4127588572780974,0.5531200595859944,0.46287224471961674,0.2616885571719206,0.14167943677018113,
B11,0.735376465659535,0.6433678744523721,0.844607245506958,0.7036561705418138,0.6778063430428989,0.7836629743640977,0.6190693723491392,0.5283845394261599,0.6619552022655822,0.36325567427523353,0.3705236998515084,0.4518985127532078,
cn12,0.33822691628523005,0.27991195442139594,0.41437904912219203,0.4925610997694803,0.42584291360798016,0.39002010815899785,0.3678771538235088,0.11963439224641792,0.263293533560324,0.045968818471674666,0.0,0.13050545904802957,
B54,0.7013187214336033,0.6118013467728642,0.6628446512515871,0.7175144898308208,0.6778063430428989,0.7219095005104662,0.7777128002509186,0.43651338787817034,0.5215535319064866,0.4446304871769329,0.33188939235146836,0.2736337458033605,
