,job330_scenario4_620,job333_scenario0_623,job338_scenario0_637,job339_scenario0_640,job341_scenario0_643,job342_scenario3_645,job343_scenario2_647,job344_scenario3_648,
in27,1.249418351830495,0.9281348751246526,0.754468217511985,0.7150435532391459,0.6663581596010464,1.0061314226934837,0.4785876316218078,0.8274410151048744,
B14,0.6605467275439496,0.5221045810620628,0.3499369506738079,0.3262780958449536,0.1974956557162404,0.2768581280478427,0.35857851122006834,0.1999350833182889,
B11,0.7588855315772473,0.45335259586766463,0.3282666343053662,0.2764698106227621,0.19157588034405837,0.3569551745384564,0.0,0.09688995404814771,
cn12,1.1792175166509473,0.77718767260768,0.6601560266568345,0.6015686635057558,0.5218241555469592,0.8474879947917043,0.41227766946224675,0.5033636198328408,
B54,1.249418351830495,1.090583655391252,0.837041212101298,0.8415869043092346,0.7940635053875924,1.1261405430952232,0.668797587203095,0.5874227743013956,
