,job196_scenario2_361,job197_scenario0_362,job201_scenario1_371,job204_scenario1_374,job205_scenario1_377,job207_scenario4_381,job209_scenario1_386,job210_scenario4_387,job211_scenario0_391,job212_scenario1_392,job213_scenario0_393,
in27,0.7559792610218554,0.6399952704495764,0.7877694152026583,0.5410970081413551,0.6209685127385991,0.7001010854395509,0.5397939455926423,0.47521156792330266,0.2563196719851056,0.3446018610666636,0.14357857715964106,
B14,0.7742210185645393,0.7056987991945161,0.7877694152026583,0.8860595186044349,0.5823342052385589,0.6502928002173591,0.6984373734944217,0.6406455352935567,0.4261370776090366,0.399737845504073,0.1509472025169727,
B11,0.7742210185645393,0.614612848823922,0.7877694152026583,0.6460412778009561,0.6525350404181067,0.7703019206190986,0.5397939455926423,0.7992889631953362,0.29676694435289835,0.31567869103551827,0.16669774351323263,
cn12,0.6542118981628,0.4623826193850281,0.5975594596213711,0.5491513237528083,0.516024243078998,0.8201102058412901,0.4197848251909028,0.5823898887454488,0.1327405990683575,0.23264705627637738,0.0,
B54,0.7946135685218956,0.8395662388852625,0.8579702503822061,0.7660503982026956,0.7409776331403385,0.7001010854395509,0.9384556142979006,0.9192980835970757,0.337694484886805,0.4495461307262647,0.2249533900613404,
