,job74_scenario1_147,job76_scenario1_150,job77_scenario2_151,job78_scenario0_152,job79_scenario1_154,job80_scenario1_156,job82_scenario1_158,job84_scenario0_160,job88_scenario1_165,job90_scenario0_167,job91_scenario0_168,job92_scenario3_171,job93_scenario1_172,job94_scenario0_174,job95_scenario3_175,job96_scenario1_180,job97_scenario0_182,
in27,0.5642532676857797,0.563330721988596,0.545644307550178,0.4269267144393982,0.5429728093198445,0.4754085326189833,0.5486204813976342,0.4005274823344346,0.40297706124206734,0.33737104622986663,0.33457816957128983,0.491015371009579,0.4228603586528478,0.21949729311846256,0.5125793739296367,0.17929681509990858,0.03680215746268889,
B14,0.9825362754391058,0.9372164024828211,1.0523699080257358,0.8571549108241643,1.0101784913472087,0.9554450142259409,1.1336012326641929,0.9121304916208999,0.8425662704812322,0.7858410001573165,0.7879255323096473,1.0208601378387283,0.8176311543381192,0.6778634583569784,0.8410402074553474,0.5891324615273184,0.4265830814796622,
B11,0.9242806288909979,0.9372164024828211,0.9474256383661347,0.7869540756446164,0.9168584898140695,0.9989567305368885,1.0135921122624536,0.7836740098932443,0.8923745557034238,0.7360327149351249,0.6875377509559758,0.8741618985683887,0.7411337502473276,0.6043006425347138,0.872606735134855,0.5504981540272783,0.34252392701110745,
cn12,0.6225089142338875,0.6473898764571506,0.5873982771609165,0.42063014552815425,0.588397656288359,0.5606742185406695,0.6037564658350436,0.3934597025139023,0.5422434058092717,0.3146852632386438,0.3078890507026897,0.5723901839112784,0.4228603586528478,0.24763526197221242,0.6325884943313762,0.22910510032210007,0.0,
B54,0.9825362754391058,1.0305364040159604,1.1225707432052836,0.9006666271351119,0.9484250174935773,0.975837564183297,1.1336012326641929,0.8805639639413922,1.0327762260625195,0.8106169883683496,0.864422936400439,0.8741618985683887,0.7993893967954354,0.6679672470459125,1.0312501630366344,0.7793424171086055,0.37950141265370596,
