,job660_scenario3_1407,job661_scenario2_1409,
in27,0.5429692912102306,0.2519634294349188,
B14,0.30295105040675174,0.3102190759830266,
B11,0.23275021522720396,0.0,
cn12,0.40645849387112176,0.20845171312397115,
B54,0.6314118839324622,0.7088807446882849,
