,job1068_scenario2_3326,
in27,0.2786525483035189,
B14,0.34885338348306666,
B11,0.0,
cn12,0.16601205325911106,
B54,0.08844259272223165,
