,job127_scenario2_242,job128_scenario2_246,job129_scenario0_247,job130_scenario2_248,job131_scenario0_249,job132_scenario0_251,job134_scenario1_256,job135_scenario2_259,job136_scenario0_262,
in27,0.6641440906189986,0.57804127952413,0.47910143061225563,0.4861214273446195,0.45582593265890026,0.41215273872166835,0.43357325337848374,0.4257764282126205,0.0,
B14,1.2984405618740589,1.0536943228774105,0.9513259151397784,1.0502170634201318,1.0199215687344125,0.8727409313328107,0.9327957534896663,0.9400637790659412,0.5325291083960046,
B11,0.8997788931688006,0.9252378411497549,0.6943436832047014,0.810198822616653,0.709702492751386,0.6583330734293475,0.6874498134709697,0.5912103955828745,0.2538765600924857,
cn12,0.7411354652670211,0.6550326541721523,0.46627063103266253,0.6421943818604746,0.45582593265890026,0.41275917213628976,0.5236377461381176,0.4108966513126532,0.04199628814275669,
B54,1.2099979691518272,1.115447796731042,1.0266953897503985,1.1204178985996796,0.9744967217658979,0.9344944051864423,0.91240320353231,0.8698629438863934,0.5325291083960046,
