,job481_scenario0_947,job482_scenario0_949,job486_scenario3_954,job489_scenario0_960,job490_scenario0_967,job491_scenario2_968,job494_scenario1_977,job495_scenario1_979,job496_scenario4_980,
in27,1.1948257849341863,1.1604588828776965,1.337810583426275,1.0431733391815667,0.9913478167085754,1.2703061072295965,0.8136864214634736,0.6878687430402108,0.8661335099900581,
B14,1.2334600924342265,1.1604588828776965,1.337810583426275,1.0968724974237452,1.0348595330195232,1.2120504606814886,1.0448239175786673,0.9047678174900982,0.9047678174900982,
B11,1.1561914774341464,1.1392319382313578,1.434700537474423,1.0679493273926,1.0714448631991893,1.0800961516483092,1.133266510300899,0.6878687430402108,0.7145578619088109,
cn12,0.42830884538851155,0.43146461579102147,0.6650066911282025,0.34685723481543984,0.27049338588852057,0.4974925987726777,0.22849869281080082,0.0,0.21332912193487863,
B54,0.9232410164511998,0.9025756780705958,0.9658380335896168,0.8529633836002797,0.8215304110846444,0.9285205035670623,0.8932482694974202,0.6443570267292632,0.7145578619088109,
