,job388_scenario2_761,job390_scenario1_764,job391_scenario2_765,
in27,0.6117223652624115,0.4151633456426277,0.4151633456426277,
B14,0.7771563326326656,0.4934184964336286,0.5516741429817366,
B11,0.17178303140875073,0.055135984437409524,0.0,
cn12,0.5869463770513784,0.28745799985608156,0.35029020967829777,
B54,0.8157906401327056,0.4934184964336286,0.5516741429817366,
