,job105_scenario0_202,job107_scenario0_204,job112_scenario2_211,job113_scenario0_212,job114_scenario0_213,job116_scenario1_218,job119_scenario1_225,job120_scenario1_226,job121_scenario4_227,job122_scenario0_231,job123_scenario2_233,job124_scenario1_238,job125_scenario1_239,job126_scenario3_240,
in27,1.1014471378490203,1.1204142245615483,1.0852453157653827,1.0517765015460727,1.0276195096418568,1.2027612029844623,1.0408505526678322,1.1110036047592116,1.11719162515886,0.9026282602954259,0.9280616747541992,0.7131245243810812,0.6115574072777683,0.7702008351795477,
B14,0.9720770045928819,1.0161556451560685,1.1009958567616427,0.9416635924553993,0.9164911339284022,1.082752082582723,0.9937688838418761,1.1292453623018952,0.9269816695775728,0.7787282668736997,1.0867051026559786,0.666042855555125,0.530182594376069,0.6115574072777683,
B11,0.8614288970455415,0.9134746307685304,1.0280684051858593,0.9254708122330895,0.8413004270805563,0.8990763576697849,0.9208414322660929,0.9594279566779644,0.8975659343127373,0.7536959698625412,0.8466868618524999,0.496225449931194,0.41017347397432946,0.6501917147778082,
cn12,0.42763074814576685,0.39571749319001526,0.5886216365658888,0.36437380606281167,0.3685470501757634,0.4696825559740012,0.4315863784239309,0.40386294067624107,0.686963428774094,0.17976816411267027,0.44587440073256923,0.08735867319981017,0.0,0.09462669877608498,
B54,1.1622869601741692,1.2646212472854637,1.31789493121153,1.2237446995846761,1.1595738186750362,1.2231537529418184,1.2808687934713112,1.3194553178831825,1.4976115363214344,1.0226373806971651,1.036896817433787,0.8829419300050123,0.890209955581287,0.6501917147778082,
