,job250_scenario0_467,job252_scenario0_470,job259_scenario1_480,job261_scenario0_484,job263_scenario2_486,job264_scenario2_488,job265_scenario0_489,job266_scenario4_490,job267_scenario3_491,job268_scenario2_492,
in27,0.7369904614955123,0.709901664521518,0.773076148789072,0.5581945455930426,0.5568276104992373,0.5526317715897242,0.3986616687052582,0.5367806308124076,0.4738478212091347,0.3689035515495336,
B14,0.3448630234586033,0.3522087642496028,0.27529047487312075,0.15953287688778428,0.21624853828983437,0.28681002286579865,0.0,0.09269411513863479,0.2199712611166489,0.1497704259371011,
B11,0.7503152316323363,0.7962952799233758,0.7313221791783335,0.5453637460134493,0.6066358957214291,0.5654625711693174,0.48272082317381293,0.559899797165999,0.5938569416108741,0.33998038151838833,
cn12,0.6138044342932274,0.6202267778934827,0.7193769905468936,0.41927903511318904,0.5954619179992775,0.4522439902360527,0.2689414108346241,0.42794548813281974,0.5938569416108741,0.2742768527734486,
B54,0.6970783875843867,0.7863990686123098,0.6878104628673858,0.5453637460134495,0.5252610828197297,0.49087829773609265,0.3986616687052582,0.4665797956328598,0.5440486563886825,0.42403953598694305,
