,job622_scenario4_1303,job629_scenario0_1318,
in27,1.2307226807021998,0.24001824080347878,
B14,0.990704439898721,0.3213930537051782,
B11,0.8155593350595722,0.25508309154561715,
cn12,0.9520701323986811,0.1164391678867307,
B54,0.6804853639156945,0.0,
