,job517_scenario0_1033,job524_scenario0_1053,job525_scenario2_1055,job526_scenario0_1056,job527_scenario3_1057,job528_scenario0_1059,
in27,0.523636151073081,0.3191926777287617,0.4156921452322162,0.1990829575459655,0.3464627667176996,0.0,
B14,0.7045852595897836,0.4660840420195327,0.6899612552820584,0.31470863969402807,0.4887775677343621,0.18582651732761035,
B11,1.0348590579832466,0.8156150645784606,0.7713360681837577,0.6505380985770701,0.8874392364396204,0.5241835621643868,
cn12,0.7543935448119752,0.5088245474211919,0.6632721364134582,0.38275868245890354,0.5772201604565939,0.2173930450071181,
B54,1.1294857567593317,0.8372853809469024,0.903290377216937,0.8831877140232174,0.8874392364396204,0.5844881860328686,
