,job809_scenario0_1906,job813_scenario1_1919,
in27,0.7140859310050629,0.38215999176788884,
B14,0.695844173462379,0.46041514255888977,
B11,0.6315129364157501,0.5186707891069977,
cn12,0.24845971878259687,0.0,
B54,0.7704284468956037,0.4169034262479421,
