,job286_scenario4_527,job289_scenario2_543,job290_scenario3_544,job292_scenario0_547,job293_scenario0_550,job294_scenario1_551,job295_scenario4_553,
in27,0.8135705856121723,0.5114574367065788,0.6410186808050662,0.35011597798058086,0.2296786577703096,0.3261781252737641,0.2569487467592474,
B14,0.88377142079172,0.9185664667377534,0.9512377567880926,0.5326297081770612,0.4938948008959645,0.8968079920176258,0.4036469860295868,
B11,1.0353470688729671,0.7599230388359739,0.901429471565901,0.5849655793529873,0.3986616687052582,0.5865889160345993,0.4738478212091347,
cn12,0.5255570244542546,0.4110696553529073,0.5027678028606428,0.10302995735656972,0.0,0.11772641214979318,0.124994437726068,
B54,0.7370731815213805,0.6083473907547269,0.5645212767142742,0.4985719639511295,0.24270258237033415,0.656789751214147,0.42403953598694305,
