,job394_scenario1_773,
in27,0.29289096996882547,
B14,0.3511466165169333,
B11,0.05916929807659066,
cn12,0.0,
B54,0.6297991648204522,
