,job184_scenario0_342,job186_scenario0_345,job188_scenario3_347,job189_scenario0_348,job193_scenario1_357,job194_scenario1_359,job195_scenario3_360,job196_scenario2_361,job197_scenario0_362,job198_scenario1_365,job199_scenario1_367,job200_scenario1_368,
in27,0.4099235995825854,0.35721749766782684,0.5102595258071786,0.4076970571405887,0.39002010815899785,0.2778189671432719,0.4897989325576408,0.3480707951559387,0.21186965438012717,0.17869040758860932,0.049808285222191606,0.19020995558128717,
B14,0.7560926414987966,0.7233204493715663,0.8552220362702585,0.6477152979440676,0.6616048766419844,0.628965583660205,0.6982506456816119,0.6063307935021014,0.5175914239285457,0.5387177687938275,0.39159388888472596,0.2898265260256704,
B11,0.7560926414987966,0.7731287345937579,1.0952402770737373,0.7503963123316058,0.8700565897659556,0.7174081763824368,0.7915706472147511,0.7263399139038407,0.5465145939596909,0.9689459651785935,0.39159388888472596,0.40983564642740977,
cn12,0.6263723836281625,0.6195041091921367,0.9485420378033977,0.6002002457557425,0.7361891500752091,0.6205182223342889,0.7298171733611196,0.6063307935021014,0.3942843645207971,0.4889094835716359,0.24001824080347878,0.2715847684829865,
B54,0.4099235995825854,0.43979049225713973,0.6152037954667796,0.3903689511263875,0.31981927297945006,0.477389935578958,0.2541641300078391,0.31650426747643096,0.34123978763626545,0.17869040758860932,0.12000912040173939,0.0,
