,job443_scenario0_871,job445_scenario0_873,
in27,0.41306395949742525,0.2932550848514285,
B14,0.09348387065999975,0.0,
B11,0.29305483909568586,0.16645542498121435,
cn12,0.25733045829261003,0.1567442875123196,
B54,0.6032739150787124,0.4203319850737001,
