,job804_scenario1_1893,job807_scenario2_1900,
in27,0.32844945610787085,0.038634307500040044,
B14,0.9053758917629764,0.4421733850162059,
B11,0.46128937608920345,0.21498594379232028,
cn12,0.3053302897542794,0.0,
B54,0.785366771361237,0.3804199111625744,
