,job261_scenario0_484,job273_scenario1_506,job276_scenario0_511,job277_scenario2_512,job278_scenario1_513,job279_scenario1_514,job280_scenario1_516,job281_scenario0_519,job282_scenario2_521,job283_scenario1_522,
in27,1.041783869215199,1.034958594777496,0.8401468839438893,0.973576876566847,0.9413750306528563,1.0155375014851706,0.8052248827101638,0.6222829527051514,0.6338025006978293,0.6155607431551455,
B14,1.0872087161837136,1.0847668799996875,0.8771243695864877,1.1985302666281874,1.0613841510545958,0.9924183351315792,0.8615673986007046,0.6288171833735007,0.6773142170087769,0.6155607431551455,
B11,0.5600905657507997,0.5811609416348282,0.41670922702759783,0.48964952193990263,0.504079054447558,0.5031632812894169,0.4065632140049056,0.18118162413503325,0.08844259272223154,0.13019656233297006,
cn12,0.44595104348197934,0.4376396091650342,0.25668621762043453,0.4220328625373959,0.36444859499775073,0.37685759197643365,0.3058679075919375,0.045356517050046063,0.0,0.007067779820532083,
B54,1.1489621900373452,1.2749768355809747,0.9353800161345955,1.2687311018077354,1.011575865832404,1.0155375014851706,1.1154439586931904,0.735995504195647,0.599059066217776,0.599059066217776,
