,job72_scenario3_144,job74_scenario1_147,job76_scenario1_150,job77_scenario2_151,job78_scenario0_152,job79_scenario1_154,job80_scenario1_156,job82_scenario1_158,job84_scenario0_160,job85_scenario1_161,job86_scenario1_162,job88_scenario1_165,job90_scenario0_167,job91_scenario0_168,job92_scenario3_171,job93_scenario1_172,job94_scenario0_174,job95_scenario3_175,
in27,0.6184020570460961,0.5446441126880613,0.5403379170958023,0.5213686147347059,0.4012767743070983,0.5142580217666619,0.44311885350447366,0.5121058629659626,0.35894092899820906,0.44240027405223925,0.4087838515090052,0.34273576282457285,0.26556592374578036,0.25549670839446037,0.3797573512126029,0.29496657988472585,0.038171993305811114,0.2824417565256929,
B14,1.2459079888326816,1.0717622631209753,1.0230587402696152,1.1369293578898514,0.9403401133714522,1.090298846473614,1.0319904777910192,1.205921756912109,0.9793790809642623,0.9530167475477838,1.2376737165990295,0.8911601147433257,0.8228710203528182,0.8176792138124058,1.0184372607213399,0.7985725182495851,0.6053733012239148,0.7197377327309913,
B11,1.295716274054873,1.0135066165728674,1.0230587402696152,1.0319850882302504,0.8701392781919043,0.9969788449404748,1.0755021941019667,1.0859126365103697,0.8509225992366067,0.8993175893056053,0.9425194913581412,0.9409683999655172,0.7730627351306265,0.7172914324587343,0.8717390214510004,0.7220751141587936,0.5318104854016502,0.751304260410499,
cn12,0.7605438080105061,0.5365897970766083,0.5580871094047959,0.4968126221858833,0.32867024323629324,0.4933729065756155,0.46207457726659873,0.500931885243811,0.2855631870181159,0.45258771598347003,0.4238487022511436,0.4156921452322162,0.17657017859499669,0.16249762736629925,0.39482220195474116,0.22865661772516477,0.0,0.33614091476787133,
B54,1.0170637257513544,1.0717622631209753,1.1163787418027544,1.2071301930693994,0.9838518296823998,1.0285453726199825,1.0523830277483752,1.205921756912109,0.9478125532847546,1.248170972788672,1.2376737165990295,1.081370070324613,0.8476470085638512,0.8941766179031974,0.8717390214510004,0.7803307607069013,0.5954770899128489,0.9099476883122785,
