,job227_scenario3_421,job228_scenario0_423,job230_scenario0_426,job234_scenario3_432,job235_scenario2_435,job237_scenario4_438,job238_scenario2_439,job239_scenario3_445,
in27,0.8678123715009824,0.6441908380430171,0.6290060517114037,0.8014659409824647,0.6579930942876413,0.6952604666938762,0.6374686284930112,0.4119864388420821,
B14,0.7976115363214347,0.7050306603681661,0.7130652061799585,0.8983558950306126,0.7651714151097875,0.7183796330474677,0.6992221023466427,0.690638987145601,
B11,0.8909315378545739,0.696149915679881,0.6357965911798784,0.8597215875305726,0.703417941256156,0.7183796330474677,0.6209669515556417,0.4119864388420821,
cn12,0.7709224174528345,0.5210048108407322,0.502462700641315,0.7081459394493255,0.5592109185322405,0.6566261591938362,0.48589298041176404,0.3665615918735674,
B54,0.43225647590099847,0.3774834783709382,0.32214895637109364,0.44773514868849046,0.34123978763626533,0.5548587963347806,0.3770578377321762,0.0,
