,job449_scenario1_889,job451_scenario4_891,job452_scenario3_893,
in27,0.19879307078232894,0.08605197595686442,0.0,
B14,0.08897139231182033,0.11274109482546457,0.08844259272223176,
B11,0.37026729826370164,0.42296017080849124,0.22884426308132727,
cn12,0.29568302483047687,0.271384522727244,0.19020995558128723,
B54,0.5041347379544481,0.271384522727244,0.31021907598302667,
