,job415_scenario2_814,job417_scenario3_816,job418_scenario0_817,job419_scenario3_819,
in27,0.42181857086874175,0.4587413833354841,0.0,0.02617441565438905,
B14,0.5418276912704811,0.4089330981132925,0.21247832630211816,0.35025181092642266,
B11,0.7320376468517684,0.5289422185150319,0.13891551047985362,0.3116175034263826,
cn12,0.33337597814651004,0.4089330981132925,0.022268370720830988,0.20985014056732698,
B54,0.49201940604828953,0.4089330981132925,0.3043494778501077,0.5902700517299014,
