,job365_scenario2_692,job370_scenario2_707,job371_scenario1_708,job372_scenario1_710,job373_scenario1_711,
in27,0.867817761061751,0.6791194391529229,0.6494646522624554,0.4910088697168383,0.5004290315643137,
B14,0.867817761061751,0.8542645439920719,1.0646279979050832,0.6215143287648679,0.5004290315643137,
B11,0.65936604793778,0.3854020401072658,0.5845915162981256,0.3814960879613891,0.26041079076083495,
cn12,0.40284613019693183,0.17869040758860932,0.15893183200920769,0.039260193894544604,0.0,
B54,0.6776078054804638,0.8542645439920719,0.5845915162981256,0.46287090086308846,0.3969215880999437,
