,job498_scenario1_982,job500_scenario3_990,job502_scenario4_1001,job503_scenario2_1002,job504_scenario2_1003,job505_scenario3_1007,job506_scenario0_1009,
in27,0.6749712420099963,0.7976169258822032,0.5569309407644945,0.41978482519090277,0.4820021073917772,0.3527593356289432,0.06063284493903476,
B14,0.6914729189473656,0.9176260462839426,0.9169583019697127,0.7798121863961209,0.760654655695296,0.4577036052885443,0.1751451048391487,
B11,0.6460480719788511,0.9176260462839426,0.5365383908071383,0.45573479112408743,0.4820021073917772,0.7679226812715709,0.0551359844374093,
cn12,0.6100981060456663,0.6389734979804238,0.4369218203627551,0.41978482519090277,0.2976617499434088,0.3692610125663126,0.0,
B54,0.6914729189473656,0.6224718210430543,0.7969491815679733,0.6211687584943415,0.5437555812454087,0.4310144864199441,0.2747616752835319,
