,job401_scenario4_787,
in27,0.4871042614274899,
B14,0.2786525483035189,
B11,0.43729597620529836,
cn12,0.2084517131239711,
B54,0.0,
