,job442_scenario1_870,
in27,0.2898265260256705,
B14,0.0,
B11,0.3600273612052183,
cn12,0.06487313596432998,
B54,0.04980828522219172,
