,job33_scenario4_69,job38_scenario1_78,job39_scenario0_80,job41_scenario1_86,job42_scenario0_87,job43_scenario4_88,
in27,0.9912902188005968,0.7797137097226784,0.6688349104167763,0.6833709615693261,0.3064137236182066,0.4892550538421622,
B14,1.1379884580709363,0.9451476770929326,0.8169819996722656,0.7718135542915578,0.5123742201957537,0.690638987145601,
B11,1.3281984136522236,1.006901150946564,0.8634283042517406,0.8033800819710656,0.45950149103040716,0.6590724594660933,
cn12,0.7254684700766711,0.5647277659303581,0.3586158344337498,0.3233436003641079,0.0,0.26041079076083495,
B54,1.0881801728487446,0.8868920305448247,0.743419183850001,0.5816035987102706,0.4892550538421622,0.6590724594660933,
