,job161_scenario0_308,job162_scenario3_309,job163_scenario0_310,job165_scenario4_313,job166_scenario4_314,job167_scenario2_316,job168_scenario1_317,job169_scenario0_320,job171_scenario1_322,job172_scenario2_324,job173_scenario3_325,job174_scenario2_327,
in27,0.5406694724584745,0.9185918639301329,0.5106333210031588,0.8279070310071538,0.7189633398159705,0.5486635360607773,0.556280404604442,0.4049468601986626,0.4000275934680297,0.3485078132125403,0.7514210043342017,0.24001824080347883,
B14,0.4473494709253353,0.6287653379044627,0.4608250357809673,0.7577061958276059,0.8158532938641184,0.49352755162336787,0.5127686882934942,0.355138574976471,0.32353018937723793,0.3169412855330326,0.3913936431289834,0.18176259425537095,
B11,0.3273403505235959,0.5585645027249149,0.3496966600675128,0.5878887902036749,0.435433382701544,0.33176446161089007,0.3429512826695632,0.13823950052658363,0.3235301893772378,0.1969321651312932,0.3211928079494356,0.0,
cn12,0.45852344864748684,0.6785736231266541,0.40568905134355787,0.6875053606480581,0.86566157908631,0.5486635360607773,0.5331612382508504,0.25217303042980216,0.35021930824583797,0.30758027267863375,0.271384522727244,0.19459339383496416,
B54,0.7024325624709524,0.9887926991096808,0.6306424414048983,0.9479161514088932,1.0558715346675973,0.9086908972659955,0.8931885994560687,0.486321673100362,0.520036713869769,0.4187086483920881,0.41451280948257485,0.32846083352571054,
