,job51_scenario0_101,job54_scenario0_104,job59_scenario0_113,job61_scenario0_119,job62_scenario0_123,job63_scenario1_124,job65_scenario0_128,
in27,0.5232404231862345,0.5237042315334774,0.4100140176806563,0.3445500155976253,0.2258267495904216,0.37441448008381367,0.0,
B14,0.8675172433951929,0.8409910873370363,0.8049917907520419,0.7219054828170448,0.6672289236973391,0.7895778257264414,0.3738856804942251,
B11,0.853080838217329,0.8641102536906279,0.7796093691263875,0.6888268358065837,0.6263013831634325,0.6846335560668402,0.331446020629365,
cn12,0.5965609204764808,0.5712192837218024,0.5174584977602379,0.41475085077717305,0.3286796116971449,0.4369190898785547,0.0669028961735385,
B54,0.930349453217409,1.0312010429183236,0.8459193312859484,0.7516590456287998,0.7556715164195706,0.7193769905468934,0.3942782304515812,
