,job1092_scenario1_3130,
in27,0.06175347385363161,
B14,0.18176259425537095,
B11,0.07458427343322477,
cn12,0.0,
B54,0.1586434279017795,
B51,0.06175347385363161,
os4,0.12000912040173944,
in4,0.04980828522219166,
B33,0.07458427343322477,
sh10,0.20845171312397115,
in22,0.10350744346437002,
