,job1010_scenario1_2653,
in27,0.10350744346437002,
B14,0.12000912040173944,
B11,0.10350744346437002,
cn12,0.0,
B54,0.3284608335257105,
B51,0.0884425927222317,
os4,0.10350744346437002,
in4,0.04980828522219166,
B33,0.12000912040173944,
sh10,0.2400182408034789,
in22,0.06175347385363161,
