,job617_scenario3_1278,
in27,0.13651079733910887,
B14,0.07825515079100093,
B11,0.17514510483914889,
cn12,0.0,
B54,0.07825515079100093,
B51,0.2951542252408883,
os4,0.10494426965960113,
in4,0.13651079733910887,
B33,0.2951542252408883,
sh10,0.17514510483914889,
in22,0.22495339006134046,
