,job660_scenario2_1384,
in27,0.0216703163684418,
B14,0.3003228646719606,
B11,0.060304623868481844,
cn12,0.0,
B54,0.21188027194972903,
B51,0.09187115154798958,
os4,0.3003228646719606,
in4,0.0,
B33,0.37052369985150846,
sh10,0.060304623868481844,
in22,0.21188027194972903,
