,job89_scenario0_185,
in27,0.1627496258033988,
B14,0.21026467799172377,
B11,0.06487313596432998,
cn12,0.032652026927175504,
B54,0.24001824080347883,
B51,0.30489137676780875,
os4,0.0,
in4,0.17718603098126262,
B33,0.2759682067366635,
sh10,0.3831465275588097,
in22,0.2511922185256304,
