,job853_scenario2_2013,
in27,0.07020083517954767,
B14,0.22177648326079488,
B11,0.12000912040173925,
cn12,0.0,
B54,0.22177648326079488,
B51,0.03156652767950763,
os4,0.19020995558128714,
in4,0.07020083517954767,
B33,0.3804199111625743,
sh10,0.31021907598302645,
in22,0.3804199111625743,
