,job1012_scenario1_2664,
in27,0.09688995404814782,
B14,0.1902099555812871,
B11,0.09688995404814782,
cn12,0.0,
B54,0.3369081948516266,
B51,0.14669823927033943,
os4,0.24846560212939503,
in4,0.07020083517954778,
B33,0.08303163475914088,
sh10,0.28709990962943505,
in22,0.1902099555812871,
