,job867_scenario1_2054,
in27,0.08137481290169929,
B14,0.15157564808124707,
B11,0.15157564808124707,
cn12,0.03156652767950763,
B54,0.19020995558128712,
B51,0.09332000153313924,
os4,0.16981740562393088,
in4,0.08137481290169929,
B33,0.0,
sh10,0.15157564808124707,
in22,0.19020995558128712,
