,job78_scenario1_165,
in27,0.03361550499988175,
B14,0.09187115154798958,
B11,0.09187115154798958,
cn12,0.0,
B54,0.1803137442702213,
B51,0.1101129090906734,
os4,0.09187115154798958,
in4,0.03361550499988175,
B33,0.0216703163684418,
sh10,0.25051457944976907,
in22,0.1101129090906734,
