,job469_scenario0_947,
in27,0.12330705940774855,
B14,0.1968698752300131,
B11,0.16873190637626323,
cn12,0.0,
B54,0.23048538022989484,
B51,0.3069827843206865,
os4,0.16873190637626323,
in4,0.14453400405408712,
B33,0.1968698752300131,
sh10,0.3504945006316342,
in22,0.2185401915984549,
