,job217_scenario1_424,
in27,0.09059338513690413,
B14,0.0,
B11,0.19020995558128728,
cn12,0.051959077636864026,
B54,0.14040167035909573,
B51,0.10176736285905569,
os4,0.19020995558128728,
in4,0.08009704649061389,
B33,0.19020995558128728,
sh10,0.33061162594038296,
in22,0.17196819803860347,
