,job106_scenario1_216,
in27,0.22807305217203883,
B14,0.3867164800738183,
B11,0.0,
cn12,0.1871455116381322,
B54,0.3600273612052181,
B51,0.26670735967207887,
os4,0.2817722104142172,
in4,0.21689907444988726,
B33,0.2817722104142172,
sh10,0.3867164800738183,
in22,0.2982738873515866,
