,job959_scenario1_2424,
in27,0.10494426965960107,
B14,0.1365107973391088,
B11,0.09108595037059414,
cn12,0.0,
B54,0.25651991774084826,
B51,0.07825515079100098,
os4,0.22495339006134052,
in4,0.10494426965960107,
B33,0.12000912040173939,
sh10,0.19826427119274032,
in22,0.10494426965960107,
