,job862_scenario0_2045,job863_scenario1_2046,
in27,0.21498594379232028,0.29904509826087505,
B14,0.0,0.22884426308132733,
B11,0.23621288843865884,0.363918234225205,
cn12,0.10526519016457914,0.26041079076083495,
B54,0.3349950641940597,0.4421733850162059,
