,job233_scenario0_462,job240_scenario0_477,job242_scenario0_479,job244_scenario1_482,job245_scenario0_483,job247_scenario4_487,job248_scenario1_488,job251_scenario2_493,job252_scenario4_496,
in27,0.5283819265758923,0.5422402458648993,0.5036059383648592,0.7324502014461864,0.5496088712222309,0.6124410810444472,0.6622493662666387,0.6938158939461465,0.8524593218479259,
B14,0.582687518232692,0.6622493662666387,0.6355602473980386,0.7120576514888303,0.573806773544407,0.7555693677997779,0.6236150587665987,0.8524593218479259,0.9022676070701174,
B11,0.6019447423981569,0.5422402458648993,0.5573050966070376,0.677314217008777,0.5283819265758923,0.677314217008777,0.6622493662666387,0.9022676070701174,0.7324502014461864,
cn12,0.03093808211523319,0.03093808211523319,0.0,0.21377941233918885,0.013073118111611493,0.4151633456426276,0.2368985786927803,0.19338686238183267,0.2951542252408882,
B54,0.6355602473980386,0.592048531087091,0.6019447423981569,0.8138250143478859,0.6483910469776317,0.7555693677997779,0.7555693677997779,0.8138250143478859,0.9022676070701174,
