,job592_scenario0_1233,job594_scenario1_1235,job601_scenario1_1250,job603_scenario2_1253,job606_scenario2_1257,
in27,0.15019606657586315,0.26215087136614945,0.2470860206240112,0.26215087136614945,0.2470860206240112,
B14,0.3488533834830666,0.5888716242865455,0.4523608269474366,0.7475150521883249,0.6773142170087771,
B11,0.0,0.11321858093326487,0.14214175096441006,0.10038778135367155,0.15864342790177943,
cn12,0.18341941611281254,0.3874876909831067,0.31021907598302667,0.3874876909831067,0.33235170654569723,
B54,0.22039690175541093,0.1867813967555293,0.2968943058462026,0.3670951410257506,0.34040602215715043,
