,job671_scenario1_1409,job673_scenario3_1414,
in27,0.0,0.19020995558128728,
B14,0.5634892026608911,0.6684334723204922,
B11,0.24308268474663375,0.211516157067126,
cn12,0.17288184956708597,0.05287272916534658,
B54,0.73863430750004,0.8586434279017794,
