,job304_scenario0_582,job308_scenario1_586,job321_scenario1_614,job323_scenario3_617,job324_scenario0_619,job325_scenario2_621,job326_scenario3_622,
in27,0.5109253702106041,0.581126205390152,0.7011353257918913,0.7825101386935908,0.49053282025324796,0.6625010182918514,0.7242544921454828,
B14,0.6170761713233366,0.7825101386935908,0.6807427758345351,0.8709527314158223,0.6042453717437435,0.9411535665953702,1.0611626869971096,
B11,0.0,0.17196819803860341,0.08009704649061389,0.45062074634212235,0.013324770136824204,0.15546652110123405,0.2604107907608352,
cn12,0.37052369985150857,0.6309344906123435,0.5340445365641957,0.7011353257918913,0.3642271309402645,0.5513726425783969,0.7011353257918913,
B54,0.23227282190708531,0.39091624980886475,0.4224827774883725,0.32071541462931696,0.2442180105385252,0.46111708498841253,0.3024736570866331,
