,job223_scenario2_434,job231_scenario2_459,job233_scenario0_462,job235_scenario2_466,job236_scenario4_467,job237_scenario2_470,
in27,0.42285957102743443,0.434033548749586,0.3388004165588796,0.4459787373810259,0.6242435043308732,0.4877327069917643,
B14,0.9730968878139399,1.0931060082156792,0.7735259193782538,1.0432977229934877,0.9730968878139399,0.9730968878139399,
B11,0.9232886025917482,0.8530877674122004,0.7927831435437186,0.9464077689453396,1.0931060082156792,0.9232886025917482,
cn12,0.17234499157766536,0.15308776741220043,0.0,0.18284133022395577,0.1442070227239156,0.18284133022395577,
B54,0.9464077689453396,0.9232886025917482,0.8263986485436003,0.8530877674122004,0.9232886025917482,0.8681526181543388,
