,job594_scenario1_1235,job601_scenario1_1250,job610_scenario0_1262,job612_scenario2_1268,
in27,0.1666404988233855,0.15157564808124713,0.03156652767950774,0.24489564961438637,
B14,0.5818038444660132,0.4452930471269043,0.39159388888472596,0.46179472406427374,
B11,0.17635163629228023,0.20527480632342554,0.08526568592168615,0.20527480632342554,
cn12,0.3804199111625744,0.30315129616249437,0.1975785809386187,0.35066634835081933,
B54,0.009896211311065883,0.12000912040173939,0.0,0.020392549957356176,
