,job145_scenario1_296,job147_scenario0_298,job149_scenario3_302,job150_scenario0_304,job151_scenario3_306,job152_scenario1_307,
in27,0.1707983519469538,0.11392228690423001,0.3925748352077487,0.08235575922472216,0.361008307528241,0.19119090190430998,
B14,0.38945517309705024,0.2358305476954291,0.4161442919656504,0.25750086406387096,0.6063542475469377,0.5361534123673899,
B11,0.30730914928606257,0.1448603690194631,0.44771081964515813,0.19719624019538906,0.687729060448637,0.25750086406387096,
cn12,0.22593433638436322,0.009035261934475791,0.3459434567861026,0.0,0.42731826968780195,0.2618843023175478,
B54,0.726363367948677,0.5512182631095282,0.6561625327691292,0.4863451271451982,0.687729060448637,0.5677199400468975,
