,job145_scenario1_296,job147_scenario0_298,job149_scenario3_302,job150_scenario0_304,job151_scenario3_306,job152_scenario1_307,job153_scenario4_308,job154_scenario1_313,
in27,0.11709919370477517,0.06022312866205137,0.3388756769655702,0.028656600982543523,0.30730914928606234,0.13749174366213135,0.30730914928606234,0.20236487962646132,
B14,0.4392634583192417,0.2856388329176206,0.46595257718784183,0.30730914928606234,0.6561625327691291,0.5859616975895812,0.33208513749709545,0.3459434567861025,
B11,0.2757426216065546,0.11329384133995524,0.4161442919656502,0.1656297125158812,0.6561625327691291,0.225934336384363,0.46595257718784183,0.225934336384363,
cn12,0.225934336384363,0.00903526193447557,0.3459434567861025,0.0,0.4273182696878018,0.26188430231754767,0.3459434567861025,0.17885266755840667,
B54,0.6561625327691291,0.48101742792998015,0.5859616975895813,0.4161442919656502,0.617528225269089,0.49751910486734957,0.7761716531708684,0.7059708179913207,
