,job173_scenario0_349,job174_scenario1_350,job176_scenario1_352,job177_scenario3_353,job178_scenario1_355,job179_scenario0_356,job180_scenario4_357,job181_scenario2_358,job186_scenario0_365,job187_scenario1_366,job188_scenario2_367,
in27,0.26571517035006764,0.5128011909740787,0.5128011909740787,0.7030111465553659,0.424358598251847,0.26571517035006764,0.5830020261536265,0.35415776307229924,0.24001824080347867,0.35415776307229924,0.3927920705723393,
B14,0.3043494778501076,0.37893375128333234,0.35415776307229924,0.5443677186535865,0.37893375128333234,0.3429837853501477,0.7030111465553659,0.5830020261536265,0.424358598251847,0.4078569213144776,0.44260035579453083,
B11,0.1141395222688204,0.25239040021324355,0.25239040021324355,0.44260035579453083,0.2341486426705598,0.08257299458931255,0.2959021165241914,0.21764696573319042,0.08257299458931255,0.27278295017059995,0.32259123539279155,
cn12,0.006075590498520911,0.19322110213665322,0.19322110213665322,0.32259123539279144,0.16014245512619207,0.0,0.32259123539279144,0.21247832630211805,0.018906390078114232,0.19322110213665322,0.1758929961224519,
B54,0.3429837853501477,0.5128011909740787,0.46299290575188706,0.37893375128333234,0.5443677186535865,0.37893375128333234,0.5830020261536265,0.5128011909740787,0.37893375128333234,0.7030111465553659,0.4861120721054785,
