,job270_scenario0_528,job274_scenario0_534,job278_scenario0_538,job290_scenario1_560,job291_scenario4_561,job292_scenario2_562,job293_scenario4_563,job294_scenario4_564,job295_scenario0_566,
in27,0.5633104348981168,0.5969259398979985,0.5969259398979985,0.743624179168338,0.7586890299104764,0.7049898716682981,0.743624179168338,0.743624179168338,0.6467342251201902,
B14,0.6833195552998562,0.6938158939461465,0.6640623311343914,0.7934324643905296,0.8138250143478858,0.8951998272495852,0.9836424199718168,0.8138250143478858,0.6467342251201902,
B11,0.21582033848130255,0.18805916316661475,0.21582033848130255,0.36002736120521817,0.638679909508737,0.2898265260256704,0.48003648160695755,0.48003648160695755,0.20138393330343884,
cn12,0.02721457166300545,0.01650167693736937,0.01650167693736937,0.21377941233918885,0.26358769756138045,0.20328307369289855,0.31339598278357206,0.3569076990945197,0.0,
B54,0.6938158939461465,0.6833195552998562,0.7751907068478459,0.8369441807014772,0.9836424199718168,0.8636332995700775,1.0538432551513646,1.0538432551513646,0.6938158939461465,
