,job240_scenario0_477,job242_scenario0_479,job245_scenario0_483,job248_scenario1_488,job251_scenario2_493,job262_scenario2_514,job263_scenario1_515,job264_scenario1_516,
in27,0.038634307500040044,0.0,0.04600293285737167,0.15864342790177943,0.19020995558128717,0.19020995558128717,0.12000912040173939,0.2519634294349187,
B14,0.4955516227534062,0.4688625038848061,0.4071090300311745,0.45691731525336615,0.6857615783346934,0.6155607431551456,0.6155607431551456,0.6155607431551456,
B11,0.37554250235166675,0.3906073530938051,0.3616841830626598,0.4955516227534062,0.735569863556885,0.4955516227534062,0.565752457932954,0.48169330346439926,
cn12,0.2629020073072589,0.2319639251920257,0.24503704330363718,0.4688625038848061,0.42535078757385847,0.4071090300311745,0.3906073530938051,0.3427777929845456,
B54,0.42535078757385847,0.43524699888492435,0.48169330346439926,0.5888716242865455,0.6471272708346534,0.5888716242865455,0.8057706987364328,0.5453599079755977,
