,job336_scenario0_637,job342_scenario0_650,job345_scenario3_654,job346_scenario1_655,job347_scenario1_658,job348_scenario3_659,job349_scenario2_660,job350_scenario3_661,job351_scenario0_663,job352_scenario1_664,
in27,0.02588941045898152,0.043511716310947524,0.4302281963847657,0.2217764832607948,0.19020995558128706,0.5004290315643136,0.2217764832607948,0.20527480632342532,0.08526568592168593,0.12990533171280505,
B14,0.5319955592438215,0.4656855970842604,0.8808489427268881,0.6408307019234092,0.6639498682770006,0.8106481075473402,0.8106481075473402,0.620438151966053,0.48218727402162975,0.8808489427268881,
B11,0.0,0.020392549957356065,0.21060250553864324,0.1719681980386032,0.2337216718922347,0.26041079076083484,0.1719681980386032,0.19020995558128706,0.10176736285905541,0.2919773184403426,
cn12,0.08702343262189516,0.08009704649061367,0.3306116259403826,0.27030700207190084,0.2510497779064359,0.3306116259403826,0.3039225070717826,0.5208215815216699,0.0639042662683037,0.2256673562807816,
B54,0.5208215815216699,0.5103252428753796,0.8808489427268881,0.620438151966053,0.7222055148251086,0.8106481075473402,0.6639498682770006,0.7222055148251086,0.5319955592438215,0.7222055148251086,
