,job594_scenario1_1235,job601_scenario1_1250,job612_scenario2_1268,job613_scenario2_1271,
in27,0.5611959696270244,0.5461311188848861,0.6394511204180253,0.5776976465643938,
B14,0.9377250077696121,0.8012142104305032,0.8177158873678727,0.8359576449105565,
B11,0.7722910403993579,0.8012142104305032,0.8012142104305032,0.7722910403993579,
cn12,0.07726861500008009,0.0,0.04751505218832497,0.007067779820532305,
B54,0.38893654096825625,0.49904945005892976,0.39943287961454654,0.5425611663698774,
