,job73_scenario4_153,job74_scenario1_154,job75_scenario3_157,job76_scenario2_158,
in27,0.204068274870294,0.0,0.028923170031145196,0.06366660451119843,
B14,0.5640956360755123,0.6139039212977039,0.5872148024291037,0.7339130416994433,
B11,0.804113876878991,0.49389480089596444,0.6454704489772116,0.5089596516381028,
cn12,0.49389480089596444,0.4335901770274826,0.4800364816069575,0.3812543058515566,
B54,0.6139039212977039,0.543703086118156,0.543703086118156,0.5872148024291037,
