,job336_scenario0_637,job342_scenario0_650,job345_scenario3_654,job346_scenario1_655,job347_scenario1_658,job348_scenario3_659,job349_scenario2_660,
in27,0.012031091169974584,0.02965339702194081,0.416369877095759,0.20791816397178797,0.17635163629228034,0.4865707122753068,0.20791816397178797,
B14,0.3915938888847259,0.32528392672516493,0.7404472723677926,0.5004290315643138,0.5235481979179053,0.6702464371882447,0.6702464371882447,
B11,0.0,0.020392549957356065,0.21060250553864335,0.1719681980386033,0.2337216718922348,0.26041079076083495,0.1719681980386033,
cn12,0.016822597442347487,0.009896211311065883,0.26041079076083495,0.20010616689235305,0.18084894272688823,0.26041079076083495,0.2337216718922348,
B54,0.5706298667438616,0.5601335280975713,0.9306572279490798,0.6702464371882447,0.7720138000473004,0.8604563927695319,0.7137581534991924,
