,job274_scenario0_534,job278_scenario0_538,job291_scenario4_561,job294_scenario4_564,job295_scenario0_566,job298_scenario2_571,job299_scenario1_573,job300_scenario0_574,
in27,0.06175347385363161,0.06175347385363161,0.2235165638661094,0.20845171312397115,0.11156175907582322,0.20845171312397115,0.2235165638661094,0.05567788335511048,
B14,0.5738067735444072,0.5440532107326521,0.6938158939461465,0.6938158939461465,0.5267251047184509,0.813825014347886,0.6236150587665987,0.5849807512665588,
B11,0.2930034328262159,0.3207646081409038,0.7436241791683382,0.5849807512665588,0.30632820296303986,0.4484699539274499,0.6236150587665987,0.3365151491371636,
cn12,0.01650167693736937,0.01650167693736937,0.26358769756138056,0.3569076990945198,0.0,0.19338686238183278,0.15864342790177954,0.00971113746889496,
B54,0.5633104348981169,0.6551815864461066,0.8636332995700775,0.9338341347496254,0.5738067735444072,0.775190706847846,0.8636332995700775,0.5633104348981169,
