,job407_scenario3_795,
in27,0.0,
B14,0.08844259272223176,
B11,0.1466982392703396,
cn12,0.18533254677037964,
B54,0.37554250235166686,
