,job138_scenario4_287,
in27,0.48536418082217553,
B14,0.4853641808221756,
B11,0.6053733012239149,
cn12,0.0,
B54,0.7955832568052021,
