,job40_scenario0_87,job42_scenario1_90,job47_scenario0_98,job48_scenario3_99,job49_scenario0_101,job50_scenario1_103,job51_scenario1_106,job53_scenario0_108,job54_scenario3_109,job55_scenario2_111,
in27,0.7577753783819938,0.8234789071269335,0.6730166812936349,1.0773554672194192,0.717328106014201,0.8373372264159404,0.8106481075473404,0.7577753783819938,0.8689037540954483,0.8373372264159404,
B14,0.7770326025474587,0.8524020771580788,0.7987029189159005,0.9889128744971877,0.8524020771580788,0.8106481075473404,1.0275471819972277,0.8106481075473404,0.887145511638132,0.9306572279490797,
B11,0.7577753783819938,0.887145511638132,0.7875289411937489,1.0275471819972277,0.7404472723677926,0.887145511638132,0.8524020771580788,0.7102603261936689,1.2675654228007065,0.9306572279490797,
cn12,0.0,0.14040167035909557,0.027761175314687803,0.2337216718922348,0.02403766486245984,0.18084894272688823,0.21060250553864335,0.047683883564809015,0.21060250553864335,0.2337216718922348,
B54,0.7987029189159005,0.8524020771580788,0.9075380615954882,0.9573463468176799,0.8524020771580788,0.9889128744971877,1.147556302398967,0.7987029189159005,0.8689037540954483,1.147556302398967,
