,job541_scenario0_1110,job543_scenario2_1113,job551_scenario1_1134,
in27,0.3787877508766958,0.47917553223036735,0.46723034359892746,
B14,0.6778328491375708,0.9564853974410896,0.9564853974410896,
B11,0.7736440672171341,0.8595954433929418,1.0062936826632813,
cn12,0.0,0.18730002888432296,0.2154379977380727,
B54,0.8476502547615019,1.0378602103427892,1.0062936826632813,
