,job670_scenario0_1407,job671_scenario1_1409,job672_scenario2_1410,
in27,0.644235569998316,0.7182417575426838,0.7884425927222316,
B14,0.7568760650427238,0.7719409157848621,1.0670951410257503,
B11,0.24482276535194825,0.3732792470796039,0.30307841190005613,
cn12,0.0,0.3404060221571503,0.16752417259006447,
B54,0.7884425927222316,0.947086020624011,0.8270769002222715,
