,job83_scenario1_175,job84_scenario1_177,
in27,0.39866166870525827,0.4137265194473966,
B14,0.38480334941625133,0.1945933938349641,
B11,0.0,0.011945188631439896,
cn12,0.31021907598302656,0.28602117366085045,
B54,0.5186707891069977,0.7088807446882849,
