,job425_scenario3_839,
in27,0.24949312183880878,
B14,0.6481547905440671,
B11,0.09434752124255297,
cn12,0.4579448349627799,
B54,0.0,
