,job295_scenario0_566,job300_scenario0_574,job301_scenario0_576,job302_scenario0_578,job303_scenario1_579,job304_scenario0_582,job305_scenario1_583,
in27,0.3661029517037391,0.31021907598302645,0.3043494778501076,0.3291254660611407,0.5331937409314349,0.3429837853501476,0.37455031302965536,
B14,0.4861120721054786,0.5443677186535865,0.5691437068646195,0.5226974022851446,0.7345776742348736,0.5691437068646195,0.6532028613331742,
B11,0.4559251259313548,0.4861120721054786,0.462992905751887,0.4559251259313548,0.5691437068646195,0.44260035579453083,0.632810311375818,
cn12,0.009195252609219384,0.018906390078114232,0.03640982427222483,0.0,0.1758929961224519,0.012372159409764993,0.258924630881593,
B54,0.5331937409314349,0.5226974022851446,0.5691437068646195,0.5691437068646195,0.632810311375818,0.5443677186535865,0.8932211021366531,
