,job411_scenario1_801,job413_scenario1_804,
in27,0.023119166353591458,0.0,
B14,0.2786525483035188,0.37826911874790203,
B11,0.4217808350588498,0.4098356464274098,
cn12,0.38816533005896803,0.39866166870525827,
B54,0.7586890299104765,0.6386799095087371,
