,job488_scenario3_1000,job489_scenario3_1001,
in27,0.0,0.26041079076083506,
B14,0.40710903003117455,0.6471272708346534,
B11,0.8373372264159405,0.7173281060142012,
cn12,0.5973189856124618,0.527118150432914,
B54,0.15323246993868878,0.35730074480898294,
