,job853_scenario2_2013,
in27,0.43676242705311513,
B14,0.6021963944233693,
B11,0.5004290315643136,
cn12,0.0,
B54,0.45062074634212207,
