,job381_scenario3_737,job385_scenario2_752,job386_scenario0_754,
in27,0.6124670240901016,0.24371803552367888,0.0,
B14,0.9409278576158121,0.6771231387089904,0.2857203281240511,
B11,1.2125126260987986,0.8406439754216775,0.511880249638523,
cn12,0.9724943852953197,0.5670102296183169,0.26532777816669495,
B54,1.1542569795506907,0.9375339294698254,0.6071133818292294,
