,job406_scenario2_800,job411_scenario1_809,
in27,0.3100440153466052,0.0,
B14,0.8989156396331507,0.5769264356551056,
B11,0.39848660806883685,0.10806393177029949,
cn12,0.6588973988296718,0.3071546320398717,
B54,0.9487239248553423,0.5067256004755578,
