,job1075_scenario1_3418,
in27,0.14040167035909548,
B14,0.14040167035909548,
B11,0.05634251589054076,
cn12,0.0,
B54,0.22177648326079488,
