,job643_scenario0_1357,job644_scenario2_1358,job645_scenario0_1361,job648_scenario1_1367,
in27,0.600774492481071,0.7053437034091468,0.5130854659980605,0.39721281872010866,
B14,0.49462369136833845,0.6805677151981138,0.40926912581863106,0.3585785112200686,
B11,0.41735507636825836,0.5991929022964144,0.34956462928537335,0.2220677138809598,
cn12,0.13732294655935562,0.28540387379837906,0.06246471965593836,0.0,
B54,0.7079528133032171,0.909411978279441,0.62114939776836,0.4470211039423002,
