,job406_scenario2_800,job409_scenario2_804,
in27,0.09939009222173167,0.0,
B14,0.7268960240083171,0.7227390639772918,
B11,0.17665870722181176,0.08405915446855472,
cn12,0.4868777832048383,0.34231915281471753,
B54,0.7767043092305087,0.5640956360755125,
