,job393_scenario3_771,job394_scenario1_773,job395_scenario2_775,
in27,0.7383250351629048,0.5167396302018965,0.36973849867411296,
B14,0.8969684630646843,0.5553739377019365,0.5738067735444071,
B11,0.37829767395768654,0.17983143535026969,0.0,
cn12,0.6569502222612054,0.41497226734284104,0.32329219409463805,
B54,0.7067585074833971,0.6051822229241282,0.47691681949625914,
