,job163_scenario0_310,job169_scenario0_320,job175_scenario0_329,job176_scenario1_330,job177_scenario1_332,job178_scenario1_333,job179_scenario1_334,job180_scenario2_335,job182_scenario2_339,job183_scenario1_340,job184_scenario0_342,job185_scenario2_343,job186_scenario0_345,job187_scenario3_346,job188_scenario3_347,job189_scenario0_348,job190_scenario1_349,job191_scenario1_355,job192_scenario1_356,
in27,0.9864136886030572,0.9504925606704412,0.894476274251919,0.9625084864707051,1.0426498913219346,1.019911375187666,1.013397253785039,1.0413234776085991,0.946690877374873,0.983231573892181,0.7853986356863143,0.8945477069113179,0.7628886787928857,0.9761090229604457,0.9873582323553823,0.7451444919938033,0.8038314715287849,0.5453599079755977,0.5604247587177361,
B14,1.0925644897157898,1.010197057203699,0.9399011212204338,1.0726213955613786,1.1310924840441663,1.0546548096677193,1.0685332382224486,1.1430908404676547,1.112124844745127,1.021865881392221,0.8525350269227072,1.0145568273130574,0.858121810983592,1.1228072622307852,1.1073673527571217,0.7798879264738566,0.8803288756195766,0.5604247587177361,0.638679909508737,
B11,0.7891359532012377,0.746424285800147,0.7181246379596387,0.8824114399800912,0.8070150887721328,0.829701419606379,0.8081224474616138,0.8511135220273118,0.8201475263047842,0.7765199413735244,0.6369426497157656,0.7808351554208224,0.5865370425006053,0.8441547139272664,0.9171573971758344,0.5398696856703776,0.6264523155270909,0.37021480313644894,0.4751590727960501,
cn12,0.38591779619005007,0.35970780572632877,0.3142518995908046,0.4774532023635891,0.483965213209513,0.49812092396997004,0.4364708181299338,0.4377079230848935,0.4067419273623658,0.4151858829253605,0.21159186214190728,0.40401488665807017,0.18932422378049685,0.49607254135348805,0.46024008192246835,0.13599694730154344,0.276713321095871,0.0,0.028137968853749973,
B54,1.0179802162825649,0.9655574114125796,0.8816454746723259,1.0228131103391869,0.9408825284628791,1.0048465244455278,0.9716432841743008,0.941706907164216,0.9107409114416882,0.9516650462126732,0.7982294352659075,0.9914376609594658,0.7628886787928857,0.8125881862477586,0.8406599930850427,0.7451444919938033,1.0207305459786722,0.5453599079755977,0.6155607431551455,
