,job54_scenario0_104,job60_scenario3_118,job61_scenario0_119,job62_scenario0_123,job63_scenario1_124,job65_scenario0_128,job66_scenario1_133,job67_scenario4_135,
in27,0.2898997322514584,0.47344493523639,0.16021130693507568,0.1508180491726816,0.2442178896858882,0.057973241197901704,0.023321133768267943,0.0,
B14,0.6112927859566366,0.8019057687621005,0.526314258638815,0.45054078650941803,0.5682952849579215,0.3434163289698951,0.3682836442313479,0.24001824080347878,
B11,0.8197444990806078,0.8721066039416483,0.6659447180886222,0.6539736971332308,0.8896883386630998,0.5749872084474577,0.519859292312595,0.5382921281550656,
cn12,0.29262634864769377,0.5351984090900215,0.20223686336678148,0.16344087687998288,0.29626022607062485,0.07779446854548389,0.03874407473705266,0.09961657044438321,
B54,0.49566710380857404,0.49168669277907384,0.4126017071483194,0.3565854207297972,0.5092684275005253,0.3065221020751694,0.22788197387225217,0.24631480971472264,
