,job411_scenario1_809,job412_scenario2_810,job414_scenario2_812,
in27,0.49433284432564073,0.47666849650662535,0.3213930537051781,
B14,0.9898844670790468,0.8104570292475537,0.8288898650900243,
B11,0.64103108359598,0.5998545237089101,0.4635348046695882,
cn12,0.20144187435681515,0.1513845697814603,0.0,
B54,0.919683631899499,0.891831842149253,0.6884881947309286,
