,job97_scenario0_182,job99_scenario0_190,job100_scenario0_194,job102_scenario0_198,job103_scenario0_199,job105_scenario0_202,job106_scenario1_203,job107_scenario0_204,job108_scenario1_205,job109_scenario2_206,job111_scenario2_208,job112_scenario2_211,job113_scenario0_212,job114_scenario0_213,job115_scenario1_217,job116_scenario1_218,
in27,0.9093670366239772,0.8651698897103879,0.8287217745478851,0.7891729173124402,0.8012775522422237,0.7693034571181314,0.9252797171327722,0.749735285862112,0.8588843570871156,0.8610129296793625,0.8658613997030187,0.8135929686730972,0.6394275247183543,0.6127094670625026,0.49686575857180226,0.5119306093139406,
B14,1.2304592447923564,1.2251972509156062,1.1809371386736685,1.1758893973862585,1.1931486814790073,1.1215188212439147,1.2656857392899226,1.0653653198082293,1.221596059859189,1.449884553965908,1.4231664963100563,1.2122546373783556,0.9994548859235726,0.9411703005882132,0.8955274272770606,0.9270939549565683,
B11,1.195715810312303,1.158887288756045,1.1286012674977424,1.1095794352266974,1.0799301005457425,1.0768791754527955,1.2923748581585228,1.042246153454638,1.2714043450813808,1.1396654779828814,1.0990891010380228,1.1104872745193,0.9180800730218731,0.8913620153660214,0.7616599875863141,0.7905831576174595,
cn12,0.37737147738015553,0.3504391671349638,0.33834570990775814,0.3011313136056163,0.2902526288446151,0.26506907318899753,0.42104533320363857,0.24550090193297813,0.40895556481478135,0.43815335865192817,0.38976498462763454,0.337496553597713,0.12469680214293022,0.0946167638443618,0.0,0.024197902322176335,
B54,0.983373224168345,0.9851790101121272,0.9487308949496246,0.9091820377141797,0.9781627376866869,0.8893125775198709,1.0452888375345117,0.8337944403306667,0.9660626779092618,0.8925794573588703,1.024504827604798,1.0220446817970683,0.7455783258310869,0.706029468595642,0.7368839993752812,0.6484414066530495,
