,job468_scenario0_919,job474_scenario0_933,job475_scenario0_934,job478_scenario0_941,job480_scenario1_945,job481_scenario0_947,job482_scenario0_949,job483_scenario0_951,job484_scenario2_952,job485_scenario2_953,job486_scenario3_954,job487_scenario3_955,job488_scenario2_958,
in27,0.3599863343488796,0.2880299328719415,0.2820477307538912,0.25274050842168283,0.32606863258212887,0.2046979712376948,0.12548267948551406,0.11534327679785622,0.19890428203709298,0.1474102361702082,0.22354511907589414,0.23119543716857055,0.0,
B14,0.6070723549728908,0.5518027042754934,0.5265632779919782,0.47602911101343115,0.5864794233429638,0.39490792681898207,0.4125825891149492,0.37575406755869134,0.8332007532921532,0.5278301473327827,0.4137550746571812,0.4214053927498577,0.45062074634212235,
B11,0.5646326951080307,0.507163058484374,0.5011808563663238,0.45870100499922994,0.5478451158429237,0.38685361120752887,0.3423817539354014,0.2984854525586113,0.41803740764952546,0.3762544992515354,0.7737824358623995,0.45297192042936546,0.14040167035909573,
cn12,0.4301871695284274,0.35493282904548024,0.3556105465761559,0.30171439895489205,0.45597396429493414,0.22821018330574944,0.21530485371312968,0.17168579268839718,0.3327717217278394,0.3376201917514954,0.393362524699825,0.37159710752766606,0.051959077636864026,
B54,0.627464904930247,0.6121073281439752,0.6376916537054327,0.5555909590473778,0.6678542362446631,0.477939561578123,0.43570175546854073,0.3553615176013352,0.5931825124886744,0.5278301473327827,0.5337641950589207,0.332962800027626,0.2604107907608352,
