,job3_scenario1_9,job4_scenario1_11,
in27,0.2833388788146398,0.10350744346437002,
B14,0.31002799768324,0.10350744346437002,
B11,0.19001887728150058,0.10350744346437002,
cn12,0.0850746076218995,0.0,
B54,0.43003711808497935,0.5186707891069977,
