,job314_scenario0_589,job322_scenario0_603,job326_scenario0_609,job333_scenario0_623,job334_scenario1_626,job335_scenario4_630,job336_scenario0_632,job337_scenario2_633,job338_scenario0_637,job339_scenario0_640,job340_scenario3_642,
in27,0.7502498921443873,0.7191588532011688,0.6808198266158759,0.593383477343163,0.7401681197261485,0.7162519101393172,0.4993238969021785,0.6104273384986036,0.4042818430112589,0.2767958381465625,0.5423146946130443,
B14,0.7188684383070506,0.6640228687637594,0.6213004039247895,0.5685362541741755,0.6352238500665475,0.6317001904370725,0.4961469901016329,0.6709170362092566,0.4332050130424041,0.21048587598700153,0.3489278322312115,
B11,0.8493738973550803,0.7967283137380482,0.7510206617954237,0.7541776976596146,0.7788024272261886,0.8882201081779206,0.639725567261274,0.726053020646666,0.511460163833405,0.37718361950023405,0.6827163649721397,
cn12,0.4835425324723083,0.4288820367711882,0.40757823627544776,0.33657232898214995,0.44926285773189334,0.5513119133262938,0.24594130736692343,0.4508982996486709,0.13757448333917988,0.0,0.18716474221873358,
B54,1.0476381685478207,0.9907436216841553,1.0048972218879095,0.8973059844149456,1.0503871957091753,1.0082292285796601,0.8299355228425613,0.9660712614501448,0.7283592382832924,0.5940826939501216,0.6125155297925919,
