,job265_scenario0_489,job276_scenario0_511,job280_scenario1_516,job281_scenario0_519,job287_scenario2_534,job288_scenario1_535,job289_scenario2_543,job290_scenario3_544,job291_scenario1_545,
in27,0.49465640390888743,0.42832298052531925,0.5320899674446384,0.4034470148192214,0.43983880323026575,0.37606342095174866,0.14021059205930886,0.15864342790177943,0.0,
B14,0.6699865825902075,0.6073589583844549,0.7271773318368332,0.5382930246887381,0.6433735289483771,0.6294064318920514,0.3935536029996117,0.26041079076083495,0.21060250553864335,
B11,0.9120538007140604,0.8308755222505643,1.005829880140352,0.8080648283039719,0.7855152799127869,0.7880498597938308,0.5704387884440749,0.7292732946456411,0.4506207463421222,
cn12,0.46235155288080665,0.36842621682864385,0.5138482099019546,0.3227006474817965,0.41042306796543043,0.38595963226281466,0.14021059205930886,0.22884426308132733,0.003890873019986807,
B54,1.0089437547622082,0.9358197919101654,1.005829880140352,0.8826491017371967,0.9606603847519358,0.9080589801955703,0.6139505047550226,0.5706298667438616,0.468862503884806,
