,job249_scenario0_466,job250_scenario0_467,job252_scenario0_470,job253_scenario3_472,job260_scenario0_481,job261_scenario0_484,job262_scenario1_485,job264_scenario2_488,job265_scenario0_489,job266_scenario4_490,job268_scenario2_492,job269_scenario3_494,job270_scenario1_499,
in27,0.8017839551603585,0.8194071960223166,0.7899165824284323,0.9492621340748326,0.7061680917321409,0.6794500340762892,0.7893486905776225,0.7540079341046007,0.6200317166465357,0.8584683672653579,0.6877724060183537,0.8425328273593002,0.4026117235965664,
B14,1.0102356682843294,1.005726278583617,0.9801265380097195,1.1710386173356275,0.9333555329560266,0.8835183089465835,0.9934169654479166,1.1278936145988259,0.8136036528705395,0.9517883687984972,0.9416489661108394,0.892341112581492,0.6564882836890522,
B11,0.9362294807399617,0.9317200910392492,0.9330448691837633,1.13947208965612,0.8400355314228873,0.8062496939465034,0.9382809810105072,0.8380670885731554,0.7770183226908736,1.048678322846645,0.807781526420093,1.0123502329832312,0.5862874485095043,
cn12,0.3283649629696229,0.34385507751180333,0.31260671721771016,0.5625456540010143,0.24595283747276575,0.2128215813540284,0.3536583199705948,0.3425154658197491,0.1806178355872805,0.4015510520119917,0.3044179065872521,0.36522296214857797,0.0,
B54,1.0102356682843294,1.005726278583617,1.0797431084541027,1.1127829707875196,0.8997400279561449,0.9194682748797681,0.9934169654479166,0.9580762089748948,0.8739082767390214,1.0984866080688367,0.8918406808886478,0.8221402774019441,0.68805481136856,
