,job526_scenario0_1056,job527_scenario3_1057,job528_scenario0_1059,job529_scenario0_1061,job532_scenario0_1074,job533_scenario2_1075,
in27,0.5959889678649768,0.8163591984323693,0.5883634859793736,0.5582057614859558,0.3600273612052183,0.43787851447744264,
B14,1.0943810751955494,1.4773447885560294,1.0822582868753383,1.0863514316282834,0.8743147120585391,1.1219832709546944,
B11,0.6166378266224584,0.8884731642694839,0.578652348510479,0.5546567179212613,0.3426199983515169,0.46291081148860114,
cn12,0.24652198694275618,0.5466875606069495,0.22833612477415544,0.19920591999015114,0.0,0.12327600024073893,
B54,0.7796646927779146,0.9382814494916756,0.7334049033922716,0.7557398056879007,0.5170139672495562,0.7415633597921198,
