,job783_scenario3_1826,job785_scenario1_1830,job786_scenario0_1831,job787_scenario2_1833,
in27,0.8222643073712554,0.5198334599886436,0.3532368217367436,0.34689366936818106,
B14,0.9809077352730349,0.6167234140367914,0.47324594213848303,0.6957470528512477,
B11,0.6208803740678167,0.20156006839416374,0.0,0.05706714334251062,
cn12,0.702255186969516,0.44963262480909577,0.22992976232899498,0.2886380228200732,
B54,0.4071009617286278,0.2829348812958631,0.07194091578486228,0.04056546640514125,
