,job136_scenario0_262,job139_scenario1_268,job142_scenario0_273,job145_scenario1_279,job147_scenario0_284,job154_scenario1_299,job155_scenario1_301,job156_scenario4_303,job158_scenario1_305,job159_scenario3_306,job160_scenario2_307,job161_scenario0_308,job162_scenario3_309,job163_scenario0_310,job164_scenario3_312,job165_scenario4_313,job166_scenario4_314,job167_scenario2_316,job168_scenario1_317,job169_scenario0_320,
in27,0.7288993841946135,0.8190477277263368,0.6776893875411403,0.8131416377967918,0.6590092127873292,0.7000318445032956,0.6586761351165787,0.7188741340029594,0.7440439925070873,0.8308234826548291,0.629753477896806,0.47132549192970646,0.7252818910022594,0.47129655314245494,0.798623654573771,0.539037242514273,0.9466756430255432,0.4183948217109834,0.42993601282364663,0.13386743969074633,
B14,0.7886038807278711,0.8827143322375353,0.7385292098662892,0.8913967885877927,0.7187137093205868,0.8516074925845427,0.7555660891647267,0.9090840895842467,0.6822905186534558,0.733933528606681,0.8697717187002848,0.5384618831660994,0.7252818910022594,0.5774473542551875,0.7488153693515796,0.6323572440474122,0.6097674481739164,0.7672482051940501,0.4850719972610561,0.19357193622400393,
B11,0.7288993841946135,0.847970897757482,0.6980819374984965,0.8478850722768451,0.6590092127873292,0.7315983721828033,0.7169317816646865,0.820641496862015,0.7707331113756875,0.8806317678770206,0.6613200055763138,0.4980146107983066,0.7954827261818072,0.46422877332192275,0.7488153693515796,0.6092380776938208,0.6680230947220244,0.45702912921102345,0.42993601282364663,0.12000912040173939,
cn12,0.5853208070349725,0.753344198981397,0.5576802671394009,0.6854362920102457,0.5186075424282336,0.620469996469349,0.5969226612629471,0.7392666839603157,0.5622813982517163,0.6556783778156802,0.5799451926746144,0.35443603363866555,0.6368392982800277,0.3277179759828139,0.6084136989924839,0.5541020932564114,0.5662557318629687,0.37746728117707684,0.31798120803336044,0.0,
B54,0.8222193857277529,0.9529151674170832,0.8496575855797437,0.9496524351359007,0.7523292143204685,0.7933518460364348,0.7786852555183181,0.8592758043620551,0.7005322761961397,0.792189175154789,0.7813291259780533,0.6495902588795538,0.7252818910022594,0.6228722012237021,0.7488153693515796,0.9692654388990389,0.7066574022220644,0.6970473700145022,0.5081911636146476,0.2689414108346241,
