,job44_scenario1_89,job47_scenario0_94,job51_scenario0_101,job52_scenario2_102,job53_scenario1_103,job54_scenario0_104,job55_scenario4_105,job56_scenario1_108,job57_scenario2_110,job58_scenario3_111,job59_scenario0_113,
in27,0.5857325760685688,0.4388573192500248,0.3502888518185535,0.4864701816519121,0.41880392635340813,0.3219892039780451,0.47454625930173766,0.3420036300051723,0.2810037223907621,0.31490540649414767,0.0,
B14,1.0942159232443356,0.8870993119031136,0.8495113519297359,1.006577796954141,0.9041681071755836,0.8185273625223723,0.991476967803421,0.9226009430180542,0.7663679032129376,0.7069495857831839,0.4748678421758854,
B11,1.0324624493907042,0.8395842597147887,0.7793105167501881,0.9016335272945397,0.9926106998978153,0.7869608348428646,1.0799195605256526,0.8025918226163147,0.7459753532555813,0.7883243986848834,0.43022819638476617,
cn12,0.8959516520515953,0.6999538002649812,0.6522336165279163,0.7816244068928004,0.7757116254479279,0.5967508792615773,0.8549661704643121,0.6660810252772059,0.6463587828111982,0.7069495857831839,0.2880864454203561,
B54,1.0942159232443356,0.9666611599370603,0.9143844878940659,1.006577796954141,0.9659215810292151,0.8433033507334053,0.991476967803421,0.8643452964699462,0.789487069566529,0.7069495857831839,0.5502373167865056,
