,job514_scenario1_1027,job516_scenario0_1032,job517_scenario0_1033,job518_scenario0_1034,job520_scenario1_1042,job521_scenario1_1043,
in27,0.47117827420140546,0.2608028253711303,0.25336995898315395,0.23139581884114124,0.023119166353591458,0.0,
B14,0.5943643014036903,0.41944625327290974,0.4258717061739403,0.3806782338885216,0.20845171312397104,0.20845171312397104,
B11,0.7663324994422935,0.5073552968429582,0.5072465190756397,0.4991752349593076,0.2898265260256704,0.30489137676780875,
cn12,0.54098606366649,0.32909052989311105,0.3184854134795021,0.299683523363122,0.16137004429801471,0.16137004429801471,
B54,0.9480950936976645,0.7998661644354841,0.7720407480901514,0.756600838616488,0.7586890299104765,0.5417899554605892,
