,job586_scenario0_1204,job588_scenario3_1208,job592_scenario0_1221,job594_scenario1_1226,job595_scenario0_1227,job596_scenario3_1228,job597_scenario1_1232,job599_scenario3_1237,job600_scenario1_1240,job601_scenario3_1242,
in27,0.6948340729220553,0.9639777554896379,0.6079243788809032,0.6633073648978752,0.5724748446405628,0.7321817863640875,0.6063765287439484,0.651498483455019,0.41227766946224703,0.36583736934038763,
B14,0.8020123937442016,0.9324112278101302,0.6814871947031678,0.733508200077423,0.6222831298627545,0.8725834567231832,0.7846412956937956,0.6830650111345268,0.49053282025324796,0.5356547749643186,
B11,0.2181595719578142,0.4151892886882821,0.12418209809613034,0.21140885214466754,0.08194202438731457,0.24164896611083952,0.14253282735930073,0.19253219088127882,0.0,0.04512195471107083,
cn12,0.5781869331630327,0.8622103926305823,0.49127723912188065,0.6223798243639687,0.43207317428146713,0.7321817863640875,0.513056527210809,0.651498483455019,0.29226854906050764,0.3272030618403476,
B54,0.8287015126128017,0.8439686350878985,0.7568566693137879,0.8219507927996548,0.7075488157844405,0.7525743363214437,0.753074768014288,0.6248093645864188,0.5487884668013558,0.44721218224208703,
