,job142_scenario0_273,job147_scenario0_284,job154_scenario1_299,job155_scenario1_301,job158_scenario1_305,job159_scenario3_306,job160_scenario2_307,job161_scenario0_308,job162_scenario3_309,job163_scenario0_310,job164_scenario3_312,job167_scenario2_316,job168_scenario1_317,job169_scenario0_320,job170_scenario2_321,job171_scenario1_322,job172_scenario2_324,job173_scenario3_325,
in27,0.9341794393171685,0.9197427293138345,0.9730048251169954,0.9345859595516353,1.0278770222975229,1.1172502722273865,0.9191171112907202,0.7640426721713487,1.021865881392221,0.772389933233129,1.1114467813612052,0.7789065192314113,0.8153453271733511,0.6113953312441065,0.6848458725829369,0.6426879054534218,0.5106164734955445,0.6155607431551456,
B14,0.9950192616423175,0.9794472258470921,1.1245804731982425,1.031475913599783,0.9661235484438915,1.0203603181792384,1.159135352094199,0.8311790634077416,1.021865881392221,0.8785407343458616,1.0616384961390137,1.127759902714478,0.8704813116107606,0.6710998277773641,1.12893238825671,0.7267470599219765,0.6857615783346934,0.6471272708346534,
B11,0.9545719892745247,0.9197427293138345,1.004571352796503,0.9928416060997431,1.0545661411661231,1.167058557449578,0.9506836389702279,0.7907317910399488,1.0920667165717688,0.7653221534125969,1.0616384961390137,0.8175408267314512,0.8153453271733511,0.5975370119550996,0.7137690426140822,0.6565462247424287,0.5271181504329139,0.6471272708346534,
cn12,0.35725300366206314,0.32242374370137294,0.43652566182968255,0.41591517044463755,0.3891971127887859,0.4851878521348716,0.41239151081516245,0.19023589862694168,0.4765059734166232,0.17189404082012183,0.4643195105265519,0.2810616634441385,0.24647320712969867,0.020610576299994077,0.19197859139638618,0.12006706145511592,0.0,0.15864342790177943,
B54,0.9861385169540324,0.8930536104452345,0.9463157062483951,0.9345859595516353,0.8643561855848358,0.958606844325607,0.9506836389702279,0.8222983187194566,0.9018567609904816,0.8039564609126368,0.9416293757372742,0.9375499471331907,0.7735913575626125,0.6264601819862449,0.6488959066497523,0.6067379395202371,0.5271181504329139,0.42535078757385836,
