,job757_scenario1_1730,
in27,0.08038827711077856,
B14,0.21689907444988737,
B11,0.3369081948516268,
cn12,0.09688995404814793,
B54,0.0,
