,job51_scenario0_101,job54_scenario0_104,job60_scenario3_118,job61_scenario0_119,job62_scenario0_123,job63_scenario1_124,job64_scenario2_127,job65_scenario0_128,job66_scenario1_133,
in27,0.36664535774826634,0.3660779141855274,0.5410544536053778,0.2265945118548638,0.21005136769263766,0.30076225933170664,0.2552022611909598,0.0946167638443618,0.007696225384806743,
B14,0.9511335437811348,0.9478817586515405,1.1299260778919233,0.8531082543194382,0.7701848957902089,0.8852504453645751,0.875640413157013,0.6404706423771902,0.6130695266087216,
B11,0.6907227530202997,0.7261052753907457,0.7698987166867051,0.5625105173844793,0.5433896100292557,0.7764153026849872,0.5804861879161247,0.44181332546998675,0.3344169783052027,
cn12,0.373435897216741,0.3456853642281711,0.5796887611054178,0.24550090193297813,0.19955502904634725,0.3296854293628517,0.29564953355875245,0.09131882483835252,0.0,
B54,1.0160066797454648,0.9726577468625737,0.9601086722679922,0.8797973731880382,0.8166312003696838,0.9666252582662744,0.875640413157013,0.7439780858415602,0.6130695266087216,
