,job912_scenario0_2375,job913_scenario2_2377,
in27,0.1386439236588865,0.1420119087592187,
B14,0.1640263452845409,0.4522309847422453,
B11,0.13094769827407976,0.2935875568404659,
cn12,0.0,0.07181107357967098,
B54,0.21689907444988749,0.19182019398141026,
