,job314_scenario0_589,job316_scenario0_592,job318_scenario1_595,job322_scenario0_603,job323_scenario1_604,job326_scenario0_609,job329_scenario1_619,job332_scenario1_622,job333_scenario0_623,job334_scenario1_626,job335_scenario4_630,job336_scenario0_632,job337_scenario2_633,job338_scenario0_637,
in27,0.6873088606278374,0.684641692740699,0.8166729798047028,0.6506330129382972,0.7395782537209424,0.6083223719420643,0.6635837293407928,0.6507239909739481,0.5002118567144462,0.6368392982800277,0.5888455277364646,0.3493277186258299,0.4431708099220165,0.12000912040173939,
B14,0.7608716764501019,0.7850294740943705,0.8718089642421123,0.700441298160489,0.8595873741226818,0.6537472189105791,0.770762050162939,0.7209248261534958,0.58030890320506,0.6368392982800277,0.6092380776938208,0.4510950814848854,0.6086047772922707,0.25387656009248577,
B11,0.7162320306589827,0.7148286389148227,0.7877498097735576,0.6580016382956289,0.7662673725895426,0.6083223719420643,0.7272503338519913,0.6240348721053479,0.5908052418513503,0.60527277060052,0.6906128905955202,0.4195285538053778,0.4885956568905312,0.1569866060443379,
cn12,0.567299740226098,0.5612040135132016,0.681599008660825,0.5070544357786562,0.7059627487210607,0.4817790208719757,0.6072412134502521,0.5805231557944004,0.39009894762377284,0.49263227555611216,0.5706037701937807,0.24264336836091438,0.4303400103424234,0.0,
B54,0.7944871814499836,0.7978602736739637,0.9216172494643039,0.7320078258399967,0.886276492991282,0.7421898116328107,0.7476428838093475,0.8022996390551953,0.6139244082049418,0.7568484186817672,0.6906128905955202,0.48972938898492546,0.6086047772922707,0.25387656009248577,
