,job412_scenario2_810,job419_scenario3_819,job421_scenario3_823,
in27,0.7011608445294852,0.6333807655033038,0.5004290315643138,
B14,0.44607775298386804,0.35472821719978487,0.07020083517954778,
B11,0.7359042790095385,0.7035816006828515,0.7404472723677926,
cn12,0.23547524744522486,0.1645182616184977,0.0,
B54,0.43900997316333573,0.23471909679804548,0.15157564808124713,
