,job380_scenario0_735,job381_scenario3_737,job382_scenario1_739,job384_scenario0_742,
in27,0.6061733124425797,0.7857608800165877,0.7563538734865987,0.4996578206550255,
B14,0.6797361282648442,0.9057700004183271,0.7359613235292424,0.6267347208772971,
B11,0.37294561110757546,0.5884831446147682,0.45730877522572355,0.25119221852563034,
cn12,0.11960260016727275,0.38709921131132946,0.22118140744223158,0.0,
B54,0.740040752133326,0.8088800463701792,0.9261712791105297,0.6417995716194355,
