,job452_scenario3_893,job453_scenario2_894,job454_scenario3_895,job455_scenario1_896,job456_scenario2_898,
in27,0.507661793134552,0.2948620416797689,0.31795226924610887,0.23544372425001525,0.18367572491293793,
B14,0.6663052210363314,0.5468254711146876,0.6169973675069839,0.5842971077330819,0.444086515673773,
B11,0.3876526727328125,0.22466120650022114,0.38815310442565665,0.1470011315277836,0.0,
cn12,0.7476800339380307,0.49395274194934113,0.5966048175496277,0.40915200289393305,0.3329581399603186,
B54,0.6894243873899228,0.725090238064535,0.6401165338605753,0.6341053929552736,0.5640956360755125,
