,job211_scenario0_391,job213_scenario0_393,job220_scenario0_406,job226_scenario3_419,job228_scenario0_423,job229_scenario2_424,job230_scenario0_426,job231_scenario2_427,job232_scenario4_428,job233_scenario3_430,job234_scenario3_432,job235_scenario2_435,job236_scenario2_436,job237_scenario4_438,job238_scenario2_439,
in27,0.49102331454802894,0.5175511847182511,0.442189977317509,0.6088228036349085,0.36279342192612773,0.459486515683247,0.32529742167284037,0.426786255909345,0.4594601422783337,0.4686874432483846,0.43185892169212675,0.21934534934084748,0.2690585337593221,0.169817405623931,0.026689118868600148,
B14,0.9855827479794241,1.0041218969935581,0.9090035038819411,1.0474983613455908,0.783660605456495,1.0937829869383071,0.7532323850237397,1.131283562343953,0.9985234813426875,0.8491073544109591,0.9820962384786321,0.9702889603549305,0.8579301580458675,0.6471272708346534,0.6471272708346534,
B11,0.9115765604350563,0.913035946622964,0.8492990073486835,1.0861326688456308,0.7432133330887021,0.8688295968769668,0.712785112655947,0.8210644863609264,0.9283226461631398,1.01892476003489,0.9820962384786321,0.6600698843719038,0.6329767679845271,0.7671363912363928,0.4430589959643592,
cn12,0.40060199671286534,0.4007783559788519,0.34886997578436973,0.5674618797386332,0.25268051283545434,0.42353654975006244,0.21235608109163318,0.3725945324334765,0.4798526922356899,0.418879158026193,0.45225147164948293,0.2298416879871379,0.20807627081497881,0.24846560212939506,0.0,
B54,0.997527936610864,1.0041218969935581,0.955449808461416,0.9661235484438915,0.8365333346218415,0.9239655813143762,0.8327942330576864,0.9726401344421736,1.118532601744427,0.8722265207645505,0.791886282897345,1.0902980807566698,0.6881127524219365,0.5769264356551056,0.6084929633346133,
