,job615_scenario2_1286,job620_scenario1_1295,job623_scenario4_1306,job625_scenario4_1308,
in27,0.34413735238771526,0.27898696375617227,0.08118373460191264,0.0,
B14,0.7161099022243733,0.6390143249613904,0.24470457131459966,0.26313740715707024,
B11,0.4943334189635784,0.4607495580115432,0.5233571196181186,0.11156175907582311,
cn12,0.4445251337413868,0.29722872129885614,0.21313804363509192,0.049808285222191606,
B54,0.9716432841743008,0.8945477069113179,0.6202470736662665,0.7586890299104765,
