,job595_scenario0_1227,job601_scenario3_1242,job602_scenario0_1250,job606_scenario2_1264,job607_scenario2_1266,
in27,0.5368715197933428,0.6559334112481163,0.3735404288699542,0.1612807810925263,0.15157564808124713,
B14,0.9235879998671612,1.1626590117236741,0.7747798607682099,0.7985118406161138,0.6969355560568449,
B11,0.8737797146449695,1.1626590117236741,0.7432133330887021,0.5446352805236281,0.45691731525336615,
cn12,0.3733506830806558,0.5941799373944848,0.2561090716612122,0.14865795338522514,0.0,
B54,1.0088536857888473,1.0742164190014425,0.8493641342014346,0.7100692478938821,0.6969355560568449,
