,job478_scenario0_941,job483_scenario0_951,job490_scenario0_967,job492_scenario3_969,job494_scenario1_977,job495_scenario1_979,job496_scenario4_980,job498_scenario1_982,job499_scenario3_985,job500_scenario3_990,job501_scenario1_992,
in27,0.6039450659919925,0.564592776919524,0.45933349837511456,0.7198974072307651,0.5233907819515511,0.47764428066337594,0.5978688429997953,0.5711507853439436,0.5455714731826224,0.5521970309013912,0.1265433510700888,
B14,0.44681375742116636,0.44458365651778464,0.36159274869420616,0.5998882868290257,0.4172399808388187,0.3576351602616365,0.3641471711075603,0.3374291134517086,0.42556235278088295,0.361987075320104,0.0,
B11,0.6196956069882524,0.5575249970989918,0.5152173740958272,0.7900982424103129,0.5870573864627495,0.5313434389055542,0.6947587970479432,0.5711507853439436,0.6157723083621701,0.4819961957218434,0.19020995558128728,
cn12,0.46270900094391454,0.4307253372287777,0.36159274869420616,0.6496965720512173,0.43230483158095695,0.4193886341152681,0.5196136922087944,0.3728865141512033,0.4753706380030745,0.36198707532010405,0.051959077636864026,
B54,0.7165855610364003,0.6144010621417157,0.585418209275375,0.7198974072307651,0.6572582216422975,0.6362877085651555,0.7445670822701348,0.6294064318920516,0.4571288804603907,0.29178624014055615,0.23372167189223497,
