,job794_scenario1_1849,job795_scenario3_1850,job796_scenario0_1851,
in27,0.5417899554605892,0.6617990758623284,0.4484699539274498,
B14,0.808497315132668,0.8786981503122159,0.5186707891069977,
B11,0.6182873595513808,0.808497315132668,0.4889172262952426,
cn12,0.4484699539274498,0.638679909508737,0.30489137676780875,
B54,0.600045602008697,0.3213930537051781,0.26313740715707035,
B51,0.5546207550401823,0.9987072707139553,0.5298447668291493,
os4,0.14312828675533085,0.2898265260256704,0.0,
