,job334_scenario3_635,job338_scenario0_639,
in27,0.677314217008777,0.5422402458648993,
B14,0.8138250143478859,0.6019447423981569,
B11,0.9022676070701174,0.5422402458648993,
cn12,0.2786525483035188,0.0,
B54,0.2968943058462026,0.19727773540181948,
B51,0.521847695907543,0.26797113581505727,
os4,0.8524593218479259,0.6124410810444472,
