,job902_scenario2_2155,
in27,0.16128678555014192,
B14,0.2684651063722881,
B11,0.14845598597054876,
cn12,0.07825515079100098,
B54,0.2249533900613404,
B51,0.17514510483914886,
os4,0.0,
