,job227_scenario2_451,
in27,0.02892317003114525,
B14,0.08405915446855472,
B11,0.0,
cn12,0.013858319289006937,
B54,0.10717832082214618,
B51,0.02892317003114525,
os4,0.2538765600924857,
