,job133_scenario2_275,
in27,0.31021907598302656,
B14,0.44672987332213543,
B11,0.2812959059518813,
cn12,0.19826427119274037,
B54,0.3884742267740275,
B51,0.0,
os4,0.6053733012239149,
