,job46_scenario4_97,job48_scenario3_99,job51_scenario1_106,
in27,0.06835893947993499,0.06835893947993499,0.006605465626303486,
B14,0.47546796951110953,0.6656779250923968,0.47546796951110953,
B11,0.7856870454941361,0.7154862103145883,0.47546796951110953,
cn12,0.0603046238684819,0.07536947461062016,0.0,
B54,0.4487788506425094,0.2901354227407299,0.20876060983903055,
B51,0.5687879710442487,0.7856870454941361,0.4616096502221026,
os4,0.47546796951110953,0.4368336620110695,0.3554588491093702,
