,job52_scenario1_107,job54_scenario3_109,job55_scenario2_111,job56_scenario1_113,
in27,0.0,0.12000912040173928,0.12000912040173928,0.043511716310947746,
B14,0.6369398289034226,0.7253824216256541,0.7253824216256541,0.5786841823553146,
B11,0.5004290315643137,0.795583256805202,0.4715058615331685,0.4586750619535753,
cn12,0.16578409198474986,0.23148762072968965,0.16578409198474986,0.14040167035909557,
B54,0.5555650160017231,0.5169307085016832,0.5786841823553146,0.7253824216256541,
B51,0.3969215880999437,0.6053733012239149,0.33866594155183594,0.32672075292039593,
os4,0.38847422677402754,0.3653550604204361,0.4467298733221354,0.3449625104630797,
