,job487_scenario1_996,
in27,0.2635876975613805,
B14,0.10494426965960102,
B11,0.2786525483035188,
cn12,0.19338686238183278,
B54,0.0,
B51,0.24972937827237357,
os4,0.29515422524088825,
