,job613_scenario2_1271,
in27,0.19020995558128723,
B14,0.6342964712550602,
B11,0.20406827487029416,
cn12,0.11562568214806246,
B54,0.3942782304515814,
B51,0.0,
os4,0.6342964712550602,
