,job427_scenario0_846,job428_scenario3_849,
in27,0.12000912040173939,0.347196561625625,
B14,0.19357193622400393,0.347196561625625,
B11,0.13386743969074633,0.444086515673773,
cn12,0.0,0.444086515673773,
B54,0.2689414108346241,0.347196561625625,
B51,0.24001824080347883,0.444086515673773,
os4,0.19357193622400393,0.3738856804942252,
