,job948_scenario0_2368,
in27,0.12679965987021413,
B14,0.19357193622400393,
B11,0.12679965987021413,
cn12,0.0,
B54,0.21524225259244573,
B51,0.24001824080347883,
os4,0.1569866060443379,
