,job51_scenario1_106,job52_scenario1_107,job53_scenario0_108,
in27,0.18582651732761024,0.08405915446855472,0.013858319289006937,
B14,0.7543055916567996,0.7858721193363073,0.5956621637550201,
B11,0.6342964712550601,0.6493613219971984,0.5216559762106523,
cn12,0.1935719362240037,0.174314712058539,0.0,
B54,0.425844758131089,0.425844758131089,0.3417856036625344,
B51,0.6204381519660531,0.6658629989345679,0.7543055916567996,
os4,0.7044973064346078,0.7276164727881993,0.5458538785328284,
