,job268_scenario2_523,
in27,0.2720350588872968,
B14,0.4734189921907356,
B11,0.3369081948516267,
cn12,0.2720350588872968,
B54,0.5120532996907756,
B51,0.0,
os4,0.1751451048391489,
