,job651_scenario1_1360,
in27,0.36656159187356746,
B14,0.2337216718922348,
B11,0.43022819638476595,
cn12,0.32011528729409255,
B54,0.47373991269571364,
B51,0.0,
os4,0.3537307922939743,
