,job464_scenario2_935,
in27,0.2720350588872968,
B14,0.5618615849129671,
B11,0.0,
cn12,0.25164250892994067,
B54,0.5120532996907756,
B51,0.09299908102816112,
os4,0.5618615849129671,
