,job167_scenario3_334,
in27,0.30216476037157347,
B14,0.40710903003117455,
B11,0.40710903003117455,
cn12,0.0,
B54,0.31021907598302667,
B51,0.7173281060142012,
os4,0.5586846781124217,
