,job924_scenario1_2248,
in27,0.3804199111625745,
B14,0.39427823045158145,
B11,0.40934308119371976,
cn12,0.28163773540717363,
B54,0.7044973064346081,
B51,0.0,
os4,0.40934308119371976,
