,job364_scenario0_690,job367_scenario2_695,job368_scenario2_696,
in27,0.0,0.0952331321907064,0.12000912040173939,
B14,0.4983921073305726,1.0081821517492853,0.7295296034457665,
B11,0.05928316625752161,0.16543396737025406,0.16543396737025406,
cn12,0.31436625780313876,0.5077531201849715,0.5077531201849715,
B54,0.45794483496277993,0.648154790544067,0.48951136264228756,
B51,0.6095204830440271,0.5779539553645192,0.5779539553645192,
os4,0.5393196478644793,0.7681639109458065,0.7681639109458065,
