,job554_scenario2_1138,job555_scenario2_1139,
in27,0.19020995558128723,0.22177648326079497,
B14,0.0702008351795479,0.0,
B11,0.260410790760835,0.28352995711442647,
cn12,0.1200091204017395,0.14040167035909562,
B54,0.3417856036625344,0.38041991116257445,
B51,0.16352083671268713,0.1763516362922803,
os4,0.09332000153313935,0.043511716310947635,
