,job809_scenario0_1897,job810_scenario0_1899,
in27,0.11047625982815534,0.14453400405408712,
B14,0.16873190637626323,0.16028454505034706,
B11,0.16873190637626323,0.16028454505034706,
cn12,0.0,0.003297939006009165,
B54,0.243316179809488,0.25717449909849494,
B51,0.3069827843206865,0.3504945006316342,
os4,0.23048538022989484,0.23048538022989484,
