,job255_scenario3_499,job256_scenario3_502,
in27,0.48272082317381293,0.6027299435755523,
B14,0.26582174872392555,0.32407739527203344,
B11,0.204068274870294,0.16543396737025406,
cn12,0.045424846968514565,0.0,
B54,0.38583086912566494,0.4440865156737729,
B51,0.6027299435755523,0.6027299435755523,
os4,0.4440865156737729,0.41251998799426515,
