,job777_scenario1_1797,
in27,0.4452930471269043,
B14,0.5235481979179053,
B11,0.46179472406427374,
cn12,0.0,
B54,0.5502373167865054,
B51,0.430228196384766,
os4,0.5004290315643138,
