,job577_scenario1_1201,job579_scenario0_1206,
in27,0.5169307085016832,0.3449625104630798,
B14,0.5169307085016832,0.4151633456426277,
B11,0.24534594001869658,0.10494426965960102,
cn12,0.3727236857777676,0.23827816019816428,
B54,0.795583256805202,0.4355558955999838,
B51,0.08670251211691715,0.10176736285905552,
os4,0.10176736285905552,0.0,
