,job42_scenario1_90,job43_scenario0_94,
in27,0.5004290315643138,0.4119864388420822,
B14,0.632383340597493,0.4688625038848061,
B11,0.5123742201957537,0.44217338501620596,
cn12,0.44217338501620596,0.2818888399658589,
B54,0.7292732946456411,0.5252050197753468,
B51,0.5004290315643138,0.5252050197753468,
os4,0.10176736285905552,0.0,
