,job619_scenario3_1274,job624_scenario1_1290,job628_scenario1_1303,job630_scenario1_1307,job631_scenario0_1308,job632_scenario0_1311,job633_scenario0_1312,job634_scenario1_1314,job635_scenario2_1316,
in27,1.1157772599368994,0.9089880959913009,0.7537126531898537,0.7246009275746117,0.69450977769478,0.5252459715557416,0.4668487822352506,0.5331111781869806,0.5097900444187127,
B14,1.0575216133887915,0.9872432467823018,0.9123560810916331,0.8086600820431664,0.7527654242428878,0.6025145865558216,0.5400607639701646,0.8282654034278689,0.48667087806512127,
B11,1.0344024470352,0.8800649259601556,0.8421552459120853,0.7535240976057569,0.616254626903779,0.5473786021184122,0.4996134916023718,0.6380554478465819,0.46627832810776504,
cn12,0.5886591095039854,0.48681421521798807,0.35854881179011905,0.3517427667898002,0.12387991095091833,0.042631726755786525,0.019126719591103902,0.10157628455926881,0.0,
B54,1.204219852659131,0.9872432467823018,0.8625477958694415,0.7535240976057569,0.6713906113411885,0.6673877225201515,0.8098325675853983,0.8282654034278689,0.5680456909668207,
