,job649_scenario3_1349,job659_scenario1_1386,job660_scenario0_1389,job661_scenario4_1390,job662_scenario1_1391,job663_scenario1_1392,job664_scenario0_1393,job665_scenario1_1395,job666_scenario2_1396,
in27,0.836249556695047,0.4508207444372259,0.2785431930055651,0.5346059454355883,0.41099793373158855,0.3347859576467389,0.13787543563543103,0.3218433441094884,0.1133916309855173,
B14,1.1260760827207172,0.6743373083033353,0.5274421784973289,0.735989878739027,0.7479061285832154,0.5111375939390191,0.4126371109189632,0.3369081948516267,0.7520715404942544,
B11,0.7891678878690906,0.3374291134517086,0.17320587763150086,0.5577251117891797,0.270596263372493,0.37829767395768654,0.025920630845144732,0.0,0.01650167693736937,
cn12,0.8474235344171985,0.5708298648389654,0.3669857857277968,0.6546150658373275,0.519061865501888,0.3979190130057545,0.210054995927911,0.19476644388721676,0.24228149607554172,
B54,1.1260760827207172,0.6743373083033353,0.5683697190312356,0.735989878739027,0.7479061285832154,0.5951967484075739,0.48283794609851094,0.35340987178899613,0.3218433441094884,
