,job488_scenario0_954,job489_scenario0_956,job492_scenario1_966,job494_scenario0_969,job496_scenario3_972,job497_scenario1_973,job498_scenario0_974,job499_scenario1_976,job501_scenario4_981,job502_scenario0_983,job503_scenario2_984,job504_scenario4_985,
in27,0.5806319335617189,0.5780042059193485,0.6409397565455607,0.48551004069073217,0.6205550730473584,0.5567454509047738,0.42587628132629857,0.560039001931792,0.4712136779720492,0.26509712127195595,0.3310030859127403,0.4302281963847661,
B14,0.35050990406930616,0.3220907215931216,0.344578999851541,0.2833548964780051,0.6054902223052201,0.3349689676439789,0.1858580405228198,0.34313992748190464,0.25431460352216184,0.1166411353014073,0.12961915260930146,0.0,
B11,0.6160893342612135,0.5780042059193485,0.774807196236307,0.5051313797388002,1.0357184186899862,0.7855897139861011,0.545885401728038,0.5751038526739303,0.711231918775528,0.2847184603200239,0.43983822859232813,0.3600273612052182,
cn12,0.4638591048223196,0.4647856249860838,0.6161637683345276,0.3535557316575529,0.6370567499847278,0.4904354887452128,0.3374336886040669,0.44002988153005257,0.6227893260532964,0.1754222346439206,0.3310030859127403,0.2835299571144266,
B54,0.7912344391003623,0.6851825267414948,0.7481180773677069,0.562007444781524,0.7254993427069596,0.8353979992082927,0.545885401728038,0.6533590034649313,0.7814327539550758,0.4433618882218032,0.4896465138145198,0.5502373167865054,
