,job778_scenario1_1693,job782_scenario2_1702,job786_scenario4_1709,job787_scenario1_1710,job788_scenario2_1714,
in27,0.30302699765547897,0.2105225457059393,0.2625419477610399,0.09597424829639167,0.0,
B14,0.8328717644846282,0.8210644863609264,0.7629709793253536,0.6916364120514117,0.48848384293287395,
B11,0.8328717644846282,0.8210644863609264,0.6429618589236142,0.5551256147123028,0.3519730455937651,
cn12,0.7128626440828889,0.6407507420907053,0.5124563998755847,0.44317080992201663,0.2400182408034789,
B54,0.9732734348437238,0.9410736067626658,0.7629709793253536,0.6333807655033037,0.4569173152533662,
