,job107_scenario1_225,job112_scenario3_232,job113_scenario3_233,job114_scenario1_236,job115_scenario4_239,job116_scenario3_242,
in27,0.6320883631381695,0.7761046711623909,0.7290982340092197,0.5110364886776866,0.8783227080032237,0.43867555771068234,
B14,0.4151892886882821,0.3374291134517086,0.5121991595593324,0.24432912900560755,0.26276196484807807,0.260410790760835,
B11,0.7956091998508565,0.8645472638846226,0.7992990691887675,0.5812373238572344,0.5996701596997049,0.4773098652107224,
cn12,0.26849104941794255,0.21741999304996923,0.17529096470770555,0.13320075329215308,0.08449719789823074,0.0,
B54,0.7173540490598556,0.639593873823282,0.6588973988296718,0.7398807517590138,0.47966103929796544,0.3369081948516267,
