,job94_scenario0_188,job98_scenario0_193,job101_scenario2_198,job104_scenario0_202,job105_scenario0_211,
in27,0.6039086321205633,0.5738973212207987,0.6561232352435171,0.45249031923724975,0.33914224601417176,
B14,0.24388127091534512,0.16678829118962424,0.29609587403829896,0.17272434868578251,0.0,
B11,0.6189734828627016,0.6237056064429904,0.7761323556452566,0.4897339641372837,0.34719656162562496,
cn12,0.4875446266239278,0.43673194252404324,0.6174889277434772,0.3596363652610604,0.17737915600169374,
B54,0.38700955767067596,0.3569982467709114,0.46591327966223006,0.30659178837652873,0.12000912040173939,
