,job483_scenario0_945,job484_scenario2_946,job485_scenario0_948,job486_scenario1_952,job488_scenario0_954,job489_scenario0_956,job491_scenario1_958,job492_scenario1_966,
in27,0.33293670347754495,0.41422940979994427,0.34053385377817286,0.31215269354783126,0.2376038200374715,0.21741999304996917,0.23902532493286666,0.0,
B14,0.553333605232956,0.5461837188331237,0.5076246430058686,0.55217093435131,0.4377099869298247,0.3917347051085081,0.62880624894984,0.13386743969074621,
B11,0.6733427256346953,0.7525864546367207,0.7707620501629389,0.7921891751547889,0.6330885819421843,0.5774473542551872,0.7719345357051708,0.4938948008959645,
cn12,0.2809776258406811,0.5342385302016837,0.2649220606355345,0.37702582951216124,0.20220580419977163,0.18557622501840365,0.27288508564624114,0.05659882469066613,
B54,0.7404791168710882,0.9062110800383418,0.758816861531499,0.8539426490084203,0.8082336867813331,0.6846256750773336,0.798623654573771,0.4672056820273643,
