,job489_scenario0_956,job494_scenario0_969,job498_scenario0_974,job499_scenario1_976,job502_scenario0_983,job503_scenario2_984,job504_scenario4_985,job506_scenario3_994,job507_scenario1_995,job508_scenario3_996,
in27,0.32533942997780074,0.25491075379502875,0.2129542542638243,0.35763058510927814,0.14780386563228132,0.2441380507058209,0.39003051800807437,0.03526632239970784,0.038634307500040155,0.011945188631439896,
B14,0.6898640976176269,0.6731937615483549,0.5933741654263986,0.761169662625444,0.6197860316277859,0.6631922693684353,0.5802404735893615,0.4819961957218433,0.4190542186626145,0.29904509826087505,
B11,0.4453485503795399,0.394541213244836,0.4529724950673031,0.4927045562531559,0.2874343250820886,0.4729823137871482,0.43983880323026575,0.3802288328627877,0.1319543090331794,0.22884426308132727,
cn12,0.33212996944627526,0.24296556516358886,0.24452078194333204,0.35763058510927803,0.1781380994059853,0.3641471711075603,0.3633413991394741,0.2917862401405561,0.0,0.1319543090331794,
B54,0.5525268712016862,0.45141727828756,0.4529724950673031,0.5709597070441569,0.44607775298386804,0.5227905990093398,0.6300487588115531,0.45042966804233553,0.19020995558128723,0.2786525483035188,
