,job298_scenario0_571,job299_scenario0_572,job301_scenario1_575,job306_scenario0_584,job309_scenario2_590,job310_scenario2_591,job311_scenario0_592,job314_scenario0_595,job316_scenario1_597,job317_scenario1_599,job318_scenario4_603,job319_scenario2_608,job320_scenario1_609,job321_scenario3_613,job322_scenario1_615,
in27,0.7373901098505274,0.6788851586040977,0.7345969905163534,0.602011029941738,0.8559309213122737,0.6597387636129363,0.5582687922253309,0.5073344683348191,0.6712799547255994,0.7091555888627703,0.7168059069554469,0.549376825547442,0.49522050199443857,0.38403418522760757,0.18284133022395554,
B14,0.93032668182805,1.0099893497781707,1.0630578240420638,0.9056958752564154,1.1345834696157926,1.0899669599977022,0.8935201652195159,0.8978149349715965,1.0864433003682272,0.9105395221662091,0.907015862536734,0.8778376590731527,0.9752569836013962,0.6942532612106342,0.4459787373810259,
B11,0.5316650131227917,0.5202417307023183,0.5878987512460139,0.4976731936967581,0.5607766960713856,0.6099304783907447,0.41348368361255833,0.4080673158957442,0.51263652682382,0.453622206912843,0.5581624790536674,0.4293677051457027,0.4067779092722069,0.3657924276849237,0.22558183562561485,
cn12,0.42717103386750077,0.4002326103005788,0.5332130572129147,0.3619927891382593,0.5345378676070955,0.5516748318426368,0.293474563210819,0.3080576997368978,0.456644135547775,0.4586410094130013,0.4500985472833679,0.3093585847439634,0.36135306230369235,0.22928163034581495,0.0,
B54,1.0422814866183363,1.0554141967466852,1.0834503739994201,0.9056958752564154,1.1843917548379843,1.0085921470960029,0.8619536375400083,0.9267381050027418,0.9277998724664477,1.11899123529018,0.868381555036694,0.9094041867526603,0.9254486983792046,0.6675641423420341,0.7828869322326526,
