,job437_scenario3_856,job446_scenario3_876,job447_scenario2_877,job448_scenario0_878,job450_scenario0_881,job451_scenario2_883,job452_scenario0_884,job453_scenario1_886,
in27,0.8839516923089522,0.7931579254994775,0.7075171808462661,0.5204394249220966,0.4515634001367298,0.5669151288145998,0.35773412817135164,0.2472770989237978,
B14,0.9043442422663084,0.7047153327772457,0.6577088956240746,0.4601348010536148,0.41292909263668975,0.39177002397545097,0.3034285365145519,0.26551885646648166,
B11,0.6172443326368733,0.4127380143369031,0.7777180160258139,0.18982779898171398,0.14134432415370324,0.15980609878342522,0.0,0.11882061719614212,
cn12,0.7070665068644889,0.6660810252772058,0.46043116022225505,0.2213943266612216,0.16584307201267867,0.2882625805110809,0.02813796885374975,0.06443576869984213,
B54,1.1941707682919789,1.1033770014825042,1.0177362568292927,0.8306585009051233,0.6777233216512016,0.8567416548402702,0.5888716242865455,0.6459387676290561,
