,job84_scenario0_170,job92_scenario0_181,job94_scenario0_188,job96_scenario1_190,job98_scenario0_193,job100_scenario3_196,job101_scenario2_198,job103_scenario3_201,job104_scenario0_202,
in27,0.9680966770557196,0.920228857959192,0.8608105405294383,1.0284307002372297,0.7960627775264273,1.0468635360797003,0.7972352630686593,0.6642835291296694,0.42976214882781605,
B14,1.041659492877984,0.9904296931387399,0.9310113757089862,0.9732947157998202,0.8191819438800189,1.1668726564814396,0.8674360982482071,0.6874026954832608,0.5802243746611147,
B11,0.784677260942907,0.7373875277352364,0.6856654356902895,0.7680199094763949,0.6556611071673318,0.856653580498413,0.7270344278891117,0.7140918143518611,0.2767958381465627,
cn12,0.5111793618023536,0.4597415901908173,0.40753834018117585,0.5610170463375732,0.3219892039780451,0.551311913326294,0.4216927607169926,0.3069827843206865,0.0,
B54,0.8233115684429471,0.750411452335261,0.7141123012590989,0.8115316257873424,0.6493645382560879,0.6664436249171258,0.67722614266692,0.5442744087279301,0.3540644531466428,
