,job135_scenario1_281,job137_scenario1_284,job138_scenario0_285,job139_scenario1_286,job140_scenario2_289,job141_scenario1_290,job142_scenario0_295,job144_scenario3_299,
in27,0.28907500650709395,0.2968254248639063,0.09205420161088623,0.2619818901197171,0.24578330728318448,0.1312649838246029,0.0,0.1418558486366725,
B14,0.5827924055527511,0.6639205658896569,0.4747226711682289,0.540634438423236,0.6444449759884427,0.5116848949871773,0.2944030892997789,0.3818740894401514,
B11,0.5827924055527511,0.5589762962300557,0.4011598553459644,0.6771452357623449,0.443061042685004,0.4662600480186626,0.23264961544614726,0.470316682162383,
cn12,0.4406506545883412,0.4312709504435096,0.27143959747533025,0.4371269949588659,0.443061042685004,0.39167577458543784,0.15127480254444792,0.24536329210104252,
B54,0.6610475563437521,0.6372314470210567,0.550092145778849,0.5571361153606054,0.6444449759884427,0.5503192024872173,0.3309884194794449,0.32361844289204345,
