,job430_scenario2_847,job431_scenario4_848,job432_scenario3_849,job433_scenario2_850,
in27,0.21925024853713027,0.36828364423134763,0.2168990744498872,0.0,
B14,0.751779356933135,0.6425527542811896,0.6609855901236602,0.5205839197645645,
B11,0.25622773417972866,0.3554528446517544,0.5640956360755123,0.14893229043288458,
cn12,0.5819619513092039,0.6221602043238335,0.5409764697219208,0.42096734932018137,
B54,0.9419893125144221,1.0025801154864078,0.5907847549441124,0.7107938753458518,
