,job748_scenario2_1609,job750_scenario3_1613,
in27,0.41761701684530783,0.3090911465028552,
B14,1.2643152561156472,0.6459993413544819,
B11,0.7842787745086897,0.9411535665953702,
cn12,0.15334428389634625,0.0,
B54,0.8340870597308813,0.5607336554327957,
