,job721_scenario0_1535,job722_scenario1_1537,
in27,0.21689907444988743,0.2248355716460677,
B14,0.6653690283773374,0.6339935789976163,
B11,0.18805916316661497,0.3033819530572335,
cn12,0.0,0.06824112106466229,
B54,0.3369081948516268,0.235331910292358,
