,job1159_scenario0_3395,
in27,0.12972025787063413,
B14,0.12318602720228489,
B11,0.1509472025169727,
cn12,0.0,
B54,0.20328307369289866,
