,job822_scenario4_1815,job824_scenario1_1820,
in27,0.3172276417941391,0.09961657044438321,
B14,0.804331903221629,0.4217808350588497,
B11,0.35586194929417914,0.0,
cn12,0.6141219476403418,0.26815620965722864,
B54,0.7158893104993974,0.4217808350588497,
