,job366_scenario0_699,job368_scenario0_702,job374_scenario1_711,job382_scenario1_723,job383_scenario0_725,job387_scenario1_739,job390_scenario4_745,job391_scenario2_748,job392_scenario3_749,job393_scenario3_750,job394_scenario2_754,
in27,0.47310951713165345,0.49058689420062634,0.5759558010285847,0.5569280124285154,0.4050130672223668,0.45054658912364065,0.4806326318798246,0.27451607517973137,0.36780713792561903,0.3617959970203172,0.05369915824217836,
B14,0.5289933928523662,0.5790294869228579,0.5898141203175916,0.6351831632195164,0.43520001339649056,0.6256916939627896,0.6006417522815639,0.5412234348518102,0.5145053771959586,0.31198771179812557,0.46886250388480605,
B11,0.5132428518561063,0.49765467402115854,0.6396224055397832,0.5569280124285154,0.42714569778503736,0.38567345315931073,0.6006417522815639,0.3327717217278392,0.4260627844737269,0.43199683219986496,0.038634307500040044,
cn12,0.3720067868080283,0.36048929532440305,0.4771736252731838,0.5151740428177771,0.27821340735215266,0.34703914565927063,0.4308243466576329,0.23100435886878373,0.3242954216146713,0.31198771179812557,0.0,
B54,0.5655787230320322,0.5050232993784902,0.6600149554971394,0.6934388097676243,0.4934556599445984,0.5870573864627495,0.4806326318798246,0.3327717217278392,0.30605366407198753,0.25685172736071604,0.13195430903317928,
