,job660_scenario0_1389,job661_scenario4_1390,job663_scenario1_1392,job664_scenario0_1393,job667_scenario3_1397,job669_scenario1_1399,job670_scenario0_1400,job671_scenario0_1401,job672_scenario2_1407,job673_scenario4_1408,
in27,0.594038831116064,0.8647681740642038,0.7071061534048697,0.542895891167464,0.9126080164366634,0.5231736487014561,0.4357124632216698,0.4022859726766435,0.25099272994560273,0.32119356512515046,
B14,0.7229286962060885,0.9461429869659033,0.7634486692954106,0.6976484460492567,0.7925988960349241,0.8445667024066343,0.6259224188029571,0.6561625327691293,0.6812209263303687,0.5225774984285892,
B11,0.7056005901918873,1.1047864148676827,0.9675169441657047,0.647840160827065,0.8739737089366235,0.7245575820048948,0.548653803802877,0.5435220377247214,0.4208101355695336,0.5612118059286293,
cn12,0.18205239227398173,0.4843482629016294,0.26981017719957134,0.11464641989563007,0.46198727009454127,0.25226651929433075,0.03813629376407923,0.0,0.022148466864275407,0.04039022440695916,
B54,0.5736462811587079,0.755933031384616,0.6572978681826782,0.5776393256475172,0.7223980608553763,0.6543567468253471,0.5170872761233691,0.40564795331936027,0.37100185034734207,0.37100185034734207,
