,job1073_scenario2_2871,
in27,0.17445941458502734,
B14,0.0,
B11,0.27324159034042816,
cn12,0.17445941458502734,
B54,0.7173281060142012,
