,job529_scenario0_1046,job531_scenario0_1053,job532_scenario0_1054,job534_scenario2_1060,job535_scenario3_1063,job536_scenario0_1065,job537_scenario3_1066,job538_scenario2_1067,job539_scenario2_1070,job540_scenario0_1071,
in27,1.0160733764384657,0.9602369818060934,0.9676113229533215,0.9868498795322147,1.047360843524133,0.7780154351707325,1.0753747727869143,0.8675294081738635,0.6808785159926951,0.4849914431908817,
B14,1.0291464945500772,1.0274526298819868,0.920294254277554,1.120717319222961,1.0424834347132257,0.8200117233134893,1.163817365509146,1.0609162705556963,0.7110654621668189,0.6038871413446728,
B11,1.1298983907863518,1.0817582215387862,1.0403033746792933,1.1042156422855915,1.2326933902945127,0.8953811979241094,1.2838264859108854,0.9270488308649498,0.8310745825685584,0.5791111531336396,
cn12,0.4777812482834003,0.44926241808390266,0.42438454129750125,0.5638745368101521,0.6273200890705979,0.28826781609488017,0.47000147156299965,0.37904556524098976,0.22297466494840834,0.0,
B54,1.0192502832390113,0.9711101139914458,1.056053915675553,1.0189499563639055,1.0424834347132257,0.7305536639684765,1.0234156951500504,0.9907154353761483,0.699120273535379,0.6177454606336796,
