,job437_scenario3_856,job444_scenario3_870,job446_scenario3_876,job447_scenario2_877,job448_scenario0_878,job449_scenario1_879,
in27,1.1999338888377225,1.2028381467049332,0.9716427095363629,0.8420235569270613,0.5706298667438615,0.6639498682770009,
B14,1.1003173183933392,0.842810785499715,0.7631909964123917,0.6722061513031306,0.39031612247364034,0.5706298667438616,
B11,0.7336555607299575,0.6228472671066727,0.39165182993810244,0.7126534236709232,0.040447272367792664,0.23065722794907983,
cn12,0.7514639349102727,0.58239999473888,0.5729810408311047,0.3233527678200637,0.0,0.21060250553864335,
B54,1.150125603615531,0.842810785499715,0.9218344243141713,0.7922152717048698,0.5208215815216699,0.5208215815216699,
