,job107_scenario1_225,job112_scenario3_232,job113_scenario3_233,job114_scenario1_236,job115_scenario4_239,
in27,0.5516769637940796,0.6718771624956056,0.6177208389426021,0.3575011264815537,0.6653690283773372,
B14,0.46323437107184784,0.36165808651257897,0.5292782462203703,0.2192502485371305,0.17826476694984728,
B11,0.7853986356863143,0.830520590397385,0.7581225093016977,0.49790279684064925,0.45691731525336615,
cn12,0.3165361318015083,0.24164896611083952,0.19237005136874363,0.10812187282367602,0.0,
B54,0.6369426497157656,0.5353663651564968,0.5475200037630541,0.586345389562881,0.2667073596720789,
