,job739_scenario0_1587,
in27,0.18506053326138028,
B14,0.5955315439352714,
B11,0.21398370329252547,
cn12,0.0,
B54,0.44738445467978216,
