,job125_scenario1_266,job126_scenario0_268,
in27,0.36828364423134774,0.0830316347591411,
B14,0.7487035553939222,0.5039989840793224,
B11,0.655383553860783,0.43379814889977464,
cn12,0.24827452382960835,0.0,
B54,0.2686670737869645,0.07377078769455647,
