,job726_scenario0_1545,job729_scenario0_1555,
in27,0.23945172019470007,0.0,
B14,0.6068477067572497,0.3684747225311345,
B11,0.39102736827594714,0.1373372264159406,
cn12,0.45278084212957853,0.20640273580359714,
B54,0.7194882018016576,0.4569173152533662,
