,job543_scenario0_1082,job550_scenario0_1095,job556_scenario0_1103,job559_scenario0_1112,job560_scenario0_1114,job561_scenario0_1117,job562_scenario1_1119,job563_scenario2_1123,job564_scenario1_1126,job565_scenario4_1127,
in27,0.5898792538064536,0.5958025194530255,0.5101328360125629,0.4477910418955453,0.41398972923880994,0.38837272446579174,0.41933906920308806,0.361274500954767,0.17095273141582235,0.25501188588437707,
B14,1.252443127994027,1.1526742326976946,1.0807627027564246,1.0212476908254566,1.0206697277056707,0.9618293733957028,1.0491382340235402,0.9679544994216275,0.8848110507048292,0.7096659458656803,
B11,0.8853479869682763,0.8285968374256613,0.8076658149424846,0.7387897901571177,0.7508979240904368,0.7035693750495402,0.7326225891292697,0.6728002741807393,0.524783689499611,0.694601095123542,
cn12,0.314525853060997,0.2581520445239708,0.21917098419500103,0.15682919007798346,0.1110826887898082,0.08151562912548171,0.1915102727445419,0.1468100532279969,0.0,0.04542484696851479,
B54,0.868846310030907,0.8635253457478855,0.8318637172646607,0.8443625053809931,0.7315208407558615,0.739519340982725,0.7908782356773775,0.6191011159385609,0.6061585024013103,0.5359576672217625,
