,job81_scenario3_167,job84_scenario0_170,job85_scenario0_171,job86_scenario1_174,job87_scenario2_175,job88_scenario4_176,job90_scenario3_179,job91_scenario2_180,
in27,0.8264976641464424,0.5839815849235366,0.5753322149183479,0.6580556484530041,0.6313375907971525,0.6537733154606599,0.5004290315643138,0.5004290315643138,
B14,1.0665159049499213,0.6575444007458011,0.6421044912721376,0.736310799244005,0.7678483881362613,0.6333807655033037,0.5004290315643138,0.5319955592438216,
B11,0.7562968289668947,0.3507538835885325,0.3655009202889927,0.4527808421295786,0.3762544992515353,0.49512988755888043,0.4506207463421222,0.14040167035909557,
cn12,0.5976534010651151,0.15375338853877074,0.13831347906510727,0.2829634365056476,0.23585282889243975,0.30491993197759326,0.14040167035909557,0.0,
B54,0.4776442806633758,0.4005621688107241,0.3970674479685006,0.36433824940734694,0.5278301473327824,0.6151390079606198,0.11683221360119389,0.13333389053856326,
