,job761_scenario0_1650,
in27,0.42535078757385847,
B14,0.12357907291674808,
B11,0.4619361177535245,
cn12,0.0,
B54,0.6738163897032535,
