,job612_scenario0_1260,job613_scenario0_1261,job614_scenario2_1262,
in27,0.29178624014055615,0.15864342790177943,0.2569822319350771,
B14,0.07000975687976108,0.0,0.10883514267958783,
B11,0.29885401996108835,0.19020995558128728,0.34885338348306666,
cn12,0.16834856091305872,0.07726861500008009,0.19727773540181948,
B54,0.3139188707032267,0.24708602062401108,0.22884426308132721,
