,job850_scenario1_1914,job853_scenario2_1918,
in27,0.19032176953894453,0.013858319289006826,
B14,0.44897481359957025,0.470775634542373,
B11,0.24490653872927604,0.0,
cn12,0.585485610938679,0.3912137865084263,
B54,0.864138159242198,0.5409764697219208,
