,job366_scenario0_699,job368_scenario0_702,job374_scenario1_711,job382_scenario1_723,job383_scenario0_725,job385_scenario4_731,job386_scenario4_733,job387_scenario1_739,job388_scenario2_743,job389_scenario2_744,
in27,0.6521542237256354,0.6677406893718182,0.745618513832061,0.7083061557769592,0.5514978142944326,0.6931637736078792,0.7184913515337847,0.4980037002585892,0.1867813967555293,0.3404060221571504,
B14,0.7080380994463481,0.7561832820940497,0.759476833121068,0.7865613065679602,0.5816847604685563,0.7745385865095786,0.6686830663115931,0.6731488050977381,0.43729597620529836,0.5573050966070378,
B11,0.4136350101465692,0.39615592088883156,0.5306325700397406,0.42965360747344045,0.2949778965535843,0.3941186753470041,0.5100396384098136,0.1544780159907404,0.0,0.018241757542683867,
cn12,0.5510514934020102,0.5376430904955949,0.6468363380766601,0.6665521861662209,0.42469815442421843,0.5962738195597312,0.648290516354237,0.3944962567942192,0.24708602062401114,0.2084517131239711,
B54,0.5046051888225354,0.44215885374620323,0.5896594274971368,0.6047987123125893,0.3999221662131853,0.502953818026592,0.39003051800807426,0.3944962567942192,0.3172868558035589,0.07726861500008009,
