,job678_scenario0_1417,job682_scenario0_1424,job685_scenario3_1439,job686_scenario0_1442,job688_scenario2_1450,job689_scenario0_1452,
in27,0.2500628127343686,0.24086991656243562,0.4862046631479605,0.10099374628712465,0.16923486735178683,0.0,
B14,0.6958061502655832,0.6386179337392113,0.7844785504995473,0.49507885171827465,0.5763438973829613,0.51379338029609,
B11,0.6660525874538281,0.5483623761492269,0.9431219784013267,0.48064244654041083,0.5763438973829613,0.32358342471480284,
cn12,0.491737875395289,0.4710937611491468,0.7031037375978479,0.35720476731291345,0.4794539433348135,0.2276119691755235,
B54,0.7771809631672826,0.6212898277250101,0.8729211432217789,0.5579110615404909,0.7461613030068923,0.51379338029609,
