,job861_scenario0_1940,job862_scenario1_1942,
in27,0.11420511672418565,0.26650539225740244,
B14,0.11231289501693265,0.21669710703521083,
B11,0.0,0.05317627032252381,
cn12,0.3245699605057236,0.4335961814850982,
B54,0.7751907068478459,0.49846931744942813,
