,job488_scenario0_954,job489_scenario0_956,job492_scenario1_966,job494_scenario0_969,job496_scenario3_972,job498_scenario0_974,job499_scenario1_976,job501_scenario4_981,job502_scenario0_983,job503_scenario2_984,job504_scenario4_985,job505_scenario3_989,
in27,0.527310080225471,0.52522161207665,0.5923265364512627,0.4390053980109775,0.57695237870076,0.3849022422500224,0.5225751570746598,0.45142709294814615,0.2625708865482914,0.34391676066273924,0.4698599287906168,0.21689907444988737,
B14,0.367388885912606,0.3395089629299708,0.36616661493679076,0.3070510889777982,0.6320883631381695,0.2150848366260914,0.37587691780432025,0.30472885367780655,0.18431573575729054,0.2127336625388483,0.1098325675853985,0.0,
B11,0.5627674809249655,0.52522161207665,0.7261939761420091,0.45862673705904544,0.9921157243433877,0.5049113626517618,0.5376400078167982,0.6914453337516249,0.28219222559635937,0.45275190334232707,0.3996590936110689,0.3369081948516268,
cn12,0.4105372514860717,0.4120030311433852,0.5675505482402295,0.3070510889777982,0.5934540556381294,0.29645964952779075,0.4025660366729204,0.6030027410293933,0.17289599992025606,0.34391676066273924,0.32316168952027724,0.21689907444988737,
B54,0.7379125857641144,0.6323999328987963,0.6995048572734088,0.5155028021017694,0.6818966483603611,0.5049113626517618,0.6158951586077991,0.7616461689311728,0.44083565349813875,0.5025601885645188,0.589869049192356,0.17826476694984733,
