,job1138_scenario1_3247,
in27,0.10176736285905547,
B14,0.19020995558128717,
B11,0.1404016703590955,
cn12,0.0,
B54,0.19020995558128717,
