,job325_scenario0_619,job333_scenario0_631,job337_scenario2_644,job338_scenario0_645,job348_scenario1_664,job350_scenario1_667,job351_scenario3_668,job352_scenario2_669,job353_scenario0_670,job354_scenario0_675,job355_scenario1_678,
in27,0.8504926430995134,0.8295422759744451,0.9086367024843345,0.8479194258432996,0.9124755359085861,0.7886921867133325,0.7164694431088992,0.6575178173242879,0.5576844724347365,0.4200258112444736,0.4057294485257906,
B14,1.0183313236105125,1.0197522315557324,1.0158150233064807,0.9331851117649856,1.0640511839898332,0.9704547809687034,1.0533776379605257,1.277955969290341,0.8304674226053366,0.6480988634165125,0.5573050966070376,
B11,0.8535037896548795,0.7410996832522134,0.8256050677251935,0.7594768331210678,0.7538321080068066,0.7019896745964154,0.9129759676014302,0.7277186525038357,0.4549249202536697,0.4467149301130736,0.4057294485257906,
cn12,0.45790656489277615,0.4374148379375361,0.5167655732475509,0.39238169209531737,0.44361303202378,0.40827227555075807,0.6160816617552274,0.3992578189781252,0.1682180563386978,0.024483804649913732,0.0,
B54,1.1094172739811066,1.1215195944147878,1.1127049773546287,0.9778247575561049,0.9622838211307776,1.0287104275168113,1.1031859231827172,0.9993034209868222,0.9237874241384758,0.6867331709165525,0.955966765312296,
