,job189_scenario0_384,job193_scenario0_392,job196_scenario0_395,job199_scenario1_402,job200_scenario0_404,job201_scenario0_407,job203_scenario1_409,job207_scenario1_413,job209_scenario0_415,job210_scenario2_417,job212_scenario3_423,job213_scenario1_428,job214_scenario0_429,job215_scenario4_430,job216_scenario1_432,job217_scenario1_433,
in27,0.7377922564475697,0.72552943785517,0.7005358700559572,0.7659328779810387,0.6609265515485937,0.6260177038894701,0.6874999389276242,0.8105445644852669,0.5782055805617161,0.8276525899335565,0.6387674447464502,0.6073919953667292,0.38448178001154,0.4773977840259025,0.31640318203688,0.31640318203688,
B14,1.0707503964078882,1.0743828213382367,1.0004153630058146,1.273429689365885,1.046757420674259,1.0890106096413574,1.165723455666829,1.1123162791423773,0.9151137754133427,1.1063051382370754,1.1076299486312564,0.8019853892016933,0.6862534946686504,1.171213677972049,0.7,0.7702008351795477,
B11,1.0376717493974272,0.9837894362013326,0.9726541876911268,1.1534205689641455,0.9206727097739983,0.9971394580933678,1.0318560159760828,1.0051379583202311,0.8631546977764788,1.0361043030575274,1.157438233853448,0.9674193565719474,0.6560665484945266,0.8343054831204223,0.6297991648204521,0.5661325603092535,
cn12,0.3927087137790263,0.3633512842352795,0.3655408058618974,0.5032288541863371,0.32250292852877604,0.2966042596367009,0.44839534965262795,0.44836641086537654,0.2364199768991817,0.41566615109147453,0.5370000818873948,0.21852472287823854,0.032199837702715395,0.1907481648007776,0.0,0.02975356281175512,
B54,1.1236231255732347,1.0446292585264816,1.0632475728280308,1.176539735317737,1.1050130672223666,1.0574440819618496,1.060779186007228,1.1705719256904852,0.9768672492669743,1.1063051382370754,0.9876208282295169,0.8309085592328386,0.7564543298481982,0.8609946019890224,0.7702008351795477,0.6297991648204521,
