,job489_scenario0_956,job494_scenario0_969,job498_scenario0_974,job502_scenario0_983,job504_scenario4_985,job506_scenario3_994,job507_scenario1_995,job508_scenario3_996,job509_scenario4_998,job510_scenario2_1001,
in27,0.774741107320372,0.7119496976666383,0.6751068922059218,0.6276337634076079,0.8770807727794485,0.6509920473045592,0.7333465210906644,0.6799393445662125,0.6317702365313955,0.38233304182014133,
B14,0.7090375785754324,0.7000045090351984,0.6252986069837301,0.6693877330183464,0.6370625319759697,0.6674937242419285,0.6835382358684727,0.5368110578108817,0.5433276438091639,0.2623239214184019,
B11,0.43783291246874545,0.3946628418630794,0.4582078177560344,0.3103469076040491,0.46997174274827386,0.5390372425142729,0.3697492073704375,0.43992110376273375,0.36506287685931654,0.0,
cn12,0.6615225263871073,0.579995388633459,0.5866642994836901,0.5379588767795727,0.730382533509109,0.787502844643668,0.574703093188885,0.6799393445662125,0.6050811176627954,0.31213220664059355,
B54,0.8819194281425183,0.7884471017574302,0.7951160126076612,0.8058985303574553,0.9970898931811878,0.9461462725454475,0.7649130487701722,0.8266375838365521,0.9419893125144221,0.42096734932018137,
