,job770_scenario2_1670,job772_scenario2_1679,job774_scenario0_1684,job775_scenario0_1687,job776_scenario1_1689,
in27,0.5558467457177874,0.4977371312099875,0.2761517262489792,0.12904438233621512,0.1603080177582789,
B14,0.4470116030381994,0.44139461531944674,0.21980921035843848,0.025228042156785646,0.033764666688190115,
B11,0.6056550309399789,0.4512908266305126,0.28294226571745396,0.1631021265621469,0.20573286472679359,
cn12,0.5007107612803778,0.4512908266305126,0.15614260584723982,0.0,0.07727638299913797,
B54,0.6989750324731181,0.5817962856785422,0.3833300470711255,0.3459434567861025,0.2941754574490253,
