,job550_scenario0_1095,job556_scenario0_1103,job560_scenario0_1114,job561_scenario0_1117,job562_scenario1_1119,job563_scenario2_1123,job564_scenario1_1126,job566_scenario1_1132,job568_scenario4_1134,job569_scenario0_1136,job570_scenario2_1141,
in27,0.9233428099049511,0.8518331710167665,0.7954554296206282,0.791025878899983,0.8419415228116555,0.8560462325926141,0.8421589745163556,0.7208544430334634,0.7941388305678789,0.5750135714146005,0.44531154363489334,
B14,1.2490770270344262,1.1913255416454342,1.1709979319722952,1.1333450317147005,1.2406031915169136,1.231588734944281,1.3248797976901685,1.130012450385012,1.2131930492304934,0.9238669548976671,0.7876306964496106,
B11,1.1650178725658715,1.158246894634973,1.14124436916054,1.1151032741720166,1.164105787426122,1.1764527505068714,1.204870677288429,1.0913781428849718,1.333202169632233,0.8465983398975871,0.7876306964496106,
cn12,0.4101156985122262,0.3852946827355346,0.31697175270795674,0.308592147096003,0.4385360898894395,0.4660051484021741,0.49562960663686306,0.35506785098850646,0.3711120585975951,0.0946167638443618,0.0,
B54,0.8581607772255615,0.8406591932946149,0.7800816821634302,0.8092676364426667,0.8805758303116955,0.7809679886021585,0.9444598865275942,0.7495925392224375,0.7625723028883713,0.5434470437350928,0.5476124556461318,
