,job649_scenario3_1349,job657_scenario1_1383,job659_scenario1_1386,job660_scenario0_1389,job661_scenario4_1390,
in27,1.2753866522653756,0.9194571536768472,0.7756955665199662,0.45253387699968906,0.731186425303208,
B14,1.0465423891840484,0.5625494545823275,0.480541341279078,0.18276207338445527,0.4138995694996491,
B11,0.8811084218137943,0.3118498012903873,0.3151073739088238,0.0,0.4071090300311744,
cn12,0.8065241483805696,0.4522514716494829,0.415668205314748,0.06093998811496315,0.3711590640979897,
B54,0.9882867426359406,0.6092380776938207,0.4222856947309701,0.16543396737025395,0.3556439229515411,
