,job323_scenario1_616,job325_scenario0_619,job329_scenario2_625,job330_scenario0_628,job333_scenario0_631,job334_scenario2_635,job335_scenario1_639,job336_scenario2_641,job337_scenario2_644,job338_scenario0_645,job340_scenario1_648,job341_scenario3_650,job342_scenario1_652,job343_scenario3_653,
in27,0.5677912249654071,0.4026260509787303,0.5002584401717649,0.3832630650626478,0.35120513220824756,0.4483414767483472,0.47517955970328773,0.3889231593185935,0.3467651921890783,0.2731623259982988,0.24779801752387964,0.4396471502925415,0.024775988211033217,0.22884426308132721,
B14,0.9749002549965817,0.7873638059396166,0.9340565890715395,0.8623130108786845,0.7583141622394222,0.950683638970228,0.9138551174139701,0.9797079142627059,0.6708425874611118,0.5753270863698723,0.6815961664236543,0.586345389562881,0.42535078757385836,0.36168418306265987,
B11,0.890841100528027,0.812746227565271,0.9838648742937313,0.7423038904769452,0.6698715695171904,0.7991079908889808,0.8555994708658621,0.7258313541702202,0.6708425874611118,0.5918287633072417,0.6113953312441065,0.7267470599219765,0.33690819485162676,0.49555162275340625,
cn12,0.49896997129124343,0.3469481676236199,0.5353949203662813,0.30500791427164686,0.2959858890229653,0.4706471573632703,0.3636178006274646,0.4343480062871082,0.29180225780392144,0.1545327871019434,0.29410847544054763,0.21925024853713038,0.0,0.0702008351795479,
B54,0.7144894642357468,0.5682306803271843,0.7052123259902123,0.4983947766534796,0.549862449115451,0.48888891490595415,0.483626921029204,0.49967143265574826,0.45751346552623307,0.30974765617796496,0.3944962567942192,0.5365371043406894,0.2555333819499275,0.15864342790177943,
