,job367_scenario0_684,job371_scenario0_690,job374_scenario0_696,job377_scenario0_703,job378_scenario2_705,job382_scenario0_712,job383_scenario0_713,job384_scenario1_716,job385_scenario1_718,job387_scenario0_720,job388_scenario0_722,job389_scenario0_723,job390_scenario2_724,
in27,0.07020083517954778,0.0,0.07020083517954778,0.018241757542683867,0.15864342790177943,0.011945188631439896,0.0617534738536315,0.1737082786439178,0.15864342790177943,0.005869598132918763,0.011945188631439896,0.0617534738536315,0.15864342790177943,
B14,0.468862503884806,0.47774324857309103,0.5186707891069977,0.4523608269474366,0.7088807446882849,0.5074968113848461,0.468862503884806,0.5434467773180307,0.6071133818292292,0.5186707891069977,0.47774324857309103,0.4523608269474366,0.7973233374105164,
B11,0.47774324857309103,0.43022819638476606,0.43729597620529825,0.43729597620529825,0.572369947349176,0.4604151425588898,0.43022819638476606,0.6275059317865854,0.5306159777384376,0.5186707891069977,0.468862503884806,0.4523608269474366,0.5573050966070376,
