,job900_scenario2_2060,job902_scenario0_2065,job903_scenario0_2067,job904_scenario0_2070,job909_scenario2_2084,job910_scenario1_2085,
in27,0.08405915446855472,0.028923170031145307,0.0,0.028923170031145307,0.10717832082214629,0.18367572491293793,
B14,0.482720823173813,0.35221536412578336,0.2721183176351696,0.3627117027720736,0.6525382287977439,0.44408651567377294,
B11,0.46232827321645675,0.2721183176351696,0.3240773952720335,0.28544308777199356,0.37388568049422516,0.44408651567377294,
