,job117_scenario0_226,job118_scenario2_227,job120_scenario1_229,job122_scenario0_234,job125_scenario2_240,job128_scenario0_243,job129_scenario0_244,job132_scenario0_249,job133_scenario3_251,job135_scenario0_254,job136_scenario1_255,job137_scenario2_256,job139_scenario3_258,job140_scenario2_260,job141_scenario2_261,job142_scenario3_262,job143_scenario3_265,
in27,0.0,0.11451225990011393,0.1256862376222655,0.05168005007789778,0.16432054512230565,0.09411970994275787,0.08475869708835893,0.01154671535344498,0.35453050070359277,0.05168005007789778,0.1793853958644439,0.1504622258332986,0.284329665524045,0.10401592125382375,0.08475869708835893,0.284329665524045,0.1793853958644439,
B14,0.23452138030185338,0.35453050070359277,0.3776496670571842,0.22402504165556314,0.3776496670571842,0.2993945162661833,0.21412883034449726,0.1874397114758971,0.33413795074623653,0.284329665524045,0.3158961932035527,0.43590531360529217,0.5243479063275238,0.43590531360529217,0.4745396211053322,0.4745396211053322,0.43590531360529217,
B11,0.17168917047963717,0.2993945162661833,0.2576405466554449,0.1874397114758971,0.284329665524045,0.20476781749009831,0.1504622258332986,0.22402504165556314,0.5945487415070716,0.15725276530177335,0.4043387859257844,0.4043387859257844,0.5243479063275238,0.43590531360529217,0.27047134623503805,0.714557861908811,0.5945487415070716,
