,job255_scenario0_462,job257_scenario1_466,job258_scenario0_467,job261_scenario0_478,job263_scenario1_481,job265_scenario0_484,job266_scenario1_486,job268_scenario2_489,job269_scenario1_490,job270_scenario1_491,
in27,0.1817625942553709,0.31460251423670355,0.1945933938349641,0.21582033848130266,0.5186707891069977,0.169817405623931,0.25825999834616276,0.25825999834616276,0.3284608335257105,0.2786525483035189,
B14,0.0,0.038634307500040044,0.018241757542683867,0.0,0.12000912040173939,0.038634307500040044,0.13825087794442326,0.24001824080347878,0.1817625942553709,0.24001824080347878,
B11,0.169817405623931,0.3435256842678488,0.20138393330343884,0.20138393330343884,0.4217808350588497,0.2235165638661094,0.37826911874790203,0.2786525483035189,0.48003648160695767,0.37826911874790203,
