,job455_scenario2_886,job456_scenario0_887,job463_scenario0_901,job468_scenario4_914,job469_scenario2_915,job470_scenario2_916,job471_scenario4_917,job472_scenario0_918,job473_scenario1_920,
in27,0.3942782304515812,0.36452466763982616,0.3036848453146772,0.6342964712550601,0.47565304335328057,0.537406517206912,0.59566216375502,0.31021907598302645,0.4054522081737328,
B14,0.537406517206912,0.3738856804942251,0.3556439229515411,0.5640956360755123,0.6841047564772516,0.5640956360755123,0.6342964712550601,0.33914224601417176,0.6841047564772516,
B11,0.08405915446855461,0.021226944646338453,0.045424846968514565,0.204068274870294,0.22718744122388546,0.09523313219070617,0.3240773952720335,0.0,0.14893229043288458,
