,job803_scenario0_1780,job812_scenario2_1818,
in27,0.1670907892276957,0.29827388735158666,
B14,0.0,0.4071090300311746,
B11,0.3867164800738183,0.5004290315643138,
