,job428_scenario1_824,job436_scenario1_845,job437_scenario0_846,job438_scenario0_849,job439_scenario2_850,
in27,0.16752417259006436,0.20845171312397104,0.15019606657586315,0.07194091578486228,0.22039690175541105,
B14,0.08844259272223165,0.0617534738536315,0.0,0.008880744688284925,0.24001824080347878,
B11,0.5369125466496815,0.5573050966070376,0.35323682173674353,0.36709514102575047,0.5021691121696282,
