,job696_scenario1_1472,job697_scenario1_1475,job698_scenario0_1477,job699_scenario0_1478,
in27,0.39516384139973465,0.4337981488997747,0.18845220888107805,0.2108234839513663,
B14,0.05825564654810789,0.21689907444988732,0.0,0.026689118868600148,
B11,0.4337981488997747,0.41340559894241846,0.2231956433611313,0.28403546568628024,
