,job816_scenario1_1828,job820_scenario0_1837,job823_scenario0_1846,job826_scenario0_1853,job827_scenario0_1861,job828_scenario0_1864,
in27,0.12608471090026052,0.03276470936712128,0.018906390078114454,0.025696929546588976,0.0,0.025696929546588976,
B14,0.4758237053314805,0.4293774007520056,0.4510477171204474,0.4293774007520056,0.38473775496088636,0.4194811894409397,
B11,0.5212485522999952,0.3492803542613918,0.4012394318982557,0.369672904218748,0.38473775496088636,0.369672904218748,
