,job628_scenario0_1282,job630_scenario0_1295,job631_scenario0_1297,job632_scenario2_1300,job634_scenario0_1302,job635_scenario1_1306,job637_scenario3_1310,
in27,0.006075590498521133,0.0,0.08257299458931289,0.3043494778501078,0.018906390078114232,0.15277382976886067,0.22297466494840845,
B14,0.23102898055986154,0.22297466494840845,0.2676143107395277,0.4794945826892566,0.23102898055986154,0.3594854622875172,0.5679371754114884,
B11,0.09907467152668226,0.23102898055986154,0.16082814538031376,0.2892846271079694,0.15277382976886067,0.35103810096160093,0.44792805500974897,
