,job1157_scenario1_3466,
in27,0.3600273612052182,
B14,0.561411294508657,
B11,0.0,
