,job684_scenario1_1434,job688_scenario1_1445,job691_scenario4_1451,job692_scenario2_1452,job693_scenario0_1453,job694_scenario1_1456,
in27,0.20039739751251784,0.15864342790177943,0.20039739751251784,0.27865254830351877,0.0,0.49555162275340614,
B14,0.21689907444988726,0.20039739751251784,0.37554250235166675,0.30534166717211897,0.1151317115908318,0.30534166717211897,
B11,0.3369081948516267,0.15864342790177943,0.30534166717211897,0.20039739751251784,0.07269205172597171,0.21689907444988726,
