,job1065_scenario0_2887,job1068_scenario4_2908,
in27,0.0,0.21332912193487868,
B14,0.0597044965332576,0.2400182408034789,
B11,0.01506485074213837,0.5502373167865054,
