,job1168_scenario4_3541,
in27,0.0,
B14,0.13825087794442326,
B11,0.12000912040173944,
