,job601_scenario0_1203,job608_scenario1_1230,job609_scenario0_1233,job610_scenario4_1234,job611_scenario2_1236,
in27,0.3862401756114824,0.4405457672682821,0.4151633456426277,0.5903084504817766,0.5062492960132219,
B14,0.4232176612540809,0.5699159005244203,0.4405457672682821,0.8303266912852554,0.8303266912852554,
B11,0.0,0.09108595037059408,0.0080543156114532,0.13651079733910887,0.19826427119274037,
