,job940_scenario1_2202,
in27,0.0,
B14,0.600045602008697,
B11,0.48003648160695755,
