,job1073_scenario0_2933,job1074_scenario0_2936,
in27,0.36847472253113445,0.3519730455937651,
B14,0.017328106014201206,0.0,
B11,0.1871455116381322,0.14669823927033943,
