,job898_scenario1_2058,job899_scenario2_2059,job900_scenario2_2060,job902_scenario0_2065,job903_scenario0_2067,job904_scenario0_2070,
in27,0.07356281582226443,0.08405915446855461,0.08405915446855461,0.028923170031145196,0.0,0.028923170031145196,
B14,0.3556439229515411,0.5142873508533206,0.39427823045158117,0.2637727714035516,0.18367572491293782,0.2742691100498418,
B11,0.5142873508533206,0.29738827640343335,0.373885680494225,0.18367572491293782,0.23563480254980174,0.1970004950497617,
