,job93_scenario1_185,job96_scenario0_189,job98_scenario1_192,job100_scenario1_196,job101_scenario3_197,job102_scenario4_198,job104_scenario1_203,job105_scenario1_204,
in27,0.16709078922769577,0.05257852932758178,0.20304075516088044,0.2667073596720789,0.6471272708346534,0.2319639251920257,0.16709078922769577,0.2319639251920257,
B14,0.2667073596720789,0.07020083517954778,0.3102190759830266,0.2484656021293951,0.527118150432914,0.3102190759830266,0.36847472253113456,0.45691731525336615,
B11,0.03658533017966614,0.0,0.1119548047902863,0.19020995558128723,0.2484656021293951,0.33690819485162676,0.0702008351795479,0.21689907444988737,
