,job1014_scenario0_2608,
in27,0.0,
B14,0.32573421712947515,
B11,0.45311196288854616,
