,job112_scenario0_217,job117_scenario0_226,job118_scenario2_227,job120_scenario1_229,job122_scenario0_234,job125_scenario2_240,job128_scenario0_243,job129_scenario0_244,job132_scenario0_249,job133_scenario3_251,job135_scenario0_254,job136_scenario1_255,job137_scenario2_256,job138_scenario2_257,
in27,0.0,0.0,0.11451225990011404,0.1256862376222656,0.05168005007789778,0.16432054512230565,0.09411970994275787,0.08475869708835893,0.01154671535344498,0.3545305007035928,0.05168005007789778,0.17938539586444402,0.1504622258332987,0.1504622258332987,
B14,0.48342036579361725,0.5131739286053723,0.6331830490071118,0.6563022153607032,0.5026775899590821,0.6563022153607032,0.5780470645697022,0.4927813786480162,0.46609225977941604,0.6127904990497555,0.562982213827564,0.5945487415070716,0.7145578619088111,0.8030004546310427,
B11,0.4745396211053322,0.4503417187831561,0.5780470645697022,0.5362930949589638,0.46609225977941604,0.562982213827564,0.48342036579361725,0.42911477413681753,0.5026775899590821,0.8732012898105905,0.4359053136052923,0.6829913342293034,0.6829913342293034,0.6829913342293034,
