,job186_scenario0_333,job189_scenario2_338,job190_scenario1_340,job191_scenario0_342,job192_scenario0_343,job193_scenario0_345,job196_scenario1_350,job201_scenario0_357,job202_scenario1_360,job203_scenario1_363,job204_scenario1_364,job205_scenario0_365,job206_scenario4_368,
in27,0.26041079076083495,0.40710903003117455,0.35730074480898294,0.31866643730894284,0.29446853498676673,0.27324159034042816,0.3684747225311345,0.27324159034042816,0.3932507107421676,0.5586846781124217,0.3369081948516268,0.27324159034042816,0.5973189856124618,
B14,0.047081668825956324,0.07020083517954778,0.19020995558128717,0.026689118868600148,0.00844736132591628,0.047081668825956324,0.1670907892276957,0.0,0.1670907892276957,0.19020995558128717,0.1670907892276957,0.026689118868600148,0.12845648172765567,
B11,0.3684747225311345,0.35730074480898294,0.47730986521072233,0.2800321298089029,0.27324159034042816,0.3932507107421676,0.4569173152533661,0.2870999096294351,0.4569173152533661,0.4569173152533661,0.40710903003117455,0.2870999096294351,0.42217388077331286,
