,job780_scenario0_1703,job782_scenario0_1708,job786_scenario4_1730,job787_scenario1_1731,job788_scenario0_1734,job789_scenario0_1737,
in27,0.0,0.01154671535344498,0.1958870728018134,0.4043387859257844,0.01154671535344498,0.037243644900033956,
B14,0.5026775899590821,0.46609225977941604,0.8030004546310427,0.6829913342293034,0.4745396211053322,0.4927813786480162,
B11,0.4359053136052923,0.4503417187831561,0.7531921694088511,0.6127904990497555,0.4359053136052923,0.4745396211053322,
