,job962_scenario0_2352,
in27,0.48003648160695744,
B14,0.6139039212977038,
B11,0.0,
