,job148_scenario1_274,job151_scenario1_277,job152_scenario0_278,job153_scenario1_279,job154_scenario1_280,job155_scenario1_282,job159_scenario1_288,job161_scenario0_291,job162_scenario0_292,job163_scenario1_294,job167_scenario0_300,job168_scenario1_301,job169_scenario4_302,job170_scenario1_306,job171_scenario2_308,
in27,0.18533254677037958,0.18533254677037958,0.07269205172597182,0.15864342790177954,0.17147422748137264,0.2351408319925712,0.14669823927033954,0.05825564654810789,0.08844259272223165,0.25553338194992736,0.0,0.05825564654810789,0.25553338194992736,0.1250279229018978,0.20039739751251795,
B14,0.4955516227534062,0.3986616687052583,0.3551499523943107,0.47515907279604996,0.45691731525336615,0.38671648007381837,0.5769264356551056,0.3755425023516668,0.34578893953991174,0.4955516227534062,0.32040651791425734,0.5186707891069977,0.6155607431551456,0.6653690283773372,0.5769264356551056,
B11,0.3986616687052583,0.47515907279604996,0.2982738873515868,0.4955516227534062,0.4404156383159967,0.3986616687052583,0.4114924682848515,0.32040651791425734,0.32846083352571054,0.3755425023516668,0.29148334788311203,0.5769264356551056,0.6155607431551456,0.3986616687052583,0.45691731525336615,
