,job526_scenario0_1046,job532_scenario4_1070,job533_scenario3_1074,job534_scenario2_1075,job535_scenario0_1078,job536_scenario2_1082,job537_scenario0_1083,
in27,0.07020083517954778,0.326720752920396,0.20671163251865654,0.16128678555014186,0.09558325680520219,0.08670251211691715,0.01650167693736937,
B14,0.11484048097066701,0.19020995558128717,0.29515422524088825,0.326720752920396,0.07020083517954778,0.4853641808221755,0.19020995558128717,
B11,0.0,0.41516334564262763,0.3449625104630798,0.22495339006134052,0.03474343448005335,0.05513598443740941,0.01650167693736937,
