,job1159_scenario0_3473,
in27,0.19826427119274026,
B14,0.36002736120521817,
B11,0.0,
