,job7_scenario2_17,job8_scenario1_19,job9_scenario4_20,job10_scenario1_21,job11_scenario1_23,
in27,0.12000912040173939,0.08844259272223165,0.32846083352571054,0.07458427343322482,0.0,
B14,0.5186707891069977,0.533735639849136,0.7088807446882849,0.5502373167865053,0.7088807446882849,
B11,0.16790427496636406,0.07458427343322482,0.3146025142367035,0.12439255865541621,0.22615992151447195,
