,job534_scenario2_1075,job535_scenario0_1078,job537_scenario0_1083,job542_scenario1_1092,job543_scenario0_1093,job544_scenario0_1096,job545_scenario0_1097,job546_scenario0_1098,job547_scenario4_1099,
in27,0.14478510861277255,0.07908157986783282,0.0,0.07020083517954778,0.03156652767950785,0.07020083517954778,0.05369915824217841,0.06175347385363161,0.20845171312397104,
B14,0.31021907598302667,0.05369915824217841,0.1737082786439178,0.20845171312397104,0.1586434279017795,0.09833880403329764,0.09833880403329764,0.06175347385363161,0.22884426308132727,
B11,0.27865254830351893,0.08844259272223176,0.07020083517954778,0.20845171312397104,0.09833880403329764,0.018241757542683867,0.018241757542683867,0.038634307500040044,0.5888716242865455,
