,job230_scenario1_417,job232_scenario0_420,job238_scenario0_433,job241_scenario1_438,job242_scenario0_439,job243_scenario2_440,job245_scenario0_442,job247_scenario1_448,job248_scenario1_449,job249_scenario3_450,job250_scenario1_453,
in27,0.35592116330359885,0.24708602062401097,0.2359120429018594,0.4372959762052982,0.2718620088350441,0.455537733747982,0.3261676004918438,0.4372959762052982,0.40572944852579046,0.5959394041070777,0.3918711292367835,
B14,0.31728685580355875,0.3088394944776426,0.33552861334624273,0.455537733747982,0.33552861334624273,0.5257385689275299,0.455537733747982,0.4207942992679288,0.47593028370533824,0.455537733747982,0.6457476893292693,
B11,0.10038778135367155,0.0,0.04751505218832497,0.15864342790177932,0.0568760650427238,0.1768851854444632,0.030186946174123652,0.007067779820532194,0.06677227635378968,0.31728685580355875,0.22039690175541082,
