,job318_scenario0_592,job319_scenario1_594,job324_scenario3_601,job325_scenario0_602,job327_scenario2_607,job328_scenario1_608,job329_scenario0_610,job334_scenario0_620,job335_scenario2_624,
in27,0.12654335107008863,0.23372167189223492,0.31021907598302656,0.1477702957164272,0.2754756415029733,0.29197731844034275,0.12654335107008863,0.15546652110123393,0.3306116259403828,
B14,0.08009704649061378,0.2106025055386434,0.1719681980386033,0.0702008351795479,0.19020995558128717,0.14040167035909568,0.09059338513690396,0.10176736285905552,0.29197731844034275,
B11,0.043511716310947635,0.29197731844034275,0.23372167189223486,0.035457400699494546,0.23372167189223486,0.29197731844034275,0.12654335107008863,0.0,0.11371255149049553,
