,job437_scenario0_846,job438_scenario0_849,job439_scenario2_850,job441_scenario0_854,job443_scenario1_856,job444_scenario2_857,job446_scenario1_863,job447_scenario0_864,job450_scenario3_870,job452_scenario2_874,
in27,0.07825515079100087,0.0,0.14845598597054876,0.04806820461687722,0.19020995558128717,0.14845598597054876,0.2249533900613404,0.05513598443740941,0.2684651063722881,0.10494426965960113,
B14,0.20671163251865654,0.21559237720694158,0.44672987332213543,0.20671163251865654,0.3449625104630798,0.31021907598302656,0.31021907598302656,0.22495339006134052,0.26846510637228815,0.5351724660443671,
B11,0.16128678555014186,0.1751451048391488,0.31021907598302656,0.21559237720694158,0.2812959059518813,0.326720752920396,0.44672987332213543,0.19020995558128717,0.326720752920396,0.3449625104630798,
