,job475_scenario2_922,job481_scenario0_930,job482_scenario2_932,job487_scenario0_952,job488_scenario0_953,job489_scenario0_957,
in27,0.12608471090026052,0.0,0.13891551047985384,0.06433123704662902,0.025696929546588976,0.025696929546588976,
B14,0.4629929057518873,0.2994720690392003,0.4012394318982557,0.2901110561848014,0.3696729042187481,0.3696729042187481,
B11,0.4194811894409397,0.3492803542613918,0.539490309842679,0.38473775496088636,0.369672904218748,0.4293774007520056,
