,job855_scenario4_1932,job856_scenario4_1934,job857_scenario2_1935,job858_scenario4_1938,job859_scenario1_1940,job860_scenario3_1944,
in27,0.45691731525336615,0.20304075516088038,0.21689907444988743,0.24846560212939506,0.2319639251920257,0.40710903003117455,
B14,0.3867164800738183,0.7671363912363928,0.40710903003117455,0.527118150432914,0.33690819485162676,0.7671363912363928,
B11,0.19020995558128717,0.2400182408034789,0.0,0.2400182408034789,0.07020083517954778,0.2400182408034789,
