,job258_scenario0_467,job261_scenario0_478,job265_scenario0_484,job268_scenario2_489,job270_scenario1_491,job273_scenario1_498,job274_scenario1_503,job275_scenario2_504,job276_scenario0_505,job277_scenario3_507,
in27,0.024775988211033217,0.04600293285737167,0.0,0.08844259272223165,0.10883514267958783,0.10883514267958783,0.1447851086127726,0.15864342790177943,0.0617534738536315,0.20845171312397104,
B14,0.42535078757385847,0.4071090300311745,0.4457433375312146,0.6471272708346534,0.6471272708346534,0.6857615783346934,0.5453599079755977,0.6857615783346934,0.5106164734955445,0.5453599079755977,
B11,0.17826476694984728,0.17826476694984728,0.20039739751251795,0.25553338194992736,0.35514995239431046,0.32040651791425734,0.32040651791425734,0.42535078757385847,0.18533254677037947,0.4955516227534062,
