,job1011_scenario2_2597,job1012_scenario0_2599,
in27,0.07649740409079187,0.026689118868600148,
B14,0.4569173152533662,0.09688995404814799,
B11,0.1466982392703396,0.0,
