,job171_scenario2_308,job173_scenario1_311,job177_scenario2_316,job178_scenario1_318,job181_scenario2_322,job183_scenario1_324,job186_scenario0_333,job187_scenario2_334,job189_scenario2_338,job190_scenario1_340,job191_scenario0_342,
in27,0.1617630900124779,0.1200091204017395,0.14669823927033954,0.1200091204017395,0.1200091204017395,0.07649740409079175,0.0,0.1200091204017395,0.14669823927033954,0.09688995404814793,0.05825564654810789,
B14,0.5769264356551056,0.5186707891069977,0.5453599079755979,0.5186707891069977,0.5453599079755979,0.5769264356551056,0.3755425023516668,0.47515907279604996,0.3986616687052583,0.5186707891069977,0.3551499523943107,
B11,0.45691731525336615,0.4404156383159967,0.3986616687052583,0.4114924682848515,0.38671648007381837,0.4253507875738584,0.38671648007381837,0.4955516227534062,0.3755425023516668,0.4955516227534062,0.2982738873515868,
