,job1158_scenario4_3472,
in27,0.32846083352571054,
B14,0.25825999834616264,
B11,0.0,
