,job726_scenario0_1651,
in27,0.25433520026231393,
B14,0.3369081948516268,
B11,0.29446853498676673,
cn12,0.15323246993868878,
B54,0.3932507107421676,
B51,0.0,
os4,0.35730074480898294,
in4,0.3684747225311345,
B33,0.31866643730894284,
sh10,0.6471272708346534,
in22,0.3684747225311345,
