,job109_scenario1_220,
in27,0.060304623868481844,
B14,0.21188027194972903,
B11,0.09187115154798958,
cn12,0.0,
B54,0.25051457944976907,
B51,0.07536947461062016,
os4,0.15362462540162108,
in4,0.0216703163684418,
B33,0.060304623868481844,
sh10,0.09187115154798958,
in22,0.03361550499988175,
