,job505_scenario2_1029,
in27,0.04980828522219166,
B14,0.3986616687052583,
B11,0.0884425927222317,
cn12,0.0,
B54,0.3986616687052583,
B51,0.13825087794442326,
os4,0.2400182408034789,
in4,0.04980828522219166,
B33,0.3986616687052583,
sh10,0.2400182408034789,
in22,0.2400182408034789,
