,job363_scenario3_689,
in27,0.018241757542683812,
B14,0.2786525483035189,
B11,0.20845171312397104,
cn12,0.0,
B54,0.0617534738536315,
B51,0.08844259272223165,
os4,0.2786525483035189,
in4,0.20845171312397104,
B33,0.12000912040173944,
sh10,0.0884425927222317,
in22,0.0617534738536315,
