,job287_scenario2_554,
in27,0.0,
B14,0.2898265260256704,
B11,0.12000912040173939,
cn12,0.0,
B54,0.2400182408034788,
B51,0.08137481290169934,
os4,0.3600273612052182,
in4,0.011173977722151562,
B33,0.2013839333034388,
sh10,0.12000912040173939,
in22,0.16981740562393105,
