,job444_scenario1_890,
in27,0.08303163475914094,
B14,0.16709078922769566,
B11,0.09688995404814787,
cn12,0.0,
B54,0.33690819485162665,
B51,0.11195480479028619,
os4,0.19020995558128712,
in4,0.08303163475914094,
B33,0.09688995404814787,
sh10,0.04708166882595627,
in22,0.07020083517954778,
