,job709_scenario2_1584,
in27,0.011173977722151562,
B14,0.2013839333034388,
B11,0.06487313596432992,
cn12,0.0,
B54,0.12000912040173939,
B51,0.049808285222191606,
os4,0.3600273612052182,
in4,0.023119166353591514,
B33,0.2013839333034388,
sh10,0.2400182408034788,
in22,0.4800364816069576,
