,job72_scenario2_151,
in27,0.03594996593318467,
B14,0.2400182408034788,
B11,0.12000912040173939,
cn12,0.0,
B54,0.2400182408034788,
B51,0.023119166353591514,
os4,0.4800364816069576,
in4,0.03594996593318467,
B33,0.4800364816069576,
sh10,0.049808285222191606,
in22,0.3600273612052182,
