,job746_scenario0_1713,
in27,0.21689907444988732,
B14,0.26670735967207904,
B11,0.20304075516088038,
cn12,0.07973369575313183,
B54,0.28709990962943516,
B51,0.3230498755626198,
os4,0.2400182408034789,
in4,0.26670735967207904,
B33,0.0,
sh10,0.40710903003117455,
in22,0.28709990962943516,
