,job223_scenario2_434,
in27,0.011945188631439951,
B14,0.46886250388480605,
B11,0.07020083517954778,
cn12,0.011945188631439951,
B54,0.0,
B51,0.038634307500040044,
os4,0.34885338348306666,
in4,0.0,
B33,0.0884425927222316,
sh10,0.34885338348306666,
in22,0.2786525483035188,
