,job121_scenario1_245,
in27,0.11195480479028619,
B14,0.21689907444988732,
B11,0.11195480479028619,
cn12,0.0,
B54,0.19020995558128712,
B51,0.1284564817276556,
os4,0.16709078922769566,
in4,0.03658533017966603,
B33,0.04708166882595627,
sh10,0.2870999096294351,
in22,0.21689907444988732,
