,job364_scenario0_690,
in27,0.12972025787063413,
B14,0.18402584952743384,
B11,0.14357857715964106,
cn12,0.0,
B54,0.2635876975613805,
B51,0.1751451048391488,
os4,0.22495339006134046,
in4,0.16669774351323263,
B33,0.2635876975613805,
sh10,0.5738067735444071,
in22,0.20328307369289866,
