,job664_scenario3_1393,
in27,0.26041079076083495,
B14,0.2217764832607949,
B11,0.3102190759830265,
cn12,0.12000912040173928,
B54,0.08526568592168604,
B51,0.0,
os4,0.26041079076083495,
in4,0.5004290315643137,
B33,0.26041079076083495,
sh10,0.10176736285905547,
in22,0.16352083671268697,
