,job960_scenario0_2425,
in27,0.10717832082214618,
B14,0.20406827487029416,
B11,0.16543396737025406,
cn12,0.0,
B54,0.0,
B51,0.2854430877719935,
os4,0.16543396737025406,
in4,0.16543396737025406,
B33,0.1743147120585391,
sh10,0.444086515673773,
in22,0.21524225259244573,
