,job962_scenario0_2431,
in27,0.10972075362774114,
B14,0.1733873581389398,
B11,0.15514560059625582,
cn12,0.0,
B54,0.16402634528454085,
B51,0.18328356945000568,
os4,0.20495388581844748,
in4,0.18328356945000568,
B33,0.20495388581844748,
sh10,0.43379814889977475,
in22,0.20495388581844748,
