,job611_scenario2_1265,
in27,0.0884425927222317,
B14,0.20845171312397115,
B11,0.12000912040173944,
cn12,0.0,
B54,0.3284608335257105,
B51,0.07458427343322477,
os4,0.3986616687052583,
in4,0.06175347385363161,
B33,0.27865254830351893,
sh10,0.27865254830351893,
in22,0.3986616687052583,
