,job584_scenario1_1214,
in27,0.07458427343322477,
B14,0.18176259425537095,
B11,0.06175347385363161,
cn12,0.0,
B54,0.1586434279017795,
B51,0.12000912040173944,
os4,0.12000912040173944,
in4,0.06175347385363161,
B33,0.0884425927222317,
sh10,0.27865254830351893,
in22,0.10350744346437002,
