,job472_scenario0_918,job473_scenario1_920,job474_scenario2_921,job475_scenario2_922,job477_scenario1_925,job478_scenario2_926,job479_scenario4_927,job480_scenario2_929,job481_scenario0_930,job482_scenario2_932,
in27,0.3235720472969632,0.4335732533784839,0.35454762833361336,0.40391846648801644,0.34590492361537645,0.27907818894228087,0.32592080614260505,0.22459274066492418,0.0,0.00047748610780029566,
B14,0.5867094544540334,0.6900931711193321,0.7643832747610232,0.7488809769510962,0.6410591488562647,0.6973611966956069,0.7063407173051794,0.5846201018701424,0.2968943058462028,0.49437228700376473,
B11,0.6697410892131744,0.8283440490637553,0.7959498024405309,0.7350226576620893,0.7610682692580041,0.6973611966956069,0.8263498377069188,0.5846201018701424,0.3600273612052183,0.37436316660202534,
cn12,0.5464340298054259,0.6585266434398243,0.7040786508925414,0.6693191289171496,0.5939774800303084,0.5862328209821526,0.7063407173051794,0.46461098146840296,0.24001824080347878,0.2948013185680787,
B54,0.8036085289039208,0.8985448842433033,0.9159589228422704,0.9004566250323435,1.001086510061483,0.8560046245973864,0.8761581229291104,0.6730626945923741,0.4484699539274498,0.5259388146832725,
