,job580_scenario0_1164,job584_scenario0_1169,job586_scenario2_1173,job588_scenario1_1175,job589_scenario1_1183,job591_scenario3_1185,job592_scenario2_1186,job593_scenario2_1188,job594_scenario1_1190,job595_scenario0_1193,job596_scenario2_1194,job597_scenario1_1195,
in27,0.4334282617780635,0.4691507027957239,0.4917874710180532,0.5299843314503047,0.4051440539045692,0.5221875062844412,0.4001062414529879,0.31747572414146163,0.3045021417993756,0.0,0.0009714566650307344,0.0009714566650307344,
B14,1.0164302879316902,1.0376297771249132,1.200668215706338,1.1037911049947118,1.102079609961414,1.1608674157931782,1.143730420621326,1.1028538729205382,0.8231729309063731,0.5987678355976113,0.7365413202219158,0.6396513661737677,
B11,0.9999286109943207,0.9636235895805455,1.0989008528472826,1.0833985550373555,0.950503961880167,1.1608674157931782,0.9187770305599854,0.9330364672966073,0.8396746078437426,0.5621825054179452,0.5463313646406285,0.5463313646406285,
cn12,0.850996320561436,0.8291780640009422,0.952202613576943,0.9540284217812173,0.8536140078320191,0.9359140257318378,0.8770230609492471,0.7501951370726516,0.7285462321302882,0.40519589937360734,0.4761305294610808,0.44944141059248066,
B54,0.9008046057836276,0.8721958097546592,0.9788917324455432,0.9949559623151238,0.8803031267006192,0.7167809001194053,0.8335113446382993,0.7926347969375118,0.9281172005659742,0.43022819638476584,0.7863496054441073,0.7863496054441073,
