,job658_scenario0_1368,job660_scenario1_1372,
in27,0.1117696381604335,0.0,
B14,0.6359532003248203,0.6223512826236202,
B11,0.27339825316586774,0.1921230862388541,
cn12,0.44574324474353305,0.35813513949796516,
B54,0.2589618479880037,0.22368961391836184,
