,job415_scenario0_794,job422_scenario1_805,job423_scenario3_808,job427_scenario1_818,
in27,0.22904131546565193,0.2785460296586245,0.2986995279903486,0.08526568592168604,
B14,0.1392191412380362,0.2083451944790768,0.15200128872000918,0.0,
B11,0.2511739460283225,0.32835431488081607,0.3689003631698965,0.05634251589054079,
cn12,0.11609997488444473,0.2287377444364329,0.3422112443012963,0.0,
B54,0.3294290968193235,0.37186603119176376,0.3422112443012963,0.3102190759830265,
