,job699_scenario0_1478,job700_scenario0_1484,
in27,0.7918605339783875,0.5072195710327885,
B14,0.8555271384895862,0.5844881860328686,
B11,0.35509810692527255,0.0,
cn12,0.6718514135766482,0.38041991116257434,
B54,0.8990388548005339,0.60760735238646,
