,job148_scenario1_274,job151_scenario1_277,job152_scenario0_278,job154_scenario1_280,job156_scenario1_284,job159_scenario1_288,job160_scenario2_290,job161_scenario0_291,job162_scenario0_292,job163_scenario1_294,job165_scenario1_298,job166_scenario3_299,job167_scenario0_300,job168_scenario1_301,job169_scenario4_302,
in27,0.6692636031053742,0.572575426234226,0.4170033968191317,0.5367183474293373,0.47738993557895804,0.4245681992467304,0.41144062281581334,0.2969003523816011,0.2813980545716742,0.3454913100526686,0.2745041848379424,0.30596755356662353,0.0,0.007268025576274928,0.10415797962442275,
B14,0.8657701275979054,0.847337101517758,0.720688242133809,0.8700565897659553,0.8956729433322841,0.7530290327724408,0.9883670584709188,0.61418720818516,0.6218040767288247,0.662006954946939,0.65103322298053,0.6926840336404418,0.29827388735158666,0.32378367047054535,0.32378367047054535,
B11,0.9359709627774533,0.7836704970065596,0.6859448076537557,0.8469374234123639,0.8142981304305847,0.7182855982923876,0.74834881766744,0.53691859318508,0.5435489259378237,0.6823995049042952,0.5310241025787906,0.6428757484182503,0.27407598502941055,0.2890402359904921,0.36729538678149304,
cn12,0.6257518867944267,0.572575426234226,0.4104691661507823,0.5598375137829288,0.5356455821270658,0.4947690344262782,0.5314497432175527,0.2969003523816011,0.2884658343922065,0.4126277012890614,0.2998866064635968,0.3642232001147314,0.012830799579593322,0.08376542966706668,0.14010794555760742,
B54,0.8475283700552216,0.8290953439750741,0.6708799569116174,0.7500474693642161,0.7174081763824367,0.8232298679519887,0.8683579380691794,0.5053520655055721,0.5435489259378237,0.6121986697247475,0.6896675304805701,0.4842323205164708,0.21689907444988732,0.2241671000261622,0.30554191292786154,
