,job695_scenario3_1463,
in27,0.45062074634212224,
B14,0.45062074634212224,
B11,0.0,
cn12,0.260410790760835,
B54,0.2106025055386434,
