,job167_scenario0_300,job171_scenario2_308,job178_scenario1_318,job179_scenario2_319,job180_scenario3_320,job181_scenario2_322,job182_scenario2_323,job183_scenario1_324,job184_scenario2_328,job185_scenario1_329,job186_scenario0_333,job187_scenario2_334,job188_scenario1_335,job189_scenario2_338,
in27,0.8316753342337864,0.9012903905114587,0.8601170659593469,0.8269981711786214,1.0968566308799803,0.8238225400866697,0.800494484317434,0.8159618423757138,0.7762991411650276,0.73023897596203,0.5214162953751531,0.5983403504357405,0.5387177687938276,0.37285816078481143,
B14,0.8899309807818943,0.9714912256910064,0.9939845056500932,1.10565071948214,1.167057466059528,0.957689979777416,1.0173935587673213,0.9359709627774533,0.9128099385041365,0.7756638229305447,0.5986849103752331,0.7637743178059946,0.8054251284659064,0.8169446764585844,
B11,0.675523122878431,0.8199155776097593,0.6837654296670667,0.7069890507768819,0.8568383900765015,0.6625357545365277,0.6867819328269382,0.6755601720166181,0.5571660155525952,0.6036956248919412,0.31158500074579787,0.3952995952748601,0.42500521730333196,0.31651564489427064,
cn12,0.36446965220642213,0.5300890515840888,0.44374718886358777,0.44530049360496127,0.49681102887128326,0.4278452129482667,0.38759439394686906,0.38573364599094784,0.3513986439954795,0.27912566438621766,0.03129133529371164,0.19186668465104728,0.10848957240906154,0.0,
B54,0.9285652882819344,1.091500346092746,0.9055419129278615,0.9856415990804008,0.9768475104782409,1.0278908149569637,0.9471927235877735,0.967537490456961,0.8812434108246288,0.8641064156527765,0.6218040767288247,0.8024086253060346,0.8054251284659064,0.6267347208772971,
