,job242_scenario0_439,job245_scenario0_442,job248_scenario1_449,job250_scenario1_453,job251_scenario1_457,job253_scenario2_459,job254_scenario1_461,job255_scenario0_462,
in27,0.5559942602940592,0.4992040938059753,0.5758350530606395,0.5310890938211363,0.4204201434253858,0.27702921162190686,0.13195430903317928,0.0,
B14,1.0771926353547912,1.054460213092639,1.0762640846249534,1.1364623950450512,0.8892826473101918,1.0462145801786735,0.7475150521883249,0.5390633390643538,
B11,0.9048476437771258,0.9151938685254348,0.9562549642232139,0.9581976280952039,0.8008400545879601,0.735995504195647,0.5573050966070376,0.4106068573366981,
cn12,0.5467125042791606,0.5174458513486592,0.6108994080456709,0.5510885980640294,0.47281260442461837,0.41947985930137643,0.22039690175541093,0.02389037726287979,
B54,0.707269062838507,0.6957106182985064,0.7575976473160104,0.724475956202969,0.6604383842288646,0.8560046245973864,0.48710426142748975,0.22039690175541093,
