,job842_scenario1_1892,job851_scenario4_1917,job852_scenario0_1920,
in27,0.3791508250103004,0.2639039273925879,0.0,
B14,0.8480133288951065,0.6008121222442147,0.3399726387947818,
B11,0.4991599454120398,0.27235128871850417,0.014238421665306644,
cn12,0.6311142544452192,0.4669446825534683,0.13260642491847846,
B54,0.8213242100265064,0.6323786499237225,0.37592260472796646,
