,job736_scenario3_1589,job737_scenario0_1593,
in27,0.7055186712578867,0.1945933938349641,
B14,0.42686612295436793,0.0,
B11,0.7939612639801183,0.21582033848130266,
cn12,0.6739521435783791,0.08137481290169934,
B54,0.7441529787579267,0.31460251423670355,
