,job453_scenario0_876,job456_scenario0_887,job458_scenario3_890,job459_scenario2_891,
in27,0.4026180167895713,0.1808425438598099,0.2092369143013666,0.1390360791218187,
B14,0.8950499774322789,0.6912390216931439,0.7444093803457337,0.7444093803457337,
B11,0.8248491422527311,0.6098642087914445,0.655966787623502,0.5359576672217625,
cn12,0.24036095621986264,0.03527223406964197,0.09187115154798964,0.0,
B54,0.6662057143509517,0.45122078088966505,0.35769290027191525,0.41594854682002314,
