,job636_scenario2_1309,job637_scenario3_1310,job638_scenario0_1313,job639_scenario0_1314,job640_scenario2_1316,
in27,0.513982248633993,0.7289277243751147,0.30596755356662353,0.21332912193487863,0.24728626637975365,
B14,0.8038087746596634,0.7787360095973063,0.3761683887461713,0.34616904191621123,0.4374962219610409,
B11,0.30991397376369884,0.6089186039733753,0.045556762805788575,0.0,0.038834553255782556,
cn12,0.5371014149875846,0.6089186039733753,0.16238897640698247,0.10285286210672329,0.16772441834580698,
B54,0.6837996542579241,0.7787360095973063,0.3992875550997629,0.36002736120521817,0.3672953867814931,
