,job90_scenario1_178,job92_scenario1_184,job93_scenario1_185,job94_scenario3_186,job95_scenario2_188,job96_scenario0_189,job97_scenario3_191,job98_scenario1_192,job99_scenario3_195,
in27,0.30979520372598895,0.2251319568150127,0.22348797829409262,0.2996709846553795,0.180539286163591,0.0,0.16777235912909,0.0774688607558226,0.0005458160262687972,
B14,0.6902151148885634,0.5642742028291845,0.603907889456667,0.706780014686554,0.7859125873875059,0.4008124611199305,0.6948905095620039,0.3694461791961653,0.2525092454611875,
B11,0.6515808073885233,0.5807758797665539,0.603907889456667,0.6365791795070064,0.545894346584027,0.34567647668252105,0.8148996299637434,0.40808048669620534,0.27919836432978773,
cn12,0.5597096558405337,0.46964750405309946,0.4210665592327114,0.5316349098474051,0.4054926762249315,0.1934462472436272,0.45487226875852516,0.24098969746850973,0.19075577160755602,
B54,0.7400234001107551,0.6425293536201854,0.773725295080598,0.706780014686554,0.5690135129376185,0.46568559708426044,0.4779914351121166,0.5778978923201363,0.3493991995093355,
