,job362_scenario0_676,job366_scenario1_682,job367_scenario0_684,job369_scenario2_688,job370_scenario2_689,job371_scenario0_690,job372_scenario2_692,job373_scenario4_695,job374_scenario0_696,job375_scenario1_698,
in27,0.41670922702759783,0.43511323852454153,0.34319338634503094,0.3946166355049391,0.35270365212205346,0.23177875856217312,0.3115303275699419,0.28284838721303207,0.0,0.02009882515586814,
B14,0.9557725660919518,1.0035923128537307,0.8934307031315365,1.0675474142600392,1.1704195394899262,0.7614810847721281,0.984461106325042,0.8717200114995776,0.5552561192866637,0.5961396498628202,
B11,0.49427868756447724,0.5551223589262809,0.4284590722667172,0.4786757899734937,0.4766036455437797,0.33743699444121544,0.48890948357163583,0.47305834279431924,0.10425857940547945,0.11922283036656112,
cn12,0.4697538039121296,0.5955696312940737,0.39623796322956273,0.5017949563270852,0.5113470800238329,0.30521588540406097,0.46579031721804437,0.41792235835690983,0.07973369575313183,0.16386247615768024,
B54,0.9917225320251364,1.1439939832128263,0.9053758917629764,1.0675474142600392,0.9535204650400388,0.8271846135170677,0.945826798825002,0.8015191763200298,0.5888716242865455,0.5961396498628202,
