,job453_scenario0_876,job456_scenario0_887,job460_scenario4_892,job463_scenario0_901,job464_scenario3_902,
in27,0.8085852682878436,0.7123291319472598,0.8504480940544092,0.25903120925545087,0.7159485245088171,
B14,0.8858538832879237,0.8075622641379661,0.9002563792766008,0.3088394944776426,0.5959394041070777,
B11,0.537000499804857,0.44753490293274784,0.6216038309730819,0.0,0.24708602062401097,
cn12,0.5552422573475408,0.4756728717864977,0.6335490196045219,0.02530953736321606,0.35592116330359885,
B54,0.8970278610100753,0.8075622641379661,0.9704572144561486,0.3454248246573086,0.455537733747982,
