,job760_scenario1_1654,job763_scenario1_1658,job764_scenario3_1660,
in27,0.31759912521712363,0.10734218994900668,0.08792109665668135,
B14,0.8456309271785203,0.666940519589911,0.8146102155252815,
B11,0.3806592963137011,0.17304571869394658,0.22573859123873596,
cn12,0.2003455520434797,0.0767911288922799,0.0,
B54,0.725621806776781,0.7371413547694587,0.3843820191405155,
