,job318_scenario0_592,job319_scenario1_594,job321_scenario1_597,job322_scenario3_599,job323_scenario1_600,job324_scenario3_601,job325_scenario0_602,job326_scenario4_605,job327_scenario2_607,job328_scenario1_608,
in27,0.30203208886897337,0.4292453623018955,0.3610969381278525,0.5325259200163674,0.3382232844763936,0.4530150648155398,0.129668412401596,0.1951920845259788,0.01650167693736948,0.0,
B14,0.7205574151543179,0.8293438572023849,0.7349826186220778,0.8774884304794474,0.8196965922785824,0.8864201680008512,0.5328865694127838,0.5787889024890988,0.7601258561057076,0.37970594494313303,
B11,0.47064296303977304,0.6187413516637413,0.5999086474782,0.7370867601203517,0.5481118237955958,0.7664110475991119,0.2972517668629818,0.5085880673095509,0.2330077056727936,0.18949598936184586,
cn12,0.35063384263803377,0.47668512135449825,0.4451560925964074,0.6107810708073684,0.37829441817166487,0.5081510492529493,0.19110096575024949,0.3001363541855798,0.08051840606306382,0.06319030004886261,
B54,0.95721367531508,1.0693620980058638,1.1501459642647054,0.9090549581589551,0.9285317349581702,0.9566210031803992,0.761730832494111,0.9388162636943168,0.710317570883516,0.7601258561057076,
