,job742_scenario1_1602,job743_scenario1_1604,job744_scenario1_1608,job745_scenario0_1610,
in27,0.6688349104167763,0.5953540094858565,0.4294944014768405,0.19674418624963652,
B14,0.8204105584980235,0.7967379427892951,0.5949283688470944,0.31509648479393415,
B11,1.0288622716219946,1.0318787747818663,0.8349466096505732,0.5706298667438615,
cn12,0.5190722272032819,0.48164145799536096,0.2762619315381516,0.0,
B54,1.0990631068015424,1.133646137640922,0.9549557300523127,0.6906389871456009,
