,job318_scenario0_592,job319_scenario1_594,job325_scenario0_602,job329_scenario0_610,job331_scenario4_615,job332_scenario2_616,job333_scenario3_619,job334_scenario0_620,job335_scenario2_624,job336_scenario0_625,job337_scenario2_626,job338_scenario1_628,
in27,0.6160863543650971,0.7557217705762659,0.550325269941681,0.5245722041859711,0.6776024159196952,0.6028299141467419,0.5946724395844621,0.3926735786596816,0.3427646936564332,0.2488912427681571,0.25314276518456025,0.16709078922769582,
B14,0.809658290589101,0.9308668754154148,0.7285900368915282,0.6870209844525705,0.8558671828695426,0.8814824624502607,0.8346906803879409,0.5866888866057888,0.8228011752633908,0.3862284691840978,0.5198501248566392,0.43867555771068234,
B11,0.7499537940558434,0.9104743254580585,0.6831651899230136,0.6445813245877104,0.8243006551900347,0.8428481549502207,0.7960563728879009,0.49145575441508244,0.582782934459912,0.33871341699577284,0.4314075321344074,0.35730074480898294,
cn12,0.41934216811546055,0.557815589610172,0.36641188327163765,0.32342367073234357,0.5002232599180012,0.4743734324190862,0.4404124499363596,0.17470244776370647,0.283737836199037,0.018405862538262374,0.14932642500513071,0.0,
B54,0.856104595168576,0.9806751606376064,0.7672243443915683,0.7433635003431114,0.8945014903695825,0.7614733420485214,0.7644898452083932,0.5866888866057888,0.6325912196821037,0.4519319979290375,0.5514166525361469,0.4773098652107224,
