,job814_scenario0_1821,job815_scenario3_1826,
in27,0.12330705940774855,0.2354160243783674,
B14,0.23048538022989484,0.18560773915617582,
B11,0.1371653786967555,0.2354160243783674,
cn12,0.0,0.1469734316561358,
B54,0.2185401915984549,0.08871778510802786,
