,job51_scenario1_101,job54_scenario1_106,job58_scenario0_112,job60_scenario0_114,job61_scenario2_115,job62_scenario0_118,job63_scenario0_119,job64_scenario3_120,
in27,0.7445446223083374,0.6948739860053899,0.5154093154576564,0.48305393857320045,0.5521813274381338,0.28313658633825267,0.17718603098126273,0.4944728867848216,
B14,1.2993585023689511,1.2496878660660036,1.0050411628388807,0.9301114119228109,1.1791091733358623,0.7603017490224867,0.6884881947309287,0.9671407430344476,
B11,1.0207059540654324,1.0292909643105925,0.7940618637611752,0.7549663070836621,0.8800640750749873,0.5762758994950529,0.44140217410691773,0.8084973151326682,
cn12,0.6375594265066225,0.606130547746359,0.3314327450079193,0.288002943588316,0.4485581122791358,0.10265261635098089,0.0,0.34040602215715043,
B54,1.2060385008358119,1.187934392212372,0.9067023588055829,0.8985448842433033,0.962210098885975,0.6700461914325023,0.6773142170087771,0.6773142170087771,
