,job835_scenario4_1879,job839_scenario1_1887,job841_scenario1_1891,job842_scenario1_1892,
in27,1.049254045251375,0.9142316855734774,0.5683958155813164,0.5436198273702832,
B14,0.7455691999366978,0.5515199828014039,0.35149674113142915,0.3781858600000293,
B11,1.022564926382775,0.6586983036235501,0.365355060420436,0.4151633456426276,
cn12,0.5140815792070079,0.2791048215378076,0.0,0.0,
B54,1.5496830768156888,1.2742590467786956,0.89247321085335,0.7955832568052019,
