,job675_scenario0_1409,job676_scenario1_1412,job677_scenario1_1415,job678_scenario2_1417,
in27,0.12790927583286016,0.16512886515092634,0.14430762250497225,0.03156652767950774,
B14,0.5221875062844414,0.6339913690357324,0.45452669848799887,0.5004290315643138,
B11,0.3470424014452925,0.3672840093636535,0.396271051939891,0.2217764832607949,
cn12,0.07810099061066855,0.19440215979656744,0.10338008197106552,0.0,
B54,0.558137472217626,0.6073022501671322,0.5162801723416304,0.4617947240642738,
