,job260_scenario4_476,job261_scenario0_478,job264_scenario1_483,job265_scenario0_484,job266_scenario1_486,job268_scenario2_489,job270_scenario1_491,job271_scenario2_494,job272_scenario2_497,job273_scenario1_498,
in27,0.6115963456640502,0.4132527176301677,0.47910143061225574,0.3340122301111893,0.40417259723953836,0.41107997341939695,0.3702034257186094,0.22548218965092903,0.05369915824217841,0.0,
B14,0.746670316807928,0.5880397322426701,0.6408645206247334,0.5412001670921818,0.6249625447094125,0.6279790478692844,0.6186690278480045,0.4693913034743947,0.30216476037157347,0.22078994746987413,
B11,1.1618336624505556,0.9126096927483938,0.9923612617561627,0.8981078661867016,0.9849899059146308,0.9092749538211656,0.9320650106315764,0.8228011752633908,0.565752457932954,0.5808173086750923,
cn12,1.1387144960969642,0.8059253424834782,0.936018745865622,0.7345870294740144,0.8814824624502606,0.8964441542415724,0.7938141326871533,0.7210338124043354,0.5054478340644721,0.4608081882733529,
B54,1.3085319017208952,1.0391530438184824,1.1577952291264169,0.9949978202348495,1.0401258903520403,1.1631515139136512,0.9755767269425242,0.9112437679856225,0.6857615783346934,0.8057706987364328,
