,job791_scenario3_1739,
in27,0.4649716308648192,
B14,0.25651991774084815,
B11,0.07020083517954778,
cn12,0.0,
B54,0.10494426965960102,
