,job580_scenario0_1164,job584_scenario0_1169,job586_scenario2_1173,job588_scenario1_1175,job589_scenario1_1183,job592_scenario2_1186,job593_scenario2_1188,job594_scenario1_1190,job595_scenario0_1193,job596_scenario2_1194,job597_scenario1_1195,job598_scenario3_1196,job599_scenario3_1197,
in27,0.33085616668691276,0.3684633451132946,0.3931988652731292,0.43274553443476704,0.31747572414146163,0.32000443960930247,0.2456111770167848,0.24648859892673558,0.0,0.06692076942817549,0.0009714566650307344,0.10512943628945348,0.008239482241305551,
B14,0.8956164352978555,0.9187006618998002,1.0838378524187302,0.9883105504364902,0.9961695226556228,1.0453868612349568,1.0127475682531775,0.7469176304910494,0.5805260780549273,0.7842488754423766,0.6214096086310839,0.5353576326742195,0.6553667530759588,
B11,0.8791147583604861,0.8446944743554323,0.9820704895596746,0.967918000479134,0.8445938745743755,0.8204334711736163,0.8429301626292465,0.7634193074284188,0.5439407478752614,0.5940389198610894,0.5280896070979446,0.5353576326742195,0.7255675882555067,
cn12,0.7301824679276014,0.710248948775829,0.8353722502893351,0.8385478672229958,0.7477039205262277,0.7786795015628778,0.6600888324052909,0.6522909317149643,0.3869541418309234,0.5238380846815417,0.4311996530497968,0.4304133630146184,0.5086685138056193,
B54,0.9702007087310802,0.9434766501108331,1.0522713247392224,1.0696853633381895,0.964602994976115,0.9253777408332173,0.8927384478514382,1.0420718557319377,0.6021963944233691,1.0242671162458554,0.9583178034827107,0.5353576326742195,0.44691503995198784,
