,job682_scenario4_1430,job685_scenario2_1437,job686_scenario3_1438,
in27,0.6883544343705461,0.20343291062381275,0.32344203102555225,
B14,0.948765225131381,0.6105419406549873,0.660350225877179,
B11,0.3178307345190373,0.0,0.1698174056239311,
cn12,0.7199209620500537,0.3600273612052183,0.43539683581583843,
B54,0.9985735103535726,0.5403411054754396,0.5719076331549473,
