,job25_scenario2_52,job30_scenario4_63,job32_scenario3_66,job33_scenario4_68,job34_scenario1_70,job35_scenario1_72,job36_scenario0_73,job37_scenario1_74,
in27,0.6659611191921712,0.6465400258998459,0.6214323210858419,0.5746405390235221,0.37482378656963106,0.24925189216457333,0.02933247651696247,0.12456560870766875,
B14,0.94461366749569,0.6234208595462545,0.589865793406334,0.6448413742030699,0.5206364148918172,0.40789532006635265,0.15202593848555723,0.32184334410948834,
B11,0.9596785182378283,1.0220825282515127,1.0200939897911,0.9733022077287803,0.6989011818416645,0.5861600870161999,0.3218433441094882,0.5120532996907754,
cn12,0.8744128323161423,0.8469374234123639,0.7951405997297596,0.783092252147493,0.5623903845025557,0.46615096661446054,0.18144167375039266,0.3449625104630798,
B54,0.7196602774343496,0.568284875108845,0.45823240487813294,0.469696269363921,0.4921895493230079,0.3794484544975434,0.0,0.09688995404814782,
