,job460_scenario4_892,job463_scenario0_901,job465_scenario1_905,job466_scenario1_907,
in27,0.6236664650360688,0.29402629576071687,0.33126211608843725,0.26203412744244714,
B14,0.3365665554066336,0.006926386131281825,0.1984221961071046,0.04513505299255982,
B11,0.6734747502582604,0.3136476348087848,0.39492872059963574,0.2770989781845855,
cn12,0.5267765109879209,0.18031374427022145,0.24823048132929632,0.16514417339429932,
B54,0.36325567427523375,0.0,0.08470964461660918,0.0016233366816121864,
