,job347_scenario0_646,job349_scenario0_652,job350_scenario1_654,job355_scenario1_662,job356_scenario3_665,job357_scenario3_666,job358_scenario1_668,job359_scenario1_670,
in27,0.5385840084334449,0.4917922263711251,0.607708666814178,0.46604440195756824,0.5234652726955271,0.46048162795424985,0.2405622123066392,0.11499031790158132,
B14,1.1135973134309836,1.0203592267891888,1.3015245607603245,0.9985735103535727,0.9923277765803333,1.0262340858872039,0.8166030370135913,0.730551061056727,
B11,1.0148151376755825,0.9757195809980695,1.0930728476363534,1.018966060310929,1.1123368969820726,1.0760423711093954,0.7383478862225904,0.6105419406549875,
cn12,0.39333461914825507,0.3362544703119369,0.46602923004399666,0.38803156969858565,0.4133523636048537,0.4156921452322164,0.18294193000501258,0.0,
B54,0.7674282715147722,0.7206364894524524,0.7947989602847667,0.6589386991057107,0.5620995801955673,0.5461976042802461,0.6734747502582604,0.34383458098290853,
