,job772_scenario4_1677,job773_scenario0_1681,job774_scenario4_1682,
in27,0.8341466628727823,0.43729597620529825,0.6506250981401769,
B14,0.4702284286475773,0.0,0.13825087794442326,
B11,1.0092917677119313,0.3246554811608905,0.6275059317865854,
cn12,0.8341466628727823,0.30013059750854276,0.5186707891069977,
B54,0.6920049119083724,0.24001824080347878,0.5186707891069977,
