,job703_scenario3_1489,job711_scenario1_1513,job712_scenario1_1521,
in27,1.289087895752977,0.7395283108300144,0.41516334564262763,
B14,0.7002162714664315,0.4431675541359947,0.0,
B11,1.289087895752977,0.784953157798529,0.5351724660443671,
cn12,0.9650105004809435,0.6407461350746135,0.31827339159447976,
B54,1.1304444678511976,0.9049622782002684,0.6053733012239149,
