,job336_scenario0_625,job339_scenario1_629,job340_scenario3_632,job341_scenario0_634,job347_scenario0_646,job349_scenario0_652,job350_scenario1_654,job351_scenario3_655,job352_scenario1_656,job353_scenario1_657,job354_scenario4_658,
in27,0.8869839073420869,0.9944239693541175,1.1353060212082395,0.7916753673485349,0.6993268224804265,0.586585727654962,0.655710386035695,0.7138628736329764,0.5594709681475999,0.38847422677402754,0.5351724660443671,
B14,0.4891486677136605,0.5975023812541737,0.7699509607878036,0.420023738016855,0.39031427795053136,0.231126878545592,0.46550043045440787,0.2986995279903487,0.2060610963586038,0.09332000153313924,0.07020083517954778,
B11,0.7367878407662237,0.8579131720150087,1.0152969008065003,0.7151779632577432,0.5866863274360188,0.481641457995361,0.5522029425713251,0.6640545884107847,0.45770360528854437,0.31021907598302656,0.6053733012239149,
cn12,0.41648028630871325,0.5557484116434352,0.6348769896439258,0.3614471709637691,0.2655286735806519,0.1424992119811892,0.22548218965092914,0.3152012049277181,0.10504486944065783,0.0,0.10494426965960102,
B54,0.8500064216994884,0.9628574416746098,0.8748952304474046,0.7853787984372911,0.6993268224804268,0.5865857276549622,0.6139564164249566,0.6254202809107446,0.7181143960493794,0.3884742267740275,0.3884742267740275,
