,job406_scenario1_775,job414_scenario0_793,job415_scenario0_794,job416_scenario0_798,job417_scenario4_799,job418_scenario1_800,job419_scenario2_801,
in27,0.5753575669528393,0.23207248336366115,0.20328568654316603,0.07990823183320839,0.2466085345162108,0.08405915446855461,0.0,
B14,0.7402975637658626,0.4601455355357,0.45037170716717717,0.30061265864791564,0.34349848856435883,0.2538765600924857,0.3507665141406336,
B11,0.9305075193471499,0.5619128983947557,0.5623265119574634,0.4168164266848351,0.6537175645473854,0.40057479936282514,0.40057479936282514,
cn12,0.7003854898547371,0.3118061791167929,0.3072434204118463,0.1589332218777345,0.37506501624386646,0.1423148010166625,0.18094910851670254,
B54,0.8420649266249183,0.4720907241671399,0.45037170716717717,0.30061265864791564,0.5133158941882897,0.28056567896108586,0.28056567896108586,
