,job362_scenario0_676,job366_scenario1_682,job367_scenario0_684,job369_scenario2_688,job371_scenario0_690,job372_scenario2_692,job373_scenario4_695,job374_scenario0_696,job375_scenario1_698,job376_scenario3_700,
in27,0.3181206212826737,0.3415296743999019,0.25217130851952896,0.31153032756994176,0.15533218960938555,0.24558101480679695,0.25319360032256455,0.0,0.020098825155867917,0.07279169770065752,
B14,0.8324079721359945,0.8852327605180579,0.7776326370950013,0.9596851181140088,0.6602585276083075,0.893735805350864,0.8172892363980767,0.5304801310756304,0.571363661651787,0.38036741603532154,
B11,0.40954840110856017,0.4753971140906481,0.35129531373022216,0.4094478013275034,0.27484874477743493,0.4368184900974979,0.4572618751928585,0.11811689869448627,0.13308114965556794,0.2452934448914439,
cn12,0.43483180267840404,0.5656526716806324,0.3688824899152593,0.4823752529032865,0.29243592096247206,0.46350760896609805,0.4519341759776407,0.14340030026433026,0.22752908066887878,0.2249008949340875,
B54,0.8683579380691793,1.0256344308771534,0.7895778257264413,0.9596851181140088,0.7259620563532472,0.855101497850824,0.747088401218529,0.5640956360755123,0.571363661651787,0.5555125208744705,
