,job472_scenario0_918,job479_scenario4_927,job480_scenario2_929,job481_scenario0_930,job482_scenario2_932,job483_scenario1_934,job484_scenario4_937,
in27,0.6635524288153515,0.7423477566137806,0.6944512121806294,0.5186707891069977,0.5910128223394747,0.511509282175617,0.49442797051065446,
B14,0.686671595168943,0.8827494269728763,0.8144603325823688,0.5755468541497215,0.8448893824319604,0.7403535452569442,0.5526836170587625,
B11,0.4096758687228659,0.6427311861693975,0.45443297137715055,0.27865254830351877,0.3648529008250028,0.3416918765516859,0.28109884857577594,
cn12,0.12772538141333767,0.36407863786587863,0.17578042307363173,0.0,0.12664762488927672,0.12479280210179855,0.034012827951764746,
B54,0.6635524288153516,0.8125485917933285,0.6628846845011216,0.4871042614274898,0.6364376693079894,0.550143589675657,0.471308804157063,
