,job23_scenario1_50,job25_scenario2_52,job27_scenario1_54,job28_scenario2_56,job29_scenario0_59,
in27,0.599326648396358,0.5516225046724406,0.5258108077137911,0.42932928615022803,0.186973663918947,
B14,1.0348825439963418,1.1720606566384937,0.9409741533564189,0.9880139642626498,0.6078408474493142,
B11,0.5907960283225691,0.5030207509033802,0.46214420320259264,0.44216008572982113,0.12330705940774844,
cn12,0.43756355838388017,0.43161338427070106,0.39073683656991354,0.3360092846170888,0.0,
B54,1.2749007847998208,1.1222523714163022,0.9844858696673665,0.9297583177145419,0.6487683879832208,
