,job729_scenario3_1571,
in27,0.04980828522219172,
B14,0.0,
B11,0.4098356464274098,
cn12,0.16981740562393105,
B54,0.09961657044438321,
