,job135_scenario0_254,job145_scenario4_270,job147_scenario3_273,job148_scenario1_274,job150_scenario2_276,job151_scenario1_277,job152_scenario0_278,job153_scenario1_279,job154_scenario1_280,job155_scenario1_282,job156_scenario1_284,job157_scenario3_285,job158_scenario2_286,
in27,0.4752628814050911,0.5829186883350375,0.6460358882401873,0.5361269062727176,0.44471864552861873,0.41107997341939706,0.24299015228568743,0.3702034257186093,0.33006580991411383,0.23742737828236904,0.12468628345690447,0.19020995558128717,0.0,
B14,1.0607059468658786,1.198479431490183,1.164706677347185,1.0112859790687676,1.051832027357848,0.9644941970064478,0.8253275459038836,0.9236176493056603,0.9420566005542508,0.876107287791106,0.8216218395137495,0.7475150521883249,0.7973233374105164,
B11,1.0508097355548127,1.3184885518919225,1.2847157977489245,1.0814868142483156,0.9633894346356164,0.9008275924952494,0.7905841114238303,0.9053758917629764,0.9189374342006593,0.7689289669689598,0.74024702661205,0.7475150521883249,0.5888716242865455,
cn12,0.480179868810951,0.677657849968513,0.7140859310050629,0.510856947504454,0.49109837192505224,0.4293217309620807,0.25469767916002195,0.42318861774134664,0.37142673381038915,0.2897268800509847,0.20118368754769622,0.24708602062401108,0.10668435026491563,
B54,0.9308006151530733,0.911379521860748,0.8776067677177499,0.9228433863465361,0.7914212365970129,0.8760516042842162,0.7053184255021443,0.8738093640834687,0.7518466449729637,0.9027964066597062,0.5731562373843544,0.48710426142748997,0.6071133818292292,
