,job460_scenario4_892,job465_scenario1_905,job468_scenario4_914,job469_scenario2_915,
in27,0.5940504819052422,0.37451781034907095,0.06366660451119854,0.0,
B14,1.0811547433327322,1.0158820614246633,0.5444742970274445,0.6027299435755524,
B11,1.2011638637344717,0.9954895114673071,0.8111816566995234,0.6209717011182362,
cn12,0.5744291428571744,0.36875479059000993,0.12269346196859476,0.0115650862551403,
B54,1.0313464581105405,0.8256721058433762,0.5213551306738531,0.4511542954943053,
