,job629_scenario1_1294,job631_scenario0_1297,
in27,0.3520777657275489,0.03951991844819336,
B14,0.27558036163675714,0.0,
B11,0.6938633693900832,0.37096593907755837,
cn12,0.4538451285866044,0.10972075362774114,
B54,0.8138724897918227,0.46974811483295925,
