,job336_scenario0_625,job339_scenario1_629,job340_scenario3_632,job341_scenario0_634,job347_scenario0_646,job348_scenario1_648,job349_scenario0_652,job350_scenario1_654,job351_scenario3_655,
in27,0.663029896408189,0.7682108801824892,0.9069129155366313,0.5615046372246013,0.44408332729413585,0.49652678112648757,0.2653929197055266,0.22177648326079502,0.32672075292039604,
B14,0.502093235472543,0.6081878707753258,0.7784564338089757,0.42675158658570167,0.3719693614570211,0.4382711345783796,0.14683264928893702,0.26846510637228815,0.14845598597054876,
B11,0.6328429502340653,0.7517092032451198,0.9069129155366313,0.605016353535549,0.45145195265146737,0.6165359015282268,0.28045777044766496,0.2382781601981644,0.3969215880999438,
cn12,0.4009779884987864,0.537987035595778,0.6149355970962886,0.3397281539638063,0.21873689151833242,0.3245585830878842,0.02975811715572474,0.0,0.13651079733910887,
B54,1.024714079470849,1.1353060212082398,1.0451637934810547,0.9538697370186157,0.8427449959993941,1.0418866891020853,0.6640545884107848,0.5786841823553148,0.6369398289034227,
