,job481_scenario0_930,job485_scenario4_940,job487_scenario0_952,job488_scenario0_953,
in27,1.0205088374754854,1.174795155821669,0.5249539152166616,0.49719273990197377,
B14,1.0773849025182092,1.2948042762234082,0.5772897863925875,0.5989601027610294,
B11,0.6836006426238584,0.8378869609700421,0.17360931518717093,0.1957419457498416,
cn12,0.5200798059111714,0.6743661242573551,0.003297939006009276,0.0,
B54,0.9889423097959774,1.174795155821669,0.503726970570323,0.51758528985933,
