,job347_scenario0_646,job349_scenario0_652,job355_scenario1_662,job357_scenario3_666,job358_scenario1_668,job359_scenario1_670,job360_scenario1_674,job361_scenario3_675,job362_scenario0_676,job363_scenario1_677,
in27,0.7343412022100889,0.6993531172440083,0.7224176104217439,0.7791489162906722,0.6393313024867469,0.5856239552063658,0.5060657418666521,0.528559021825739,0.17579968619679565,0.2691196877299349,
B14,1.2005193645280396,1.119084974982484,1.1461115761381604,1.2360662315440383,1.106536984514111,1.0923495556819236,0.9861022234736098,0.8387780978087656,0.6060278825815617,0.8074118158850004,
B11,1.1017371887726388,1.0744453291913647,1.1665041260955167,1.28587451676623,1.02828183372311,0.9723404352801842,0.8495914261345009,1.0787963386122443,0.5431956727593454,0.687402695483261,
cn12,0.5721278217933007,0.5268513700532219,0.6274407870311629,0.7173954424370406,0.5647470290535219,0.4536696461731866,0.3563030586531576,0.38498044466609793,0.0,0.1968698752300131,
B54,1.2143776838170466,1.179389598850966,1.1665041260955167,1.116057111142299,1.3234360589639984,1.0656604368133236,1.0247365309736498,0.8885863830309573,0.6419778485147463,0.9660552437867799,
