,job625_scenario3_1276,job627_scenario3_1280,
in27,0.22338920237280507,0.14928241504738038,
B14,0.8216218395137493,0.5888716242865455,
B11,1.0118317950950366,0.899090700269572,
cn12,0.3029510504067517,0.0,
B54,0.32119280794943555,0.18176259425537084,
