,job779_scenario1_1702,
in27,0.0,
B14,0.260410790760835,
B11,0.3804199111625744,
cn12,0.19020995558128717,
B54,0.40353907751616586,
