,job895_scenario0_2040,job896_scenario1_2044,
in27,0.6175263689399653,0.5436198273702832,
B14,0.5522029425713251,0.42361070696854386,
B11,0.2508646112765833,0.12227237567380222,
cn12,0.07654989921804445,0.0,
B54,0.6534763348731498,0.5120532996907756,
