,job502_scenario0_996,job503_scenario0_997,job504_scenario4_998,
in27,0.31783082730671874,0.19855550181290493,0.3389571721720006,
B14,0.7525563301260929,0.6590724594660932,0.7691853685567666,
B11,0.7271739085004385,0.6224871292864271,0.9593953241380537,
cn12,0.11274109482546457,0.0,0.2820811071292767,
B54,0.46502303713428905,0.32071541462931674,0.6309344906123433,
