,job920_scenario0_2403,
in27,0.0,
B14,0.6204381519660533,
B11,0.5818038444660132,
