,job76_scenario1_150,job78_scenario0_152,job79_scenario1_154,job80_scenario1_156,job81_scenario2_157,job82_scenario1_158,job84_scenario0_160,job86_scenario1_162,job87_scenario1_163,job88_scenario1_165,job90_scenario0_167,job91_scenario0_168,job92_scenario3_171,job94_scenario0_174,job96_scenario1_180,job97_scenario0_182,
in27,0.1200091204017395,0.01283079957959321,0.1200091204017395,0.1466982392703396,0.17826476694984733,0.19650652449253114,0.026689118868600148,0.1617630900124779,0.13283991998133265,0.1617630900124779,0.026689118868600148,0.019621339048067954,0.26670735967207904,0.0,0.13283991998133265,0.034057744225931774,
B14,0.19650652449253114,0.09688995404814799,0.26670735967207904,0.19650652449253114,0.24001824080347883,0.19650652449253114,0.1200091204017395,0.24001824080347883,0.24001824080347883,0.17826476694984733,0.08639361540185775,0.09688995404814799,0.3369081948516268,0.1200091204017395,0.19650652449253114,0.07649740409079187,
B11,0.13283991998133265,0.019621339048067954,0.24001824080347883,0.1617630900124779,0.17826476694984733,0.1466982392703396,0.034057744225931774,0.26670735967207904,0.1466982392703396,0.1617630900124779,0.01283079957959321,0.019621339048067954,0.3369081948516268,0.04980828522219172,0.21689907444988737,0.04175396961073852,
