,job443_scenario0_871,job444_scenario2_872,job445_scenario0_873,job446_scenario2_874,job448_scenario0_883,
in27,0.0,0.10717832082214629,0.0,0.09523313219070628,0.013858319289006937,
B14,0.25387656009248577,0.40545220817373295,0.18367572491293804,0.49389480089596455,0.1569866060443379,
B11,0.13386743969074633,0.3036848453146773,0.1569866060443379,0.22718744122388568,0.12000912040173939,
