,job685_scenario0_1496,job686_scenario1_1500,job688_scenario3_1508,job689_scenario3_1509,job690_scenario2_1511,
in27,0.0,0.1489322904328847,0.28544308777199356,0.22718744122388568,0.22718744122388568,
B14,0.2703782370298552,0.3903873574315946,0.5988390705555656,0.5988390705555656,0.6690399057351135,
B11,0.444086515673773,0.549030785333374,0.7006064334146213,0.7392407409146613,0.5640956360755124,
