,job866_scenario1_2133,job867_scenario0_2136,
in27,0.5172219391218478,0.3768202687627522,
B14,0.13050545904802946,0.0,
B11,0.5874227743013956,0.3972128187201084,
