,job663_scenario1_1422,job665_scenario1_1427,job666_scenario1_1428,job668_scenario0_1439,
in27,0.10717832082214607,0.13386743969074621,0.12000912040173939,0.006790539468474521,
B14,0.5640956360755123,0.537406517206912,0.47565304335328057,0.3738856804942251,
B11,0.14893229043288458,0.18367572491293782,0.16543396737025395,0.0,
