,job408_scenario2_803,job413_scenario1_811,job418_scenario0_817,job420_scenario2_820,job422_scenario1_824,job428_scenario0_836,job429_scenario2_838,job431_scenario2_842,
in27,0.07726861500008009,0.1270769002222717,0.0,0.14214175096440995,0.14214175096440995,0.007067779820532194,0.14214175096440995,0.14214175096440995,
B14,0.4106068573366982,0.36709514102575036,0.2470860206240112,0.4106068573366982,0.38748769098310676,0.2470860206240112,0.43729597620529836,0.46886250388480605,
B11,0.1856534672753577,0.1856534672753577,0.043511716310947635,0.1856534672753577,0.1856534672753577,0.0736986624850714,0.22039690175541093,0.1856534672753577,
