,job161_scenario0_308,job163_scenario0_310,job168_scenario1_317,job169_scenario0_320,job171_scenario1_322,job175_scenario0_329,job177_scenario1_332,job178_scenario1_333,job179_scenario1_334,job183_scenario1_340,job184_scenario0_342,job185_scenario2_343,job186_scenario0_345,job187_scenario3_346,job188_scenario3_347,job189_scenario0_348,
in27,0.29738827640343324,0.3240773952720334,0.45915136641591114,0.3240773952720334,0.4302281963847659,0.31021907598302645,0.47565304335328057,0.45915136641591114,0.45915136641591114,0.47565304335328057,0.29738827640343324,0.41739739680517274,0.31021907598302645,0.537406517206912,0.5640956360755123,0.33914224601417176,
B14,0.24451554723808677,0.31021907598302645,0.3942782304515812,0.2637727714035516,0.3942782304515812,0.23563480254980174,0.44408651567377283,0.373885680494225,0.3942782304515812,0.3942782304515812,0.24451554723808677,0.4173973968051727,0.28544308777199334,0.5640956360755123,0.5640956360755123,0.2538765600924857,
B11,0.013858319289006826,0.006790539468474521,0.14893229043288458,0.0,0.13386743969074621,0.013858319289006826,0.12000912040173939,0.14893229043288458,0.13386743969074621,0.14893229043288458,0.028923170031145196,0.18367572491293782,0.013858319289006826,0.28544308777199334,0.3738856804942251,0.013858319289006826,
