,job704_scenario0_1550,job706_scenario0_1557,job707_scenario1_1564,job709_scenario0_1566,job711_scenario3_1570,job712_scenario0_1572,job715_scenario0_1581,job716_scenario0_1585,
in27,0.006790539468474521,0.013858319289006826,0.09523313219070617,0.006790539468474521,0.16543396737025395,0.0,0.013858319289006826,0.013858319289006826,
B14,0.4335901770274826,0.4800364816069575,0.5254613285754721,0.41433295286201777,0.5872148024291037,0.40545220817373273,0.4335901770274826,0.4236939657164167,
B11,0.38895053123636336,0.3812543058515566,0.5640956360755123,0.3812543058515566,0.804113876878991,0.40545220817373273,0.373885680494225,0.39700484684781656,
