,job602_scenario0_1250,job609_scenario0_1270,job611_scenario1_1281,job613_scenario4_1283,job614_scenario0_1285,job615_scenario2_1286,job616_scenario1_1288,
in27,0.0,0.04782956010925954,0.13891551047985362,0.30434947785010774,0.025696929546588976,0.11413952226882051,0.13891551047985362,
B14,0.1843403574483683,0.20258211499105228,0.36610295170373924,0.5128011909740788,0.21247832630211816,0.4243585982518472,0.46299290575188723,
B11,0.15277382976886056,0.15277382976886056,0.30434947785010774,0.46299290575188723,0.16014245512619218,0.32259123539279155,0.46299290575188723,
