,job685_scenario0_1496,job686_scenario1_1500,job688_scenario3_1508,job689_scenario3_1509,job690_scenario2_1511,job691_scenario0_1513,job692_scenario1_1514,
in27,0.0,0.14893229043288458,0.28544308777199334,0.22718744122388546,0.22718744122388546,0.006790539468474521,0.10717832082214607,
B14,0.40545220817373273,0.5254613285754721,0.7339130416994433,0.7339130416994433,0.804113876878991,0.44408651567377283,0.5640956360755123,
B11,0.38895053123636336,0.49389480089596444,0.6454704489772116,0.6841047564772517,0.5089596516381028,0.39700484684781656,0.5872148024291037,
