,job125_scenario1_239,job129_scenario0_247,job131_scenario0_249,job132_scenario0_251,job134_scenario1_256,job136_scenario0_262,job137_scenario1_264,job139_scenario1_268,job140_scenario3_269,job142_scenario0_273,job143_scenario1_274,job144_scenario2_278,
in27,0.1404016703590958,0.03545740069949466,0.013324770136823982,0.013324770136823982,0.12654335107008874,0.020392549957356176,0.10176736285905563,0.12654335107008874,0.29197731844034286,0.0,0.12654335107008874,0.15546652110123405,
B14,0.38041991116257445,0.2808033407181913,0.27030700207190106,0.25104977790643623,0.42393162747352214,0.27030700207190106,0.45062074634212235,0.38041991116257445,0.4821872740216301,0.25104977790643623,0.45062074634212235,0.4008124611199307,
B11,0.38041991116257445,0.21060250553864346,0.2421690332181512,0.23372167189223503,0.3456764766825212,0.21060250553864346,0.3306116259403829,0.3456764766825212,0.5208215815216701,0.21060250553864346,0.36217815361989064,0.42393162747352214,
