,job800_scenario0_1884,job803_scenario0_1892,job807_scenario2_1900,job809_scenario0_1906,job810_scenario3_1907,job811_scenario1_1909,
in27,0.01443640517786382,0.0,0.10038778135367155,0.0,0.1768851854444633,0.08844259272223165,
B14,0.4654339450590481,0.45553773374798223,0.5959394041070778,0.4654339450590481,0.8359576449105566,0.5959394041070778,
B11,0.4057294485257905,0.4461767208935833,0.52573856892753,0.41309807388312214,0.7657568097310088,0.52573856892753,
