,job329_scenario1_619,job333_scenario0_623,job336_scenario0_632,job338_scenario0_637,job339_scenario0_640,job341_scenario0_643,job346_scenario3_652,job347_scenario0_653,job348_scenario4_658,job349_scenario1_659,
in27,0.12654335107008874,0.0,0.0,0.00653423066834935,0.013324770136823871,0.0,0.2919773184403427,0.0,0.21060250553864335,0.12654335107008874,
B14,0.4035390775161659,0.24991445211454477,0.2715847684829865,0.31021907598302667,0.2217764832607949,0.23065722794907983,0.5004290315643138,0.2217764832607949,0.43022819638476606,0.36002736120521805,
B11,0.5502373167865053,0.4506207463421222,0.43022819638476606,0.4035390775161659,0.4035390775161659,0.38041991116257434,0.7404472723677926,0.38041991116257434,0.6204381519660532,0.5502373167865053,
