,job506_scenario0_1009,job510_scenario1_1017,job511_scenario0_1023,job513_scenario2_1026,job514_scenario1_1027,job515_scenario4_1030,job516_scenario0_1032,job517_scenario0_1033,job518_scenario0_1034,job519_scenario0_1035,
in27,0.35076651414063353,0.43214132704233293,0.33037396418327736,0.4858404852845113,0.4858404852845113,0.470775634542373,0.33037396418327736,0.3369081948516266,0.33037396418327736,0.3369081948516266,
B14,0.10368049351662245,0.2419313714610457,0.12192225105930632,0.3121322066405935,0.2419313714610457,0.3121322066405935,0.12192225105930632,0.1423148010166625,0.11256123820490749,0.16543396737025406,
B11,0.006790539468474521,0.14893229043288458,0.021226944646338453,0.14893229043288458,0.204068274870294,0.28544308777199334,0.0,0.013858319289006826,0.021226944646338453,0.028923170031145196,
