,job637_scenario2_1341,job638_scenario4_1344,job639_scenario0_1348,job640_scenario0_1350,job643_scenario0_1357,job645_scenario0_1361,job647_scenario4_1363,job648_scenario1_1367,
in27,0.3511466165169333,0.33464493957956387,0.20693959379301774,0.16093666093564607,0.18571264914667918,0.17288184956708597,0.4129000903705648,0.31958008883742556,
B14,0.19957096843568622,0.23113749611519385,0.0,0.02975356281175512,0.02975356281175512,0.019257224165464937,0.19957096843568622,0.23113749611519385,
B11,0.33464493957956387,0.5097900444187128,0.19250318861515392,0.20693959379301774,0.19250318861515392,0.1995709684356861,0.47115573691867274,0.33464493957956387,
