,job844_scenario0_2049,job847_scenario2_2058,job850_scenario0_2072,job853_scenario0_2078,job854_scenario0_2081,job855_scenario1_2082,job856_scenario1_2084,
in27,0.21332912193487863,0.33333824233661813,0.25508309154561715,0.24001824080347878,0.26313740715707035,0.45334736273835746,0.3600273612052182,
B14,0.2997227373367364,0.430228196384766,0.2898265260256705,0.3102190759830266,0.2898265260256705,0.45334736273835746,0.45334736273835746,
B11,0.007368625357331626,0.10615080111273245,0.0,0.01506485074213837,0.049808285222191606,0.169817405623931,0.169817405623931,
