,job737_scenario1_1660,job739_scenario0_1666,
in27,0.4792020869179752,0.3659835059847105,
B14,0.30285045062569493,0.21440785790346328,
B11,0.09878217575540071,0.0,
