,job1091_scenario0_3508,
in27,0.0,
B14,0.5923001831123036,
B11,0.5109253702106041,
