,job386_scenario0_754,job396_scenario3_776,job397_scenario0_778,job399_scenario1_781,job401_scenario4_787,
in27,0.019621339048067843,0.33690819485162676,0.0,0.1617630900124779,0.2400182408034789,
B14,0.09688995404814793,0.45691731525336615,0.07649740409079187,0.21689907444988743,0.2400182408034789,
B11,0.20304075516088038,0.527118150432914,0.24846560212939506,0.3230498755626198,0.7671363912363928,
