,job129_scenario0_247,job131_scenario0_249,job132_scenario0_251,job134_scenario1_256,job136_scenario0_262,job139_scenario1_268,job142_scenario0_273,job143_scenario1_274,job145_scenario1_279,job146_scenario4_280,job147_scenario0_284,
in27,0.08526568592168615,0.06313305535901548,0.06313305535901548,0.17635163629228023,0.07020083517954778,0.17635163629228023,0.049808285222191606,0.17635163629228023,0.20527480632342554,0.2835299571144264,0.07020083517954778,
B14,0.3804199111625744,0.36992357251628416,0.35066634835081933,0.5235481979179053,0.36992357251628416,0.48003648160695755,0.35066634835081933,0.5502373167865054,0.5235481979179053,0.7404472723677926,0.36992357251628416,
B11,0.0,0.03156652767950774,0.023119166353591458,0.13507397114387776,0.0,0.13507397114387776,0.0,0.15157564808124713,0.169817405623931,0.2715847684829865,0.0,
