,job990_scenario0_2791,job991_scenario3_2802,
in27,0.0,0.2538765600924857,
B14,0.3942782304515812,0.5640956360755123,
B11,0.33914224601417176,0.59566216375502,
