,job1020_scenario3_3022,job1022_scenario3_3033,
in27,0.0,0.038634307500040044,
B14,0.5004290315643138,0.5004290315643138,
B11,0.34885338348306666,0.27865254830351893,
