,job691_scenario0_1513,job699_scenario0_1530,job700_scenario1_1541,job702_scenario4_1548,job703_scenario4_1549,job704_scenario0_1550,
in27,0.013324770136823982,0.0,0.15546652110123393,0.23372167189223486,0.26041079076083506,0.013324770136823982,
B14,0.09059338513690401,0.051959077636863915,0.2106025055386434,0.2919773184403428,0.2919773184403428,0.08009704649061378,
B11,0.043511716310947746,0.027761175314687803,0.14040167035909562,0.2919773184403428,0.2919773184403428,0.035457400699494546,
