,job691_scenario0_1513,job699_scenario0_1530,job700_scenario1_1541,job702_scenario4_1548,
in27,0.15157564808124724,0.13825087794442326,0.2937173990456572,0.3719725498366581,
B14,0.038634307500040044,0.0,0.15864342790177943,0.24001824080347878,
B11,0.3017717146571104,0.28602117366085045,0.39866166870525827,0.5502373167865054,
