,job5_scenario0_15,job7_scenario1_19,job11_scenario0_26,job12_scenario1_31,job14_scenario2_33,job15_scenario4_34,
in27,0.021226944646338453,0.12000912040173939,0.0,0.14893229043288458,0.10717832082214607,0.22718744122388546,
B14,0.41433295286201777,0.5640956360755123,0.44408651567377283,0.6139039212977039,0.7339130416994433,0.6139039212977039,
B11,0.06366660451119843,0.18367572491293782,0.05659882469066613,0.169817405623931,0.23348401013512943,0.33525137299418495,
