,job23_scenario1_54,job27_scenario0_60,job28_scenario1_61,job29_scenario2_65,job31_scenario0_67,job33_scenario4_69,job35_scenario0_72,job36_scenario1_73,job37_scenario1_74,job38_scenario1_78,
in27,0.14478510861277255,0.024775988211033106,0.14478510861277255,0.12000912040173944,0.024775988211033106,0.20845171312397104,0.0,0.1319543090331794,0.12000912040173944,0.1586434279017795,
B14,0.20845171312397104,0.09833880403329764,0.27865254830351893,0.31021907598302667,0.09833880403329764,0.31021907598302667,0.1319543090331794,0.20845171312397104,0.19020995558128723,0.31021907598302667,
B11,0.22884426308132727,0.038634307500040044,0.20845171312397104,0.14478510861277255,0.03156652767950785,0.27865254830351893,0.038634307500040044,0.19020995558128723,0.19020995558128723,0.19020995558128723,
