,job422_scenario1_824,job428_scenario0_836,job432_scenario0_843,job436_scenario1_851,job439_scenario0_861,job440_scenario1_862,
in27,0.32528392672516493,0.19020995558128717,0.17635163629228023,0.3102190759830266,0.18314217576075498,0.260410790760835,
B14,0.14040167035909557,0.0,0.0,0.12000912040173939,0.03156652767950774,0.16352083671268702,
B11,0.13507397114387776,0.023119166353591458,0.023119166353591458,0.08137481290169934,0.01506485074213837,0.21332912193487874,
