,job384_scenario0_742,job386_scenario0_754,job393_scenario3_771,job394_scenario1_773,
in27,0.006790539468474521,0.006790539468474521,0.28544308777199334,0.16543396737025395,
B14,0.44408651567377283,0.3942782304515812,0.7543055916567994,0.5142873508533206,
B11,0.036977485642598285,0.0,0.3240773952720335,0.22718744122388546,
