,job882_scenario0_2194,job885_scenario4_2206,
in27,0.15157564808124724,0.34885338348306666,
B14,0.21834792443503703,0.4688625038848061,
B11,0.0,0.15864342790177954,
