,job408_scenario2_803,job412_scenario2_810,job413_scenario1_811,job418_scenario0_817,job420_scenario2_820,job422_scenario1_824,job427_scenario2_835,job428_scenario0_836,job429_scenario2_838,job430_scenario1_840,
in27,0.07726861500008003,0.14214175096440995,0.12707690022227164,0.0,0.14214175096440995,0.14214175096440995,0.0884425927222316,0.007067779820532194,0.14214175096440995,0.07726861500008003,
B14,0.22039690175541088,0.19727773540181942,0.1768851854444632,0.05687606504272391,0.22039690175541088,0.19727773540181942,0.2786525483035188,0.05687606504272391,0.24708602062401108,0.19727773540181942,
B11,0.14214175096440995,0.1768851854444632,0.14214175096440995,0.0,0.14214175096440995,0.14214175096440995,0.14214175096440995,0.030186946174123763,0.1768851854444632,0.1768851854444632,
