,job168_scenario1_317,job169_scenario0_320,job171_scenario1_322,job175_scenario0_329,job177_scenario1_332,job178_scenario1_333,job179_scenario1_334,job184_scenario0_342,job185_scenario2_343,job186_scenario0_345,job189_scenario0_348,job190_scenario1_349,job191_scenario1_355,job192_scenario1_356,
in27,0.1617630900124778,0.026689118868600037,0.1328399199813325,0.0128307995795931,0.17826476694984728,0.1617630900124778,0.1617630900124778,0.0,0.12000912040173939,0.0128307995795931,0.041753969610738406,0.12000912040173939,0.14669823927033954,0.1617630900124778,
B14,0.5973189856124617,0.4668135265644321,0.5973189856124617,0.43867555771068223,0.6471272708346534,0.5769264356551055,0.5973189856124617,0.44755630239896727,0.6204381519660531,0.4884838429328739,0.4569173152533662,0.5769264356551055,0.5421830011750522,0.6204381519660531,
B11,0.5421830011750522,0.39325071074216755,0.5271181504329139,0.4071090300311745,0.5132598311439069,0.5421830011750522,0.5271181504329139,0.42217388077331286,0.5769264356551055,0.4071090300311745,0.4071090300311745,0.5132598311439069,0.5421830011750522,0.6471272708346534,
