,job868_scenario0_2140,job869_scenario3_2141,job871_scenario2_2149,
in27,0.0,0.21689907444988743,0.08303163475914122,
B14,0.3369081948516268,0.5067256004755579,0.6267347208772972,
B11,0.3369081948516268,0.6084929633346134,0.4569173152533663,
