,job171_scenario1_322,job175_scenario0_329,job177_scenario1_332,job178_scenario1_333,job179_scenario1_334,job184_scenario0_342,job185_scenario2_343,job186_scenario0_345,job189_scenario0_348,job190_scenario1_349,job191_scenario1_355,job194_scenario1_359,job195_scenario3_360,job196_scenario2_361,
in27,0.1328399199813326,0.012830799579593322,0.17826476694984728,0.1617630900124779,0.1617630900124779,0.0,0.1200091204017395,0.012830799579593322,0.04175396961073852,0.1200091204017395,0.14669823927033954,0.10806393177029949,0.5769264356551056,0.1328399199813326,
B14,0.33690819485162676,0.17826476694984728,0.38671648007381837,0.31651564489427053,0.33690819485162676,0.1871455116381323,0.3600273612052182,0.22807305217203888,0.19650652449253125,0.31651564489427053,0.2817722104142173,0.31651564489427053,0.4182830077533261,0.5769264356551056,
B11,0.14669823927033954,0.026689118868600148,0.1328399199813326,0.1617630900124779,0.14669823927033954,0.04175396961073852,0.19650652449253114,0.026689118868600148,0.026689118868600148,0.1328399199813326,0.1617630900124779,0.19650652449253114,0.26670735967207904,0.21689907444988732,
