,job704_scenario0_1550,job706_scenario0_1557,job707_scenario1_1564,job709_scenario0_1566,job711_scenario3_1570,job712_scenario0_1572,job713_scenario1_1574,job714_scenario1_1576,
in27,0.082453548870284,0.0895213286908163,0.17089614159251565,0.082453548870284,0.24109697677206343,0.07566300940180948,0.17089614159251565,0.24109697677206343,
B14,0.3892440660275527,0.4356903706070276,0.48111521757554226,0.36998684186208786,0.5428686914291738,0.3611060971738028,0.4993569751182261,0.5197495250755824,
B11,0.007696225384806743,0.0,0.18284133022395554,0.0,0.4228595710274344,0.024197902322176112,0.12770534578654613,0.16244878026659937,
