,job580_scenario0_1190,job586_scenario0_1204,job587_scenario1_1207,job589_scenario1_1216,job591_scenario1_1219,job592_scenario0_1221,
in27,0.285720328124051,0.2718620088350441,0.40572944852579046,0.37904032965719037,0.37904032965719037,0.2718620088350441,
B14,0.35592116330359885,0.37904032965719037,0.4990494500589297,0.5573050966070376,0.6457476893292693,0.3454248246573086,
B11,0.022132630562670563,0.007067779820532194,0.12707690022227158,0.15864342790177932,0.19727773540181937,0.0,
