,job113_scenario0_212,job114_scenario0_213,job118_scenario1_220,job120_scenario1_226,job122_scenario0_231,job124_scenario1_238,job125_scenario1_239,job126_scenario3_240,job128_scenario2_246,job129_scenario0_247,job130_scenario2_248,job131_scenario0_249,
in27,0.007067779820532194,0.007067779820532194,0.12707690022227158,0.10038778135367155,0.007067779820532194,0.12707690022227158,0.12707690022227158,0.24708602062401097,0.11321858093326476,0.022132630562670563,0.08844259272223154,0.0,
B14,0.3670951410257504,0.33552861334624273,0.47593028370533824,0.5257385689275299,0.3261676004918438,0.47593028370533824,0.455537733747982,0.5959394041070777,0.8359576449105565,0.35592116330359885,0.5573050966070376,0.3454248246573086,
B11,0.285720328124051,0.285720328124051,0.3918711292367835,0.40572944852579046,0.29308895348138264,0.455537733747982,0.455537733747982,0.8359576449105565,0.47593028370533824,0.285720328124051,0.47593028370533824,0.31728685580355875,
