,job1068_scenario2_3326,
in27,0.4934184964336287,
B14,0.33477506853184913,
B11,0.0,
