,job875_scenario3_2166,job876_scenario0_2171,
in27,0.5706298667438616,0.24655247147182802,
B14,0.19020995558128717,0.0,
B11,0.5706298667438616,0.25334301094030276,
