,job490_scenario0_967,job495_scenario1_979,job500_scenario3_990,job502_scenario4_1001,job503_scenario2_1002,job504_scenario2_1003,
in27,0.02753991450136062,0.1416794367701812,0.49053282025324785,0.23012202949241278,0.19537859501235955,0.18031374427022123,
B14,0.0,0.09187115154798953,0.37052369985150846,0.18031374427022123,0.18031374427022123,0.3003228646719606,
B11,0.08342379022207336,0.19537859501235955,0.4203319850737,0.3003228646719607,0.21188027194972897,0.19537859501235955,
