,job520_scenario0_1033,job523_scenario0_1041,job525_scenario0_1044,job526_scenario0_1046,job530_scenario2_1057,job531_scenario1_1062,
in27,0.01283079957959321,0.04175396961073852,0.019621339048067954,0.0,0.1200091204017395,0.17826476694984733,
B14,0.13283991998133265,0.08639361540185775,0.09688995404814799,0.07649740409079187,0.24001824080347883,0.2982738873515868,
B11,0.06713639123639292,0.0062965689112439716,0.034057744225931774,0.04980828522219172,0.24001824080347883,0.13283991998133265,
