,job1082_scenario2_2980,
in27,0.1768851854444634,
B14,0.0,
B11,0.05687606504272391,
