,job19_scenario0_46,job21_scenario1_48,job29_scenario0_59,job31_scenario2_64,job34_scenario1_70,job35_scenario1_72,job36_scenario0_73,job38_scenario1_77,job39_scenario0_78,job40_scenario0_79,job41_scenario3_83,
in27,0.049808285222191606,0.1328399199813327,0.026689118868600148,0.1328399199813327,0.1328399199813327,0.1200091204017395,0.01283079957959321,0.1328399199813327,0.0,0.019621339048067954,0.24001824080347878,
B14,0.19650652449253114,0.2667073596720789,0.15557898395862446,0.3551499523943107,0.32846083352571054,0.32846083352571054,0.18533254677037958,0.3053416671721191,0.19650652449253114,0.18533254677037958,0.38671648007381837,
B11,0.05825564654810789,0.18533254677037958,0.06532342636864019,0.2351408319925712,0.21689907444988732,0.21689907444988732,0.06532342636864019,0.2351408319925712,0.06532342636864019,0.05825564654810789,0.25553338194992736,
