,job534_scenario2_1075,job537_scenario0_1083,job538_scenario4_1084,job539_scenario4_1086,job540_scenario2_1087,job541_scenario1_1091,
in27,0.5434467773180307,0.4446646015626299,0.5888716242865455,0.7973233374105164,0.572369947349176,0.5306159777384376,
B14,0.6275059317865854,0.4106068573366982,0.6773142170087771,0.5306159777384376,0.6275059317865854,0.5306159777384376,
B11,0.1270769002222717,0.0,0.43729597620529836,0.2786525483035188,0.1768851854444633,0.1768851854444633,
