,job865_scenario0_1960,job869_scenario1_1978,job870_scenario2_1979,job871_scenario0_1981,job872_scenario1_1982,
in27,0.1129413405812072,0.21332912193487874,0.22615992151447184,0.1129413405812072,0.22615992151447184,
B14,0.1698174056239311,0.39159388888472596,0.4800364816069576,0.16045639276953216,0.430228196384766,
B11,0.0,0.13507397114387776,0.09332000153313935,0.023119166353591458,0.21332912193487863,
