,job150_scenario2_276,job151_scenario1_277,job152_scenario0_278,job153_scenario1_279,job155_scenario1_282,job159_scenario1_288,job161_scenario0_291,job162_scenario0_292,job163_scenario1_294,job165_scenario1_298,job167_scenario0_300,job168_scenario1_301,job170_scenario1_306,job171_scenario2_308,job172_scenario2_310,job173_scenario1_311,job174_scenario4_313,
in27,0.4372959762052982,0.4207942992679288,0.2718620088350441,0.4207942992679288,0.37904032965719037,0.3670951410257504,0.2786525483035188,0.2786525483035188,0.37904032965719037,0.4207942992679288,0.25903120925545087,0.37904032965719037,0.4207942992679288,0.3670951410257504,0.3670951410257504,0.3670951410257504,0.6457476893292693,
B14,0.40572944852579046,0.3355286133462426,0.21551949294450334,0.3355286133462426,0.3790403296571903,0.3355286133462426,0.2359120429018594,0.259031209255451,0.3355286133462426,0.4372959762052982,0.19727773540181937,0.3355286133462426,0.35592116330359885,0.31728685580355875,0.4372959762052982,0.3355286133462426,0.4372959762052982,
B11,0.15864342790177932,0.11321858093326476,0.022132630562670563,0.15864342790177932,0.11321858093326476,0.14214175096440995,0.0,0.022132630562670563,0.19727773540181937,0.15864342790177932,0.01443640517786371,0.14214175096440995,0.1768851854444632,0.19727773540181937,0.1768851854444632,0.15864342790177932,0.3670951410257504,
