,job699_scenario0_1478,job700_scenario0_1484,job701_scenario0_1487,job702_scenario3_1488,job703_scenario3_1489,job704_scenario0_1491,job705_scenario2_1493,job706_scenario0_1496,
in27,0.17147422748137264,0.1782647669498474,0.1649399968130234,0.39866166870525827,0.6155607431551456,0.1782647669498474,0.29148334788311203,0.1782647669498474,
B14,0.018241757542683867,0.038634307500040044,0.018241757542683867,0.24001824080347878,0.24001824080347878,0.0,0.39866166870525827,0.02813796885374975,
B11,0.3551499523943107,0.29148334788311203,0.32040651791425734,0.4955516227534062,0.735569863556885,0.32846083352571054,0.4404156383159967,0.2982738873515868,
