,job274_scenario1_503,job276_scenario0_505,job280_scenario1_514,job284_scenario0_523,job285_scenario0_525,job288_scenario1_536,job290_scenario1_540,job291_scenario0_541,job292_scenario1_543,
in27,0.12654335107008868,0.0,0.15546652110123393,0.027761175314687803,0.0,0.15546652110123393,0.15546652110123393,0.013324770136823982,0.12654335107008868,
B14,0.17196819803860336,0.10176736285905558,0.19020995558128717,0.08009704649061378,0.09059338513690401,0.19020995558128717,0.19020995558128717,0.08009704649061378,0.2919773184403428,
B11,0.12654335107008868,0.020392549957356176,0.15546652110123393,0.035457400699494546,0.027761175314687803,0.2106025055386434,0.12654335107008868,0.020392549957356176,0.15546652110123393,
