,job1166_scenario1_3522,
in27,0.42217388077331286,
B14,0.4386755577106823,
B11,0.0,
