,job788_scenario0_1734,job790_scenario0_1738,job791_scenario3_1739,job792_scenario0_1742,job795_scenario4_1754,
in27,0.11074827333715476,0.08405915446855461,0.28056567896108575,0.09688995404814793,0.30095822891844193,
B14,0.3738856804942251,0.42096734932018137,0.7809947105253996,0.45691731525336604,0.5907847549441124,
B11,0.0,0.021226944646338453,0.3240773952720334,0.006790539468474521,0.3738856804942251,
