,job704_scenario0_1491,job712_scenario1_1521,job713_scenario4_1528,job714_scenario3_1529,job715_scenario1_1530,
in27,0.0,0.1270769002222717,0.3670951410257506,0.4372959762052983,0.10038778135367155,
B14,0.3986616687052582,0.5021691121696282,0.6071133818292294,0.5573050966070376,0.5369125466496815,
B11,0.39021430737934204,0.6071133818292294,0.6071133818292294,0.7271225022309686,0.4871042614274899,
