,job500_scenario0_988,job502_scenario0_996,job503_scenario0_997,job507_scenario0_1002,job513_scenario0_1015,job514_scenario3_1018,job515_scenario1_1019,job516_scenario3_1020,job517_scenario0_1021,job518_scenario0_1022,
in27,0.04013333472445291,0.018906390078114454,0.012372159409765104,0.0,0.04013333472445291,0.3043494778501078,0.13891551047985384,0.22297466494840845,0.025696929546588976,0.025696929546588976,
B14,0.47416688347403885,0.4332393429401322,0.45249656710559705,0.47416688347403885,0.44260035579453116,0.5830020261536266,0.7030111465553661,0.6328103113758183,0.415911236925931,0.4861120721054788,
B11,0.22570128134464373,0.21764696573319064,0.22570128134464373,0.18872379570204523,0.21764696573319064,0.5128011909740788,0.2959021165241915,0.6328103113758183,0.2099507403483839,0.19551433517051997,
