,job58_scenario0_112,job60_scenario0_114,job62_scenario0_118,job63_scenario0_119,job68_scenario0_125,job69_scenario0_127,job70_scenario0_128,job73_scenario0_134,job74_scenario0_137,job75_scenario1_140,job77_scenario1_142,job78_scenario1_144,job79_scenario0_148,
in27,0.019621339048067954,0.034057744225931774,0.01283079957959321,0.019621339048067954,0.034057744225931774,0.026689118868600148,0.0,0.01283079957959321,0.01283079957959321,0.17826476694984733,0.13283991998133265,0.1466982392703396,0.019621339048067954,
B14,0.08639361540185775,0.05825564654810789,0.06713639123639292,0.10806393177029955,0.1200091204017395,0.08639361540185775,0.06713639123639292,0.07649740409079187,0.07649740409079187,0.24001824080347883,0.26670735967207904,0.21689907444988737,0.05825564654810789,
B11,0.034057744225931774,0.04175396961073852,0.04175396961073852,0.019621339048067954,0.026689118868600148,0.026689118868600148,0.04980828522219172,0.0,0.04175396961073852,0.1466982392703396,0.17826476694984733,0.1466982392703396,0.019621339048067954,
