,job847_scenario1_1904,job848_scenario0_1905,job850_scenario1_1915,job852_scenario0_1920,job853_scenario3_1922,job854_scenario0_1926,job855_scenario4_1932,
in27,0.1270769002222717,0.0,0.11321858093326487,0.04751505218832497,0.22039690175541093,0.0,0.1768851854444633,
B14,0.4372959762052983,0.39866166870525827,0.5074968113848461,0.3874876909831067,0.8675241725900643,0.3874876909831067,0.5306159777384376,
B11,0.48710426142748986,0.3246554811608905,0.46886250388480605,0.34040602215715043,0.7475150521883249,0.3488533834830666,0.8675241725900643,
