,job1048_scenario4_2801,
in27,0.47077563454237303,
B14,0.5907847549441123,
B11,0.0,
