,job836_scenario0_1880,job838_scenario0_1882,job840_scenario1_1890,job841_scenario1_1891,job842_scenario1_1892,job847_scenario1_1904,job848_scenario0_1905,job850_scenario1_1915,job851_scenario4_1917,
in27,0.0,0.026689118868600148,0.14669823927033954,0.1328399199813327,0.10806393177029949,0.14669823927033954,0.019621339048067843,0.1328399199813327,0.24001824080347878,
B14,0.4569173152533662,0.44497212662192626,0.6036155545237057,0.5769264356551056,0.6036155545237057,0.4836064341219663,0.44497212662192626,0.5538072693015141,0.6036155545237057,
B11,0.40404458608801963,0.3497389944312199,0.5538072693015141,0.4836064341219663,0.5334147193441579,0.5334147193441579,0.3709659390775585,0.515172961801474,0.5538072693015141,
