,job1076_scenario2_2950,
in27,0.0,
B14,0.13825087794442326,
B11,0.39866166870525827,
