,job489_scenario0_957,job492_scenario1_966,job493_scenario0_968,job495_scenario4_978,job497_scenario2_980,job498_scenario1_981,job499_scenario3_986,job500_scenario0_988,
in27,0.013858319289006937,0.10717832082214618,0.0,0.3240773952720335,0.12000912040173939,0.12000912040173939,0.18367572491293793,0.021226944646338453,
B14,0.3156300339461172,0.482720823173813,0.3738856804942251,0.5325291083960046,0.6027299435755524,0.5640956360755123,0.6027299435755524,0.3738856804942251,
B11,0.3986616687052582,0.5475939591381429,0.40545220817373295,0.9627573047807706,0.5325291083960046,0.5186707891069977,0.7725473491994834,0.4356391543478567,
