,job6_scenario0_16,job10_scenario1_21,job18_scenario2_44,job19_scenario0_46,job21_scenario1_48,job23_scenario1_50,job24_scenario2_51,job25_scenario2_52,job26_scenario2_53,job27_scenario1_54,job28_scenario2_56,
in27,0.0,0.13386743969074655,0.1200091204017395,0.03697748564259851,0.1200091204017395,0.1489322904328848,0.10717832082214629,0.13386743969074655,0.10717832082214629,0.1489322904328848,0.10717832082214629,
B14,0.244515547238087,0.39427823045158145,0.5142873508533209,0.2854430877719936,0.3556439229515414,0.39427823045158145,0.5640956360755125,0.5640956360755125,0.6342964712550603,0.3738856804942252,0.47565304335328085,
B11,0.19020995558128728,0.32407739527203366,0.3556439229515414,0.19700049504976203,0.32407739527203366,0.39427823045158145,0.32407739527203366,0.339142246014172,0.39427823045158145,0.339142246014172,0.3738856804942252,
