,job699_scenario0_1478,job700_scenario0_1484,job701_scenario0_1487,job704_scenario0_1491,job706_scenario0_1496,job707_scenario2_1498,job710_scenario1_1504,
in27,0.006534230668349239,0.013324770136823982,0.0,0.013324770136823982,0.013324770136823982,0.14040167035909557,0.19020995558128717,
B14,0.3488533834830667,0.36924593344042284,0.3488533834830667,0.33061162594038274,0.3587495947941326,0.6092641742439017,0.6092641742439017,
B11,0.3488533834830667,0.28518677897186806,0.31410994900301337,0.32216426461446657,0.2919773184403428,0.5123742201957537,0.4506207463421222,
