,job801_scenario0_1777,job803_scenario0_1780,job804_scenario0_1783,job806_scenario4_1795,
in27,0.24757999118124185,0.28933396079198037,0.26041079076083495,0.5844881860328686,
B14,0.5142873508533209,0.5458538785328286,0.504926337998922,0.7360638341141158,
B11,0.035457400699494546,0.0,0.04351171631094786,0.2919773184403429,
