,job48_scenario1_98,job51_scenario1_101,job58_scenario0_112,job60_scenario0_114,job62_scenario0_118,job63_scenario0_119,job68_scenario0_125,job69_scenario0_127,job70_scenario0_128,job71_scenario1_129,job72_scenario2_131,job73_scenario0_134,
in27,0.31021907598302667,0.2982738873515867,0.20983129462935513,0.22426769980721895,0.20304075516088038,0.20983129462935513,0.22426769980721895,0.21689907444988732,0.19020995558128717,0.2982738873515867,0.33690819485162676,0.20304075516088038,
B14,0.40710903003117455,0.430228196384766,0.2766035709831449,0.24846560212939506,0.2573463468176801,0.2982738873515867,0.31021907598302667,0.2766035709831449,0.2573463468176801,0.430228196384766,0.48848384293287395,0.26670735967207904,
B11,0.1328399199813326,0.12000912040173939,0.034057744225931774,0.04175396961073852,0.04175396961073852,0.019621339048067843,0.026689118868600037,0.026689118868600037,0.049808285222191606,0.1617630900124779,0.1328399199813326,0.0,
