,job334_scenario0_620,job336_scenario0_625,job341_scenario0_634,job345_scenario4_641,job346_scenario4_642,job347_scenario0_646,job348_scenario1_648,job349_scenario0_652,
in27,0.02776117531468769,0.043511716310947524,0.0,0.19020995558128706,0.1719681980386032,0.020392549957356065,0.1137125514904953,0.020392549957356065,
B14,0.2919773184403426,0.251049777906436,0.2337216718922347,0.4821872740216298,0.45062074634212207,0.3167533066513757,0.4239316274735219,0.27030700207190084,
B11,0.3167533066513757,0.32354384611985043,0.3537307922939742,0.6408307019234093,0.5706298667438615,0.33798025129771425,0.5439407478752614,0.345676476682521,
