,job680_scenario0_1428,job689_scenario3_1447,job690_scenario3_1449,job692_scenario2_1452,job693_scenario0_1453,job694_scenario1_1456,
in27,0.0,0.34298378535014784,0.3043494778501078,0.12608471090026052,0.040133334724452796,0.12608471090026052,
B14,0.07321198173491394,0.34298378535014784,0.46299290575188723,0.46299290575188723,0.10296554454666901,0.27278295017060006,
B11,0.040133334724452796,0.46299290575188723,0.34298378535014784,0.13891551047985368,0.018906390078114232,0.18434035744836835,
