,job5_scenario0_13,job6_scenario0_16,job7_scenario2_17,job9_scenario4_20,job10_scenario1_21,
in27,0.006790539468474521,0.0,0.12000912040173939,0.18367572491293782,0.13386743969074621,
B14,0.4552604933959244,0.41433295286201777,0.6454704489772116,0.543703086118156,0.5640956360755123,
B11,0.39700484684781656,0.36002736120521805,0.5089596516381028,0.6454704489772116,0.49389480089596444,
