,job200_scenario1_356,job201_scenario0_357,job202_scenario1_360,job205_scenario0_365,job208_scenario0_373,job210_scenario0_375,job212_scenario1_378,job218_scenario1_388,job219_scenario4_395,
in27,0.12000912040173939,0.019621339048067843,0.10806393177029949,0.0128307995795931,0.041753969610738406,0.0,0.10806393177029949,0.1328399199813325,0.21689907444988732,
B14,0.2667073596720789,0.17826476694984728,0.2667073596720789,0.19020995558128717,0.1670907892276957,0.1373372264159406,0.2870999096294351,0.2870999096294351,0.4071090300311746,
B11,0.5271181504329139,0.4144776553885061,0.5586846781124217,0.4569173152533662,0.4144776553885061,0.4144776553885061,0.5421830011750522,0.5132598311439069,0.8373372264159405,
