,job111_scenario0_216,job112_scenario0_217,job113_scenario1_219,job114_scenario1_221,job117_scenario0_226,job120_scenario1_229,job121_scenario2_233,job122_scenario0_234,job123_scenario1_236,job126_scenario3_241,job127_scenario1_242,job128_scenario0_243,job129_scenario0_244,job131_scenario2_247,job132_scenario0_249,job133_scenario3_251,
in27,0.3369081948516268,0.31728685580355886,0.43729597620529836,0.46398509507389846,0.31121126530503784,0.4501267757848915,0.46398509507389846,0.31728685580355886,0.47904994581603677,0.7040033358773772,0.47904994581603677,0.3369081948516268,0.35134460002949064,0.43729597620529836,0.3590408254142974,0.7040033358773772,
B14,0.37554250235166675,0.39378425989435073,0.6155607431551456,0.5573050966070376,0.41417680985170685,0.6155607431551456,0.7040033358773772,0.3844232470399518,0.5839942154756379,0.7742041710569251,0.5573050966070376,0.41417680985170685,0.37554250235166675,0.8942132914586645,0.4036804712054166,0.6541950506551857,
B11,0.030186946174123763,0.0,0.15864342790177943,0.15864342790177943,0.022132630562670674,0.14214175096441006,0.15864342790177943,0.0,0.15864342790177943,0.31728685580355886,0.15864342790177943,0.014436405177863931,0.04751505218832497,0.14214175096441006,0.007067779820532305,0.31728685580355886,
