,job967_scenario1_2389,
in27,0.0,
B14,0.6155607431551455,
B11,0.25825999834616264,
