,job441_scenario0_854,job443_scenario1_856,job444_scenario2_857,job446_scenario1_863,job447_scenario0_864,job453_scenario0_876,job454_scenario2_880,job456_scenario0_887,job457_scenario2_889,job458_scenario3_890,job459_scenario2_891,job460_scenario4_892,
in27,0.021226944646338453,0.10717832082214607,0.09523313219070617,0.10717832082214607,0.013858319289006826,0.006790539468474521,0.12000912040173939,0.0,0.14893229043288458,0.2538765600924857,0.18367572491293782,0.204068274870294,
B14,0.3738856804942251,0.537406517206912,0.59566216375502,0.5142873508533206,0.34719656162562496,0.3942782304515812,0.5640956360755123,0.4054522081737328,0.537406517206912,0.6841047564772516,0.6841047564772516,0.5640956360755123,
B11,0.3240773952720334,0.45915136641591114,0.4302281963847659,0.4302281963847659,0.3170096154515012,0.3240773952720334,0.47565304335328057,0.3240773952720334,0.45915136641591114,0.59566216375502,0.47565304335328057,0.5640956360755123,
