,job620_scenario0_1257,job625_scenario3_1276,job626_scenario0_1278,job627_scenario3_1280,job628_scenario0_1282,
in27,0.26532777816669484,0.5573050966070376,0.2786525483035188,0.5959394041070777,0.31728685580355875,
B14,0.0568760650427238,0.3670951410257504,0.07726861500007998,0.24708602062401097,0.0568760650427238,
B11,0.0,0.5573050966070376,0.022132630562670563,0.5573050966070376,0.007067779820532194,
