,job720_scenario0_1545,job721_scenario0_1547,job724_scenario1_1553,
in27,0.0,0.006790539468474854,0.09523313219070628,
B14,0.5541994247644465,0.5640956360755124,0.655966787623502,
B11,0.32154980931829924,0.329246034703106,0.4341903043627071,
