,job799_scenario1_1769,job801_scenario0_1777,job802_scenario0_1779,job803_scenario0_1780,job804_scenario0_1783,
in27,0.14669823927033954,0.0,0.012830799579593322,0.04175396961073852,0.012830799579593322,
B14,0.735569863556885,0.5453599079755979,0.5359988951211989,0.5769264356551056,0.5359988951211989,
B11,0.6653690283773371,0.5106164734955445,0.5186707891069977,0.47515907279604996,0.5186707891069977,
