,job630_scenario0_1295,job631_scenario0_1297,job634_scenario0_1302,job638_scenario0_1313,job639_scenario0_1314,job642_scenario2_1321,job643_scenario2_1322,
in27,0.019621339048067843,0.012830799579593322,0.0062965689112439716,0.026689118868600148,0.0,0.1328399199813326,0.17826476694984728,
B14,0.33690819485162676,0.3600273612052183,0.31651564489427064,0.33690819485162676,0.37285816078481143,0.5067256004755578,0.696935556056845,
B11,0.252849040383072,0.27407598502941055,0.27407598502941055,0.24631480971472275,0.2667073596720789,0.3600273612052183,0.4182830077533261,
