,job675_scenario0_1409,job679_scenario2_1421,job680_scenario0_1428,job688_scenario1_1445,job689_scenario3_1447,job690_scenario3_1449,
in27,0.018906390078114343,0.15277382976886078,0.0,0.18434035744836852,0.34298378535014795,0.3043494778501079,
B14,0.48338545570924357,0.6265137424645744,0.4536318928974885,0.8434128169144618,0.7234036965127224,0.8434128169144618,
B11,0.14959692296831528,0.2545411926279163,0.14190069758350843,0.3043494778501079,0.564760268610943,0.4447511482092035,
