,job828_scenario0_1864,job831_scenario0_1871,job833_scenario1_1873,job834_scenario1_1876,job836_scenario0_1880,job837_scenario1_1881,job838_scenario0_1882,job839_scenario1_1887,job840_scenario1_1890,
in27,0.019621339048067843,0.0128307995795931,0.17826476694984728,0.1617630900124779,0.0,0.1328399199813326,0.026689118868600037,0.21689907444988743,0.14669823927033965,
B14,0.2766035709831449,0.26670735967207904,0.430228196384766,0.4569173152533662,0.31021907598302667,0.40710903003117455,0.2982738873515867,0.3684747225311345,0.4569173152533662,
B11,0.20304075516088038,0.2319639251920257,0.33690819485162676,0.33690819485162676,0.2573463468176801,0.40710903003117455,0.20304075516088038,0.3684747225311345,0.40710903003117455,
