,job589_scenario1_1183,job594_scenario1_1190,job595_scenario0_1193,job597_scenario1_1195,job601_scenario0_1203,job603_scenario1_1206,job604_scenario1_1207,
in27,0.15362462540162114,0.19537859501235955,0.03991207391112561,0.15362462540162114,0.06767324922581341,0.1664554249812143,0.1664554249812143,
B14,0.21188027194972897,0.07536947461062016,0.0,0.15362462540162108,0.03361550499988175,0.18031374427022123,0.07536947461062016,
B11,0.18031374427022123,0.21188027194972897,0.08342379022207336,0.18031374427022123,0.06030462386848179,0.23012202949241278,0.15362462540162114,
