,job525_scenario0_1044,job526_scenario0_1046,job534_scenario2_1075,job536_scenario2_1082,job537_scenario0_1083,job538_scenario4_1084,
in27,0.199570968435686,0.17994962938761816,0.31278954936895087,0.29995874978935755,0.21400737361354993,0.35821439633746543,
B14,0.46704953901705326,0.4466569890596972,0.707067779820532,0.7568760650427238,0.49016870537064483,0.7568760650427238,
B11,0.01443640517786382,0.03018694617412354,0.12707690022227158,0.11321858093326465,0.0,0.43729597620529825,
