,job1091_scenario0_3023,job1097_scenario0_3045,job1098_scenario1_3048,
in27,0.06944969923843836,0.05438484849629999,0.14770485002943923,
B14,0.12458568367584777,0.13575966139799933,0.24459480407758716,
B11,0.007696225384806854,0.0,0.16244878026659948,
