,job1071_scenario2_2930,job1073_scenario0_2933,job1074_scenario0_2936,
in27,0.303428536514552,0.19020995558128728,0.18341941611281254,
B14,0.4688625038848061,0.2569822319350771,0.2569822319350771,
B11,0.15864342790177943,0.014436405177863931,0.0,
