,job847_scenario1_1904,job848_scenario0_1905,job850_scenario1_1915,job852_scenario0_1920,job854_scenario0_1926,job855_scenario4_1932,job856_scenario4_1934,
in27,0.1270769002222717,0.0,0.11321858093326476,0.04751505218832497,0.0,0.1768851854444633,0.19727773540181948,
B14,0.3670951410257505,0.3284608335257105,0.4372959762052983,0.3172868558035589,0.3172868558035589,0.46041514255888977,0.5186707891069977,
B11,0.4169034262479421,0.2544546459813427,0.39866166870525827,0.27020518697760265,0.2786525483035188,0.7973233374105165,0.6773142170087771,
