,job318_scenario0_592,job319_scenario1_594,job320_scenario1_596,job321_scenario1_597,job325_scenario0_602,job328_scenario1_608,job329_scenario0_610,job330_scenario3_611,job331_scenario4_615,job332_scenario2_616,job333_scenario3_619,
in27,0.01283079957959321,0.1617630900124779,0.10806393177029955,0.13283991998133265,0.0,0.1617630900124779,0.034057744225931774,0.26670735967207904,0.24001824080347883,0.17826476694984733,0.21689907444988737,
B14,0.08639361540185775,0.21689907444988737,0.26670735967207904,0.1617630900124779,0.05825564654810789,0.19650652449253114,0.07649740409079187,0.26670735967207904,0.2982738873515868,0.3369081948516268,0.3369081948516268,
B11,0.026689118868600148,0.19650652449253114,0.17826476694984733,0.21689907444988737,0.01283079957959321,0.19650652449253114,0.034057744225931774,0.3369081948516268,0.26670735967207904,0.2982738873515868,0.2982738873515868,
