,job325_scenario0_602,job328_scenario1_608,job329_scenario0_610,job334_scenario0_620,job336_scenario0_625,job337_scenario2_626,job340_scenario3_632,job341_scenario0_634,job342_scenario2_636,job344_scenario2_640,job345_scenario4_641,
in27,0.34719656162562484,0.5089596516381028,0.3812543058515566,0.3812543058515566,0.39700484684781656,0.46720568202736434,0.6841047564772517,0.3534931305368688,0.5254613285754721,0.4800364816069575,0.543703086118156,
B14,0.40545220817373273,0.543703086118156,0.4236939657164167,0.4552604933959244,0.41433295286201777,0.6139039212977039,0.7339130416994433,0.39700484684781656,0.6139039212977039,0.6841047564772517,0.6454704489772116,
B11,0.0,0.18367572491293782,0.021226944646338453,0.0,0.006790539468474521,0.16543396737025395,0.3240773952720334,0.036977485642598285,0.18367572491293782,0.13386743969074621,0.3240773952720334,
