,job507_scenario0_1002,job517_scenario0_1021,job518_scenario0_1022,job519_scenario0_1028,job520_scenario0_1033,job521_scenario3_1035,job523_scenario0_1041,
in27,0.0,0.025696929546588754,0.025696929546588754,0.03276470936712106,0.018906390078114343,0.34298378535014773,0.04782956010925954,
B14,0.5830020261536266,0.5247463796055187,0.5949472147850665,0.5949472147850665,0.6077780143646596,0.8616545744571453,0.5613317097851848,
B11,0.36775977356118084,0.3889867182075194,0.3745503130296556,0.36775977356118084,0.42206536521798055,0.6918371688332143,0.3612255428928316,
