,job1119_scenario2_3232,
in27,0.0,
B14,0.07825515079100093,
B11,0.03474343448005324,
