,job589_scenario1_1183,job594_scenario1_1190,job595_scenario0_1193,job596_scenario2_1194,job597_scenario1_1195,job601_scenario0_1203,job602_scenario3_1205,job603_scenario1_1206,job604_scenario1_1207,job606_scenario2_1214,
in27,0.4035390775161659,0.4452930471269043,0.2898265260256704,0.4035390775161659,0.4035390775161659,0.3175877013403582,0.5235481979179053,0.41636987709575907,0.41636987709575907,0.4035390775161659,
B14,0.5818038444660132,0.4452930471269043,0.36992357251628416,0.6204381519660532,0.5235481979179053,0.4035390775161659,0.5004290315643138,0.5502373167865054,0.4452930471269043,0.860456392769532,
B11,0.12000912040173939,0.15157564808124713,0.023119166353591458,0.12000912040173939,0.12000912040173939,0.0,0.2400182408034789,0.169817405623931,0.09332000153313924,0.15157564808124713,
