,job770_scenario0_1673,job773_scenario0_1681,job777_scenario2_1695,job779_scenario1_1702,job780_scenario0_1703,job781_scenario0_1704,
in27,0.02776117531468769,0.020392549957356065,0.14040167035909545,0.21060250553864324,0.020392549957356065,0.0,
B14,0.3903161224736402,0.36217815361989036,0.5439407478752614,0.5208215815216699,0.3710588983081754,0.411986438842082,
B11,0.05932770299419532,0.05932770299419532,0.18703304878074156,0.24216903321815098,0.04489129781633161,0.03810075834785687,
