,job930_scenario0_2158,
in27,0.4411013285701182,
B14,0.5676446796402068,
B11,0.0,
