,job302_scenario0_561,job307_scenario0_569,job309_scenario0_571,job310_scenario0_574,job311_scenario1_575,job312_scenario0_576,job318_scenario0_592,job319_scenario1_594,job320_scenario1_596,job321_scenario1_597,job322_scenario3_599,job323_scenario1_600,
in27,0.0,0.0,0.0,0.02776117531468769,0.10176736285905541,0.01332477013682376,0.006534230668349239,0.15546652110123382,0.10176736285905541,0.12654335107008863,0.33061162594038274,0.15546652110123382,
B14,0.3903161224736402,0.40081246111993046,0.3710588983081754,0.423931627473522,0.5004290315643136,0.38041991116257434,0.3903161224736402,0.5208215815216699,0.5706298667438615,0.4656855970842604,0.6408307019234093,0.6021963944233693,
B11,0.2337216718922347,0.2256673562807816,0.21797113089597486,0.21797113089597486,0.345676476682521,0.20353472571811104,0.21060250553864324,0.38041991116257423,0.36217815361989036,0.40081246111993046,0.5706298667438614,0.40081246111993046,
