,job569_scenario0_1147,job570_scenario0_1148,job572_scenario0_1150,job574_scenario0_1152,job576_scenario0_1157,job580_scenario0_1164,job581_scenario2_1165,job584_scenario0_1169,job588_scenario1_1175,job589_scenario1_1183,job590_scenario2_1184,job591_scenario3_1185,
in27,0.025696929546588976,0.025696929546588976,0.012372159409765104,0.03276470936712128,0.025696929546588976,0.0,0.13891551047985373,0.06433123704662902,0.16783868051099904,0.12608471090026052,0.12608471090026052,0.27278295017060006,
B14,0.39279207057233945,0.31878588302797173,0.39279207057233945,0.3518645300384329,0.3816180928501879,0.34298378535014784,0.551435498474119,0.39279207057233945,0.5016272132519273,0.5830020261536266,0.8616545744571456,0.6714446188758583,
B11,0.05100646690980504,0.04393868708927284,0.04393868708927284,0.0741256332633966,0.0741256332633966,0.0660713176519434,0.17101558731154454,0.058375092267136774,0.22082387253373603,0.17101558731154454,0.1860804380536828,0.4110338281150232,
