,job1154_scenario1_3452,
in27,0.0,
B14,0.1586434279017795,
B11,0.05369915824217836,
