,job609_scenario0_1233,job616_scenario0_1248,job620_scenario0_1257,job621_scenario4_1262,job623_scenario1_1267,
in27,0.018906390078114343,0.0,0.012372159409765104,0.2460938313019999,0.13891551047985384,
B14,0.04470989799856118,0.04470989799856118,0.024317348041205,0.2460938313019999,0.18783818475389202,
B11,0.33453642402423167,0.3518645300384329,0.3043494778501079,0.551435498474119,0.4629929057518873,
