,job1017_scenario0_3013,
in27,0.24344679962923677,
B14,0.29096185181756173,
B11,0.3438345809829083,
cn12,0.11664713975902263,
B54,0.31021907598302656,
B51,0.0,
os4,0.33188939235146836,
in4,0.2578832048071006,
B33,0.33188939235146836,
