,job838_scenario1_2027,
in27,0.19377990809629592,
B14,0.25865304406062584,
B11,0.22972987402948059,
cn12,0.15514560059625582,
B54,0.0,
B51,0.21689907444988743,
os4,0.03513648019451643,
in4,0.20495388581844748,
B33,0.24358819331848752,
