,job797_scenario1_1865,
in27,0.21332912193487857,
B14,0.21332912193487857,
B11,0.15157564808124707,
cn12,0.007368625357331515,
B54,0.2715847684829865,
B51,0.0,
os4,0.16981740562393088,
in4,0.19020995558128712,
B33,0.08137481290169929,
