,job483_scenario0_951,job487_scenario3_955,
in27,0.42156174336513513,0.5888716242865455,
B14,0.5894004238761341,0.7790815798678327,
B11,0.2570487173304369,0.34885338348306666,
cn12,0.30762821346191666,0.4421733850162059,
B54,0.46939130347439467,0.29904509826087505,
B51,0.41569214523221626,0.46886250388480605,
os4,0.11536928056025564,0.0,
in4,0.47744561908584787,0.5004290315643138,
B33,0.5743355731339957,0.6590724594660933,
