,job744_scenario1_1685,
in27,0.09688995404814782,
B14,0.2168990744498873,
B11,0.24846560212939503,
cn12,0.0,
B54,0.24846560212939503,
B51,0.12845648172765556,
os4,0.11195480479028619,
in4,0.0,
B33,0.026689118868600148,
