,job465_scenario0_914,job467_scenario4_918,
in27,0.5268336202737831,0.4541252603917146,
B14,0.6094066148630959,0.574134380793454,
B11,0.0,0.2545542919560285,
cn12,0.41601975248126316,0.5243260955712623,
B54,0.6193028261741618,0.6941435011951933,
B51,0.2423114738373453,0.07052844242859468,
os4,0.23113749611519374,0.16429873436604414,
in4,0.5392057796835481,0.574134380793454,
B33,0.6796074500426437,0.4274361415231145,
