,job791_scenario4_1846,
in27,0.5428686914291739,
B14,0.5428686914291739,
B11,0.2863487736883257,
cn12,0.6313112841514055,
B54,0.581502998929214,
B51,0.5113021637496662,
os4,0.5428686914291739,
in4,0.46149387852747453,
B33,0.0,
