,job1014_scenario4_3004,
in27,0.20845171312397104,
B14,0.15864342790177946,
B11,0.15864342790177946,
cn12,0.15864342790177946,
B54,0.2786525483035189,
B51,0.15864342790177946,
os4,0.15864342790177946,
in4,0.0617534738536315,
B33,0.0,
