,job7_scenario1_19,job9_scenario1_22,
in27,0.3538355124277581,0.03474343448005335,
B14,0.33344296247040195,0.22495339006134052,
B11,0.21343384206866256,0.03474343448005324,
cn12,0.22333005337972855,0.0,
B54,0.40364379764994973,0.10494426965960107,
B51,0.47384463282949757,0.10494426965960107,
os4,0.2697763579592034,0.22495339006134052,
in4,0.2986995279903487,0.09108595037059414,
B33,0.2697763579592034,0.12000912040173939,
