,job1029_scenario0_3071,
in27,0.2352744765865209,
B14,0.3417856036625343,
B11,0.33333824233661813,
cn12,0.18314217576075487,
B54,0.4035390775161659,
B51,0.4452930471269043,
os4,0.39159388888472596,
in4,0.32528392672516493,
B33,0.0,
