,job631_scenario4_1322,
in27,0.48003648160695767,
B14,0.39866166870525827,
B11,0.5186707891069977,
cn12,0.3600273612052182,
B54,0.39866166870525827,
B51,0.6386799095087371,
os4,0.0,
in4,0.48003648160695767,
B33,0.28982652602567044,
