,job655_scenario1_1390,
in27,0.2400182408034789,
B14,0.3284608335257105,
B11,0.12000912040173944,
cn12,0.01824175754268398,
B54,0.3986616687052583,
B51,0.06175347385363161,
os4,0.0,
in4,0.20845171312397115,
B33,0.27865254830351893,
