,job417_scenario3_816,
in27,0.169817405623931,
B14,0.0,
B11,0.12000912040173942,
cn12,0.0,
B54,0.0,
B51,0.24001824080347883,
os4,0.169817405623931,
in4,0.24001824080347883,
B33,0.0813748129016994,
