,job273_scenario1_506,job275_scenario1_509,
in27,0.28363467724821034,0.10494426965960107,
B14,0.33344296247040195,0.12000912040173939,
B11,0.2986995279903487,0.1365107973391088,
cn12,0.14323300688911478,0.0,
B54,0.5236529180516891,0.5351724660443671,
B51,0.23382639202601874,0.07825515079100098,
os4,0.3538355124277581,0.17514510483914886,
in4,0.21343384206866267,0.05513598443740947,
B33,0.2569455583796103,0.09108595037059414,
