,job601_scenario3_1242,
in27,0.27865254830351893,
B14,0.20845171312397115,
B11,0.3986616687052583,
cn12,0.2400182408034789,
B54,0.18176259425537095,
B51,0.0,
os4,0.27865254830351893,
in4,0.1586434279017795,
B33,0.2400182408034789,
