,job193_scenario1_357,job197_scenario0_362,job198_scenario1_365,
in27,0.5133683893155425,0.2742736643938115,0.17514510483914886,
B14,0.5449349169950503,0.3399771931387512,0.2951542252408883,
B11,0.633377509717282,0.2488912427681571,0.6053733012239149,
cn12,0.4995100700265356,0.09666101332926325,0.12533681961695725,
B54,0.5133683893155425,0.4738446328294976,0.24534594001869664,
B51,0.563176674537734,0.44715551396089737,0.16128678555014192,
os4,0.28452412623421525,0.08406370881252423,0.0,
in4,0.5449349169950503,0.28363467724821045,0.09558325680520219,
B33,0.5835692244950903,0.3040272272055665,0.17514510483914886,
