,job104_scenario1_200,job105_scenario0_202,job106_scenario1_203,
in27,0.6430556050388073,0.33782184638010937,0.5280318019613965,
B14,0.37826137602429544,0.0,0.1497626832134945,
B11,0.688480452007322,0.33782184638010937,0.5982326371409444,
cn12,0.5684713316055826,0.23463532342071747,0.46436519745019805,
B54,0.896932165131293,0.3986616687052583,0.908451713123971,
B51,0.688480452007322,0.4932883674813433,0.478223516739205,
os4,0.2315631367539559,0.04092754053390668,0.1995709684356861,
in4,0.6302248054592142,0.3655830216947972,0.4284152315170134,
B33,0.2915588639073782,0.04920185180757031,0.01325188587438575,
