,job349_scenario0_652,job351_scenario3_655,job352_scenario1_656,job357_scenario3_666,job358_scenario1_668,
in27,0.0,0.2519634294349187,0.22884426308132721,0.2519634294349187,0.15864342790177943,
B14,0.4085578800163242,0.6204381519660532,0.5390633390643538,0.7088807446882848,0.5888716242865455,
B11,0.10883514267958783,0.26041079076083495,0.299045098260875,0.38041991116257434,0.46886250388480605,
cn12,0.02147804920502394,0.2519634294349187,0.20845171312397115,0.3488533834830667,0.19020995558128717,
B54,0.44217338501620596,0.5004290315643138,0.5621825054179452,0.5888716242865455,0.5888716242865455,
