,job371_scenario0_690,job377_scenario0_703,job380_scenario2_709,job382_scenario0_712,job383_scenario0_713,job384_scenario1_716,
in27,0.600045602008697,0.6182873595513809,0.7319999110418764,0.611990790640137,0.6617990758623287,0.7737538806526149,
B14,0.6791271818765299,0.6537447602508755,0.878698150312216,0.708880744688285,0.6702464371882448,0.7448307106214695,
B11,0.1746948144348388,0.1817625942553709,0.351579999879302,0.20488176060896246,0.1746948144348388,0.3719725498366582,
cn12,0.0,0.03156652767950785,0.2647942290145121,0.02147804920502394,0.06175347385363161,0.1737082786439179,
B54,0.7448307106214695,0.6983844060419947,0.8520090314436157,0.6884881947309288,0.6983844060419947,0.8520090314436157,
