,job783_scenario0_1711,
in27,0.0,
B14,0.29689430584620247,
B11,0.5640956360755123,
cn12,0.433998037199289,
B54,0.39601831105689567,
