,job498_scenario1_981,
in27,0.31021907598302667,
B14,0.22884426308132727,
B11,0.1737082786439178,
cn12,0.038634307500040044,
B54,0.0,
