,job889_scenario0_2020,job892_scenario1_2029,job893_scenario0_2031,
in27,0.5763069839643877,0.6380604578180193,0.5376726764643478,
B14,0.54474045628488,0.8163252247678666,0.5763069839643877,
B11,0.0,0.2576405466554449,0.017622305851966225,
cn12,0.0289795938748465,0.2549139302592096,0.07587795240007389,
B54,0.3695953514457312,0.3278413818349927,0.4043387859257844,
