,job416_scenario0_798,job421_scenario3_803,job425_scenario3_812,job429_scenario2_825,
in27,0.3298404150310945,0.5769264356551056,0.5271181504329139,0.5271181504329139,
B14,0.034057744225931774,0.21689907444988732,0.26670735967207904,0.21689907444988732,
B11,0.0,0.21689907444988732,0.19020995558128717,0.21689907444988732,
cn12,0.07973369575313183,0.45691731525336615,0.3369081948516268,0.2766035709831449,
B54,0.5067256004755577,0.5502373167865053,0.47198216599550447,0.47198216599550447,
