,job510_scenario3_1007,job513_scenario0_1015,job514_scenario3_1018,job516_scenario3_1020,job517_scenario0_1021,job518_scenario0_1022,
in27,0.6583012485568049,0.49286728118655077,0.7467438412790366,0.6267347208772971,0.48003648160695755,0.5382921281550654,
B14,0.6969355560568449,0.6128764015882902,0.7467438412790366,0.7467438412790366,0.5298447668291493,0.5769264356551056,
B11,0.8169446764585844,0.48003648160695755,0.7200547224104363,0.7783103689585443,0.5382921281550654,0.5217904512176961,
cn12,0.21689907444988732,0.0,0.3369081948516267,0.3867164800738183,0.009532860573584045,0.016192780222309855,
B54,0.7467438412790366,0.6969355560568449,0.8667529616807759,0.8169446764585844,0.600045602008697,0.5881004133772572,
