,job40_scenario0_79,job52_scenario2_102,job56_scenario1_109,job57_scenario3_110,job58_scenario0_112,job59_scenario2_113,job60_scenario0_114,job62_scenario0_118,job63_scenario0_119,
in27,0.07292745157578306,0.14312828675533085,0.09961657044438321,0.3213930537051781,0.03594996593318478,0.12000912040173939,0.017043575855070325,0.0,0.011173977722151562,
B14,0.19650652449253114,0.41828300775332605,0.2817722104142173,0.41828300775332605,0.19650652449253114,0.36002736120521817,0.21689907444988732,0.1871455116381322,0.1871455116381322,
B11,0.4098356464274099,0.600045602008697,0.5382921281550654,0.6583012485568049,0.3728581607848114,0.5067256004755578,0.4271637524416111,0.3728581607848114,0.4098356464274099,
cn12,0.05610485413343547,0.2667073596720789,0.24631480971472286,0.4098356464274099,0.06600106544450157,0.2369537968603238,0.049808285222191495,0.043732694723670695,0.06600106544450157,
B54,0.2898265260256704,0.3600273612052183,0.4800364816069576,0.41828300775332605,0.4017813308159567,0.4365247652960099,0.3728581607848114,0.3728581607848114,0.3728581607848114,
