,job289_scenario1_538,job291_scenario0_541,job293_scenario1_544,job294_scenario2_549,job297_scenario1_553,
in27,0.16543396737025395,0.0,0.07356281582226443,0.07356281582226443,0.18367572491293782,
B14,0.5640956360755123,0.34719656162562496,0.5142873508533206,0.6342964712550601,0.537406517206912,
B11,0.1387448485016538,0.018735728099914417,0.2004983223552853,0.09332000153313924,0.17737915600169385,
cn12,0.3942782304515812,0.17737915600169374,0.3738856804942251,0.3942782304515812,0.33914224601417176,
B54,0.5640956360755123,0.4302281963847659,0.44408651567377283,0.59566216375502,0.6342964712550601,
