,job842_scenario1_1892,job843_scenario1_1893,job846_scenario4_1901,job848_scenario0_1905,job849_scenario1_1907,
in27,0.22039690175541093,0.10038778135367155,0.1768851854444633,0.038634307500040044,0.07726861500008009,
B14,0.43729597620529825,0.5573050966070376,0.5573050966070376,0.4461767208935833,0.6773142170087771,
B11,0.5573050966070376,0.4871042614274899,0.7657568097310088,0.37296473915866935,0.6190585704606693,
cn12,0.18678139675552918,0.15864342790177943,0.2786525483035188,0.0,0.14214175096441006,
B54,0.7657568097310088,0.6773142170087771,0.8359576449105566,0.5408034196696683,0.5408034196696683,
