,job543_scenario0_1093,job553_scenario1_1114,job556_scenario1_1118,job558_scenario1_1122,job559_scenario4_1125,job560_scenario1_1126,job561_scenario1_1128,job564_scenario1_1131,job565_scenario2_1134,
in27,0.5708861755439871,0.6593287682662188,0.7130279265083971,0.7130279265083971,0.7477713609884503,0.6841047564772518,0.6979630757662587,0.627762240586711,0.6712739568976587,
B14,0.6979630757662587,0.7477713609884503,0.888173031347546,0.7477713609884503,0.849538723847506,0.7130279265083971,0.849538723847506,0.6979630757662587,0.888173031347546,
B11,0.6376584518977769,0.6979630757662587,0.791283077299398,0.6481547905440672,0.8179721961679982,0.6979630757662587,0.7130279265083971,0.7681639109458065,0.6841047564772518,
cn12,0.0,0.14123606504807806,0.14123606504807806,0.18367572491293815,0.3471965616256252,0.20406827487029433,0.156986606044338,0.20406827487029433,0.2152422525924459,
B54,0.6979630757662587,0.7477713609884503,0.9379813165697375,0.7130279265083971,1.0081821517492853,0.849538723847506,0.888173031347546,0.849538723847506,0.9379813165697375,
