,job38_scenario1_77,job40_scenario0_79,job52_scenario2_102,job54_scenario1_106,job56_scenario1_109,job57_scenario3_110,job58_scenario0_112,job59_scenario2_113,
in27,0.7110315371029572,0.5439407478752616,0.6141415830548094,0.7110315371029572,0.5706298667438617,0.7924063500046566,0.5069632622326631,0.5910224167012179,
B14,0.7110315371029572,0.5706298667438617,0.7924063500046566,0.7924063500046566,0.6558955526655478,0.7924063500046566,0.5706298667438617,0.7341507034565486,
B11,0.5706298667438616,0.4239316274735221,0.6141415830548094,0.48218727402163,0.5523881092011778,0.6723972296029173,0.3869541418309237,0.5208215815216701,
cn12,0.15546652110123393,0.0,0.21060250553864346,0.17196819803860341,0.1902099555812874,0.3537307922939743,0.009896211311065883,0.18084894272688834,
B54,0.7608398223251489,0.5439407478752616,0.6141415830548094,0.8310406575046967,0.7341507034565486,0.6723972296029173,0.6558955526655478,0.690638987145601,
