,job316_scenario1_589,job318_scenario0_592,job321_scenario1_597,job325_scenario0_602,job329_scenario0_610,job330_scenario3_611,job332_scenario2_616,job333_scenario3_619,
in27,0.260410790760835,0.12654335107008863,0.690638987145601,0.1477702957164272,0.12654335107008863,0.35373079229397425,0.23372167189223492,0.3306116259403828,
B14,0.38041991116257445,0.20010616689235317,0.38041991116257445,0.19020995558128728,0.2106025055386434,0.45062074634212224,0.690638987145601,0.4119864388420822,
B11,0.38041991116257445,0.16352083671268713,0.2754756415029733,0.15546652110123393,0.24655247147182807,0.4119864388420822,0.2754756415029733,0.45062074634212224,
cn12,0.23372167189223492,0.009896211311065994,0.1719681980386033,0.009896211311065994,0.0,0.24655247147182807,0.18084894272688834,0.31021907598302656,
B54,0.45062074634212224,0.260410790760835,0.690638987145601,0.19020995558128728,0.22177648326079497,0.35373079229397425,0.690638987145601,0.5706298667438616,
