,job622_scenario1_1263,job623_scenario1_1267,
in27,0.4457433375312146,0.43524699888492435,
B14,0.45691731525336615,0.735569863556885,
B11,0.038634307500040044,0.0,
cn12,0.42535078757385847,0.37554250235166675,
B54,0.6155607431551456,0.6471272708346534,
