,job763_scenario1_1658,job764_scenario3_1660,job765_scenario4_1663,
in27,0.094976823390581,0.21498594379232028,0.010917668922026169,
B14,0.5390633390643538,0.5621825054179452,0.44217338501620596,
B11,0.009896211311065883,0.02813796885374964,0.09833880403329764,
cn12,0.0,0.038634307500040044,0.08844259272223165,
B54,0.5888716242865455,0.46886250388480605,0.7790815798678327,
