,job783_scenario0_1711,
in27,0.0,
B14,0.5573050966070376,
B11,0.444086515673773,
cn12,0.3139889167975497,
B54,0.586228266638183,
