,job455_scenario2_886,job457_scenario2_889,job458_scenario3_890,job459_scenario2_891,
in27,0.42750157998853067,0.6675198207920094,0.5475107003902702,0.43867555771068223,
B14,0.21060250553864335,0.2372916244072435,0.26885815208675123,0.3074924595867913,
B11,0.13234735474764248,0.23196392519202558,0.23196392519202558,0.14352133246979404,
cn12,0.0,0.017328106014201206,0.09688995404814793,0.0830316347591411,
B54,0.7173281060142012,0.6675198207920094,0.5706298667438616,0.6675198207920094,
