,job569_scenario0_1147,job570_scenario0_1148,job572_scenario0_1150,job580_scenario0_1164,job586_scenario2_1173,job589_scenario1_1183,job590_scenario2_1184,job591_scenario3_1185,job592_scenario2_1186,
in27,0.4659525771878419,0.5086930825895013,0.4953683124526773,0.5655691476322252,0.7290899843449121,0.6357699828117729,0.621911663522766,0.7290899843449121,0.6508348335539113,
B14,0.36906262313969407,0.3354471181398123,0.3354471181398123,0.3255509068287463,0.3957517420082941,0.5473273900895412,0.48907174354143335,0.5473273900895412,0.5859616975895814,
B11,0.4953683124526773,0.5562081347778263,0.4953683124526773,0.4953683124526773,0.7873456308930201,0.8259799383930602,0.6357699828117729,0.7873456308930201,0.6357699828117729,
cn12,0.015331830845719763,0.021866061514069113,0.0,0.0029596714359547693,0.21543799773807282,0.196180773572608,0.17885266755840679,0.36906262313969396,0.15573350120481533,
B54,0.4659525771878419,0.48907174354143346,0.47712655490999345,0.4455600272304858,0.6673365104912807,0.6673365104912807,0.7059708179913207,0.7557791032135124,0.6090808639431728,
