,job690_scenario3_1449,
in27,0.0,
B14,0.27865254830351893,
B11,0.39866166870525827,
cn12,0.20845171312397104,
B54,0.13195430903317934,
