,job758_scenario4_1649,
in27,0.0,
B14,0.4217808350588498,
B11,0.7586890299104766,
cn12,0.32001347219979426,
B54,0.5102234277810815,
