,job236_scenario1_430,job237_scenario1_432,job238_scenario0_433,job239_scenario4_434,job240_scenario2_436,job241_scenario1_438,job242_scenario0_439,
in27,0.6487683879832209,0.6375944102610693,0.5175852898593298,0.7576035306628086,0.7024675462253992,0.7189692231627687,0.5535352557925145,
B14,0.8074118158850003,0.7576035306628086,0.6172018603037132,0.7189692231627687,0.7576035306628086,0.7372109807054524,0.6172018603037132,
B11,0.3006862154094425,0.3504945006316341,0.15092353219594812,0.323805381763034,0.3006862154094425,0.26205190790940247,0.16028454505034695,
cn12,0.1869736639189471,0.16873190637626323,0.003297939006009276,0.44738445467978205,0.13009759887622319,0.1968698752300131,0.0,
B54,0.49719273990197377,0.408750147179742,0.39224847024237264,0.6874026954832608,0.4705036210333735,0.49719273990197377,0.3385493120001942,
