,job208_scenario0_373,job222_scenario4_401,job227_scenario4_414,job229_scenario1_416,job230_scenario1_417,job232_scenario0_420,job233_scenario4_421,
in27,0.0617534738536315,0.20845171312397104,0.1319543090331794,0.1447851086127726,0.10883514267958783,0.0,0.19020995558128717,
B14,0.33235170654569723,0.5074968113848461,0.6275059317865855,0.6773142170087771,0.3488533834830666,0.34040602215715043,0.48710426142748986,
B11,0.2968943058462027,0.48710426142748986,0.5306159777384376,0.46886250388480605,0.4106068573366982,0.31021907598302667,0.5888716242865455,
cn12,0.1937077828868108,0.5074968113848461,0.5074968113848461,0.3874876909831067,0.3246554811608905,0.204646360759151,0.4372959762052983,
B54,0.1867813967555293,0.48710426142748986,0.39866166870525827,0.317286855803559,0.317286855803559,0.15864342790177943,0.317286855803559,
