,job735_scenario4_1588,
in27,0.42535078757385836,
B14,0.3755425023516668,
B11,0.6857615783346934,
cn12,0.21689907444988732,
B54,0.0,
