,job117_scenario0_226,job122_scenario0_234,job129_scenario0_244,job132_scenario0_249,job135_scenario0_254,job145_scenario4_270,job146_scenario4_271,job149_scenario4_275,job150_scenario2_276,job151_scenario1_277,
in27,0.46547861969814663,0.5171586697760444,0.5502373167865056,0.4770253350515916,0.5171586697760444,0.6796074500426438,0.7813748129016994,0.7231191663535914,0.5694945409519704,0.6297991648204522,
B14,0.5799908795982607,0.5694945409519704,0.5595983296409045,0.5329092107723044,0.6297991648204522,0.6448640155625905,0.869817405623931,0.8200091204017395,0.7813748129016994,0.6031100459518521,
B11,0.32694871419475724,0.34269925519101707,0.30572176954841856,0.3792845853706832,0.3125123090168933,0.6796074500426438,0.5329092107723044,0.7498082852221917,0.45465405998130337,0.4893974944613565,
cn12,0.02975356281175512,0.015895243522748403,0.019257224165464937,0.0,0.012597304516739127,0.3399726387947818,0.24308268474663386,0.269771803615234,0.19020995558128728,0.164827533955633,
B54,0.5911648573204122,0.5799908795982607,0.6297991648204522,0.5911648573204122,0.6159408455314452,0.7231191663535914,0.7813748129016994,0.7231191663535914,0.8200091204017395,1.0600273612052182,
