,job318_scenario0_592,job325_scenario0_602,job330_scenario3_611,job334_scenario0_620,job337_scenario2_626,
in27,0.5283819265758923,0.5496088712222309,0.7555693677997779,0.5573050966070376,0.6938158939461465,
B14,0.3619265015946781,0.3520302902836121,0.6124410810444472,0.38359681796311984,0.6124410810444472,
B11,0.1849395010559164,0.1768851854444632,0.43340510318531145,0.14142778474496864,0.24319514760402428,
cn12,0.013073118111611493,0.013073118111611493,0.24972937827237351,0.0,0.1751451048391488,
B54,0.3022220050614205,0.2320211698818727,0.39554200659455974,0.31728685580355886,0.2524137198392289,
