,job775_scenario3_1687,job776_scenario2_1688,
in27,0.08137481290169934,0.0,
B14,0.5351724660443671,0.5849807512665587,
B11,0.14312828675533085,0.0996165704443831,
cn12,0.24807255641493187,0.0751907068478459,
B54,0.4511133115758123,0.5351724660443671,
