,job318_scenario0_592,job330_scenario3_611,job334_scenario0_620,job338_scenario1_628,job339_scenario1_629,job340_scenario3_632,job341_scenario0_634,
in27,0.0,0.22718744122388568,0.028923170031145307,0.0952331321907064,0.16543396737025418,0.22718744122388568,0.028923170031145307,
B14,0.48872616146489223,0.7392407409146613,0.5103964778333341,0.7392407409146613,0.5640956360755124,0.7006064334146213,0.4694689372994274,
B11,0.4521408312852262,0.7006064334146213,0.40862911497427845,0.7006064334146213,0.7006064334146213,0.8592498613164007,0.444086515673773,
cn12,0.29851620588360506,0.5351724660443671,0.28544308777199356,0.46058819261114237,0.4290216649316346,0.549030785333374,0.3201865222520468,
B54,0.30901254452989524,0.4023325460630345,0.3240773952720336,0.42902166493163474,0.340579072209403,0.42902166493163474,0.24870792066141345,
