,job635_scenario1_1306,job644_scenario3_1327,job645_scenario4_1329,
in27,0.052335871175925974,0.1456558727090651,0.36255494715895253,
B14,0.15927187346605387,0.22102534731968537,0.17751363100873763,
B11,0.6361886929623131,0.7828869322326526,0.6628778118309132,
cn12,0.0,0.09878217575540094,0.18284133022395554,
B54,0.694444339510421,0.5926769766513653,0.8530877674122004,
