,job241_scenario1_438,job242_scenario0_439,job252_scenario3_458,job253_scenario2_459,job254_scenario1_461,job255_scenario0_462,job256_scenario1_464,job257_scenario1_466,
in27,0.49719273990197377,0.3317587725317196,0.7056444530259448,0.40532158835398424,0.5589462137556054,0.3189279729521265,0.5358270474020139,0.4517678929334591,
B14,0.7056444530259448,0.5856353326242055,0.9660552437867799,0.8074118158850004,0.6419778485147463,0.5673935750815216,1.0860643641885193,0.6060278825815617,
B11,0.687402695483261,0.5856353326242055,0.8074118158850004,0.6060278825815617,0.6291470489351532,0.49719273990197377,0.6172018603037133,0.6709010185458916,
cn12,0.1968698752300131,0.0,0.257174499098495,0.15223022943889397,0.15223022943889397,0.0,0.16873190637626334,0.16028454505034706,
B54,0.7758452882054927,0.6172018603037133,0.726037002983301,0.9660552437867799,0.7758452882054927,0.5508918981441522,0.7056444530259448,1.0860643641885193,
