,job851_scenario4_1917,
in27,0.3488533834830667,
B14,0.21498594379232033,
B11,0.17903597785913566,
cn12,0.38041991116257445,
B54,0.0,
