,job1036_scenario2_2759,
in27,0.22495339006134046,
B14,0.4151633456426277,
B11,0.4151633456426277,
cn12,0.2137794123391889,
B54,0.0,
