,job600_scenario3_1199,job604_scenario1_1207,job606_scenario2_1214,job607_scenario4_1217,
in27,0.9979520961689714,0.60157474246324,0.4306379803438941,0.21060250553864335,
B14,0.7691078330876442,0.3846756680133528,0.4804462655660857,0.0,
B11,1.117961216570711,0.7335290514964194,0.5052222537771188,0.33061162594038274,
cn12,0.6490987126859048,0.3846756680133528,0.16086617672866022,0.1719681980386033,
B54,0.7895003830450004,0.7602181703650197,0.6390896934678653,0.41905421866261444,
