,job634_scenario0_1302,job635_scenario1_1306,
in27,0.14055288361080465,0.05438484849629999,
B14,0.5144385641050297,0.4228595710274345,
B11,0.5063842484935765,0.484613044881066,
cn12,0.07226517908882368,0.0,
B54,0.6815293533327254,0.5428686914291739,
