,job470_scenario2_916,job471_scenario4_917,job473_scenario1_920,job474_scenario2_921,
in27,0.7258852217244549,0.7394485798559848,0.27158476848298657,0.260410790760835,
B14,0.6325652201913157,0.6580737669542853,0.430228196384766,0.34178560366253435,
B11,0.28371183670824895,0.46786381137299826,0.01506485074213837,0.0,
cn12,0.5722605963228338,0.6194394594542454,0.23065722794907995,0.20527480632342554,
B54,0.6325652201913157,0.41805552615080654,0.16352083671268702,0.260410790760835,
