,job901_scenario1_2062,
in27,0.6421084683344951,
B14,0.680742775834535,
B11,0.7740627773676743,
cn12,0.0,
B54,1.110970972219301,
