,job795_scenario4_1754,job797_scenario1_1760,
in27,0.47150289774551407,0.11264049504440776,
B14,1.0919410497115674,0.35265873584788654,
B11,0.7817219737285407,0.1689830109349486,
cn12,0.4715028977455142,0.0,
B54,0.8132885014080484,0.45442609870694217,
