,job835_scenario4_1879,job837_scenario1_1881,job838_scenario0_1882,job840_scenario1_1890,job841_scenario1_1891,job842_scenario1_1892,
in27,1.0290294863976144,0.9827402727658907,0.9201393646778848,0.6995605833286511,0.515308808464281,0.6224871292864271,
B14,1.3531068816696479,1.1294385120362302,0.9405319146352409,0.7880031760508829,0.5291671277532879,0.44072453503105624,
B11,1.113088640866169,1.10274939316763,0.8564727601666862,0.717802340871335,0.5607336554327957,0.5607336554327957,
cn12,0.5473361829332151,0.4802622638812028,0.2851045700742514,0.08649105671992963,0.04644630457947507,0.0,
B54,1.1362078072197606,1.1294385120362302,0.9517058923573924,0.9080122964526223,0.8393862037363146,0.7691853685567667,
