,job665_scenario1_1386,job666_scenario0_1387,job667_scenario1_1388,job670_scenario1_1396,
in27,0.43805390575055314,0.3043112882125022,0.3435533321117834,0.026689118868600037,
B14,1.0230346570171116,0.8250473490790056,1.1187440389596293,0.7022632552720628,
B11,0.9732263717949201,0.8725624012673305,0.9435989341204803,0.5436198273702832,
cn12,0.5313739072836925,0.3005877777602747,0.42492814501348275,0.0,
B54,0.8145829438931407,0.7121060084977984,0.928534083378342,0.4734189921907355,
