,job401_scenario0_764,
in27,0.7046317814416516,
B14,0.8411425787807605,
B11,0.2642161431256549,
cn12,0.0,
B54,0.43569037060702764,
