,job118_scenario2_227,job123_scenario1_236,job124_scenario2_239,job125_scenario2_240,job126_scenario3_241,job127_scenario1_242,job128_scenario0_243,
in27,0.7935129875191481,0.7479508556800316,0.580732267691767,0.5080490359631685,0.42684048905377325,0.33782184638010926,0.2178127259783701,
B14,0.8139055374765043,0.5514443311875005,0.4811156972473839,0.5017524670519246,0.44723303901112943,0.3399726387947817,0.20346184145567292,
B11,1.2388060346460525,1.0314808127944581,1.0976629761934502,0.888468947125743,1.1174794761993743,0.6081288484520103,0.5888716242865455,
cn12,0.7455176671647091,0.5324313627355283,0.49761737418475327,0.5213738060999924,0.3587904462888978,0.2199635183930423,0.0,
B54,1.3170611854370533,1.2097455797443053,1.0394073296453423,1.1284871879292218,0.900580401749487,0.8586434279017794,0.6684334723204921,
