,job676_scenario1_1412,job677_scenario1_1415,
in27,0.3830623409607071,0.13825087794442326,
B14,0.6804506173641406,0.4372959762052983,
B11,0.7773405714122885,0.4372959762052983,
cn12,0.22003547480525076,0.0,
B54,0.6186971435105091,0.2400182408034789,
