,job46_scenario4_90,job48_scenario1_98,job50_scenario3_100,job51_scenario1_101,job52_scenario2_102,job53_scenario4_105,job54_scenario1_106,job55_scenario2_108,job56_scenario1_109,
in27,1.0319001116318594,0.8152573280752625,1.2191525294783343,0.7653341671706331,0.7119007239570326,0.5998181204061775,0.6390896934678653,0.3986616687052582,0.27865254830351893,
B14,1.1785983509021989,0.9491247677660088,0.9089334534953077,0.9169098152518803,0.8901654909068799,0.9367263152578043,0.7204645063695646,0.3986616687052582,0.363918234225205,
B11,1.1785983509021989,0.9224356488974087,0.9089334534953077,0.7653341671706331,0.831909844358772,0.8167171948560649,0.5302545507882774,0.4421733850162059,0.3804199111625744,
cn12,0.6599275617952012,0.4378226040163427,0.5102717847900493,0.40711977083316764,0.41012900929992224,0.39766297619345037,0.2017937172625669,0.043511716310947746,0.0,
B54,1.0901557581799672,0.8291156473642695,1.0991434090765948,0.9169098152518803,0.7119007239570326,0.9367263152578043,0.7590988138696046,0.5004290315643138,0.4421733850162059,
