,job960_scenario2_2346,
in27,0.21109507077233347,
B14,0.4853641808221754,
B11,0.38847422677402754,
cn12,0.3548587217741458,
B54,0.0,
