,job234_scenario1_423,job236_scenario1_430,
in27,0.4781790520647977,0.0,
B14,1.3772697523343698,0.6773142170087771,
B11,1.0172423911291515,0.6275059317865854,
cn12,0.8972332707274122,0.48710426142748997,
B54,0.7617090091792241,0.3404060221571503,
