,job184_scenario2_328,job185_scenario1_329,job187_scenario2_334,
in27,0.6957705975527331,0.6206200315598757,0.3600273612052183,
B14,0.9855971235784035,0.8992725798633946,0.4365247652960099,
B11,0.30372641826369695,0.2521453090287412,0.0,
cn12,0.44023721560280576,0.3602092407990407,0.02850208373635288,
B54,0.7771454104544324,0.8606382723633546,0.4800364816069576,
