,job371_scenario0_690,job373_scenario4_695,job374_scenario0_696,job377_scenario0_703,job379_scenario1_706,
in27,1.0097338102903641,1.3333500312934032,0.9858000059906344,0.6927033310548768,0.5992112073197147,
B14,1.088815390158197,1.2835417460712117,1.0356082912128262,0.7281607317543713,0.8032794821900089,
B11,0.8012820971663931,1.0048891977676928,0.714215237507648,0.4730776402087542,0.3881161365473812,
cn12,0.34685599845945103,0.6437831005938899,0.2877857139652049,0.043150289360787575,0.0,
B54,0.9643089633218495,0.9733226700881852,0.884032643131579,0.5825904219642034,0.6628778118309132,
