,job413_scenario3_789,job417_scenario4_799,job418_scenario1_800,job420_scenario2_802,job421_scenario3_803,
in27,0.8366316708067757,0.4390239000897257,0.21788468239057857,0.02941573526483543,0.18805916316661486,
B14,0.7685816280419003,0.3772704262360942,0.4214194081086895,0.20138393330343873,0.12000912040173939,
B11,0.6170059799606532,0.3394073296453425,0.2035337978678814,0.0,0.08844259272223165,
cn12,1.1672432967471587,0.7759320949413524,0.5635611590730996,0.3435256842678488,0.5684790743291893,
B54,1.0703533426990106,1.0363428857021875,0.7387062639122485,0.5684790743291893,0.5417899554605892,
