,job207_scenario2_369,job208_scenario0_373,job209_scenario1_374,job210_scenario0_375,job211_scenario1_376,job212_scenario1_378,job213_scenario4_380,job214_scenario3_381,job215_scenario2_382,
in27,0.615488040792389,0.48358266592144933,0.7084581021279093,0.40306122947939005,0.48540575377119505,0.4041972068617997,0.34942943343449906,0.23372167189223503,0.070200835179548,
B14,1.1545513798567428,0.6657383058912834,0.9373023652092366,0.6705398000607574,1.1197022250262552,0.6580737669542854,0.4845034045783767,0.36217815361989064,0.4821872740216301,
B11,0.5572323942442811,0.24986099402921447,0.30636787459689296,0.24303822007222664,0.40237411901205405,0.2594120982490272,0.24059429075491112,0.19020995558128717,0.0,
cn12,0.7558897111514845,0.527094382232397,0.7084581021279093,0.46983350583317995,0.5925840745933413,0.5287036336981472,0.4694385538362384,0.38041991116257445,0.2421690332181512,
B54,0.6043140630702374,0.4001588756993761,0.530193335178062,0.36032072407773075,0.36539663336945577,0.7282746021338333,0.2792285982549513,0.2604107907608352,0.09059338513690407,
