,job651_scenario2_1351,
in27,0.09332000153313927,
B14,0.0,
B11,0.2400182408034788,
cn12,0.040447272367792664,
B54,0.31021907598302656,
