,job671_scenario1_1397,job675_scenario0_1409,
in27,0.7493318395269024,0.13792995743944514,
B14,1.3466508251393643,0.5791896909271685,
B11,1.0364317491563377,0.24358819331848758,
cn12,0.6286370288710414,0.0,
B54,1.2062491547802685,0.6738163897032535,
