,job268_scenario2_489,job270_scenario1_491,job273_scenario1_498,job274_scenario1_503,job275_scenario2_504,
in27,1.037933241766946,1.0296648506440957,0.8748065754118687,0.5518941386439471,0.565752457932954,
B14,1.259709725027741,1.2310487839475344,1.1148248162153476,0.6155607431551455,0.7559624135142412,
B11,0.7481067157412755,0.8190623451054523,0.629460635393172,0.27059823269206573,0.37554250235166686,
cn12,0.6006372655616476,0.5221680392592496,0.36730976402702253,0.05825564654810789,0.0,
B54,1.0379332417669458,1.0527840169976872,0.8979257417654601,0.5973189856124617,0.5159441727107623,
