,job70_scenario0_128,job73_scenario0_134,job74_scenario0_137,job75_scenario1_140,job77_scenario1_142,job78_scenario1_144,job79_scenario0_148,
in27,0.613324770136824,0.5563245625531094,0.49358703401802684,0.7084581021279093,0.4854057537711949,0.41805552615080654,0.0,
B14,1.2003834295556166,1.1520659831476299,1.0602531434794633,1.0280381909653347,0.9487494936104328,1.1180555261508065,0.6235025959092082,
B11,0.6702008351795478,0.5656855754075082,0.5697203232262156,0.6160517521232527,0.5086250859146009,0.4772248242273972,0.037122188169086634,
cn12,0.9963151546853225,0.9282405225664608,0.870043187898176,0.9617282288057737,0.9294922694449679,0.8229013009099182,0.41017347397432946,
B54,1.2363333954888014,1.1520659831476299,1.1165956593700042,1.218248146546622,1.2490723582823935,1.1180555261508065,0.5799908795982606,
