,job260_scenario4_476,job263_scenario1_481,job265_scenario0_484,job266_scenario1_486,
in27,0.7375094898509167,0.7573259898568405,0.2249533900613404,0.17456905488771657,
B14,1.2948145864579543,1.067545065839867,0.8026510366257342,0.763440679174262,
B11,1.2450063012357626,1.1292985396934987,0.7475150521883248,0.763440679174262,
cn12,0.6192404500544917,0.380796951714253,0.0,0.028697244694208868,
B54,0.8961529177526961,0.8773351102585799,0.403989367920476,0.4349798456485515,
