,job118_scenario2_227,job123_scenario1_236,job124_scenario2_239,job127_scenario1_242,job128_scenario0_243,job129_scenario0_244,job130_scenario3_246,job131_scenario2_247,
in27,0.6702008351795478,0.6704722194624899,0.5515547548314442,0.49216354983222,0.3274621410139026,0.26048274717304354,0.2715847684829866,0.13507397114387776,
B14,0.63863430750004,0.4220066173330949,0.3999791067501971,0.4423552646100284,0.2611521788543416,0.11826811194619524,0.20845171312397115,0.0,
B11,1.0137265194473966,0.852234813717861,0.9667181004740719,0.6607031890450654,0.5967536764630226,0.48482970381976265,0.8288898650900243,0.39866166870525827,
cn12,0.6088807446882849,0.44162795638116276,0.4551150911876065,0.36098045170832904,0.09632464489870873,0.057963488077713454,0.049808285222191606,0.07458427343322482,
B54,0.971972549836658,0.9104904602659688,0.7884533335242245,0.7912086480930951,0.5563064040952299,0.4986880231087697,0.34885338348306666,0.39866166870525827,
