,job203_scenario1_363,job207_scenario2_369,job208_scenario0_373,job209_scenario1_374,job210_scenario0_375,job211_scenario1_376,job212_scenario1_378,
in27,1.106477255089052,0.8139566301047267,0.6379761781544063,0.8417494918672234,0.5054785625772443,0.5374885966011138,0.39866166870525827,
B14,1.0482216085409441,1.1628100135877935,0.6299218625429531,0.8803837993672634,0.5827471775773244,0.9815751122748867,0.46232827321645675,
B11,0.5606233765562235,0.5018244234641331,0.15037794616968558,0.18578270424372134,0.0915789930775952,0.2005804017494871,0.0,
cn12,0.8664590142855733,0.764148344882535,0.4912779388840667,0.6515395362859362,0.38204088334974695,0.4544569618419728,0.33295813996031853,
B54,0.6264407734820945,0.5241301040790562,0.27589983962881404,0.38483217661385716,0.1840855088720661,0.1388269278958555,0.44408651567377294,
