,job429_scenario2_825,
in27,0.0,
B14,0.4800364816069576,
B11,0.5298447668291493,
cn12,0.07087847425540905,
B54,0.42490049716954814,
