,job216_scenario1_386,job218_scenario1_388,job219_scenario4_395,job220_scenario0_398,job221_scenario1_400,
in27,0.862982401481049,0.8321083448395893,0.98084255372295,0.3600273612052183,0.32158821466303433,
B14,0.8501516019014559,0.7961583789064046,0.6208151925177319,0.35323682173674353,0.2282682131298951,
B11,0.8919055715121943,0.8073323566285562,0.7639434792730626,0.3986616687052582,0.3096430260315944,
cn12,0.6229641606775702,0.49330792828070963,0.6706234777399234,0.0,0.03805825754860781,
B54,0.5483798872443455,0.6059484233251173,0.3604044017568968,0.10038778135367155,0.17845992790770338,
