,job906_scenario1_2076,job909_scenario2_2084,
in27,0.1406999710395338,0.0,
B14,0.5478090010707084,0.6036155545237056,
B11,0.7064524289724878,0.32496300622018687,
cn12,0.16738908990813395,0.03513648019451643,
B54,0.44604163821165277,0.4337981488997747,
