,job490_scenario2_958,job493_scenario0_968,
in27,1.0265127455798582,0.6128184220500361,
B14,0.8482479786300108,0.325718512420601,
B11,0.7549279770968715,0.23826810902038065,
cn12,0.5659245529687157,0.0,
B54,1.4251744142851164,0.6626267072722278,
