,job279_scenario2_512,job283_scenario1_522,job284_scenario0_523,job285_scenario0_525,job286_scenario3_528,
in27,0.42007257001075504,0.17940032540096362,0.0037237106230785244,0.0,0.006690739268853663,
B14,0.7956150723624219,0.5363080244954834,0.346042863437796,0.2885487596145848,0.2853432875723726,
B11,0.6552134020033262,0.5629971433640836,0.31129942895774265,0.29904509826087505,0.40535240797411193,
cn12,0.5451004929126528,0.3727871877827964,0.1657291191675747,0.12000912040173939,0.1969006948501409,
B54,0.698725118314274,0.6331979785436314,0.3776093911173037,0.2885487596145848,0.31690981525188033,
