,job608_scenario1_1230,
in27,0.0,
B14,0.3693883740596171,
B11,0.06570352874493979,
cn12,0.24937925365787783,
B54,0.5097900444187128,
