,job331_scenario4_615,job334_scenario0_620,job335_scenario2_624,
in27,0.43802197229012757,0.1390940811322281,0.03658533017966603,
B14,0.9467965500860593,0.6959368635450371,0.6084929633346133,
B11,0.7067783092825806,0.16394130430121567,0.0,
cn12,0.9467965500860593,0.4709834734836966,0.3600273612052183,
B54,1.1370065056673466,0.7496360217872154,0.5769264356551056,
