,job184_scenario2_328,job185_scenario1_329,job186_scenario0_333,
in27,0.8332715144188929,0.7499449185022748,0.414035416162456,
B14,1.1230980404445634,1.0285974668057938,0.510925370210604,
B11,0.8981446503832229,0.8383875112245065,0.5220993479327556,
cn12,0.5461716047894578,0.45796760006193216,0.0,
B54,0.9146463273205923,0.9899631593057537,0.5468753361437886,
