,job74_scenario0_137,job75_scenario1_140,job78_scenario1_144,job79_scenario0_148,job80_scenario1_153,
in27,0.6795111045251235,0.9216473943358251,0.707952391122241,0.4770249162245088,0.3062124312684119,
B14,1.1666153659526135,1.161665635139304,1.3283905430882943,1.0209656640997702,0.8283117792011674,
B11,0.7613482316210517,0.8349448822189078,0.7728255270865709,0.5198509422813348,0.4131484335585398,
cn12,0.3135275985404128,0.4324778611488296,0.3703585060164927,0.14475873033397813,0.0,
B54,1.2229578818431543,1.3518755907205913,1.3283905430882943,0.9774539477888226,1.0367634923251385,
