,job574_scenario0_1152,job577_scenario4_1158,job578_scenario2_1162,
in27,0.4429313145614604,0.45591862274155814,0.17826476694984716,
B14,1.019857750216566,1.1149910822076514,0.7671363912363927,
B11,0.8998486298148267,0.9949819618059119,0.5973189856124617,
cn12,0.19140126848891037,0.2637955365027038,0.0,
B54,1.019857750216566,0.9949819618059119,0.7671363912363927,
