,job385_scenario4_731,job386_scenario4_733,
in27,0.4412019283511751,0.32846083352571054,
B14,0.23275021522720396,0.12000912040173939,
B11,0.5114027635307228,0.3600273612052183,
cn12,0.3710010931716272,0.24001824080347883,
B54,0.271384522727244,0.12000912040173939,
B51,0.03136628192376523,0.0,
os4,0.47276845603068285,0.25825999834616264,
