,job381_scenario1_722,job382_scenario1_723,job383_scenario0_725,
in27,0.4391011983494443,0.3882167363284379,0.13333389053856337,
B14,0.4889094835716359,0.493161005988039,0.19020995558128728,
B11,0.41241207948084413,0.30295105040675174,0.020392549957356176,
cn12,0.3787965744809625,0.30295105040675185,0.0,
B54,0.749320274332471,0.46647188711943877,0.24655247147182807,
B51,0.470667726028952,0.3592935662972926,0.29197731844034275,
os4,0.4889094835716359,0.3592935662972926,0.2106025055386434,
