,job729_scenario0_1555,job730_scenario2_1559,
in27,0.0787839503805896,0.0,
B14,0.6668843637578467,0.7200547224104363,
B11,0.6086287172097389,0.4661781623179507,
cn12,0.4419309736965062,0.4098356464274099,
B54,0.7370851989373944,0.7200547224104363,
B51,0.6916603519688798,0.4661781623179507,
os4,0.6259568232239401,0.7902555575899842,
