,job284_scenario3_541,
in27,0.0,
B14,0.36359731372022697,
B11,0.3951638413997347,
cn12,0.20495388581844748,
B54,0.24358819331848752,
B51,0.43379814889977475,
os4,0.3137890284980353,
