,job341_scenario3_650,
in27,0.0,
B14,0.4071090300311746,
B11,0.4071090300311746,
cn12,0.45691731525336615,
B54,0.19020995558128723,
B51,0.36847472253113456,
os4,0.3369081948516268,
