,job825_scenario4_1824,
in27,0.0782551507910009,
B14,0.17514510483914886,
B11,0.29515422524088825,
cn12,0.0,
B54,0.13651079733910884,
B51,0.13651079733910884,
os4,0.17514510483914886,
