,job368_scenario0_702,job369_scenario2_704,
in27,0.2725769578049978,0.31260969274839384,
B14,0.36504616370537657,0.5526279335518727,
B11,0.32846083352571054,0.32767454349053216,
cn12,0.1617630900124779,0.2987513734593869,
B54,0.0,0.0655236721243827,
B51,0.3986616687052583,0.28592057387979375,
os4,0.3867164800738183,0.6228287687314205,
