,job639_scenario4_1324,job640_scenario4_1332,
in27,0.3280358425451629,0.051566031922400724,
B14,0.3697898121559014,0.07020083517954778,
B11,0.8235874652985691,0.7253824216256543,
cn12,0.3933592689138031,0.0,
B54,0.8733957505207607,0.6053733012239149,
B51,0.8733957505207607,0.44672987332213543,
os4,0.8235874652985691,0.4853641808221755,
