,job495_scenario3_971,
in27,0.0,
B14,0.3404060221571504,
B11,0.4871042614274899,
cn12,0.3404060221571504,
B54,0.018241757542683867,
B51,0.1768851854444633,
os4,0.6773142170087771,
