,job308_scenario2_587,job309_scenario2_590,job311_scenario0_592,
in27,0.350219308245838,0.20118368754769622,0.0,
B14,1.0092917677119313,0.9304569821933373,0.5672013079181036,
B11,0.819081812130644,0.6202379062103107,0.402552541725245,
cn12,0.8289780234417099,0.6276065315676422,0.3736293716940997,
B54,0.7692735269084525,0.6202379062103107,0.38748769098310665,
B51,0.5719957915066329,0.4615944783085312,0.299045098260875,
os4,1.3195108436949579,1.0504661025950766,0.5479440837526388,
