,job253_scenario3_487,job258_scenario0_495,job259_scenario0_496,job260_scenario1_497,job262_scenario1_500,job263_scenario2_501,
in27,0.5176879550241271,0.14722447969015828,0.10313328762182694,0.22548218965092914,0.0,0.0,
B14,0.8777153162293454,0.5280211843917948,0.48847018619026134,0.5925773306766797,0.44846995392744987,0.44846995392744987,
B11,1.226568699712412,0.6735914941819627,0.6439367072914952,0.7827872862579668,0.5369125466496815,0.4871042614274899,
cn12,1.0363587441311248,0.5181249730807287,0.4917064778526013,0.6330246030444724,0.3986616687052582,0.40754241339354325,
B54,0.9163496237293853,0.6585266434398245,0.6604383842288646,0.7441529787579267,0.46041514255888977,0.4871042614274899,
B51,1.226568699712412,0.793600614583702,0.780447504630604,0.7623947363006105,0.4871042614274899,0.5021691121696282,
os4,0.8461487885498377,0.5280211843917948,0.5088627361476175,0.5721847807193232,0.4871042614274899,0.4871042614274899,
