,job231_scenario4_454,job233_scenario2_457,job234_scenario1_459,job235_scenario0_460,job236_scenario3_461,
in27,0.914215408551825,0.7449381799353223,0.6321970851098578,0.3994468698826539,0.6946010951235422,
B14,1.180922768223904,1.063211571529802,0.927351310350746,0.6841047564772519,0.8959850284269809,
B11,1.3711327238051914,1.0196998552188543,0.8722153259133366,0.6244002599439943,0.9844276211492125,
cn12,0.6637008291020561,0.42955046452122336,0.2870558068840039,0.0,0.2689414108346242,
B54,1.180922768223904,1.16010152557795,1.0087261232524454,0.7444093803457337,0.7942176655679253,
B51,0.8910962421982336,0.5495595849229626,0.5121879647081184,0.35769290027191536,0.8146102155252815,
os4,0.9724710550999329,0.9312572624966228,0.628306212089871,0.4271225245421748,0.5590768335753541,
