,job773_scenario1_1680,
in27,0.33525137299418495,
B14,0.42369396571641654,
B11,0.3889505312363633,
cn12,0.2854430877719933,
B54,0.4440865156737728,
B51,0.0,
os4,0.5254613285754721,
