,job1_scenario1_2,
in27,0.15157564808124707,
B14,0.15157564808124707,
B11,0.16981740562393088,
cn12,0.03156652767950763,
B54,0.0,
B51,0.07020083517954773,
os4,0.16981740562393088,
