,job479_scenario3_939,job481_scenario0_942,
in27,0.4257764282126204,0.0,
B14,0.794251150743755,0.3844232470399518,
B11,0.794251150743755,0.35134460002949064,
cn12,0.6577403534046461,0.21347051562412944,
B54,0.7626846230642472,0.4253507875738584,
B51,0.9528945786455344,0.4955516227534062,
os4,0.8826937434659865,0.39378425989435073,
