,job259_scenario0_496,job262_scenario1_500,job264_scenario2_503,job265_scenario4_504,job266_scenario3_507,
in27,0.20468756138861832,0.28981514860783086,0.1285922356027811,0.15200128872000918,0.1817625942553709,
B14,0.7184809416847084,0.8667415842629365,0.8641620991596661,0.697361196695607,0.5186707891069977,
B11,0.683737507204655,0.7649742214038808,0.6392087090983256,0.7289277243751148,0.638679909508737,
cn12,0.06264477388095502,0.15786083957465147,0.10547306924918964,0.12355442315119991,0.0,
B54,0.6300383489624766,0.6182759821335413,0.5539430231766396,0.5387177687938275,0.32846083352571054,
B51,0.4833401096921371,0.37825774133006246,0.2605465446359605,0.33376388297538007,0.3719725498366581,
os4,0.7388734916420645,0.9053758917629764,1.0543720547409534,0.6706720778270068,0.5502373167865054,
