,job834_scenario1_1860,
in27,0.4125199879942652,
B14,0.5640956360755124,
B11,0.46232827321645675,
cn12,0.3240773952720335,
B54,0.5325291083960046,
B51,0.0,
os4,0.482720823173813,
