,job794_scenario0_1732,
in27,0.36359731372022674,
B14,0.41340559894241846,
B11,0.36359731372022674,
cn12,0.24001824080347867,
B54,0.0,
B51,0.2049538858184473,
os4,0.16402634528454063,
