,job618_scenario0_1273,
in27,0.23295046098294658,
B14,0.28046551317127155,
B11,0.25508309154561715,
cn12,0.11294134058120708,
B54,0.0,
B51,0.01506485074213837,
os4,0.09961657044438332,
