,job483_scenario0_945,job487_scenario2_953,
in27,0.4929758393581863,0.2812959059518813,
B14,0.28452412623421525,0.13651079733910876,
B11,0.5538156616833352,0.31021907598302656,
cn12,0.3697898121559014,0.24534594001869664,
B54,0.37950094962479614,0.1751451048391489,
B51,0.2733501485120637,0.0,
os4,0.5730728858488001,0.4853641808221755,
