,job639_scenario4_1324,
in27,0.0,
B14,0.056342515890540956,
B11,0.5390633390643539,
cn12,0.05902685745739622,
B54,0.5888716242865455,
B51,0.5888716242865455,
os4,0.5390633390643539,
