,job29_scenario1_60,job30_scenario1_62,job32_scenario0_64,
in27,0.3909161570211832,0.246608534516211,0.0,
B14,0.8099703756837977,0.7786040937600326,0.43472550281937417,
B11,0.8330895420373892,0.7470375660805249,0.3942782304515814,
cn12,0.6695687053247021,0.5385858529565537,0.2506996532919403,
B54,0.9299794960855371,0.7470375660805249,0.5142873508533208,
B51,0.5495595849229629,0.39818418259745814,0.3240773952720337,
os4,0.8099703756837977,0.676836730900977,0.4440865156737731,
