,job167_scenario4_346,
in27,0.40484577475911165,
B14,0.6297991648204521,
B11,0.0,
cn12,0.21463581917782448,
B54,0.23113749611519385,
B51,0.6297991648204521,
os4,0.421347451696481,
