,job171_scenario3_352,job173_scenario3_355,
in27,0.5654068876624276,0.21689907444988737,
B14,0.37519693208114047,0.3369081948516268,
B11,0.1351786912776618,0.02668911886860026,
cn12,0.34045349760108723,0.24001824080347883,
B54,0.2867543393589088,0.1466982392703396,
B51,0.19152120716820253,0.01283079957959321,
os4,0.17869040758860932,0.0,
