,job131_scenario1_275,job134_scenario2_279,
in27,0.3107478755726152,0.0,
B14,0.5837694702508329,0.44672987332213543,
B11,0.8806637760970355,0.6369398289034227,
cn12,0.7512936428408974,0.5555650160017234,
B54,1.0708737316783228,0.7253824216256544,
B51,0.40183382594320927,0.10098216168166008,
os4,0.6224037777508729,0.7569489493051621,
