,job638_scenario1_1321,job639_scenario4_1324,
in27,0.09077997415003392,0.0,
B14,0.12083107366135049,0.07356281582226443,
B11,0.6317564438719547,0.6027299435755524,
cn12,0.018686917263233127,0.05249262678904698,
B54,0.6815647290941464,0.6525382287977439,
B51,0.47311301597017524,0.5325291083960045,
os4,0.35310389556843585,0.36271170277207354,
