,job30_scenario1_62,job31_scenario1_63,job32_scenario0_64,job37_scenario1_77,job38_scenario0_78,job39_scenario3_79,job44_scenario1_89,job47_scenario3_92,job48_scenario2_94,job49_scenario1_95,job50_scenario2_96,
in27,0.12000912040173939,0.12000912040173939,0.0,0.1737082786439178,0.024775988211032995,0.20845171312397093,0.19020995558128717,0.3102190759830266,0.12000912040173939,0.2519634294349188,0.20845171312397093,
B14,0.4688625038848061,0.3804199111625744,0.22884426308132721,0.41905421866261444,0.32216426461446657,0.4688625038848061,0.4421733850162059,0.3986616687052582,0.4421733850162059,0.4421733850162059,0.5004290315643138,
B11,0.2786525483035188,0.19020995558128717,0.08844259272223165,0.22884426308132733,0.09497682339058089,0.34885338348306666,0.26041079076083495,0.34885338348306666,0.22884426308132733,0.34885338348306666,0.2786525483035188,
