,job670_scenario0_1400,job671_scenario0_1401,job677_scenario2_1416,job678_scenario0_1417,job679_scenario3_1421,job680_scenario0_1422,job682_scenario0_1424,job683_scenario1_1425,job684_scenario1_1428,
in27,0.07956184803394661,0.06570352874493968,0.2311374961151938,0.04092754053390657,0.2311374961151938,0.07249406821341442,0.05916929807659044,0.19957096843568606,0.14976268321349445,
B14,0.029753562811755008,0.07956184803394672,0.2311374961151938,0.029753562811755008,0.19957096843568606,0.019257224165464826,0.0,0.029753562811755008,0.09462669877608498,
B11,0.07249406821341442,0.08693047339127824,0.21463581917782437,0.12000912040173939,0.26977180361523384,0.10268101438753818,0.029753562811755008,0.21463581917782437,0.3897809240169733,
