,job5_scenario0_11,job6_scenario1_13,job8_scenario4_18,job9_scenario1_19,
in27,0.0,0.04542484696851479,0.25387656009248594,0.13386743969074655,
B14,0.2637727714035518,0.3738856804942252,0.3738856804942252,0.47565304335328085,
B11,0.244515547238087,0.339142246014172,0.7543055916567997,0.339142246014172,
