,job416_scenario1_819,job417_scenario0_822,job423_scenario0_834,job424_scenario2_836,job425_scenario0_838,
in27,0.1376314262537054,0.017622305851966003,0.0,0.1376314262537054,0.05168005007789778,
B14,0.5714295751534801,0.5012287399739324,0.4745396211053322,0.5714295751534801,0.3962844703143312,
B11,0.5012287399739324,0.3962844703143312,0.3885882449295245,0.48737042068492537,0.3545305007035927,
