,job610_scenario0_1250,job612_scenario0_1260,job613_scenario0_1261,job616_scenario0_1269,job618_scenario0_1273,job619_scenario3_1274,job620_scenario0_1280,job621_scenario0_1283,job622_scenario2_1287,
in27,0.2538765600924855,0.2468087802719533,0.21524225259244556,0.24001824080347856,0.3240773952720334,0.5254613285754721,0.21524225259244556,0.268941410834624,0.3135810566257432,
B14,0.4756530433532805,0.4938948008959645,0.5254613285754721,0.48453378804156555,0.48453378804156555,0.6574156376086515,0.46720568202736434,0.5374065172069121,0.6342964712550601,
B11,0.05430559165679949,0.013858319289006826,0.006790539468474521,0.006790539468474521,0.0,0.204068274870294,0.0,0.05430559165679949,0.09523313219070617,
