,job765_scenario0_1663,job773_scenario1_1680,job774_scenario0_1684,job775_scenario0_1687,job778_scenario1_1693,job780_scenario0_1697,job783_scenario2_1703,
in27,0.299045098260875,0.43411906940475276,0.28518677897186806,0.27235597939227485,0.36924593344042284,0.3394923706286678,0.4051958993736075,
B14,0.36924593344042284,0.39236509979401435,0.41905421866261444,0.3587495947941326,0.468862503884806,0.3587495947941326,0.6590724594660933,
B11,0.0,0.15546652110123393,0.013324770136823982,0.02776117531468769,0.19020995558128717,0.0,0.14040167035909557,
