,job945_scenario3_2254,job946_scenario1_2255,job948_scenario1_2261,job949_scenario1_2263,
in27,0.1458126283221861,0.08405915446855461,0.08405915446855461,0.025803507920446833,
B14,0.08405915446855461,0.0,0.06366660451119843,0.0,
B11,0.48272082317381293,0.2925108675925257,0.38583086912566494,0.32407739527203344,
