,job1074_scenario4_2872,job1075_scenario0_2873,job1076_scenario2_2878,job1077_scenario1_2879,
in27,0.4372959762052982,0.3261676004918438,0.37904032965719037,0.5257385689275299,
B14,0.5959394041070777,0.40572944852579046,0.5573050966070376,0.40572944852579046,
B11,0.31728685580355875,0.0,0.06677227635378968,0.19727773540181937,
