,job1074_scenario4_2872,job1075_scenario0_2873,job1076_scenario2_2878,job1077_scenario1_2879,job1078_scenario1_2881,
in27,0.15864342790177938,0.04751505218832497,0.10038778135367155,0.24708602062401108,0.24708602062401108,
B14,0.31728685580355886,0.12707690022227164,0.2786525483035188,0.12707690022227164,0.19727773540181942,
B11,0.31728685580355886,0.0,0.0667722763537898,0.19727773540181942,0.1768851854444632,
