,job974_scenario0_2404,job975_scenario0_2407,
in27,0.0,0.02941573526483543,
B14,0.38314652755880974,0.3396348112478621,
B11,0.2898265260256704,0.31294569237926195,
