,job574_scenario1_1154,job577_scenario0_1162,job580_scenario4_1173,job583_scenario2_1182,
in27,0.08639361540185775,0.0,0.21689907444988737,0.1617630900124779,
B14,0.2982738873515868,0.06713639123639292,0.24001824080347883,0.2982738873515868,
B11,0.3369081948516268,0.026689118868600148,0.21689907444988737,0.17826476694984733,
