,job815_scenario4_1795,job818_scenario0_1808,job819_scenario1_1809,
in27,0.1768851854444633,0.0,0.24708602062401108,
B14,0.7973233374105165,0.6457476893292693,0.6955559745514609,
B11,0.7390676908624085,0.5573050966070376,0.6955559745514609,
