,job296_scenario2_569,job298_scenario0_571,job299_scenario0_572,job300_scenario0_573,job301_scenario1_575,job303_scenario2_580,job306_scenario0_584,job308_scenario2_587,job310_scenario2_591,job311_scenario0_592,job313_scenario2_594,job314_scenario0_595,job315_scenario1_596,job317_scenario1_599,
in27,0.3039225070717828,0.2808033407181913,0.22566735628078183,0.19020995558128728,0.29197731844034286,0.36217815361989064,0.19674418624963652,0.42393162747352214,0.29197731844034286,0.19674418624963652,0.2808033407181913,0.1662910808180773,0.3456764766825212,0.4008124611199307,
B14,0.36217815361989064,0.23372167189223503,0.31675330665137597,0.22566735628078183,0.38041991116257445,0.42393162747352214,0.2604107907608352,0.5208215815216701,0.4821872740216301,0.29197731844034286,0.42393162747352214,0.31675330665137597,0.5208215815216701,0.36217815361989064,
B11,0.1404016703590958,0.043511716310947746,0.03545740069949466,0.0,0.11371255149049553,0.10176736285905563,0.06083982232514895,0.1404016703590958,0.21060250553864357,0.020392549957356176,0.17196819803860341,0.03545740069949466,0.21060250553864357,0.11371255149049553,
