,job593_scenario0_1207,job595_scenario1_1215,job600_scenario2_1223,job602_scenario1_1229,job604_scenario0_1234,job605_scenario3_1235,job607_scenario0_1239,job608_scenario4_1240,
in27,0.09411970994275787,0.12568623762226555,0.12568623762226555,0.1793853958644439,0.0,0.28432966552404504,0.06743059107415772,0.1643205451223056,
B14,0.10401592125382375,0.1376314262537055,0.21412883034449715,0.25764054665544484,0.07587795240007389,0.3545305007035928,0.09411970994275787,0.1793853958644439,
B11,0.06743059107415772,0.12568623762226555,0.1376314262537055,0.1376314262537055,0.04431142472056615,0.23452138030185338,0.05168005007789778,0.3545305007035928,
