,job55_scenario1_115,job56_scenario2_117,job57_scenario1_121,
in27,0.527118150432914,0.40710903003117455,0.4457433375312146,
B14,0.4457433375312146,0.46886250388480605,0.42535078757385836,
B11,0.13195430903317928,0.011945188631439896,0.0,
