,job577_scenario0_1162,job583_scenario2_1182,job585_scenario1_1184,job587_scenario4_1187,job588_scenario0_1191,
in27,0.0,0.1617630900124779,0.05825564654810789,0.19650652449253114,0.026689118868600148,
B14,0.06713639123639292,0.2982738873515868,0.1617630900124779,0.13283991998133265,0.10806393177029955,
B11,0.026689118868600148,0.17826476694984733,0.1617630900124779,0.4569173152533662,0.04175396961073852,
