,job1164_scenario3_3411,job1165_scenario3_3414,
in27,0.04600293285737156,0.014436405177863931,
B14,0.0,0.10883514267958783,
B11,0.6275059317865855,0.317286855803559,
