,job75_scenario1_158,job76_scenario0_160,job82_scenario0_168,job84_scenario0_170,job85_scenario0_171,job92_scenario0_181,job93_scenario1_182,job94_scenario0_188,job98_scenario0_193,job99_scenario2_195,job100_scenario3_196,job101_scenario2_198,
in27,0.09523313219070628,0.013858319289006937,0.013858319289006937,0.0,0.006790539468474743,0.013858319289006937,0.13386743969074633,0.013858319289006937,0.013858319289006937,0.22718744122388557,0.3240773952720335,0.13386743969074633,
B14,0.18756659793292474,0.10230091201123859,0.07561179314263844,0.11219712332230458,0.11219712332230458,0.12269346196859476,0.24270258237033415,0.12269346196859476,0.07561179314263844,0.2658217487239256,0.482720823173813,0.24270258237033415,
B11,0.3858308691256651,0.3423191528147175,0.3075757183346641,0.28544308777199356,0.3156300339461173,0.2998794929498574,0.37388568049422516,0.3075757183346641,0.3423191528147175,0.5325291083960046,0.6027299435755524,0.5325291083960046,
