,job70_scenario0_150,job72_scenario1_154,job75_scenario1_158,job76_scenario0_160,job82_scenario0_168,job84_scenario0_170,job85_scenario0_171,job86_scenario1_174,job92_scenario0_181,job93_scenario1_182,job94_scenario0_188,job95_scenario3_189,job96_scenario1_190,
in27,0.31021907598302667,0.35730074480898294,0.3684747225311345,0.2870999096294351,0.2870999096294351,0.27324159034042816,0.2800321298089029,0.42217388077331286,0.2870999096294351,0.40710903003117455,0.2870999096294351,0.527118150432914,0.47730986521072233,
B14,0.14669823927033954,0.14669823927033954,0.1119548047902863,0.026689118868600148,0.0,0.03658533017966614,0.03658533017966614,0.19020995558128717,0.047081668825956324,0.1670907892276957,0.047081668825956324,0.1670907892276957,0.1119548047902863,
B11,0.3369081948516268,0.40710903003117455,0.38041991116257445,0.3369081948516268,0.30216476037157347,0.2800321298089029,0.31021907598302667,0.4569173152533661,0.29446853498676673,0.3684747225311345,0.30216476037157347,0.7173281060142012,0.40710903003117455,
