,job989_scenario0_2479,job990_scenario0_2480,job991_scenario3_2486,job992_scenario2_2487,job993_scenario1_2489,job994_scenario4_2490,
in27,0.36002736120521817,0.339634811247862,0.5733564831400968,0.5116030092864654,0.430228196384766,0.4533473627383575,
B14,0.03818401709572983,0.046238332707182916,0.38314652755880974,0.333338242336618,0.21332912193487863,0.38314652755880974,
B11,0.0,0.01506485074213837,0.430228196384766,0.19020995558128717,0.3600273612052183,0.5502373167865053,
