,job790_scenario0_1725,job792_scenario1_1728,job793_scenario0_1729,job795_scenario1_1737,job796_scenario1_1739,job797_scenario1_1742,
in27,0.24655247147182813,0.47373991269571375,0.22177648326079502,0.6906389871456011,0.5004290315643138,0.38041991116257456,
B14,0.43022819638476617,0.5502373167865054,0.43022819638476617,0.5706298667438616,0.5706298667438616,0.6906389871456011,
B11,0.0,0.08137481290169946,0.02311916635359157,0.15157564808124724,0.169817405623931,0.1200091204017395,
