,job412_scenario1_810,job416_scenario1_819,job417_scenario0_822,job418_scenario4_824,
in27,0.1328399199813327,0.12000912040173939,0.0,0.26670735967207904,
B14,0.20983129462935501,0.24846560212939506,0.17826476694984728,0.4182830077533261,
B11,0.5067256004755577,0.45691731525336615,0.3519730455937651,0.6084929633346133,
