,job130_scenario0_274,job132_scenario0_276,job133_scenario2_278,job135_scenario1_281,job137_scenario1_284,job138_scenario0_285,job141_scenario1_290,job142_scenario0_295,job145_scenario1_302,job148_scenario1_311,
in27,0.07726861500008009,0.15864342790177943,0.2470860206240112,0.2470860206240112,0.2786525483035188,0.08276547550170554,0.1768851854444634,0.13444552557960332,0.26215087136614945,0.2968943058462026,
B14,0.4106068573366982,0.3874876909831067,0.5074968113848461,0.4523608269474366,0.5573050966070378,0.37699135233681647,0.46886250388480605,0.34040602215715043,0.48710426142748986,0.6275059317865855,
B11,0.04600293285737156,0.05369915824217841,0.1737082786439178,0.1737082786439178,0.1737082786439178,0.024775988211033106,0.1447851086127726,0.0,0.07908157986783282,0.19020995558128717,
