,job714_scenario0_1517,job716_scenario0_1524,job721_scenario0_1535,job722_scenario1_1537,job723_scenario2_1538,job724_scenario2_1540,job725_scenario0_1542,job726_scenario0_1545,job727_scenario1_1546,
in27,0.049808285222191606,0.017043575855070325,0.0,0.1095127817554492,0.20138393330343873,0.18488225636606936,0.05717691057952323,0.0,0.15595908633492406,
B14,0.3712013389273698,0.30489137676780875,0.4098356464274098,0.4800364816069576,0.7200547224104364,0.503155647960549,0.3600273612052182,0.297195151383002,0.503155647960549,
B11,0.2827587462051382,0.30489137676780875,0.31294569237926195,0.5298447668291493,0.4800364816069576,0.3712013389273698,0.31294569237926195,0.3213930537051781,0.5298447668291493,
