,job1173_scenario2_3450,
in27,0.3204065179142572,
B14,0.5453599079755977,
B11,0.0,
