,job573_scenario3_1151,job574_scenario1_1154,job575_scenario1_1160,
in27,0.18031374427022118,0.0,0.07536947461062016,
B14,0.2820811071292767,0.24344679962923665,0.1620719867275373,
B11,0.680742775834535,0.680742775834535,0.8007518962362744,
