,job739_scenario0_1587,job741_scenario0_1593,job742_scenario1_1596,job743_scenario0_1597,job745_scenario3_1603,job747_scenario1_1606,job748_scenario2_1609,job749_scenario0_1611,
in27,0.21109507077233347,0.25651991774084815,0.3311041911740729,0.23232201541867203,0.41516334564262763,0.284657886594598,0.2654006624291332,0.20456084010398423,
B14,0.04463964579111923,0.04463964579111923,0.13651079733910876,0.0,0.25651991774084815,0.22495339006134052,0.5351724660443671,0.05513598443740941,
B11,0.24001824080347878,0.29515422524088825,0.41516334564262763,0.21109507077233347,0.6551815864461065,0.3947707956852714,0.41516334564262763,0.21788561024080821,
