,job55_scenario1_115,job56_scenario2_117,job57_scenario1_121,
in27,0.6053733012239149,0.4853641808221754,0.5239984883222155,
B14,0.33378853274092835,0.3569076990945198,0.31339598278357195,
B11,0.13195430903317928,0.011945188631440007,0.0,
