,job156_scenario0_329,job159_scenario0_333,job160_scenario0_334,job164_scenario0_339,job166_scenario0_345,job172_scenario0_354,job173_scenario3_355,job174_scenario0_359,job176_scenario1_363,job177_scenario0_364,
in27,0.24390911382346558,0.21498594379232028,0.22884426308132721,0.22177648326079502,0.21498594379232028,0.20215514421272707,0.3986616687052582,0.26041079076083495,0.33499506419405967,0.21498594379232028,
B14,0.0617534738536315,0.02813796885374964,0.038634307500040044,0.02813796885374964,0.0745842734332246,0.0745842734332246,0.15864342790177943,0.0617534738536315,0.13825087794442315,0.0,
B11,0.3488533834830666,0.38041991116257434,0.363918234225205,0.38041991116257434,0.3488533834830666,0.32216426461446646,0.5888716242865455,0.363918234225205,0.41905421866261444,0.3284608335257104,
