,job323_scenario1_616,job324_scenario2_618,job325_scenario0_619,job326_scenario1_620,job330_scenario0_628,job333_scenario0_631,job337_scenario2_644,job338_scenario0_645,job339_scenario3_646,job340_scenario1_648,job341_scenario3_650,job342_scenario1_652,job343_scenario3_653,
in27,0.15277382976886067,0.09246920590037877,0.0,0.11413952226882063,0.025696929546589087,0.012372159409765104,0.13891551047985384,0.08257299458931289,0.3043494778501079,0.12608471090026063,0.3927920705723395,0.13891551047985384,0.34298378535014784,
B14,0.38161809285018794,0.4047372592037794,0.20647298801103908,0.34298378535014784,0.32648210841277847,0.24121642249109243,0.28472813880204006,0.20647298801103908,0.5016272132519273,0.38161809285018794,0.3612255428928317,0.3612255428928317,0.29755893838163316,
B11,0.4175680587833726,0.43142637807237955,0.3518645300384329,0.3927920705723395,0.32648210841277847,0.27278295017060006,0.40473725920377945,0.34298378535014784,0.8616545744571456,0.43142637807237955,0.6216363336536668,0.3927920705723395,0.551435498474119,
