,job58_scenario1_126,job61_scenario1_130,job62_scenario4_133,job66_scenario1_143,job68_scenario0_148,job69_scenario1_149,job70_scenario0_150,job71_scenario3_152,
in27,0.1132185809332647,0.0884425927222316,0.15864342790177938,0.0884425927222316,0.0,0.12707690022227164,0.030186946174123763,0.5573050966070376,
B14,0.19727773540181942,0.19727773540181942,0.24708602062401108,0.15864342790177938,0.030186946174123763,0.22039690175541088,0.1768851854444632,0.2786525483035188,
B11,0.12707690022227164,0.1132185809332647,0.22039690175541088,0.14214175096440995,0.03863430750003993,0.2786525483035188,0.05687606504272391,0.43729597620529825,
