,job636_scenario0_1319,job641_scenario0_1333,job642_scenario0_1334,job644_scenario3_1338,job645_scenario0_1340,job646_scenario0_1342,job647_scenario1_1344,job648_scenario0_1345,job649_scenario3_1349,job650_scenario3_1356,job651_scenario1_1358,
in27,0.07020083517954767,0.049808285222191495,0.0,0.28352995711442636,0.049808285222191495,0.049808285222191495,0.22177648326079485,0.0775694605368793,0.38041991116257434,0.22177648326079485,0.1404016703590955,
B14,0.16352083671268702,0.15157564808124707,0.1404016703590955,0.3417856036625343,0.12990533171280527,0.07020083517954767,0.38041991116257434,0.09332000153313924,0.4302281963847659,0.31021907598302656,0.3417856036625343,
B11,0.07020083517954767,0.0775694605368793,0.08526568592168604,0.31021907598302656,0.056342515890540734,0.16352083671268702,0.22177648326079485,0.07020083517954767,0.4302281963847659,0.38041991116257434,0.15157564808124707,
