,job1060_scenario2_2805,job1061_scenario3_2809,
in27,0.0,0.1404016703590955,
B14,0.10176736285905547,0.10176736285905547,
B11,0.02039254995735612,0.3102190759830265,
