,job492_scenario1_966,job494_scenario0_969,job498_scenario0_974,job502_scenario0_983,job503_scenario2_984,job509_scenario4_998,job510_scenario2_1001,job511_scenario0_1003,job512_scenario4_1005,job513_scenario1_1006,
in27,0.14478510861277255,0.011945188631439896,0.0,0.011945188631439896,0.12000912040173944,0.27865254830351893,0.19020995558128723,0.08844259272223176,0.1737082786439178,0.09833880403329764,
B14,0.1586434279017795,0.12000912040173944,0.07020083517954778,0.1737082786439178,0.22884426308132727,0.31021907598302667,0.19020995558128723,0.12000912040173944,0.39866166870525827,0.1319543090331794,
B11,0.27865254830351893,0.03156652767950785,0.12000912040173944,0.03156652767950785,0.22884426308132727,0.3488533834830667,0.14478510861277255,0.018241757542683867,0.27865254830351893,0.1737082786439178,
