,job754_scenario0_1628,job755_scenario1_1631,job756_scenario3_1632,job757_scenario0_1638,job758_scenario1_1643,job759_scenario4_1645,
in27,0.0,0.1270769002222717,0.1270769002222717,0.007067779820532305,0.10038778135367155,0.19727773540181948,
B14,0.3986616687052582,0.5804242629606291,0.5804242629606291,0.3744637663830821,0.6773142170087771,0.6386799095087371,
B11,0.28753329299180386,0.3986616687052582,0.38215999176788884,0.24708602062401108,0.7973233374105165,0.3986616687052582,
