,job815_scenario4_1795,job818_scenario0_1808,job819_scenario1_1809,job820_scenario3_1810,job821_scenario3_1811,
in27,0.1768851854444634,0.0,0.24708602062401108,0.22039690175541093,0.3670951410257506,
B14,0.7790815798678327,0.6275059317865854,0.677314217008777,0.7790815798678327,0.6590724594660933,
B11,0.7208259333197247,0.5390633390643538,0.677314217008777,0.677314217008777,0.7790815798678327,
