,job1078_scenario1_2881,job1080_scenario0_2891,
in27,0.5453599079755979,0.3127102925294506,
B14,0.09688995404814793,0.0,
B11,0.3551499523943106,0.1782647669498474,
