,job481_scenario0_942,job483_scenario0_945,job484_scenario2_946,job485_scenario0_948,job488_scenario0_954,job489_scenario0_956,job492_scenario1_966,job494_scenario0_969,job495_scenario3_971,job496_scenario3_972,job497_scenario1_973,job498_scenario0_974,job499_scenario1_976,
in27,0.19020995558128717,0.15157564808124724,0.24001824080347883,0.181762594255371,0.13825087794442326,0.1447851086127725,0.26479422901451194,0.13195430903317928,0.7088807446882849,0.2937173990456572,0.24001824080347883,0.12000912040173939,0.2786525483035189,
B14,0.07458427343322471,0.0617534738536315,0.0617534738536315,0.038634307500040044,0.028137968853749862,0.008880744688284925,0.08844259272223176,0.049808285222191606,0.181762594255371,0.39866166870525827,0.13825087794442315,0.0,0.181762594255371,
B11,0.15157564808124724,0.13195430903317928,0.21834792443503703,0.2519634294349188,0.1737082786439178,0.1447851086127725,0.3986616687052583,0.15157564808124724,0.3719725498366581,0.7088807446882849,0.4688625038848061,0.24001824080347883,0.2937173990456572,
