,job653_scenario0_1363,job655_scenario4_1376,job657_scenario1_1383,job658_scenario3_1385,job659_scenario1_1386,job660_scenario0_1389,job661_scenario4_1390,job662_scenario1_1391,job663_scenario1_1392,job664_scenario0_1393,job665_scenario1_1395,job666_scenario2_1396,
in27,0.0,0.21689907444988732,0.2786525483035188,0.30534166717211897,0.21689907444988732,0.09688995404814793,0.37554250235166675,0.2786525483035188,0.2351408319925712,0.08038827711077856,0.42535078757385847,0.21689907444988732,
B14,0.42535078757385836,0.6653690283773372,0.5604247587177361,0.6155607431551455,0.5604247587177361,0.46579805994165113,0.696935556056845,0.735569863556885,0.5315015886865908,0.4751590727960501,0.5604247587177361,0.9755881043603638,
B11,0.41828300775332616,0.8555789839586244,0.4751590727960501,0.6653690283773372,0.5604247587177361,0.4484699539274499,0.8555789839586244,0.5951681931977894,0.735569863556885,0.42535078757385836,0.5604247587177361,0.5769264356551056,
