,job1053_scenario2_2855,job1054_scenario2_2856,
in27,0.0,0.0,
B14,0.7173281060142012,0.5973189856124618,
B11,0.2667073596720788,0.2667073596720788,
