,job975_scenario2_2495,job977_scenario0_2498,job978_scenario2_2506,
in27,0.10176736285905558,0.013324770136823982,0.10176736285905558,
B14,0.2919773184403428,0.0702008351795479,0.33061162594038285,
B11,0.17196819803860336,0.0,0.17196819803860336,
