,job7_scenario1_17,
in27,0.0,
B14,0.21879129615714032,
B11,0.10327948219000882,
