,job240_scenario0_477,job241_scenario0_478,job242_scenario0_479,job244_scenario1_482,job245_scenario0_483,job248_scenario1_488,job250_scenario2_490,job251_scenario2_493,job253_scenario1_497,job254_scenario3_498,job255_scenario3_499,job256_scenario3_502,job257_scenario1_504,
in27,0.006790539468474743,0.0,0.0,0.10717832082214629,0.0,0.10717832082214629,0.13386743969074655,0.08405915446855483,0.1489322904328848,0.3738856804942252,0.32407739527203366,0.44408651567377305,0.16543396737025418,
B14,0.29738827640343357,0.23563480254980196,0.27426911004984206,0.39427823045158145,0.2637727714035518,0.39427823045158145,0.5640956360755125,0.5142873508533209,0.4440865156737731,0.5640956360755125,0.4173973968051729,0.47565304335328085,0.3738856804942252,
B11,0.21143690022762585,0.2191331256124326,0.2271874412238858,0.3556439229515414,0.20406827487029422,0.3738856804942252,0.29738827640343357,0.339142246014172,0.3556439229515414,0.5142873508533209,0.5142873508533209,0.47565304335328085,0.339142246014172,
