,job640_scenario0_1328,job644_scenario0_1338,job645_scenario0_1343,job650_scenario0_1359,job651_scenario1_1360,job652_scenario1_1361,job654_scenario1_1365,job655_scenario2_1366,
in27,0.0,0.020392549957356176,0.0,0.020392549957356176,0.12654335107008874,0.1404016703590958,0.12654335107008874,0.15546652110123405,
B14,0.27030700207190106,0.27030700207190106,0.27030700207190106,0.2421690332181512,0.42393162747352214,0.38041991116257445,0.42393162747352214,0.4821872740216301,
B11,0.21797113089597508,0.22566735628078183,0.19674418624963652,0.21797113089597508,0.38041991116257445,0.3456764766825212,0.42393162747352214,0.3306116259403829,
