,job1151_scenario1_3549,
in27,0.011945188631439896,
B14,0.0,
B11,0.41905421866261444,
