,job547_scenario0_1120,job551_scenario1_1134,job553_scenario1_1137,job554_scenario2_1138,job558_scenario0_1152,
in27,0.0,0.09059338513690396,0.12654335107008863,0.14040167035909557,0.0,
B14,0.0879090435700487,0.13333389053856326,0.15157564808124713,0.2217764832607949,0.051959077636863915,
B11,0.08526568592168615,0.20527480632342554,0.24001824080347867,0.26041079076083506,0.07756946053687941,
