,job663_scenario0_1392,job665_scenario0_1394,job670_scenario0_1407,job675_scenario3_1424,
in27,0.0,0.013858319289006937,0.006790539468474743,0.2538765600924858,
B14,0.07356281582226454,0.10717832082214629,0.03697748564259851,0.28544308777199356,
B11,0.05430559165679971,0.006790539468474743,0.013858319289006937,0.28544308777199356,
