,job115_scenario0_230,job116_scenario0_234,job120_scenario2_241,job123_scenario0_251,job124_scenario1_252,job125_scenario1_253,job126_scenario2_255,job127_scenario2_256,job129_scenario3_264,
in27,0.026689118868600148,0.012830799579593322,0.10806393177029949,0.0,0.08639361540185764,0.14669823927033954,0.14669823927033954,0.1328399199813327,0.24001824080347878,
B14,0.4134055989424186,0.44497212662192626,0.5769264356551056,0.4569173152533662,0.5538072693015141,0.5334147193441579,0.6351820822032135,0.5769264356551056,0.6738163897032535,
B11,0.3709659390775585,0.36359731372022686,0.5334147193441579,0.3709659390775585,0.4337981488997747,0.4986712848641046,0.5334147193441579,0.4986712848641046,0.9138346305067323,
