,job935_scenario0_2298,job937_scenario0_2308,job938_scenario1_2309,
in27,0.47720805011642375,0.47720805011642375,0.6491762481550272,
B14,0.5380478724415727,0.5678014352533278,0.7109297220086586,
B11,0.0,0.02213263056267034,0.11321858093326453,
