,job331_scenario2_631,job335_scenario2_636,job336_scenario0_637,job337_scenario0_638,job338_scenario0_639,job342_scenario0_650,job343_scenario1_651,job344_scenario1_653,job347_scenario1_658,job351_scenario0_663,job352_scenario1_664,job353_scenario2_665,job354_scenario1_666,job355_scenario1_668,
in27,0.13283991998133265,0.1617630900124779,0.0,0.019621339048067954,0.026689118868600148,0.0062965689112439716,0.1466982392703396,0.13283991998133265,0.13283991998133265,0.0062965689112439716,0.13283991998133265,0.13283991998133265,0.1466982392703396,0.13283991998133265,
B14,0.21689907444988737,0.26670735967207904,0.08639361540185775,0.08639361540185775,0.08639361540185775,0.08639361540185775,0.26670735967207904,0.24001824080347883,0.19650652449253114,0.10806393177029955,0.19650652449253114,0.38671648007381837,0.26670735967207904,0.21689907444988737,
B11,0.1617630900124779,0.1617630900124779,0.026689118868600148,0.04980828522219172,0.026689118868600148,0.019621339048067954,0.19650652449253114,0.24001824080347883,0.21689907444988737,0.04980828522219172,0.19650652449253114,0.13283991998133265,0.21689907444988737,0.21689907444988737,
