,job259_scenario1_508,job260_scenario1_509,job262_scenario2_514,job263_scenario1_515,job265_scenario0_519,job266_scenario2_520,job267_scenario0_522,job268_scenario2_523,job269_scenario1_526,job270_scenario0_528,job271_scenario2_530,job272_scenario1_531,
in27,0.37509221194735654,0.33333824233661813,0.3213930537051782,0.37509221194735654,0.24001824080347878,0.33333824233661813,0.23295046098294658,0.3102190759830266,0.40983564642740977,0.21332912193487863,0.3600273612052182,0.33333824233661813,
B14,0.39159388888472596,0.45334736273835746,0.45334736273835746,0.3600273612052182,0.2997227373367364,0.5116030092864654,0.2898265260256705,0.5116030092864654,0.37509221194735654,0.2898265260256705,0.5502373167865054,0.430228196384766,
B11,0.15157564808124713,0.15157564808124713,0.12000912040173939,0.13507397114387776,0.0,0.15157564808124713,0.007368625357331626,0.13507397114387776,0.12000912040173939,0.0,0.15157564808124713,0.15157564808124713,
