,job130_scenario0_268,job134_scenario2_277,job136_scenario1_283,job139_scenario0_288,job140_scenario0_291,job141_scenario2_292,job144_scenario1_295,job145_scenario1_296,job146_scenario0_297,job147_scenario0_298,job148_scenario1_299,
in27,0.03156652767950785,0.15864342790177943,0.1319543090331794,0.018241757542683867,0.04600293285737156,0.10883514267958783,0.1737082786439178,0.1737082786439178,0.005869598132918763,0.024775988211033106,0.1319543090331794,
B14,0.3874876909831067,0.5306159777384376,0.5074968113848461,0.39866166870525827,0.3670951410257506,0.5573050966070378,0.5306159777384376,0.48710426142748986,0.3874876909831067,0.35773412817135164,0.5888716242865455,
B11,0.0,0.11321858093326487,0.15864342790177943,0.022132630562670674,0.007067779820532305,0.1270769002222717,0.15864342790177943,0.19727773540181948,0.04751505218832497,0.022132630562670674,0.08844259272223165,
