,job144_scenario1_295,job146_scenario0_297,job147_scenario0_298,job150_scenario0_304,job154_scenario1_313,job157_scenario0_317,job158_scenario0_319,job159_scenario1_321,job160_scenario1_323,job163_scenario1_326,job164_scenario1_329,job165_scenario1_331,job166_scenario2_333,job167_scenario3_334,
in27,0.4951013323490959,0.327262651838097,0.34616904191621123,0.3213930537051781,0.4661781623179507,0.333338242336618,0.36002736120521817,0.4533473627383575,0.4951013323490959,0.5116030092864654,0.4800364816069576,0.4951013323490959,0.44140217410691757,0.4951013323490959,
B14,0.5733564831400968,0.430228196384766,0.40047463357301094,0.430228196384766,0.5502373167865053,0.430228196384766,0.4098356464274099,0.5733564831400968,0.5502373167865053,0.4951013323490959,0.5298447668291492,0.5298447668291492,0.6316121296882048,0.6702464371882448,
B11,0.15157564808124713,0.040447272367792664,0.01506485074213837,0.007368625357331626,0.13507397114387776,0.007368625357331626,0.0,0.13507397114387776,0.13507397114387776,0.10615080111273256,0.169817405623931,0.15157564808124713,0.169817405623931,0.3600273612052183,
