,job944_scenario1_2336,job948_scenario0_2368,job949_scenario1_2371,
in27,0.2235165638661094,0.08137481290169946,0.25825999834616264,
B14,0.20000435179805476,0.04637972639643351,0.2266934706666549,
B11,0.15864342790177943,0.0,0.10038778135367155,
