,job697_scenario0_1530,
in27,0.07699137464802241,
B14,0.0,
B11,0.37008032812940506,
