,job93_scenario1_194,job95_scenario1_197,job104_scenario0_211,job106_scenario1_216,job107_scenario1_217,job109_scenario1_220,job110_scenario2_224,job112_scenario1_227,job113_scenario2_228,job114_scenario1_229,job115_scenario0_230,job116_scenario0_234,
in27,0.12000912040173944,0.10717832082214629,0.0,0.09523313219070634,0.09523313219070634,0.13386743969074638,0.09523313219070634,0.18367572491293793,0.06366660451119865,0.09523313219070634,0.013858319289006937,0.0,
B14,0.18367572491293793,0.22718744122388562,0.09523313219070634,0.2538765600924858,0.2538765600924858,0.28544308777199356,0.3240773952720336,0.16543396737025412,0.28544308777199356,0.20406827487029416,0.06366660451119865,0.09523313219070634,
B11,0.20406827487029416,0.18367572491293793,0.006790539468474743,0.10717832082214629,0.16543396737025412,0.16543396737025412,0.22718744122388562,0.1489322904328847,0.22718744122388562,0.18367572491293793,0.021226944646338564,0.013858319289006937,
