,job411_scenario1_801,job413_scenario1_804,job417_scenario0_815,job420_scenario0_820,job422_scenario0_831,job424_scenario0_837,job425_scenario3_839,
in27,0.12654335107008868,0.14040167035909562,0.013324770136823982,0.020392549957356176,0.0,0.013324770136823982,0.23372167189223486,
B14,0.17196819803860336,0.19020995558128717,0.11371255149049553,0.09059338513690401,0.09059338513690401,0.09059338513690401,0.2919773184403428,
B11,0.17196819803860336,0.14040167035909562,0.020392549957356176,0.043511716310947746,0.027761175314687803,0.027761175314687803,0.2919773184403428,
