,job427_scenario0_846,job431_scenario2_860,job432_scenario2_861,job433_scenario0_865,job434_scenario0_868,job436_scenario2_872,job437_scenario1_873,job438_scenario1_876,job439_scenario1_878,
in27,0.01283079957959321,0.1200091204017395,0.1200091204017395,0.0,0.026689118868600148,0.1200091204017395,0.1328399199813327,0.17826476694984728,0.1328399199813327,
B14,0.36504616370537657,0.6155607431551456,0.5453599079755979,0.36504616370537657,0.36504616370537657,0.47515907279604996,0.5453599079755979,0.47515907279604996,0.4114924682848515,
B11,0.18533254677037958,0.32040651791425734,0.32040651791425734,0.18533254677037958,0.21689907444988732,0.3369081948516267,0.3369081948516267,0.3369081948516267,0.3369081948516267,
