,job601_scenario1_1250,job610_scenario0_1262,job611_scenario2_1265,job612_scenario2_1268,job615_scenario2_1275,job616_scenario2_1276,job617_scenario3_1278,job618_scenario3_1279,job619_scenario1_1281,job620_scenario2_1283,job621_scenario1_1284,
in27,0.10615080111273256,0.0,0.12000912040173961,0.12000912040173961,0.12000912040173961,0.13507397114387787,0.2715847684829867,0.169817405623931,0.13507397114387787,0.09332000153313935,0.05970449653325771,
B14,0.3804199111625745,0.21332912193487885,0.43022819638476617,0.43022819638476617,0.500429031564314,0.40353907751616597,0.40353907751616597,0.43022819638476617,0.4617947240642739,0.43022819638476617,0.4617947240642739,
B11,0.34178560366253447,0.22177648326079502,0.34178560366253447,0.3102190759830267,0.3102190759830267,0.34178560366253447,0.500429031564314,0.43022819638476617,0.34178560366253447,0.34178560366253447,0.3804199111625745,
