,job1094_scenario1_3135,
in27,0.38215999176788884,
B14,0.016328626885116937,
B11,0.0,
