,job79_scenario1_167,job81_scenario0_173,job82_scenario2_174,job83_scenario1_175,job86_scenario0_179,job88_scenario1_183,job89_scenario0_185,job90_scenario3_190,job92_scenario3_193,job93_scenario1_194,job94_scenario3_195,job95_scenario1_197,job96_scenario4_198,
in27,0.0667722763537898,0.0,0.1270769002222717,0.1270769002222717,0.0,0.1270769002222717,0.0,0.22039690175541088,0.43729597620529825,0.11321858093326465,0.22039690175541088,0.10038778135367155,0.27865254830351877,
B14,0.34040602215715027,0.20845171312397098,0.3172868558035588,0.2968943058462026,0.15864342790177932,0.3986616687052582,0.16752417259006436,0.3986616687052582,0.34040602215715027,0.2968943058462026,0.43729597620529825,0.34040602215715027,0.36709514102575047,
B11,0.24708602062401103,0.1066843502649154,0.26215087136614934,0.24708602062401103,0.12707690022227158,0.43729597620529825,0.14214175096440995,0.4871042614274898,0.4871042614274898,0.3172868558035588,0.4871042614274898,0.2968943058462026,0.2968943058462026,
