,job486_scenario0_995,job487_scenario1_996,job490_scenario0_1003,job494_scenario1_1008,job495_scenario0_1011,job498_scenario0_1016,job499_scenario2_1017,job500_scenario0_1019,job502_scenario1_1022,job503_scenario2_1024,job508_scenario1_1035,
in27,0.006790539468474521,0.13386743969074621,0.006790539468474521,0.16543396737025395,0.021226944646338453,0.021226944646338453,0.16543396737025395,0.0,0.09523313219070617,0.12000912040173928,0.10717832082214618,
B14,0.14504141741289778,0.3036848453146773,0.13386743969074621,0.335251372994185,0.09523313219070617,0.12337110104445603,0.335251372994185,0.13386743969074621,0.2538765600924857,0.2538765600924857,0.1987405756550762,
B11,0.13386743969074621,0.268941410834624,0.12679965987021402,0.2538765600924857,0.12679965987021402,0.14123606504807784,0.2538765600924857,0.15698660604433767,0.2538765600924857,0.28544308777199334,0.2538765600924857,
