,job952_scenario0_2396,
in27,0.06854401332210602,
B14,0.0,
B11,0.036977485642598285,
