,job620_scenario2_1283,job622_scenario1_1285,job624_scenario1_1288,job626_scenario1_1290,job628_scenario1_1292,job630_scenario0_1294,job631_scenario0_1295,job632_scenario1_1305,job633_scenario3_1307,job634_scenario0_1311,
in27,0.12608471090026052,0.11413952226882057,0.10296554454666901,0.13891551047985368,0.12608471090026052,0.0,0.018906390078114232,0.11413952226882057,0.3043494778501078,0.040133334724452796,
B14,0.27278295017060006,0.27278295017060006,0.27278295017060006,0.27278295017060006,0.2229746649484084,0.10296554454666901,0.11413952226882057,0.2229746649484084,0.3043494778501078,0.08257299458931289,
B11,0.18434035744836835,0.12608471090026052,0.15277382976886061,0.18434035744836835,0.18434035744836835,0.040133334724452796,0.04782956010925954,0.16783868051099893,0.3043494778501078,0.040133334724452796,
