,job640_scenario0_1328,job644_scenario0_1338,job645_scenario0_1343,job649_scenario4_1356,job650_scenario0_1359,job651_scenario1_1360,
in27,0.0,0.020392549957356176,0.0,0.19020995558128717,0.020392549957356176,0.12654335107008863,
B14,0.15029788167016167,0.15029788167016167,0.15029788167016167,0.33061162594038296,0.12215991281641181,0.3039225070717827,
B11,0.40818108647726226,0.415877311862069,0.3869541418309237,0.6408307019234095,0.40818108647726226,0.5706298667438616,
