,job1160_scenario0_3598,
in27,0.5130398354816965,
B14,0.6262584164149612,
B11,0.0,
