,job518_scenario0_1061,job523_scenario0_1073,job530_scenario3_1089,job531_scenario3_1092,
in27,0.3284608335257104,0.3488533834830666,0.5888716242865455,0.5888716242865455,
B14,0.0,0.020392549957356176,0.31021907598302656,0.26041079076083495,
B11,0.16601205325911106,0.1990907002695721,0.46886250388480605,0.5186707891069976,
