,job225_scenario3_438,job228_scenario1_455,job229_scenario0_456,job233_scenario0_462,job236_scenario4_467,job237_scenario2_470,job238_scenario2_471,job239_scenario1_474,
in27,0.3195800888374255,0.24308268474663386,0.1426949033929623,0.17288184956708608,0.3013383312947417,0.3013383312947417,0.24308268474663386,0.26977180361523395,
B14,0.14976268321349462,0.14976268321349462,0.05287272916534658,0.0,0.26977180361523395,0.26977180361523395,0.2311374961151939,0.11112837571345446,
B11,0.3630918051483732,0.3195800888374255,0.15713130857082613,0.16482753395563288,0.7,0.26977180361523395,0.28483665435737227,0.28483665435737227,
