,job922_scenario0_2242,job926_scenario2_2252,job928_scenario1_2269,
in27,0.4938948008959645,0.60760735238646,0.60760735238646,
B14,0.5547346232211134,0.8743147120585388,0.6493613219971984,
B11,0.0,0.13386743969074633,0.2538765600924857,
