,job154_scenario1_313,job157_scenario0_317,job158_scenario0_319,job165_scenario1_331,job169_scenario1_339,job171_scenario0_346,job172_scenario3_347,job173_scenario0_349,job174_scenario1_350,job175_scenario0_351,
in27,0.1328399199813325,0.0,0.026689118868600037,0.1617630900124778,0.1328399199813325,0.0,0.3867164800738182,0.0128307995795931,0.1328399199813325,0.0062965689112438605,
B14,0.31866643730894284,0.19865731690720345,0.17826476694984728,0.29827388735158666,0.2635304528715334,0.16890375409544844,0.36847472253113445,0.19865731690720345,0.31866643730894284,0.19865731690720345,
B11,0.5421830011750522,0.4144776553885061,0.4071090300311745,0.5586846781124217,0.5586846781124217,0.4000412502106423,0.9573463468176799,0.4071090300311745,0.5769264356551055,0.42217388077331286,
