,job509_scenario0_1039,job510_scenario0_1040,job513_scenario0_1045,job518_scenario0_1061,job521_scenario1_1067,job522_scenario2_1072,job523_scenario0_1073,job524_scenario4_1074,job525_scenario3_1076,
in27,0.0,0.013324770136823982,0.020392549957356176,0.0,0.15546652110123393,0.19020995558128717,0.020392549957356176,0.2106025055386434,0.2106025055386434,
B14,0.2106025055386434,0.18084894272688834,0.20010616689235317,0.19020995558128728,0.29197731844034275,0.45062074634212224,0.2106025055386434,0.38041991116257445,0.45062074634212224,
B11,0.16352083671268713,0.12654335107008863,0.14040167035909557,0.1477702957164272,0.31021907598302656,0.24655247147182807,0.18084894272688834,0.4119864388420822,0.4119864388420822,
