,job980_scenario4_2516,job981_scenario0_2518,job982_scenario0_2521,
in27,0.3738856804942252,0.0,0.045424846968514565,
B14,0.7858721193363073,0.60760735238646,0.5374065172069122,
B11,0.5458538785328284,0.28933396079198026,0.2742691100498419,
