,job757_scenario0_1749,job760_scenario4_1756,job761_scenario0_1758,job764_scenario0_1764,job765_scenario0_1765,job766_scenario0_1768,
in27,0.025696929546588976,0.3043494778501078,0.012372159409764993,0.0,0.018906390078114232,0.018906390078114232,
B14,0.08257299458931289,0.2229746649484084,0.08257299458931289,0.12608471090026052,0.09246920590037877,0.09246920590037877,
B11,0.040133334724452796,0.27278295017060006,0.040133334724452796,0.03276470936712117,0.05588387572071274,0.040133334724452796,
