,job720_scenario1_1638,
in27,0.0,
B14,0.611990790640137,
B11,0.43022819638476595,
