,job267_scenario0_522,job268_scenario2_523,job270_scenario0_528,job272_scenario1_531,job273_scenario1_532,job274_scenario0_534,job278_scenario0_538,job279_scenario1_540,job281_scenario2_542,job285_scenario1_548,job286_scenario0_550,job289_scenario1_558,job290_scenario1_560,job291_scenario4_561,job292_scenario2_562,
in27,0.025696929546588976,0.10296554454666906,0.006075590498521133,0.12608471090026052,0.13891551047985384,0.0,0.025696929546588976,0.10296554454666906,0.13891551047985384,0.16783868051099904,0.025696929546588976,0.10296554454666906,0.12608471090026052,0.3043494778501078,0.15277382976886067,
B14,0.44260035579453116,0.6643768390553261,0.44260035579453116,0.5830020261536266,0.6328103113758183,0.44260035579453116,0.4629929057518873,0.5443677186535867,0.6643768390553261,0.5626094761962704,0.44260035579453116,0.6061211925072181,0.5626094761962704,0.7528194317775576,0.6643768390553261,
B11,0.4001606959296711,0.5278660417162172,0.39279207057233945,0.5443677186535867,0.5443677186535867,0.4078569213144778,0.39279207057233945,0.4861120721054788,0.5128011909740788,0.5278660417162172,0.3789337512833325,0.5626094761962704,0.5278660417162172,0.8230202669571055,0.5626094761962704,
