,job1025_scenario1_2724,
in27,0.3349950641940597,
B14,0.0,
B11,0.1790359778591356,
