,job1061_scenario1_2919,
in27,0.0,
B14,0.018241757542683812,
B11,0.0884425927222317,
