,job433_scenario0_865,job434_scenario0_868,job439_scenario1_878,job443_scenario0_887,job444_scenario1_890,job445_scenario0_893,job446_scenario0_895,job447_scenario3_896,job448_scenario0_898,job449_scenario0_901,job451_scenario2_904,job452_scenario1_905,
in27,0.0,0.026689118868600148,0.13283991998133265,0.019621339048067954,0.13283991998133265,0.0062965689112439716,0.01283079957959321,0.21689907444988737,0.034057744225931774,0.026689118868600148,0.1617630900124779,0.13283991998133265,
B14,0.08639361540185775,0.08639361540185775,0.13283991998133265,0.09688995404814799,0.21689907444988737,0.08639361540185775,0.10806393177029955,0.38671648007381837,0.10806393177029955,0.07649740409079187,0.38671648007381837,0.19650652449253114,
B11,0.026689118868600148,0.05825564654810789,0.17826476694984733,0.01283079957959321,0.1466982392703396,0.019621339048067954,0.04980828522219172,0.38671648007381837,0.04980828522219172,0.034057744225931774,0.1200091204017395,0.1617630900124779,
