,job563_scenario1_1172,job566_scenario3_1176,job567_scenario2_1179,job568_scenario3_1187,
in27,0.0,0.13050545904802963,0.060304623868481844,0.1101129090906734,
B14,0.1101129090906734,0.13050545904802963,0.21188027194972903,0.1803137442702213,
B11,0.1101129090906734,0.25051457944976907,0.15362462540162108,0.37052369985150846,
