,job382_scenario0_733,job383_scenario0_736,job389_scenario0_752,job390_scenario4_753,
in27,0.025696929546588976,0.006075590498521022,0.04782956010925954,0.24609383130199985,
B14,0.11413952226882057,0.09246920590037877,0.08257299458931289,0.24609383130199985,
B11,0.0,0.040133334724452796,0.018906390078114232,0.34298378535014784,
