,job898_scenario0_2147,job903_scenario3_2163,job904_scenario0_2168,job905_scenario3_2172,
in27,0.4688625038848059,0.7543055916567994,0.44995611380669165,0.7543055916567994,
B14,0.07020083517954767,0.3488533834830665,0.10883514267958783,0.3488533834830665,
B11,0.036977485642598285,0.28544308777199334,0.0,0.22718744122388546,
