,job919_scenario2_2227,job920_scenario0_2228,job922_scenario0_2242,job923_scenario4_2246,
in27,0.10176736285905552,0.0,0.0,0.21060250553864335,
B14,0.7608398223251488,0.5954058549548946,0.5297023262099549,0.6794650094234493,
B11,0.6243290249860399,0.5208215815216699,0.47539673455315523,0.8492824150473803,
