,job47_scenario0_98,job49_scenario0_101,job51_scenario1_106,job53_scenario0_108,job56_scenario1_113,job59_scenario1_118,job65_scenario4_130,job66_scenario0_131,job67_scenario1_133,
in27,0.018906390078114232,0.025696929546588976,0.18434035744836835,0.012372159409764993,0.12608471090026052,0.16783868051099893,0.24609383130199985,0.040133334724452796,0.16783868051099893,
B14,0.11413952226882057,0.11413952226882057,0.27278295017060006,0.11413952226882057,0.24609383130199985,0.16783868051099893,0.18434035744836835,0.05588387572071274,0.3043494778501078,
B11,0.04782956010925954,0.040133334724452796,0.15277382976886061,0.040133334724452796,0.12608471090026052,0.11413952226882057,0.5830020261536266,0.0,0.20258211499105216,
