,job371_scenario0_708,job375_scenario1_714,job378_scenario0_719,job382_scenario0_733,job383_scenario0_736,job384_scenario2_740,
in27,0.026689118868600037,0.1328399199813325,0.019621339048067843,0.019621339048067843,0.0,0.1328399199813325,
B14,0.4668135265644321,0.6204381519660531,0.47730986521072233,0.4884838429328739,0.4668135265644321,0.7671363912363927,
B11,0.09332000153313924,0.20527480632342554,0.07756946053687941,0.0374361258124265,0.07756946053687941,0.15157564808124713,
