,job779_scenario0_1801,job780_scenario0_1804,job782_scenario0_1821,
in27,0.30806828356835425,0.3284608335257104,0.3284608335257104,
B14,0.0,0.018241757542683867,0.018241757542683867,
B11,0.15331572868656163,0.13118309812389095,0.14561950330175488,
