,job670_scenario0_1407,job676_scenario2_1430,job677_scenario3_1433,job678_scenario0_1439,
in27,0.35295958138468597,0.4800364816069576,0.600045602008697,0.37509221194735654,
B14,0.19293657197752245,0.5298447668291492,0.600045602008697,0.21026467799172366,
B11,0.0,0.13507397114387776,0.31021907598302656,0.03156652767950774,
