,job1129_scenario3_3413,job1130_scenario0_3417,
in27,0.34298378535014784,0.0,
B14,0.34298378535014784,0.11413952226882057,
B11,0.46299290575188723,0.05588387572071274,
