,job1012_scenario1_2664,
in27,0.0,
B14,0.21332912193487874,
B11,0.3102190759830266,
