,job1037_scenario0_2780,job1039_scenario0_2785,job1041_scenario4_2796,
in27,0.05185726254256562,0.03610672154630579,0.26875633699245305,
B14,0.0,0.0,0.21188027194972914,
B11,0.19855550181290516,0.22631667712759296,0.5789754129754796,
