,job710_scenario2_1590,job711_scenario1_1595,job712_scenario1_1596,
in27,0.026689118868600148,0.0,0.058255646548107776,
B14,0.2667073596720789,0.19650652449253103,0.38671648007381826,
B11,0.14669823927033948,0.17826476694984722,0.1617630900124778,
