,job1031_scenario1_2699,
in27,0.07020083517954773,
B14,0.19020995558128717,
B11,0.08526568592168604,
cn12,0.0,
B54,0.16352083671268697,
B51,0.043511716310947635,
os4,0.10176736285905547,
in4,0.02039254995735612,
B33,0.10176736285905547,
sh10,0.2217764832607949,
in22,0.10176736285905547,
