,job592_scenario2_1186,
in27,0.07536947461062016,
B14,0.3003228646719606,
B11,0.07536947461062016,
cn12,0.03361550499988175,
B54,0.1803137442702213,
B51,0.0,
os4,0.37052369985150846,
in4,0.03361550499988175,
B33,0.49053282025324785,
sh10,0.1803137442702213,
in22,0.37052369985150846,
