,job942_scenario3_2222,
in27,0.038634307500040044,
B14,0.15864342790177946,
B11,0.2786525483035189,
cn12,0.0,
B54,0.15864342790177946,
B51,0.20845171312397104,
os4,0.15864342790177946,
in4,0.20845171312397104,
B33,0.0884425927222317,
sh10,0.0617534738536315,
in22,0.0884425927222317,
