,job54_scenario1_106,
in27,0.03156652767950768,
B14,0.16352083671268697,
B11,0.10176736285905547,
cn12,0.0,
B54,0.2217764832607949,
B51,0.12000912040173928,
os4,0.10176736285905547,
in4,0.05634251589054079,
B33,0.12000912040173928,
sh10,0.16352083671268697,
in22,0.19020995558128717,
