,job1120_scenario0_3241,
in27,0.12330705940774855,
B14,0.16873190637626323,
B11,0.1869736639189472,
cn12,0.0,
B54,0.243316179809488,
B51,0.27223934984063325,
os4,0.2185401915984549,
in4,0.11677282873939931,
B33,0.25717449909849494,
sh10,0.4971927399019737,
in22,0.2185401915984549,
