,job1024_scenario3_2678,
in27,0.10176736285905563,
B14,0.19020995558128723,
B11,0.19020995558128723,
cn12,0.0,
B54,0.04351171631094769,
B51,0.38041991116257445,
os4,0.0702008351795479,
in4,0.19020995558128723,
B33,0.14040167035909565,
sh10,0.26041079076083506,
in22,0.0702008351795479,
