,job918_scenario1_2115,
in27,0.03361550499988175,
B14,0.15362462540162108,
B11,0.07536947461062016,
cn12,0.0216703163684418,
B54,0.25051457944976907,
B51,0.060304623868481844,
os4,0.13050545904802963,
in4,0.0,
B33,0.046446304579474906,
sh10,0.1803137442702213,
in22,0.07536947461062016,
