,job1015_scenario3_2614,
in27,0.24001824080347883,
B14,0.04980828522219166,
B11,0.24001824080347883,
cn12,0.023119166353591458,
B54,0.0,
B51,0.24001824080347883,
os4,0.0813748129016994,
in4,0.12000912040173942,
B33,0.04980828522219166,
sh10,0.169817405623931,
in22,0.12000912040173942,
