,job248_scenario1_449,
in27,0.09688995404814787,
B14,0.1284564817276556,
B11,0.1284564817276556,
cn12,0.0,
B54,0.19020995558128712,
B51,0.11195480479028619,
os4,0.11195480479028619,
in4,0.07020083517954778,
B33,0.09688995404814787,
sh10,0.19020995558128712,
in22,0.1284564817276556,
