,job545_scenario0_1097,
in27,0.34719656162562484,
B14,0.44408651567377283,
B11,0.3812543058515566,
cn12,0.24001824080347867,
B54,0.0,
B51,0.5254613285754721,
os4,0.44408651567377283,
in4,0.4335901770274826,
B33,0.4800364816069575,
sh10,0.543703086118156,
in22,0.4552604933959244,
