,job426_scenario3_815,
in27,0.16981740562393088,
B14,0.31021907598302656,
B11,0.43022819638476595,
cn12,0.13507397114387765,
B54,0.0,
B51,0.43022819638476595,
os4,0.3600273612052181,
in4,0.31021907598302656,
B33,0.3600273612052181,
sh10,0.19020995558128712,
in22,0.2715847684829865,
