,job612_scenario2_1268,job616_scenario2_1276,job618_scenario3_1279,job619_scenario1_1281,job620_scenario2_1283,job621_scenario1_1284,job622_scenario1_1285,job623_scenario3_1287,
in27,0.4048092112794185,0.33097817157571174,0.3139247823731607,0.23238956583078763,0.12468628345690436,0.044278996394702896,0.0,0.019213214207714713,
B14,1.0519364821140718,0.9363514727996265,0.9112437679856225,0.8960185136028105,0.7985026731601579,0.7832774187773459,0.6857615783346934,0.5730204835092289,
B11,0.9319273617123325,0.874597998945995,0.9112437679856225,0.776009393201071,0.7100600804379262,0.7019026058756465,0.5390633390643539,0.6930296039109682,
cn12,0.6034665281866219,0.5532049452408168,0.5662812575225427,0.41598203199585276,0.4246169926659327,0.30324093717038825,0.25553338194992736,0.3063131238371498,
B54,1.1221373172936195,0.913232306446035,0.8228011752633908,0.8960185136028105,0.8687035083397057,0.7832774187773459,0.7559624135142411,0.5232121982870372,
