,job814_scenario4_1909,job816_scenario2_1917,job818_scenario0_1920,job819_scenario0_1921,job820_scenario3_1923,
in27,0.977489857600091,0.7845400132748599,0.5367249473055177,0.45038308458501675,0.5482444952981955,
B14,1.0006090239536825,0.9596851181140088,0.5771722196733104,0.5205839197645646,0.629619308199895,
B11,1.147307263224022,0.6108317346309422,0.37808151940373824,0.2879343043184174,0.5278519453408393,
cn12,0.6405816627484643,0.335677013632947,0.05311851318355143,0.0,0.19094375048921264,
B54,1.0588646705017903,0.8894842829344611,0.618099760207217,0.62235128262362,0.571363661651787,
