,job304_scenario0_582,job311_scenario2_593,job312_scenario0_595,job315_scenario2_600,job318_scenario1_604,job319_scenario3_605,job320_scenario4_609,job321_scenario1_614,job322_scenario1_615,job323_scenario3_617,job324_scenario0_619,job325_scenario2_621,
in27,0.5501054814392126,0.5775847187208025,0.49152479403339955,0.5694272441585227,0.5350576048744498,0.6185169499284799,0.5099716940125287,0.4058016873120518,0.3807289222496948,0.36991559392395934,0.07433316887453933,0.07423256909348253,
B14,1.0301419630461703,1.0780137502851164,0.9641926502830256,1.1196645609450282,0.9803506520013541,1.1954433855835855,1.0286424831195264,0.9142850344878187,0.8892122694254616,0.8232629566623169,0.5470010251241654,0.6560364135594957,
B11,1.00345284417757,1.0464472226056085,0.9005260457718269,1.092975442076428,1.155495756840503,1.1456351003613938,1.0988433182990742,0.9142850344878187,0.7572579603922823,0.9699611959326564,0.5203119062555652,0.5044607654782485,
cn12,0.48980085757073066,0.5814755917407893,0.4272801036333439,0.5511854866158389,0.5083684860058497,0.6655986187544363,0.5636708522547071,0.3813758237155145,0.3755602828186222,0.4401164291035072,0.0,0.0946251190508387,
B54,1.100342798225718,1.1397672241387478,0.9845852002403817,1.1512310886245358,1.116861449340463,1.048745146313246,1.0988433182990742,0.9725406810359267,0.9474679159735695,0.8815186032104247,0.6322667110458514,0.6946707210595358,
