,job256_scenario3_502,job257_scenario1_504,job258_scenario2_507,job259_scenario1_508,job260_scenario1_509,job261_scenario4_510,job262_scenario2_514,job263_scenario1_515,job264_scenario1_516,job265_scenario0_519,job266_scenario2_520,
in27,1.3874543678149391,1.0896442888105953,1.0243050069880897,1.026350829810906,0.9704443711196271,1.0749511937114395,0.8599105767432632,0.883954948094974,0.8325955714801585,0.48710426142748997,0.5804242629606293,
B14,1.0386009843318724,0.9176760907719919,0.9541041718085419,0.8526425511669884,0.9002435359400793,0.861622071776561,0.8016549301951554,0.6786801417715487,0.7939612639801185,0.3565988023794604,0.5684790743291894,
B11,0.7599484360283536,0.6042801079884199,0.6052507883254752,0.5739900028634695,0.559837513782929,0.7029786438747815,0.42968238035849726,0.415092444210168,0.33704394872675225,0.018241757542683867,0.1698174056239311,
cn12,0.7033496113376875,0.6011604458777214,0.6144693605606797,0.5543686638154017,0.5575442807490623,0.6918046661526299,0.4683166878585372,0.4386619009680697,0.42275992505274873,0.0,0.1768851854444634,
B54,0.9887926991096808,1.008269475908896,0.8776067677177499,0.9614776938465762,0.8771243695864879,1.051832027357848,0.778535763841564,0.9390909325323835,0.7441529787579269,0.32846083352571054,0.5186707891069977,
