,job658_scenario1_1381,job659_scenario2_1383,job660_scenario2_1384,job662_scenario1_1389,job663_scenario0_1392,job664_scenario3_1393,
in27,0.6410711759323189,0.6381055079104514,0.582334205238559,0.5592707223918574,0.12972025787063413,0.45379765314266773,
B14,0.6993268224804267,0.7896811559916986,0.8609867535420779,0.5206364148918173,0.20328307369289866,0.4151633456426277,
B11,0.7379611299804667,0.6242471886214445,0.6209685127385991,0.5388781724345011,0.18402584952743384,0.5036059383648592,
cn12,0.5708703407527711,0.5585436598765048,0.5606638888701172,0.36906076681057015,0.0,0.31339598278357206,
B54,0.7175685800231104,0.7314255094435906,0.7725441608198462,0.6090790076140491,0.2635876975613805,0.2786525483035188,
