,job18_scenario1_47,job19_scenario1_49,job21_scenario0_51,
in27,1.0431980770188019,0.9304569821933373,0.6906389871456011,
B14,0.7796103794574214,0.6379461146008116,0.44217338501620596,
B11,1.0747646046983097,0.962023509872845,0.705075392323465,
cn12,0.3809487107521632,0.30295105040675185,0.0,
B54,1.1632071974205414,1.1206669377746246,0.7910267684992727,
