,job562_scenario3_1171,job563_scenario1_1172,job564_scenario4_1173,job565_scenario2_1174,
in27,0.2986995279903487,0.05243647095698267,0.07020083517954778,0.0,
B14,0.7289277243751147,0.40256762085113496,0.4800364816069576,0.6702464371882448,
B11,0.9689459651785935,0.6425858616546137,0.7200547224104363,0.5298447668291492,
cn12,0.6902934168750746,0.4958876223842743,0.4951013323490959,0.38314652755880974,
B54,0.3983160984347319,0.4341341485306427,0.2898265260256705,0.3213930537051781,
