,job723_scenario3_1646,
in27,0.17826476694984733,
B14,0.28709990962943516,
B11,0.6471272708346534,
cn12,0.21689907444988737,
B54,0.0,
