,job448_scenario0_898,job449_scenario0_901,
in27,0.3718855502735512,0.18582651732761035,
B14,0.8445534065231772,0.6342964712550603,
B11,0.4157740601235609,0.22133311153869162,
cn12,0.18205238823132608,0.0,
B54,0.914754241702725,0.7044973064346081,
