,job80_scenario2_169,job89_scenario0_185,job90_scenario3_190,job92_scenario3_193,job93_scenario1_194,job94_scenario3_195,job95_scenario1_197,job96_scenario4_198,job97_scenario3_199,
in27,0.7434181735189676,0.49237841766091106,0.6409107722916451,0.7918605339783876,0.43812835181588655,0.5090121467653556,0.2762619315381517,0.34178560366253435,0.3804199111625744,
B14,0.9567472954538461,0.6599025902509754,0.8191755392414923,0.6949705799302397,0.6218040767288244,0.7259112212152429,0.5162801723416304,0.43022819638476606,0.5004290315643138,
B11,0.8367381750521068,0.634520168625321,0.907618131963724,0.8416688192005792,0.6421966266861807,0.7757195064374345,0.47276845603068274,0.36002736120521817,0.5502373167865053,
cn12,0.8136190086985153,0.48228993918642715,0.6826647419023835,0.7532262264783476,0.48355319878440123,0.5672677933134634,0.3260702167603433,0.34178560366253435,0.32528392672516493,
B54,0.5967199342486279,0.32962879185751226,0.37777336513457477,0.27318974487139,0.30528843183455395,0.22548218965092914,0.11274109482546457,0.3804199111625744,0.0,
