,job447_scenario3_896,job448_scenario0_898,
in27,0.48326479467697303,0.18768236962755291,
B14,1.180200350733818,0.7888067076048345,
B11,0.6797713191695043,0.2301220294924129,
cn12,0.45657567580837277,0.0,
B54,0.8432921558821913,0.6687975872030951,
