,job835_scenario4_1965,
in27,0.02813796885374975,
B14,0.5417899554605892,
B11,0.2898265260256704,
cn12,0.0,
B54,0.351579999879302,
