,job43_scenario0_94,job44_scenario1_95,job47_scenario0_98,job48_scenario3_99,job49_scenario0_101,job51_scenario1_106,job52_scenario1_107,job53_scenario0_108,job55_scenario2_111,job56_scenario1_113,job57_scenario2_114,job58_scenario3_116,
in27,0.27680152722573304,0.3963118995285826,0.23737169477547915,0.4552622617776489,0.21450744735348637,0.30720156249212094,0.18829720446121312,0.0989388385808404,0.21270222520934035,0.05311851318355143,0.0,0.09132718004482954,
B14,0.8765462836976308,1.0591897113594957,0.8754735183953593,1.21503002765671,0.8458187315048917,0.9385128466435265,0.952942379151182,0.7435748928690697,0.9457808722198012,0.7159963250144646,0.7469369662994678,0.5639950362944556,
B11,0.8498571648290306,0.9889888761799479,0.8091635562357982,1.1448291924771623,0.7718125439605239,0.8185037262417871,0.8164315818120731,0.6695687053247019,0.6919043121273155,0.5959872046127254,0.5882935383976884,0.5955615639739633,
cn12,0.4993626641973964,0.6694087873425224,0.47681184969010093,0.7296658468345345,0.4437285039738756,0.5679891467920181,0.5315949274547007,0.3381226846953368,0.4359908278010885,0.3275220982404372,0.28695520710294675,0.253775960311429,
B54,0.9328887995881716,1.0325005924908957,0.8874187070267991,1.0563865997549307,0.8844530390049318,0.8887045614213349,0.8715675662494825,0.7683508810801029,0.7990826329494617,0.8626945642848042,0.7083026587994279,0.5955615639739633,
