,job193_scenario0_378,job194_scenario0_380,job198_scenario0_387,job199_scenario1_388,job204_scenario0_399,job207_scenario0_406,job208_scenario2_407,job209_scenario1_408,job210_scenario1_410,job211_scenario2_414,job212_scenario3_415,job213_scenario0_416,job214_scenario3_417,
in27,0.7430742425750396,0.70881475616419,0.693609888296776,0.8081048867928172,0.6173141198302533,0.5304217785180936,0.5989786351767212,0.7249699267601997,0.576915058237266,0.4680243683805896,0.5772201604565936,0.12757087077950235,0.3942782304515813,
B14,0.910598415165104,0.8931551136125584,0.9207973295206615,1.0352923280167028,0.7848382924203177,0.7456640311105391,0.9590059963819395,0.903234693710047,0.78098333310756,0.6929777584419301,0.6270284456787854,0.31471638241763455,0.46447906563112906,
B11,1.1417359112802978,1.0945390469159972,1.0906147351445925,1.1970554180291806,0.9844092608560038,0.92742662536591,1.0238791323462695,0.9916772864322787,0.9508007387314911,0.862795164065861,0.9372475216618119,0.5072195710327885,0.8743147120585388,
cn12,0.5958820327474694,0.5873194758832088,0.5532082179376803,0.7131280634022362,0.46358767933433376,0.3933820888017143,0.558193535262009,0.4986168802252966,0.4734908735207688,0.37226234381261303,0.38168250566008854,0.0,0.2538765600924857,
B54,1.1698738801340478,1.1718076619160773,1.1736463699037334,1.3019996876887818,1.0441137573892614,1.0104582601250511,1.1603899296853784,1.1432529345135258,1.0210015739110387,0.9645625269249166,0.8986132141617719,0.6342964712550601,0.7858721193363073,
