,job449_scenario0_901,job452_scenario1_905,job454_scenario0_908,job455_scenario1_909,job457_scenario4_912,job458_scenario0_917,job459_scenario4_918,
in27,0.8064421276016938,0.8689595180923193,0.7062765828807905,0.8545735550791924,0.908633362717787,0.3189279729521265,0.5154344974446575,
B14,0.8562504128238857,0.9326261226035177,0.8134549037029368,0.8728153126218761,0.908633362717787,0.426991904722426,0.5856353326242055,
B11,0.6938016325572862,0.7778735677217252,0.6405730541358509,0.7528061922201368,0.8770668350382793,0.257174499098495,0.49719273990197377,
cn12,0.4641229747869766,0.5774761702092073,0.3681046118861855,0.5096110446161126,0.6188068366921167,0.0,0.27223934984063336,
B54,1.1166612035847205,1.1930369133643528,1.003664859284224,1.1332261033827113,1.3774958666025932,0.687402695483261,0.8460461233850405,
