,job157_scenario0_317,job158_scenario0_319,job160_scenario1_323,job162_scenario2_325,job163_scenario1_326,job164_scenario1_329,job165_scenario1_331,job166_scenario2_333,job167_scenario3_334,job168_scenario2_336,job169_scenario1_339,job170_scenario2_340,
in27,1.0037579499523992,1.0168849652104741,1.1208836075225075,1.0877277939564933,1.109433665156892,1.0440943833343863,1.0319877170766623,0.9456492658527046,0.980190893394058,0.9183342605895999,0.7917348464751284,0.7257855337119836,
B14,0.6565613883267742,0.6226067347588929,0.731933076286144,0.7636503986844598,0.6488454725457495,0.6498161528828048,0.6226446358829425,0.691772705760219,0.711249482559434,0.7844668208988534,0.3765715008325007,0.4471329854084649,
B11,0.8476057385970437,0.8266750096291868,0.9306736519412202,0.967718673554754,0.87379886260709,0.9036927129752905,0.8582794384327443,0.8438819029936488,1.0149343278741112,0.7281243050083128,0.6469497378623559,0.5644987481618418,
cn12,0.245378368851494,0.2386068047094433,0.3496732268420091,0.3315822640181334,0.34710402916467864,0.2802526280112192,0.2772790133335332,0.29444800557394557,0.43393390277490007,0.21732471508864926,0.08419107030582862,0.0,
B54,1.165521039964877,1.0982597781121735,1.2573944048616164,1.2077369143582328,1.2294427855586314,1.1956700314156334,1.1369319867362633,1.1042926937544841,1.058446044185059,1.1583525013930787,0.9571688138453825,0.8912195010822378,
