,job529_scenario1_1087,job533_scenario4_1094,job534_scenario2_1096,job535_scenario0_1098,job536_scenario0_1101,
in27,0.7496518802161528,0.6920467698280978,0.5404292638271253,0.3640229543589889,0.17147422748137264,
B14,0.9479161514088932,0.8351750565834286,0.8071366234992041,0.5901828758734607,0.34578893953991174,
B11,0.9247969850553017,0.9320650106315765,0.7369357883196563,0.5071512411143199,0.2982738873515868,
cn12,0.7661535571535222,0.8618641754520289,0.6169266679179171,0.3436304044016327,0.1748362081240894,
B54,0.5492544827036349,0.49476903442627823,0.3817858359253457,0.14507490258872757,0.0,
