,job902_scenario2_2155,
in27,0.0,
B14,0.2503066075774769,
B11,0.46720568202736434,
cn12,0.15698660604433767,
B54,0.543703086118156,
