,job40_scenario0_87,job41_scenario2_89,job43_scenario0_94,job44_scenario1_95,job45_scenario1_96,job46_scenario4_97,job47_scenario0_98,job48_scenario3_99,
in27,0.6374002985745426,0.7277546320858146,0.5017949563270852,0.5925773306766797,0.5608503993564983,0.5731562373843544,0.23322770133500426,0.4604151425588898,
B14,0.6695003754062334,0.900256379276601,0.5271044936903013,0.6810199233989114,0.6657946690160993,0.5682788285734468,0.2968943058462028,0.6457476893292695,
B11,1.0428525067482757,1.1402746200800797,0.9306435712064673,1.0410472846041294,0.9760137449991259,1.1887169805395,0.6608125400714078,1.0057750505344876,
cn12,0.3876709203021691,0.5514029957935342,0.2516882370491227,0.3930063622409936,0.3555755930330726,0.35982711544947577,0.0,0.26215087136614956,
B54,1.0903675589366006,1.4504936960631065,1.0136752059656082,1.0845590009150772,1.1346571729009054,1.1887169805395,0.7390676908624088,0.917332457812256,
