,job664_scenario3_1393,job666_scenario2_1395,job667_scenario4_1401,job668_scenario2_1404,
in27,1.0209545987713415,0.8683061853878228,0.6692232278418573,0.5109253702106042,
B14,0.6222929300660831,0.6780962298065356,0.4495975369957347,0.27090712940712536,
B11,0.9507537635917936,0.7279045150287271,0.5696066573974741,0.37052369985150857,
cn12,0.5001330172496714,0.3474846038661529,0.2705615591365991,0.0,
B54,0.7258003735304532,0.9181144706100144,0.6194149426196657,0.37052369985150857,
