,job126_scenario2_255,job130_scenario0_268,job132_scenario4_273,job133_scenario2_275,
in27,1.0939389036413962,0.79610736572102,0.8127410948254645,0.6217448492089991,
B14,0.846852883017385,0.4747143120158419,0.39096025976661486,0.35959397784284963,
B11,1.1437471888635877,0.79610736572102,1.1496492896770913,0.5928216791778538,
cn12,0.5045870111887368,0.16287964207480998,0.2096310488736126,0.0,
B54,1.164139738820944,0.7764860266729523,0.750987620971833,0.5799908795982607,
