,job331_scenario2_631,job336_scenario0_637,job337_scenario0_638,job338_scenario0_639,job342_scenario0_650,job343_scenario1_651,job344_scenario1_653,job345_scenario3_654,job347_scenario1_658,job348_scenario3_659,job349_scenario2_660,job350_scenario3_661,job351_scenario0_663,job352_scenario1_664,
in27,1.242254891941861,1.0767756789787493,1.090258515245314,1.090947006128734,0.9762463874260607,1.104594320642121,1.0635644843532517,1.213496153913579,0.9649758786083278,1.0691885314086067,0.8630765999119984,1.0563030586531574,0.5470010251241653,0.6735443761942539,
B14,1.3263140464104157,1.163169294380607,1.1570307915991038,1.1506515026619917,1.0563434339166746,1.2246034410438604,1.170742805175398,1.1321213410118796,1.0286424831195262,1.189197651810346,1.343113081518956,0.9861022234736097,0.6487683879832209,0.7372109807054524,
B11,1.2711780619730062,1.1034647978473493,1.120445461419438,1.090947006128734,0.9895711575628847,1.1544026058643126,1.170742805175398,1.213496153913579,1.0490350330768825,1.189197651810346,0.899026565845183,1.0563030586531574,0.590512741435113,0.7372109807054524,
cn12,0.7655803909776202,0.5296580243029422,0.5299327199843248,0.5336419095216963,0.4228321638390098,0.6245578390351634,0.5587520145352611,0.6316923094475658,0.4359655064681609,0.5687594998442929,0.4030948407154773,0.46743143436661194,0.0,0.14453400405408712,
B54,1.3761223316326074,1.2096155989600819,1.2173354154675857,1.1611478413082819,1.1482145854646642,1.1979143221752602,1.228998451723506,1.213496153913579,1.1304098459785819,1.019380246186415,1.1529031259376687,0.9362939382514179,0.6375944102610693,0.9274209362867396,
