,job563_scenario1_1172,job564_scenario4_1173,job565_scenario2_1174,job566_scenario3_1176,
in27,0.09497673060289968,0.17869040758860932,0.04254025964591679,0.0,
B14,0.5419978345451997,0.685416008064167,0.8096766508823096,0.33690819485162676,
B11,0.662006954946939,0.8054251284659064,0.5492658601214745,0.5769264356551056,
cn12,0.5153087156765996,0.580471738404566,0.40256762085113507,0.4365247652960099,
B54,0.5237560770025158,0.44539776726068836,0.41101498217705124,0.17826476694984728,
