,job592_scenario0_1233,job594_scenario1_1235,job597_scenario3_1243,job599_scenario2_1248,job600_scenario4_1249,
in27,0.422041209270713,0.4843813467393049,0.6363940128771537,0.12000912040173939,0.13651079733910876,
B14,0.8773017026666374,0.9644178283462626,0.8764122536806325,0.6551815864461065,0.6551815864461065,
B11,0.6130855595409824,0.7355735652649352,0.7564031332788931,0.2747616752835321,0.3947707956852715,
cn12,0.23406530485197075,0.4088528123445393,0.46124890803800483,0.0,0.049808285222191606,
B54,0.7692377708963379,0.8675278742981145,0.6862022980993452,0.6551815864461065,0.496538158544327,
