,job121_scenario1_245,job125_scenario1_253,job126_scenario2_255,job130_scenario0_268,job132_scenario4_273,
in27,0.9170786690747166,0.8472862663797536,0.8301492712079013,0.4947271765065529,0.45334736273835746,
B14,0.5917947423495517,0.46686635521717923,0.5514967229043825,0.14176759512186698,0.0,
B11,0.7268687134934294,0.6721411615406048,0.6897476008488056,0.3045172209252656,0.600045602008697,
cn12,0.8051238642844304,0.7770854312002059,0.7505874231739547,0.3712894972790555,0.3600273612052182,
B54,0.9953338198657176,1.0374962219610409,1.0203592267891886,0.5951149578602244,0.5116030092864654,
