,job570_scenario0_1189,job571_scenario4_1190,job572_scenario4_1192,
in27,0.03654865662419926,0.19099624561646544,0.0,
B14,0.40364379764994984,0.4394618477458605,0.4467298733221354,
B11,0.4667768530089653,0.7181143960493794,0.7253824216256543,
cn12,0.3399771931387512,0.6479135608698317,0.4649716308648192,
B54,0.5671646343626369,0.7679226812715709,0.7253824216256543,
