,job968_scenario1_2469,
in27,0.08137481290169923,
B14,0.36002736120521805,
B11,0.1902099555812871,
cn12,0.040447272367792664,
B54,0.0,
