,job89_scenario0_185,job90_scenario3_190,job92_scenario3_193,job93_scenario1_194,job95_scenario1_197,job96_scenario4_198,job97_scenario3_199,job98_scenario3_200,job99_scenario2_202,
in27,0.8480354864120163,1.0117799496259983,1.1818872420135658,0.8386523160407073,0.7493749475083269,0.8913451885854968,0.8831877140232172,0.7470375660805246,0.4875982319847205,
B14,0.8955505386003413,1.0700355961741062,0.9649881675636784,0.9023189205519058,0.8693840679100662,0.8597786609059892,0.8831877140232172,1.0572566420635512,0.6342964712550601,
B11,0.8701681169746869,1.1584781888963378,1.111686406834018,0.922711470509262,0.8258723515991184,0.7895778257264412,0.9329959992454087,0.8670466864822639,0.5293522015954589,
cn12,0.27385137186202013,0.48943828316122434,0.5791572984380136,0.3199815269337096,0.23508759665500611,0.32724955250998455,0.26395609351029525,0.25314276518456014,0.0,
B54,0.6466515531085775,0.7100082349688879,0.6245821454065281,0.6671780885593346,0.5472198032955997,0.8913451885854968,0.46413349536060267,0.4185767325548141,0.387210450631049,
