,job750_scenario1_1721,job753_scenario1_1728,
in27,0.3332059646324437,0.19081008291651158,
B14,0.4478873858189651,0.3756923392825809,
B11,0.8630507314615927,0.7024130922029769,
cn12,0.1528922203622225,0.0,
B54,0.9332515666411407,0.7908556849252086,
