,job814_scenario4_1909,job818_scenario0_1920,job821_scenario2_1925,job822_scenario0_1926,
in27,0.6812219375363782,0.32161844858819766,0.20000435179805476,0.030186946174123763,
B14,1.0412492987415964,0.6989739158076171,0.6773142170087771,0.4372959762052983,
B11,1.3781574935932233,0.6900931711193321,0.473245942138483,0.36709514102575047,
cn12,0.7781118915845262,0.27181016336600594,0.1768851854444633,0.0,
B54,0.7625967504380775,0.402993261489897,0.22039690175541093,0.15019606657586315,
