,job399_scenario1_780,job400_scenario2_781,job403_scenario2_787,
in27,0.45464268256346374,0.3878159478903682,0.06276894047641268,
B14,0.9666959822542392,1.3016505783971004,0.8200091204017392,
B11,0.6178425987711726,0.6110115912514993,0.3399726387947817,
cn12,0.33576149164189584,0.321185065225829,0.0,
B54,1.0165042674764309,1.1114406228158131,0.8200091204017392,
