,job133_scenario2_275,job134_scenario2_277,job139_scenario0_288,job140_scenario0_291,job141_scenario2_292,job142_scenario1_293,job143_scenario2_294,job144_scenario1_295,
in27,0.5290128747852738,0.49681102887128314,0.20279171598593548,0.1395308134751213,0.15557124123501775,0.15449506443620298,0.0,0.041753969610738406,
B14,0.8241671000261621,0.7487744583062019,0.4632025067467704,0.3406139012417609,0.4840320747607282,0.41808276199758343,0.3755425023516667,0.27865254830351877,
B11,0.7787422530576473,0.761605257885795,0.5169016649889489,0.41081473642130856,0.4840320747607282,0.4042244427085765,0.3204065179142572,0.33690819485162665,
cn12,0.6957106182985064,0.7256552919526105,0.37475991402453873,0.270413066062213,0.44539776726068814,0.3296401692753518,0.2351408319925712,0.2168990744498872,
B54,0.8859205738797935,1.0154818179782807,0.561541310780068,0.5169655375340411,0.5155986024402359,0.4882835971771312,0.5453599079755977,0.6155607431551455,
