,job331_scenario2_631,job336_scenario0_637,job337_scenario0_638,job338_scenario0_639,job342_scenario0_650,job343_scenario1_651,job344_scenario1_653,job345_scenario3_654,job346_scenario1_655,job347_scenario1_658,job348_scenario3_659,job349_scenario2_660,job350_scenario3_661,
in27,1.0877742505674262,0.9186398047134161,0.9313387791331686,0.9311764345014757,0.798042789718655,0.9229421622678238,0.8727893171061395,1.0165042674764309,0.8398558543328266,0.7132564402183551,0.7811745671459568,0.49861606669656117,0.73863430750004,
B14,1.1718334050359809,1.0050334201152737,0.9981110554869584,0.9908809310347333,0.8781398362092687,1.0429512826695633,0.9799676379282857,0.9351294545747315,1.0798740951363053,0.7769230447295536,0.9011836875476961,0.9786525483035188,0.6684334723204922,
B11,1.1166974205985714,0.9453289235820163,0.9615257253072924,0.9311764345014757,0.811367559855479,0.9727504474900153,0.9799676379282857,1.0165042674764309,0.9100566895123744,0.7973155946869098,0.9011836875476961,0.5345660326297459,0.73863430750004,
cn12,0.5724654421031451,0.3328878425375692,0.33237867637213925,0.335237030394398,0.20599425863156406,0.40427137316082606,0.3293425397881088,0.3960661155103776,0.3106887265795387,0.14561176057814829,0.2421112280816029,0.0,0.11112837571345446,
B54,1.2216416902581724,1.0514797246947487,1.0584156793554402,1.0013772696810235,0.9700109877572584,1.016262163800963,1.0382232844763937,1.0165042674764309,0.959864974734566,0.8786904075886093,0.7313662819237651,0.7884425927222316,0.6186251870983006,
