,job534_scenario2_1096,job539_scenario4_1107,job540_scenario0_1109,job541_scenario0_1110,job542_scenario2_1112,
in27,0.43154328600953284,0.25518642181087414,0.03926019389454449,0.0,0.038834553255782556,
B14,0.7866932384038435,0.6677064098051395,0.3446018610666636,0.26815620965722864,0.28592057387979364,
B11,1.0267114792073222,0.9392911782881259,0.591988727227474,0.5417899554605892,0.5259388146832724,
cn12,0.9067023588055829,0.8579163653864266,0.44745472317338686,0.37826911874790203,0.45573797950372474,
B54,0.6399949991335039,0.4774964542238522,0.2744010258871158,0.1817625942553709,0.28592057387979364,
