,job293_scenario4_563,job295_scenario0_566,job300_scenario0_574,job301_scenario0_576,job302_scenario0_578,job303_scenario1_579,job304_scenario0_582,job305_scenario1_583,job306_scenario2_584,job307_scenario2_585,job308_scenario1_586,job309_scenario1_590,job310_scenario3_591,job311_scenario2_593,job312_scenario0_595,
in27,0.7261542543939221,0.5403254706746505,0.4807582698871763,0.5119946456153041,0.44638863060310335,0.5951714020257737,0.40982299980152853,0.5318779430260845,0.5026606032034056,0.4373500201712871,0.4561629909326195,0.3605588912790073,0.489698332776584,0.1867472823698323,0.0,
B14,1.0363733303769487,0.7200390876096475,0.6675396666427056,0.6617573288287986,0.6050320585048827,0.8036231151497448,0.5796404054254596,0.7883978607669326,0.7159897251382843,0.6773682609747659,0.7416060787046128,0.5877463325028927,0.7683508810801029,0.37695723795111946,0.16244878026659937,
B11,0.8777299024751692,0.6532668112558576,0.5765694879667395,0.5529221861492107,0.5421998486826665,0.6449796872479653,0.5143169790568194,0.6297544328651532,0.5701770968160982,0.568533118295178,0.566460973865464,0.4708568742118518,0.659515738400515,0.3067564027715717,0.06014786825536078,
cn12,1.0861816155991404,0.7664853921891224,0.7242743379961787,0.691173064093634,0.6829783125808242,0.8109917405070763,0.6393449019587172,0.7972786054552177,0.8240536569085838,0.7769848314191492,0.7251044017672434,0.6741399479047505,0.7479583311227467,0.4804646814154895,0.22558183562561485,
B54,1.226583285958236,1.0065036329926011,0.9829273820568045,0.9831503825339767,1.0036937272101412,1.0436413559532236,0.8898594814084861,0.9470412886687122,1.1027062052121026,1.0872039074021758,1.0202586270081317,0.8544536921749717,0.7914700474336943,0.6787289526082297,0.4228595710274344,
