,job516_scenario1_1054,job517_scenario1_1059,job522_scenario2_1072,job526_scenario0_1078,job528_scenario2_1082,
in27,0.43890712376687535,0.47060295160638876,0.40767014200311574,0.11677282873939943,0.09267152034207327,
B14,0.6192208680370966,0.5204112368285804,0.5480718123622113,0.2185401915984549,0.2393697596124127,
B11,0.8711842974720154,0.764320350652046,0.6226560857954361,0.4473844546797821,0.4682140226937399,
cn12,0.4107691549131256,0.36565868194678774,0.2529175871213231,0.0,0.030918046488441653,
B54,0.587654340357589,0.5092372591064288,0.4463044495031559,0.18697366391894715,0.20780323193290506,
