,job1024_scenario2_2717,job1025_scenario1_2724,
in27,0.6449651010021414,0.31460251423670355,
B14,0.37825774133006246,0.0,
B11,0.6449651010021414,0.39866166870525827,
cn12,0.5654032529681947,0.20845171312397104,
B54,0.7382851025352807,0.4484699539274499,
