,job259_scenario1_508,job260_scenario1_509,job261_scenario4_510,job265_scenario0_519,job266_scenario2_520,job267_scenario0_522,job269_scenario1_526,job270_scenario0_528,job271_scenario2_530,job272_scenario1_531,job273_scenario1_532,job274_scenario0_534,job275_scenario3_535,job276_scenario3_536,job277_scenario4_537,
in27,1.0628195823895192,1.0153579738741587,1.129451859914366,0.8501734252163424,0.934196552527766,0.8134508585053428,0.9398890289965882,0.7107432115222778,0.8165649030918297,0.7648030191608726,0.7479790318499981,0.5259772134351475,0.7061217319740025,0.593380637148538,0.5702614707949465,
B14,1.0793212593268886,1.135367094275898,1.1063326935607745,0.9098779217496,1.1124613194776132,0.8703269235480666,0.905145594516535,0.7872406156130696,1.006774858673117,0.8616929732090204,0.8818464715407446,0.6085502080244604,0.8528199712443421,0.690270591196686,0.5702614707949465,
B11,1.0793212593268886,1.0736136204222666,1.226341813962514,0.8501734252163424,0.9924521990758738,0.8278872636832066,0.8900807437743966,0.7374323303908779,0.8481314307713375,0.8230586657089803,0.7934038788185128,0.573806773544407,0.92302080642389,0.690270591196686,0.651636283696646,
cn12,0.5357014319566054,0.5473218990661846,0.6911693479181468,0.30793317935144315,0.47552149057419063,0.27484983363521787,0.40471656295222114,0.1818673143891547,0.33120072226965425,0.2563196719851053,0.25823141277414585,0.0,0.1976383847982357,0.08489728997277113,0.17821729150591037,
B54,1.237964687228668,1.1620562131444983,1.3463509343642532,0.9315482381180418,1.1124613194776132,0.8907194735054228,1.0802906993556838,0.8307523319240173,0.9365740234935691,0.9817020936107598,0.9134129992202522,0.640116735703968,0.6626100156630549,0.5498689208375903,0.690270591196686,
