,job750_scenario1_1721,job753_scenario1_1728,
in27,0.483987212167059,0.16748294469062808,
B14,0.580877166215207,0.3345737339183238,
B11,0.8208954070186858,0.4861493819995709,
cn12,0.3270006061227213,0.0,
B54,1.0111053625999729,0.694601095123542,
