,job72_scenario2_151,job74_scenario1_154,job77_scenario2_159,job78_scenario1_165,
in27,0.4525725005277791,0.44227041641602666,0.360183487608472,0.010496338646290293,
B14,1.0166681366032913,0.8187994545586142,0.8402199692154297,0.4287793463996164,
B11,0.7064490606202648,0.6285894989773271,0.5686352007324431,0.23856939081832917,
cn12,0.43974170094818577,0.3453804623678787,0.2815352911030079,0.0,
B54,0.896659016201552,0.7374246416569149,0.6619552022655824,0.39721281872010866,
