,job455_scenario1_909,job458_scenario0_917,job461_scenario0_920,job462_scenario2_923,job463_scenario2_934,
in27,0.7546909271624065,0.5136977649463139,0.5088072103358421,0.575732757305677,0.18571264914667907,
B14,0.9631426402863774,0.8119716522979006,0.7692180010966772,1.01981927297945,0.6297991648204521,
B11,1.1533525958676647,0.9523733226569961,0.9042919722405549,0.9433218688886582,0.5533017607296604,
cn12,0.49817100942155823,0.2832123847164192,0.2549306502433566,0.4309476486929045,0.0,
B54,1.2235534310472125,1.0723824430587356,0.995377922611149,1.1602209433385455,0.7,
