,job119_scenario2_240,job121_scenario1_245,job123_scenario0_251,job124_scenario1_252,job125_scenario1_253,job126_scenario2_255,job127_scenario2_256,job128_scenario2_258,
in27,0.5643275224839757,0.540320407671298,0.27786995997639086,0.3391908103158915,0.36984064729390587,0.2867543393589088,0.20694670730675713,0.10806393177029949,
B14,1.2168657512817196,1.0439263460361574,0.7965407490833887,0.8683579380691794,0.8183106012213557,0.8369916561454143,0.7127866968341615,0.7467438412790366,
B11,0.6715058433061218,0.6020738815249296,0.37368117805595424,0.4114406228158133,0.4466589718896757,0.3983160984347319,0.29762335119153394,0.2898265260256704,
cn12,0.48129588772483467,0.3701099563329039,0.10272485513724205,0.24434983358811746,0.2413841655662502,0.14893684477685432,0.11274109482546457,0.0,
B54,0.7866375548969536,0.7772189863640784,0.522907003280028,0.74834881766744,0.7186940307769725,0.6356077228419754,0.6896675304805701,0.41828300775332605,
