,job220_scenario0_430,job221_scenario0_431,job222_scenario1_432,job224_scenario1_435,job226_scenario1_447,job228_scenario1_455,job229_scenario0_456,job230_scenario4_458,job231_scenario2_459,job232_scenario2_461,job233_scenario0_462,job234_scenario1_465,
in27,0.5916057531368614,0.5868909007432559,0.7241770368488412,0.7086747390389143,0.5966652610727718,0.4882303618395666,0.3707055853140427,0.5502259393686659,0.4051440539045695,0.3520255407210179,0.22220212389955718,0.1265433510700888,
B14,0.6688743681369413,0.664159515743336,0.7793130212862507,0.8136190086985154,0.7305327007635183,0.5851203158877145,0.47109336666771423,0.5502259393686659,0.6718514135766483,0.6059021008135036,0.23953022991375839,0.19020995558128728,
B11,0.46480609326664724,0.46009124087304176,0.638911350927155,0.6051672955745443,0.5607152951395873,0.44471864552861884,0.2651328700901671,0.5769150582372661,0.3268889031135685,0.26093959035042374,0.09413868788636459,0.0702008351795479,
cn12,0.458271862598298,0.4567933018670326,0.612222232058555,0.6438016030745843,0.5403227451822311,0.4180295266600188,0.2373716947754793,0.5271067730150745,0.3715285489046877,0.3272495525099848,0.06521551785521928,0.06083982232514906,
B54,0.48983839027780574,0.5237578453842404,0.6704778786066627,0.6234090531172283,0.513633626313631,0.44471864552861895,0.2577642447328355,0.41827163033548664,0.3349432187250217,0.2956830248304771,0.10219300349781768,0.0,
