,job913_scenario2_2208,job914_scenario1_2213,
in27,0.32353018937723793,0.04980828522219166,
B14,0.44353930977897726,0.13825087794442326,
B11,0.36528415898797634,0.10350744346437002,
cn12,0.3004110230236464,0.0,
B54,0.44353930977897726,0.27865254830351893,
