,job726_scenario0_1651,job727_scenario0_1653,
in27,0.3751306106992316,0.274761675283532,
B14,0.2674936497072573,0.18631908256130036,
B11,0.10504486944065783,0.0,
cn12,0.27402788037560644,0.1579888465441327,
B54,0.5140461211790852,0.38847422677402754,
