,job747_scenario0_1714,job749_scenario1_1719,job750_scenario1_1721,job751_scenario0_1722,
in27,1.0941856979906348,1.067492741084183,0.9026606527845806,0.7977163831249796,
B14,0.9019267650889735,0.9227076324714105,0.6738163897032534,0.5444462564471152,
B11,1.1439939832128265,1.1746710619063292,0.9524689380067722,0.7826515323828412,
cn12,0.3279349177023956,0.33383600818486503,0.19377990809629586,0.0,
B54,1.2270256179719674,1.2013601807749295,1.0226697731863201,0.8640263452845407,
