,job692_scenario0_1462,
in27,0.2697718036152338,
B14,0.2697718036152338,
B11,0.2697718036152338,
cn12,0.13326100627612514,
B54,0.3315252774688654,
B51,0.31958008883742545,
os4,0.0,
in4,0.2613244422893176,
B33,0.3315252774688654,
