,job339_scenario3_646,
in27,0.4151633456426277,
B14,0.45379765314266773,
B11,0.6938158939461465,
cn12,0.2635876975613805,
B54,0.07337774198009339,
B51,0.0,
os4,0.4151633456426277,
in4,0.4151633456426277,
B33,0.29515422524088825,
