,job110_scenario1_229,
in27,0.19020995558128712,
B14,0.28352995711442636,
B11,0.0,
cn12,0.1404016703590955,
B54,0.22177648326079485,
B51,0.15157564808124707,
os4,0.20527480632342543,
in4,0.24001824080347867,
B33,0.20527480632342543,
