,job413_scenario2_811,job414_scenario2_813,
in27,0.03658533017966603,0.09688995404814787,
B14,0.16709078922769566,0.21689907444988732,
B11,0.11195480479028619,0.19020995558128712,
cn12,0.00844736132591617,0.0,
B54,0.16709078922769566,0.2870999096294351,
B51,0.07020083517954778,0.16709078922769566,
os4,0.21689907444988732,0.24846560212939506,
in4,0.1284564817276556,0.026689118868600148,
B33,0.24846560212939506,0.16709078922769566,
