,job733_scenario0_1564,
in27,0.19225893290166118,
B14,0.30032286467196073,
B11,0.2420672181238529,
cn12,0.07854638141116577,
B54,0.3122680533034007,
B51,0.3705236998515085,
os4,0.0,
in4,0.3122680533034007,
B33,0.32509885288299384,
