,job148_scenario1_311,job149_scenario1_312,
in27,0.274761675283532,0.22495339006134046,
B14,0.4151633456426277,0.4151633456426277,
B11,0.01650167693736937,0.0,
cn12,0.16464876619285862,0.13651079733910876,
B54,0.37652903814258765,0.4151633456426277,
B51,0.21109507077233353,0.16464876619285862,
os4,0.22495339006134046,0.46497163086481924,
in4,0.18631908256130042,0.1280634360131926,
B33,0.2565199177408482,0.17514510483914886,
