,job786_scenario4_1709,
in27,0.1803137442702213,
B14,0.060304623868481844,
B11,0.13050545904802963,
cn12,0.0,
B54,0.25051457944976907,
B51,0.13050545904802963,
os4,0.37052369985150846,
in4,0.3003228646719606,
B33,0.0216703163684418,
