,job631_scenario0_1308,
in27,0.26846510637228815,
B14,0.326720752920396,
B11,0.0,
cn12,0.03474343448005324,
B54,0.005327699215217807,
B51,0.16128678555014186,
os4,0.21559237720694158,
in4,0.26846510637228815,
B33,0.26846510637228815,
