,job375_scenario2_712,job377_scenario2_715,job378_scenario1_716,
in27,0.0,0.09688995404814793,0.05825564654810789,
B14,0.48360643412196636,0.6036155545237056,0.6036155545237056,
B11,0.3635973137202269,0.4337981488997747,0.30329268985174507,
cn12,0.28403546568628024,0.24358819331848747,0.23652041349795527,
B54,0.5151729618014741,0.6036155545237056,0.6738163897032535,
B51,0.3369081948516268,0.3369081948516268,0.34973899443122,
os4,0.5151729618014741,0.6738163897032535,0.45691731525336615,
in4,0.3635973137202269,0.3369081948516268,0.3369081948516268,
B33,0.6738163897032535,0.5151729618014741,0.3137890284980353,
