,job101_scenario2_198,job102_scenario2_199,
in27,0.3172868558035589,0.29059773693495883,
B14,0.3874876909831067,0.7475150521883249,
B11,0.43729597620529836,0.41060685733669816,
cn12,0.2786525483035189,0.2569822319350771,
B54,0.43729597620529836,0.43729597620529836,
B51,0.0,0.10883514267958783,
os4,0.5074968113848461,0.5074968113848461,
in4,0.2786525483035189,0.34885338348306666,
B33,0.5074968113848461,0.5074968113848461,
