,job476_scenario1_934,job480_scenario2_940,
in27,0.14214175096440995,0.14214175096440995,
B14,0.24708602062401108,0.24708602062401108,
B11,0.31728685580355886,0.14214175096440995,
cn12,0.0,0.12707690022227164,
B54,0.24708602062401108,0.24708602062401108,
B51,0.15864342790177938,0.10038778135367155,
os4,0.3670951410257504,0.3670951410257504,
in4,0.05687606504272391,0.07726861500008003,
B33,0.19727773540181942,0.24708602062401108,
