,job178_scenario2_365,job179_scenario1_366,job180_scenario2_367,
in27,0.3986616687052583,0.4740311433158785,0.4905328202532479,
B14,0.4905328202532479,0.4203319850737001,0.4905328202532479,
B11,0.40915800735154856,0.4740311433158785,0.4740311433158785,
cn12,0.3540220229141391,0.38876545739419244,0.3540220229141391,
B54,0.40915800735154856,0.5789754129754796,0.5789754129754796,
B51,0.4451079732847332,0.5087745777959317,0.5291671277532879,
os4,0.21188027194972903,0.0,0.37052369985150846,
in4,0.38876545739419244,0.40915800735154856,0.43227717370514007,
B33,0.19537859501235966,0.09361123215330402,0.13712294846425177,
