,job366_scenario0_699,job368_scenario0_702,
in27,0.10440066932963432,0.1300975988762233,
B14,0.16028454505034706,0.2185401915984549,
B11,0.14453400405408712,0.1371653786967555,
cn12,0.003297939006009165,0.0,
B54,0.1968698752300131,0.14453400405408712,
B51,0.25717449909849494,0.243316179809488,
os4,0.3069827843206865,0.16028454505034706,
in4,0.14453400405408712,0.16028454505034706,
B33,0.1869736639189472,0.20736621387630333,
