,job613_scenario0_1261,job614_scenario2_1262,
in27,0.13651079733910876,0.2348496013724064,
B14,0.2565199177408482,0.36535506042043603,
B11,0.1680773250186166,0.326720752920396,
cn12,0.05513598443740941,0.1751451048391488,
B54,0.3449625104630798,0.326720752920396,
B51,0.3884742267740275,0.44672987332213543,
os4,0.2812959059518813,0.6053733012239149,
in4,0.20671163251865654,0.24534594001869664,
B33,0.0,0.1751451048391489,
