,job1101_scenario2_3018,
in27,0.20406827487029416,
B14,0.35564392295154135,
B11,0.21913312561243248,
cn12,0.1245064268363475,
B54,0.3240773952720336,
B51,0.0,
os4,0.3942782304515814,
in4,0.2356348025498019,
B33,0.6342964712550602,
