,job354_scenario0_675,job355_scenario1_678,
in27,0.11688945829104092,0.2635876975613805,
B14,0.22495339006134046,0.29515422524088825,
B11,0.2137794123391889,0.3337885327409283,
cn12,0.0,0.13651079733910887,
B54,0.2635876975613805,0.6938158939461465,
B51,0.24972937827237357,0.3337885327409283,
os4,0.24972937827237357,0.35690769909451975,
in4,0.16669774351323263,0.23689857869278041,
B33,0.2137794123391889,0.18402584952743384,
