,job375_scenario2_712,job377_scenario2_715,job378_scenario1_716,
in27,0.27363374580336053,0.3705236998515084,0.33188939235146836,
B14,0.1803137442702213,0.3003228646719606,0.3003228646719606,
B11,0.06030462386848179,0.13050545904802957,0.0,
cn12,0.22076101663801395,0.18031374427022118,0.17324596444968898,
B54,0.4518985127532078,0.5403411054754395,0.6105419406549872,
B51,0.27363374580336053,0.27363374580336053,0.2864645453829537,
os4,0.4518985127532078,0.6105419406549872,0.39364286620509986,
in4,0.3003228646719606,0.27363374580336053,0.27363374580336053,
B33,0.6105419406549872,0.4518985127532078,0.250514579449769,
