,job1133_scenario2_3221,
in27,0.2013839333034388,
B14,0.3102190759830266,
B11,0.25508309154561715,
cn12,0.14312828675533096,
B54,0.27158476848298657,
B51,0.5502373167865054,
os4,0.3600273612052183,
in4,0.2261599215144719,
B33,0.0,
