,job263_scenario2_501,job264_scenario2_503,job266_scenario3_507,
in27,0.3102190759830266,0.26929153544912,0.363918234225205,
B14,0.4688625038848061,0.6590724594660933,0.4688625038848061,
B11,0.3986616687052582,0.3986616687052582,0.7790815798678327,
cn12,0.27865254830351893,0.26929153544912,0.3986616687052582,
B54,0.19020995558128717,0.19020995558128717,0.14040167035909557,
B51,0.32216426461446657,0.2885487596145848,0.6590724594660933,
os4,0.5888716242865455,0.5888716242865455,0.5888716242865455,
in4,0.34885338348306666,0.29904509826087505,0.5390633390643539,
B33,0.0,0.14040167035909557,0.07020083517954778,
