,job769_scenario4_1669,
in27,0.32528392672516493,
B14,0.10176736285905552,
B11,0.5502373167865053,
cn12,0.34178560366253435,
B54,0.16981740562393088,
B51,0.5502373167865053,
os4,0.18314217576075498,
in4,0.43022819638476606,
B33,0.0,
