,job918_scenario4_2226,
in27,0.07020083517954773,
B14,0.16352083671268697,
B11,0.19020995558128717,
cn12,0.12000912040173928,
B54,0.0,
B51,0.3102190759830265,
os4,0.2217764832607949,
in4,0.26041079076083495,
B33,0.07020083517954773,
