,job647_scenario0_1350,
in27,0.22972987402948053,
B14,0.0,
B11,0.23652041349795527,
cn12,0.10972075362774114,
B54,0.3497389944312199,
B51,0.3951638413997346,
os4,0.30329268985174507,
in4,0.26670735967207904,
B33,0.2933964785406792,
