,job176_scenario1_352,job177_scenario3_353,
in27,0.38041991116257445,0.6471272708346534,
B14,0.0,0.07020083517954778,
B11,0.4386755577106823,0.6471272708346534,
cn12,0.3369081948516268,0.5004290315643138,
B54,0.5586846781124217,0.527118150432914,
B51,0.24846560212939506,0.4569173152533661,
os4,0.47730986521072233,0.47730986521072233,
in4,0.3684747225311345,0.6471272708346534,
B33,0.09688995404814793,0.24846560212939506,
