,job219_scenario1_429,job221_scenario0_431,
in27,0.5140461211790852,0.288086445420356,
B14,0.6479135608698317,0.36535506042043603,
B11,0.5429692912102305,0.28129590595188125,
cn12,0.44834259243414554,0.1579888465441327,
B54,0.6212244420012314,0.41516334564262763,
B51,0.16787707926287398,0.0,
os4,0.5981052756476399,0.3548587217741458,
in4,0.4892701329680521,0.32672075292039593,
B33,0.42296017080849113,0.2951542252408883,
