,job938_scenario1_2309,
in27,0.3804199111625744,
B14,0.4421733850162059,
B11,0.3349950641940597,
cn12,0.2519634294349188,
B54,0.10176736285905552,
B51,0.3986616687052582,
os4,0.0,
in4,0.363918234225205,
B33,0.34885338348306666,
