,job636_scenario3_1314,
in27,0.4734189921907356,
B14,0.632062420092515,
B11,0.44185246451122784,
cn12,0.3534098717889961,
B54,0.3534098717889961,
B51,0.32184334410948834,
os4,0.4734189921907356,
in4,0.5618615849129671,
B33,0.0,
