,job523_scenario0_1073,
in27,0.13050545904802957,
B14,0.2007062942275774,
B11,0.17095273141582235,
cn12,0.0,
B54,0.23665626016076208,
B51,0.26557943019190733,
os4,0.2007062942275774,
in4,0.15362462540162114,
B33,0.22382546058116892,
