,job883_scenario0_2100,
in27,0.2400182408034789,
B14,0.2786525483035188,
B11,0.26215087136614945,
cn12,0.11658056157598151,
B54,0.0,
B51,0.3284608335257105,
os4,0.2786525483035188,
in4,0.2968943058462028,
B33,0.3284608335257105,
