,job187_scenario1_366,job190_scenario3_370,job191_scenario4_371,
in27,0.5902375490493168,0.5186707891069977,0.39866166870525827,
B14,0.683557550582456,0.5684790743291892,0.5186707891069977,
B11,0.6218040767288245,0.5186707891069977,0.48003648160695767,
cn12,0.5017949563270852,0.4217808350588497,0.4217808350588497,
B54,0.5017949563270852,0.13825087794442326,0.3284608335257105,
B51,0.6218040767288245,0.6386799095087371,0.5186707891069977,
os4,0.5763792297603099,0.5186707891069977,0.39866166870525827,
in4,0.5635484301807168,0.5186707891069977,0.6386799095087371,
B33,0.2617767155236063,0.08844259272223165,0.0,
