,job73_scenario4_153,
in27,0.19020995558128728,
B14,0.0,
B11,0.23372167189223497,
cn12,0.14040167035909573,
B54,0.33061162594038296,
B51,0.33061162594038296,
os4,0.23372167189223497,
in4,0.3804199111625745,
B33,0.14040167035909573,
