,job236_scenario4_467,
in27,0.39159388888472596,
B14,0.21332912193487863,
B11,0.7902555575899842,
cn12,0.3461690419162113,
B54,0.5502373167865054,
B51,0.5502373167865054,
os4,0.45334736273835746,
in4,0.5502373167865054,
B33,0.0,
