,job553_scenario1_1137,job555_scenario2_1139,
in27,0.2890927311177448,0.22177648326079497,
B14,0.11274109482546457,0.0,
B11,0.35275933562894335,0.28352995711442647,
cn12,0.23275021522720407,0.14040167035909562,
B54,0.396271051939891,0.38041991116257445,
B51,0.2762619315381517,0.1763516362922803,
os4,0.23275021522720396,0.260410790760835,
in4,0.24264642653826995,0.1763516362922803,
B33,0.30295105040675174,0.430228196384766,
