,job796_scenario0_1851,job797_scenario0_1852,
in27,0.3488533834830666,0.3417856036625344,
B14,0.41905421866261444,0.430228196384766,
B11,0.3893006558508594,0.3488533834830666,
cn12,0.20527480632342554,0.2116880047863111,
B54,0.20215514421272718,0.21498594379232028,
B51,0.430228196384766,0.5004290315643138,
os4,0.41905421866261444,0.4085578800163242,
in4,0.3893006558508594,0.363918234225205,
B33,0.0,0.05369915824217841,
