,job918_scenario4_2226,job919_scenario2_2227,
in27,0.060304623868481844,0.0216703163684418,
B14,0.15362462540162108,0.21188027194972903,
B11,0.1803137442702213,0.07536947461062016,
cn12,0.1101129090906734,0.0,
B54,0.060304623868481844,0.060304623868481844,
B51,0.3003228646719606,0.010496338646290237,
os4,0.21188027194972903,0.3003228646719606,
in4,0.25051457944976907,0.0216703163684418,
B33,0.060304623868481844,0.49053282025324785,
