,job1152_scenario2_3551,
in27,0.3514967411314292,
B14,0.4853641808221756,
B11,0.3514967411314292,
cn12,0.28579321238648947,
B54,0.4853641808221756,
B51,0.0,
os4,0.7955832568052021,
in4,0.36535506042043614,
B33,0.6053733012239149,
