,job460_scenario1_919,job462_scenario2_923,
in27,0.6428795864561019,0.4302281963847659,
B14,0.6846335560668402,0.6841047564772516,
B11,0.7011352330042097,0.41739739680517274,
cn12,0.5495595849229624,0.4054522081737328,
B54,0.9797877813077285,0.6342964712550601,
B51,0.23934050893993586,0.0,
os4,0.38246879569526676,0.4173973968051727,
in4,0.6197604201025103,0.383781891805291,
B33,0.3246061948616221,0.21913312561243237,
