,job210_scenario1_410,job211_scenario2_414,
in27,0.3969564171323018,0.20039739751251795,
B14,0.4810155716008565,0.3053416671721191,
B11,0.4108147364213087,0.2351408319925712,
cn12,0.31392478237316085,0.1250279229018978,
B54,0.4810155716008565,0.3369081948516268,
B51,0.3969564171323018,0.13552426154818803,
os4,0.4810155716008565,0.37554250235166686,
in4,0.3721804289212687,0.1466982392703396,
B33,0.08897139231182039,0.0,
