,job753_scenario1_1728,
in27,0.2925108675925257,
B14,0.41251998799426515,
B11,0.32407739527203344,
cn12,0.23220624372404386,
B54,0.41251998799426515,
B51,0.06755747753118524,
os4,0.32407739527203344,
in4,0.15864342790177932,
B33,0.0,
