,job930_scenario1_2278,
in27,0.02039254995735612,
B14,0.08526568592168604,
B11,0.05634251589054079,
cn12,0.0,
B54,0.26041079076083495,
B51,0.043511716310947635,
os4,0.10176736285905547,
in4,0.05634251589054079,
B33,0.07020083517954773,
