,job869_scenario2_2057,job870_scenario0_2060,
in27,0.47017375547172136,0.1649399968130234,
B14,0.794251150743755,0.2555333819499274,
B11,0.515598602440236,0.17147422748137264,
cn12,0.4138312395811806,0.06532342636864019,
B54,0.45734295589212814,0.0,
B51,0.29382211917944123,0.10127339230182486,
os4,0.4138312395811806,0.044930876411284126,
in4,0.4342237895385367,0.22577981913817236,
B33,0.794251150743755,0.266707359672079,
