,job880_scenario1_2012,
in27,0.14669823927033943,
B14,0.21689907444988732,
B11,0.11195480479028619,
cn12,0.0,
B54,0.19020995558128712,
B51,0.07020083517954778,
os4,0.1284564817276556,
in4,0.07020083517954778,
B33,0.14669823927033943,
sh10,0.4071090300311745,
in22,0.08303163475914094,
