,job53_scenario2_104,
in27,0.07020083517954773,
B14,0.3102190759830265,
B11,0.07020083517954773,
cn12,0.0,
B54,0.07020083517954773,
B51,0.043511716310947635,
os4,0.3102190759830265,
in4,0.043511716310947635,
B33,0.38041991116257434,
sh10,0.5004290315643137,
in22,0.3102190759830265,
