,job356_scenario1_683,
in27,0.11371255149049564,
B14,0.0,
B11,0.23372167189223497,
cn12,0.03545740069949466,
B54,0.3804199111625745,
B51,0.10176736285905569,
os4,0.21060250553864351,
in4,0.08009704649061389,
B33,0.14040167035909573,
sh10,0.45062074634212235,
in22,0.17196819803860347,
