,job984_scenario0_2466,
in27,0.1023868145497735,
B14,0.18714551163813242,
B11,0.14669823927033965,
cn12,0.0,
B54,0.25284904038307215,
B51,0.2667073596720791,
os4,0.25284904038307215,
in4,0.16176309001247802,
B33,0.25284904038307215,
sh10,0.08137481290169946,
in22,0.19650652449253136,
