,job547_scenario2_1091,
in27,0.060304623868481844,
B14,0.21188027194972903,
B11,0.09187115154798958,
cn12,0.0,
B54,0.1803137442702213,
B51,0.046446304579474906,
os4,0.3003228646719606,
in4,0.0216703163684418,
B33,0.060304623868481844,
sh10,0.37052369985150846,
in22,0.09187115154798958,
