,job727_scenario1_1546,
in27,0.2332277013350042,
B14,0.43729597620529836,
B11,0.26215087136614945,
cn12,0.15864342790177943,
B54,0.0,
B51,0.26215087136614945,
os4,0.3172868558035589,
in4,0.1768851854444634,
B33,0.22039690175541105,
sh10,0.6773142170087771,
in22,0.3404060221571504,
