,job241_scenario0_451,job242_scenario3_453,job243_scenario4_454,job246_scenario2_459,job247_scenario1_463,job248_scenario3_464,job249_scenario0_466,job250_scenario0_467,job251_scenario2_469,job252_scenario0_470,job253_scenario3_472,job254_scenario2_473,job255_scenario1_474,job256_scenario4_475,
in27,0.6391108138057688,0.7818263743074767,0.9501542684901323,0.7200941667351108,0.6512470807369954,0.7851943594078089,0.515769112074341,0.47811621181674624,0.5625015957573197,0.40294361812013546,0.5063501581665655,0.4304301637994425,0.345355556177543,0.3839898636775831,
B14,0.885663285277597,1.0383462920483248,1.0315290813918316,0.9916789352180972,0.784087000718328,1.0252126002112876,0.6588973988296719,0.6500844098553495,1.1265972318328321,0.6093463539237326,0.6881127524219365,0.7753926742625223,0.46536467657928243,0.6240081044810619,
B11,0.7724447043443322,1.076980599548365,1.1199716741140633,0.8134141682682501,0.8912653215404742,0.9367700074890561,0.6588973988296719,0.6114501023553096,0.6825107161590591,0.6093463539237326,0.7850027064700844,0.5504392842011818,0.448862999641913,0.5853737969810219,
cn12,0.3087368496224915,0.5360041298264442,0.4546026457367261,0.42363324425127663,0.35609285549610714,0.44828616455618214,0.15529146046481246,0.13803111016457392,0.2625708865482914,0.09636965704221256,0.37789367643890986,0.1100236458851851,0.0,0.19020995558128717,
B54,0.42874597002423087,0.47966161393590323,0.6630543588606972,0.4765059734166232,0.43434800628710807,0.44828616455618214,0.2602357301244136,0.22130506345573342,0.3327717217278392,0.2625419477610399,0.25788455603717053,0.19846623860741675,0.16709078922769582,0.21689907444988732,
