,job560_scenario1_1137,job563_scenario3_1148,job564_scenario0_1154,job565_scenario0_1155,job566_scenario4_1156,
in27,0.5746169806480239,0.594555379703477,0.07643997038495476,0.0,0.15595908633492417,
B14,0.7023223264345703,0.7507075910588326,0.28714423117945975,0.2708336325418772,0.445978737381026,
B11,0.9638610466755767,1.0876157859104592,0.5742441408088949,0.4588095369606191,0.6242435043308732,
cn12,1.0103073512550516,1.1374240711326509,0.5538515908515387,0.4588095369606191,0.9028960526343921,
B54,1.2374947924789372,1.327634026713938,0.7644540963901821,0.6859969781845048,0.9028960526343921,
