,job355_scenario0_666,job364_scenario2_688,job369_scenario1_702,job372_scenario1_710,job373_scenario1_711,job374_scenario2_717,job375_scenario3_719,job376_scenario0_720,
in27,1.2074894590388139,1.275017814032737,1.0988307282257173,1.0126943531401118,1.0726239182770685,0.846756180323716,0.9755881043603638,0.6155607431551456,
B14,0.969363439942588,0.9998630930347419,0.8083688379535654,0.8062916173365147,0.7357157234254418,0.749866226275568,0.4688625038848061,0.2937173990456573,
B11,1.1797282837241259,1.2048169788531893,1.2524553536273384,1.1431998121881415,1.0726239182770685,0.8827061462569007,0.9257798191381723,0.6471272708346534,
cn12,0.5755248285918609,0.7142841585999414,0.5933828941612451,0.5072465190756397,0.5184957284705763,0.35750112648155374,0.3867164800738184,0.0,
B54,0.9832217592315948,0.9563513767237942,0.8924279924221201,0.887666430238214,0.8722265207645505,0.5747211214364192,0.49198167023839756,0.4688625038848061,
