,job600_scenario1_1240,
in27,0.0,
B14,0.6938158939461465,
B11,0.0617534738536315,
cn12,0.013073118111611493,
B54,0.14357857715964106,
