,job591_scenario1_1219,job592_scenario0_1221,job593_scenario2_1222,
in27,0.8303902435445067,0.6170597703795582,0.6798919802017744,
B14,0.9840148689461278,0.6798919802017744,0.7297002654239659,
B11,0.7439966281426491,0.48968202462048716,0.6412576727017343,
cn12,0.3542157041256757,0.0,0.20258211499105205,
B54,1.0422705154942358,0.715841946134959,0.9697185062274447,
