,job809_scenario0_1906,job812_scenario1_1912,
in27,0.7426073681552491,0.6204381519660531,
B14,0.7243656106125651,0.5653021675286437,
B11,0.6600343735659362,0.7018129648677526,
cn12,0.12540550785153592,0.0,
B54,0.7989498840457898,0.9804655131712714,
