,job717_scenario0_1589,job718_scenario1_1593,
in27,0.10791943692783157,0.0,
B14,0.15334428389634613,0.01506485074213837,
B11,0.4490404080549354,0.430228196384766,
cn12,0.07264711007050806,0.007368625357331515,
B54,0.587955918534789,0.7088807446882849,
