,job411_scenario1_809,job412_scenario2_810,job414_scenario2_812,
in27,0.6179119172423886,0.6221602043238335,0.4440865156737729,
B14,0.7019710717109433,0.6923610395033812,0.6609855901236602,
B11,0.31219014769397,0.38214196352035457,0.18094910851670254,
cn12,0.18222154663536105,0.130499454590414,0.0,
B54,0.8219801921126827,0.762561874682929,0.5907847549441124,
