,job543_scenario1_1097,job545_scenario0_1099,job546_scenario0_1100,job548_scenario0_1104,job551_scenario2_1114,job552_scenario1_1115,job553_scenario1_1118,job554_scenario0_1122,
in27,0.8507459874420698,0.7065726370939409,0.7460614485486857,0.6888932667040089,0.6718239947035569,0.6770318116585707,0.5950236983553212,0.2718620088350441,
B14,0.8388007988106299,0.5479292091921615,0.5098485601100269,0.43800189371517767,0.5833814019813254,0.5638132307253061,0.5702477101442881,0.0,
B11,0.8507459874420698,0.7525755699513126,0.700058515691314,0.670651509161325,0.7104583022035971,0.6642010120789776,0.7022020191774674,0.285720328124051,
cn12,0.9272433915328615,0.6048052742348855,0.6048253835006078,0.5506423887595855,0.6220157094813653,0.6206892957680299,0.5485773937758464,0.14855494942729552,
B54,1.1174533471141488,0.8265817574956804,0.8448436243040867,0.7906606295630644,0.7806591373831449,0.8108992513493172,0.7288911380460676,0.3670951410257504,
