,job599_scenario3_1237,
in27,0.2400182408034789,
B14,0.07649740409079175,
B11,0.1200091204017395,
cn12,0.31651564489427053,
B54,0.0,
