,job474_scenario0_933,job475_scenario0_934,job478_scenario0_941,job480_scenario1_945,job481_scenario0_947,job482_scenario0_949,job483_scenario0_951,job484_scenario2_952,job485_scenario2_953,job486_scenario3_954,
in27,0.5251789232252659,0.5762846833735416,0.4488249661202554,0.5627759328049792,0.4224399677843513,0.3489342119328277,0.23394265030495776,0.34236301338620295,0.19903275921619568,0.319041879617935,
B14,0.40210535888037163,0.435883013014446,0.351084216439347,0.5090767745628008,0.2708643197031042,0.15872425635154053,0.2115713752346695,0.2304082085959166,0.18708757058475567,0.12883192403664778,
B11,0.7034436901751133,0.6720959014531048,0.6166636466312543,0.6074155785960984,0.5038147806860507,0.4477163876882285,0.37964870025328606,0.46237213378794234,0.3318726791975282,0.5359409540678224,
cn12,0.27612542048731153,0.271935205523434,0.22441517638888175,0.3006250614388297,0.13046264934400864,0.09447956595148499,0.0,0.11884644952009349,0.008822803634908394,0.1207776084251947,
B54,0.7216854477177972,0.734928111275321,0.7216079162908554,0.8192958505458274,0.5810833956861308,0.5212792035104931,0.5217904512176961,0.6375172386270912,0.5359409540678224,0.3772975261660429,
