,job791_scenario4_1846,job792_scenario2_1848,
in27,0.45498615634826484,0.14152959983926705,
B14,0.4163518488482249,0.2832090366094482,
B11,0.1433302541700071,0.0,
cn12,0.38478532116871705,0.058255646548107776,
B54,0.7336387046517837,0.4734189921907354,
