,job524_scenario0_1053,job528_scenario0_1059,job530_scenario4_1062,job533_scenario2_1075,job535_scenario4_1081,job536_scenario0_1082,job537_scenario1_1084,job538_scenario1_1085,
in27,0.5291083674426829,0.4709189716952399,0.6635548913402242,0.43266224564241496,0.5272299643905713,0.19797208763162105,0.16543396737025412,0.05430559165679971,
B14,0.5919405772648991,0.5726863345542954,0.6249205838401841,0.6615065087237422,0.35208485955142244,0.24505375645757732,0.18367572491293793,0.12000912040173944,
B11,0.5814442386186088,0.5510160181858537,0.7449297042419236,0.45743823385344806,0.4885956568905313,0.20641944895753722,0.3240773952720336,0.06366660451119865,
cn12,0.39466284186307954,0.36423462143032437,0.6866740576938156,0.45743823385344806,0.40722084398883185,0.047776021055757734,0.0,0.07356281582226454,
B54,0.6031145549870507,0.6113206420543356,0.903573132143703,0.6228722012237022,0.4885956568905313,0.281003722390762,0.37388568049422516,0.20406827487029416,
