,job524_scenario0_1053,job528_scenario0_1059,job530_scenario4_1062,job532_scenario0_1074,job533_scenario2_1075,
in27,0.7364089817920481,0.6684308425851739,0.8538497924681997,0.4678558931257064,0.499704113540559,
B14,0.4890221156312377,0.4599791294612029,0.5049964089851331,0.220469026964896,0.4183293006388597,
B11,0.4785257769849475,0.43830881309276115,0.6250055293868724,0.20007647700753983,0.21426102576856565,
cn12,0.26505526136081803,0.2248382974686316,0.5400607639701644,0.0,0.1875719068999654,
B54,0.8104151693364159,0.8088325129442695,1.0938680332716786,0.650697223349662,0.6899140691218462,
