,job65_scenario0_128,job73_scenario1_146,job76_scenario1_150,job77_scenario2_151,job78_scenario0_152,job79_scenario1_154,job80_scenario1_156,job84_scenario0_160,job85_scenario1_161,job88_scenario1_165,job90_scenario0_167,job91_scenario0_168,job92_scenario3_171,job93_scenario1_172,job94_scenario0_174,job95_scenario3_175,job96_scenario1_180,
in27,0.9251985288390692,1.0670028900340562,0.9646018777586818,0.9468030226829559,0.827948062788187,0.9436313646815397,0.875559102094239,0.7990327592161957,0.8848360566310506,0.7973220644544732,0.7288364991890062,0.7241745323127784,0.8722265207645505,0.7998301860269025,0.5839639402534695,0.8674649585806445,0.430228196384766,
B14,0.8688560129485284,1.0670028900340562,0.8584510766459494,0.9734921415515561,0.7781397775659955,0.9308005651019466,0.8755591020942389,0.8305992868957034,0.8065809058400496,0.7568747920866805,0.6972699715094983,0.6974854134441784,0.922034805986742,0.7145645001052163,0.5622936238850278,0.7158893104993973,0.3600273612052183,
B11,0.9464254734854077,1.1483777029357558,0.9784601970476887,0.9885569922936943,0.827948062788187,0.9574896839705467,1.039079938806926,0.8221519255697872,0.8728908679996106,0.9266921977106115,0.7674708066890461,0.7171067524922463,0.895345687118142,0.7580762164161641,0.6087399284645026,0.8674649585806445,0.44140217410691757,
cn12,0.44186410822610245,0.5981403861492502,0.568624550620279,0.5085205106867368,0.3416150122699855,0.5090197300430969,0.4807883064089675,0.3119284977887057,0.48129697911488467,0.4565519274147198,0.22611423459082558,0.2174489318372208,0.4735648520592922,0.3197937044199449,0.13206542750026173,0.5074375973754263,0.0,
B54,1.0092576833076239,1.116811175256248,1.071780198580828,1.1637020971328433,0.9416606142786825,0.9890562116500545,1.0159607724533346,0.9190418796179352,1.2217442514826773,1.067093868069707,0.8420550801222709,0.8939919379367094,0.895345687118142,0.816331862964272,0.6724065329757013,1.0261083864824239,0.6702464371882448,
