,job241_scenario0_451,job249_scenario0_466,job250_scenario0_467,job252_scenario0_470,job255_scenario1_474,job257_scenario2_476,job258_scenario1_477,job259_scenario1_480,job260_scenario0_481,job261_scenario0_484,job263_scenario2_486,job264_scenario2_488,job265_scenario0_489,
in27,0.6295618867856466,0.576376074760971,0.5494694034009878,0.5216890333151338,0.6653125372537503,0.6625837817192921,0.5743566309317405,0.5739526334129638,0.40775999267984064,0.33888396789447384,0.30945058795957125,0.21020945982418016,0.10303113900203409,
B14,1.093013432707362,0.9364034359661892,0.9383366758894784,0.9449908435686183,1.002220732105377,1.189701932152206,1.0081547798315151,0.8571616700224121,0.8287273420000221,0.7212170097146151,0.749866226275568,0.7253824216256543,0.48536418082217536,
B11,0.8597857313723579,0.8163943155644497,0.7796932479876991,0.8249817231668789,0.8657099347662682,0.8296745709469879,0.7912557053816278,0.7490977382521127,0.6385173864187348,0.5429522427647678,0.5761579476316501,0.4399393338536607,0.403989367920476,
cn12,0.5427761159208567,0.45948661646993005,0.4529724950673031,0.4587032655556985,0.5635451743946949,0.579159991497219,0.5308449146207928,0.5469425940393855,0.3394722881578598,0.22665757628322036,0.37477401432821145,0.13651079733910876,0.0,
B54,1.093013432707362,0.994659082514297,0.9664746447432283,1.0551037526592917,1.1608641600071565,1.019884526528275,1.1281639002332546,0.9456042627446437,0.8785356272222136,0.7829704835682467,0.7348013755334296,0.6053733012239149,0.5599484542554001,
