,job504_scenario2_1003,job506_scenario0_1009,job507_scenario2_1012,job508_scenario0_1014,
in27,1.1027918754678696,0.7913614210504618,0.8529719495191043,0.6071886422359198,
B14,1.3814444237713885,0.9058736809505757,1.0116153774208838,0.6595245134118458,
B11,1.1027918754678696,0.7858645605488364,0.8529719495191043,0.6229391832321798,
cn12,0.4743650023457282,0.28664206043765406,0.30711807098627586,0.0,
B54,1.164545349321501,1.0054902513949588,0.9147254233727358,0.6595245134118458,
