,job1094_scenario4_3517,
in27,0.05825564654810789,
B14,0.2400182408034789,
B11,0.0,
cn12,0.2982738873515867,
B54,0.08137481290169934,
