,job560_scenario1_1137,job571_scenario0_1172,job579_scenario3_1189,job581_scenario3_1192,job582_scenario2_1193,
in27,0.6516430099532254,0.3759544492312621,0.6018142378237961,0.3284608335257104,0.0,
B14,0.7698943836547555,0.5612869960016416,0.41790085115375264,0.3551499523943106,0.47515907279604996,
B11,1.0749448202067098,0.8576477526956612,0.9387224326754227,0.735569863556885,0.638679909508737,
cn12,0.7613637635809666,0.48790925402154833,0.6987041918719439,0.3986616687052582,0.18533254677037958,
B54,0.988551204804852,0.7665618023250671,0.5400607639701644,0.3986616687052582,0.37554250235166675,
