,job98_scenario0_185,job99_scenario0_190,job100_scenario0_194,job101_scenario3_195,job102_scenario0_198,job103_scenario0_199,job105_scenario0_202,job107_scenario0_204,job108_scenario1_205,job110_scenario2_207,job111_scenario2_208,job112_scenario2_211,job113_scenario0_212,job114_scenario0_213,job115_scenario1_217,job116_scenario1_218,job117_scenario1_219,job118_scenario1_220,job119_scenario1_225,
in27,0.8755767467643061,0.8560085755082868,0.8382239183803969,0.9823510700676756,0.8392058148074659,0.8263065858466558,0.7879474499956405,0.8023772932512081,1.027877022297523,0.9626288276016679,0.9773717941062274,0.7429589758214543,0.7043377513300308,0.6743662470905869,0.788656208304751,0.8038314715287849,0.8247533919662368,0.690857013488239,0.4190542186626145,
B14,1.2494624272585313,1.1983277283230043,1.2009356211524704,1.4859570084325349,1.142056265433161,1.2111099352629071,1.1274398206243084,1.1669812177305348,1.2180869778788102,1.2910896611273783,1.1488460215876002,1.2275720207025203,1.0630873461241634,1.0321003752619387,1.1455639073992707,1.1526848550118516,1.0598942239588078,1.1349435291620118,0.8408350537214642,
B11,1.1353229049897107,1.163584293842951,1.1307347859729227,1.3975144157103032,1.150937010121446,1.1049591341501745,1.0665999982991594,1.1141084885651882,1.2015853009414408,1.1443914218570388,1.232905176056155,1.2044528543489288,1.096702851124045,1.0067179536362842,1.2038195539473788,1.0188174153211054,1.1300950591383558,1.173577836662052,0.8177158873678727,
cn12,0.38193825466846687,0.3694378632329799,0.3312606561477339,0.5601771892943628,0.30165459507406545,0.3153812156360518,0.30434101587367435,0.2678905174609627,0.3935805510424629,0.40706381159994454,0.4240700333765671,0.4365452522032478,0.20714501142805708,0.2055037432057809,0.30472885367780655,0.26096278009961105,0.24606920961092205,0.16565199371289197,0.0,
B54,1.2494624272585313,1.3000950911820597,1.1904392825061803,1.3659478880307956,1.2304988581553926,1.2747765397741055,1.1274398206243084,1.2252368642786426,1.3767304057805896,1.3226561888068862,1.1942708685561148,1.2542611395711205,1.154958497672153,1.0849731044272852,1.4824721022508975,1.10287656978966,1.0100859387366163,1.1033770014825042,0.9377250077696122,
