,job498_scenario1_982,job500_scenario3_990,job502_scenario4_1001,job503_scenario2_1002,job504_scenario2_1003,job505_scenario3_1007,job506_scenario0_1009,
in27,0.6318976161888082,0.7597423454941685,0.5310070541333279,0.395558024257925,0.45967248685938583,0.3415945253627476,0.06063284493903481,
B14,0.6483992931261777,0.879751465895908,0.8910344153385461,0.7555853854631432,0.7383250351629047,0.4465387950223487,0.1751451048391488,
B11,0.6029744461576629,0.879751465895908,0.5106145041759718,0.4315079901911097,0.45967248685938583,0.7567578710053753,0.05513598443740936,
cn12,0.5670244802244784,0.6010989175923891,0.41099793373158855,0.395558024257925,0.2753321294110175,0.35809620230011696,0.0,
B54,0.6483992931261777,0.5845972406550197,0.7710252949368068,0.5969419575613638,0.5214259607130174,0.41984967615374846,0.27476167528353196,
