,job175_scenario0_329,job184_scenario0_342,job186_scenario0_345,job188_scenario3_347,job189_scenario0_348,job195_scenario3_360,job196_scenario2_361,job197_scenario0_362,job200_scenario1_368,job201_scenario1_371,job202_scenario4_372,job204_scenario1_374,job205_scenario1_377,job206_scenario1_379,job207_scenario4_381,job208_scenario3_383,
in27,0.4560203500508082,0.4295188057756463,0.38561884789831913,0.5455343230539391,0.4467793624954982,0.616389963766395,0.48986672196202874,0.371921135592081,0.5923850856779673,0.4894839907245176,0.5469338653045392,0.222372633533662,0.26789858576350933,0.20848026833375566,0.22691310417622612,0.31554677519824453,
B14,0.9360568316577658,0.8956969680935969,0.8717309200037979,1.0105059539187584,0.8068067237007165,0.9448507972921056,0.8681358407099308,0.797652025542239,0.81201077652409,0.8495113519297359,0.7483177986079781,0.9273625052019601,0.5892916394686876,0.6183159147611654,0.5371321801592528,0.4355558955999839,
B11,0.8896105270782908,0.7756878476918575,0.8015300848242501,1.1305150743204977,0.7894786176865153,0.9181616784235054,0.8681358407099308,0.7065660751716449,0.81201077652409,0.8495113519297359,0.8367603913302097,0.6873442643984813,0.6594924746482353,0.6183159147611654,0.6571413005609922,0.5169307085016833,
cn12,0.336845624338051,0.2655476786586488,0.26748554826005444,0.6033969238875838,0.2588626399480777,0.4759882934072995,0.36770680914561715,0.17391593457017662,0.29333998741709233,0.2788814851858743,0.40653219494544374,0.2100343991877589,0.14256176614655203,0.10852587034245276,0.3265296746206093,0.0,
B54,0.7597051953654855,0.7397378817586728,0.7784109184706587,0.9606976686965667,0.7396703324643237,0.6909742371996197,0.7685192702655477,0.811510344831246,0.7123942060797068,0.7997030667075442,0.7167512709284704,0.6873442643984813,0.6279259469687275,0.8787267055220005,0.466931344979705,0.4355558955999839,
