,job98_scenario0_185,job100_scenario0_194,job102_scenario0_198,job103_scenario0_199,job105_scenario0_202,job107_scenario0_204,job108_scenario1_205,job112_scenario2_211,job113_scenario0_212,job114_scenario0_213,job116_scenario1_218,job117_scenario1_219,job118_scenario1_220,job119_scenario1_225,job120_scenario1_226,job121_scenario4_227,job122_scenario0_231,job123_scenario2_233,
in27,1.2142124312575886,1.1837842108248335,1.1891531469920564,1.1775365835680485,1.1436073145494787,1.1615952956224276,1.3891025026643016,1.1211121307451324,1.0865337447739514,1.061142100831435,1.227435846825891,1.2608370992364324,1.1427987292375503,1.0357006991778521,1.097507340823532,1.0931593024927202,0.777412145621905,0.7421458232221971,
B14,1.309445563448295,1.2678433652933883,1.2133510493142325,1.283687384680781,1.2044471368746277,1.2475466717982355,1.3006599099420697,1.3270726273226794,1.166630791264565,1.1402236806992678,1.2976366820054388,1.2173253829254849,1.3082326966078046,1.1788289859331829,1.305959053947503,1.0931593024927202,0.843722107781466,1.0909992067052636,
B11,1.1953060411794745,1.1976425301138405,1.2222317940025174,1.1775365835680485,1.1436073145494787,1.194673942632889,1.2841582330047003,1.303953460969088,1.200246296264447,1.1148412590736134,1.1637692423146926,1.2875262181050326,1.3468670041078445,1.1557098195795914,1.1859499335457637,1.1135518524500763,0.868498095992499,0.9007892511239766,
cn12,0.47581193414131273,0.4320589435717336,0.40683992223821897,0.4218492083370078,0.4152388754070756,0.3823465148117452,0.5100440263888046,0.569936402106489,0.34457899985154095,0.34751759192619225,0.4398051503762803,0.4373909118606809,0.3728317044417666,0.37188447549480075,0.335814627301412,0.6083790566688045,0.0,0.20540649976141734,
B54,0.9992264874652684,0.9471279506640715,0.9915745660534375,1.037134913208953,0.8942280608916009,0.9955832423633166,1.1490842618608228,1.043542670208253,0.948282866829528,0.8828773338815878,0.9376093208002205,0.8572980217202666,0.9664470929452702,0.9654998639983043,0.9957399779644767,1.163360137672268,0.5872021900406177,0.5407618899187583,
