,job473_scenario0_932,job474_scenario0_933,job475_scenario0_934,job476_scenario2_938,job477_scenario2_939,job478_scenario0_941,job479_scenario3_944,
in27,0.21552472852830307,0.1964771990175327,0.2407657485093151,0.34767011586126884,0.17782377145008632,0.0,0.06198006295938596,
B14,0.7363463100499729,0.6938417866386917,0.7208022301162728,0.8361539587941428,0.7511802545901831,0.5226974022851449,0.47181570938679573,
B11,0.3007904144499889,0.3045411307878323,0.2663761314093307,0.3539666847725127,0.30900686957397727,0.09763784533145126,0.1931631610832769,
cn12,0.27335340429808586,0.2576427722626049,0.2466353466422342,0.33961580024981575,0.3575373883850833,0.08580928625165307,0.19705403410326372,
B54,0.5692555208222772,0.5129928439118034,0.519418296812834,0.9245965515163743,0.7076685382792355,0.3927920705723396,0.30199830376286485,
