,job517_scenario0_1033,job519_scenario0_1035,job520_scenario1_1042,job522_scenario0_1045,
in27,0.32917283042557904,0.3664579638965449,0.31490540649414767,0.1061508011127325,
B14,0.42606278447372703,0.3753387085848299,0.4616036457644872,0.20138393330343884,
B11,0.2763001012602326,0.22994716655743613,0.20772708567200138,0.0,
cn12,0.2358528288924398,0.1944897658579416,0.3277362060737408,0.007368625357331515,
B54,0.37092680003631756,0.2962571287169971,0.41179536054229554,0.15157564808124718,
