,job504_scenario2_1003,job506_scenario0_1009,job507_scenario2_1012,job508_scenario0_1014,job509_scenario0_1016,
in27,1.0797812902249506,0.7931779820406042,0.907056941539168,0.6612736342559837,0.545260944518851,
B14,1.3584338385284696,0.9076902419407182,1.0657003694409475,0.7136095054319096,0.592775996707176,
B11,1.0797812902249506,0.7876811215389787,0.907056941539168,0.6770241752522437,0.6021370095615749,
cn12,0.48027758713395463,0.31738179145894163,0.39012623303748495,0.08300816205120931,0.0,
B54,1.1415347640785822,1.0073068123851014,0.9688104153927996,0.7136095054319096,0.6120332208726408,
