,job220_scenario0_406,job227_scenario3_421,job228_scenario0_423,job230_scenario0_426,job231_scenario2_427,job232_scenario4_428,job234_scenario3_432,job235_scenario2_435,job236_scenario2_436,job237_scenario4_438,job238_scenario2_439,
in27,0.4302149045439649,0.5468464981432202,0.32291266054545664,0.30685709534031,0.4821566204042161,0.49366501991036565,0.474626219134442,0.3252899311827806,0.321887900171549,0.34993076822158165,0.28457840306568993,
B14,0.5115897174456643,0.47664566296367245,0.3837524828706056,0.3909162498088648,0.6723665759855033,0.4732724699530094,0.57151617318259,0.4324682520049268,0.752116096556315,0.3730499345751731,0.34633187691932144,
B11,0.4302149045439649,0.5699656644968116,0.37487173818232056,0.31364763480878477,0.35278648714807787,0.4550307124103256,0.5328818656825499,0.3707147781512953,0.37169618539374055,0.3730499345751731,0.26807672612832045,
cn12,0.29634746485321856,0.44995654409507235,0.19972663334317176,0.1803137442702214,0.40565921631342444,0.37365589950862627,0.38130621760130273,0.22650775542737972,0.28325359267150896,0.3112964607215416,0.13300275498444275,
B54,0.09960327860358226,0.1112906025432363,0.05620530087337772,0.0,0.14524842555258938,0.1946199216494906,0.12089542684046772,0.008536624531404635,0.06147710941071399,0.20952909786248602,0.024167612304854924,
