,job147_scenario0_284,job158_scenario1_305,job160_scenario2_307,job161_scenario0_308,job163_scenario0_310,job169_scenario0_320,job170_scenario2_321,job171_scenario1_322,job172_scenario2_324,job174_scenario2_327,job175_scenario0_329,job176_scenario1_330,job177_scenario1_332,job178_scenario1_333,job179_scenario1_334,job180_scenario2_335,job181_scenario3_337,job182_scenario2_339,
in27,0.4483335289206204,0.5039347736679577,0.5715480273075427,0.3703889342050045,0.3486705513318259,0.3253378927799605,0.39878950032628085,0.35884677279774135,0.3720714426704292,0.40957201807607496,0.21741999304996912,0.45585664366879153,0.2603846942107541,0.22662092061510675,0.19990286295925508,0.2170108884075448,0.30564455942956303,0.0,
B14,0.611003570000547,0.6941447292492449,0.7821505328461862,0.46727888825315245,0.48907222169092146,0.4657395631390562,0.6978345985871559,0.47255932428823677,0.5307148705722087,0.5415263271092543,0.4076299486312564,0.4558566436687914,0.36921983689034205,0.4666391614185856,0.43992110376273386,0.33702000880928407,0.30564455942956303,0.15425998964810256,
B11,0.7117554662368215,0.7069755288288382,0.7119496976666384,0.5872880086548918,0.6179620867809459,0.48885872949264764,0.6426986141497464,0.7125775650917154,0.650723990973948,0.5997819736573622,0.48119276445352094,0.5411223295904776,0.45059464979204134,0.4817040121607239,0.4549859545048722,0.40722084398883185,0.5456628002330418,0.3942782304515814,
cn12,0.544231293646757,0.6506330129382973,0.6070054280070374,0.478452865975304,0.43393623725351205,0.36277401859238734,0.6276337634076081,0.4992484431568368,0.5213538577178098,0.5543571266888475,0.30884777287585546,0.4657528549798574,0.45059464979204134,0.3697492073704377,0.37961647989425207,0.3805317251202318,0.3758453946091108,0.1245064268363475,
B54,0.8063821650129065,0.8408429685195845,0.8052696991997776,0.7223619797987696,0.6588896273148526,0.5969226612629472,0.7476428838093476,0.6690658487807678,0.6324822334312642,0.6882245663795938,0.47129655314245505,0.766075719651818,0.6408046053733285,0.6182148094998328,0.5332411052958731,0.5272299643905713,0.4572202075108102,0.44408651567377294,
