,job632_scenario0_1325,job633_scenario3_1326,
in27,0.13600231954965503,0.3283657327219932,
B14,0.0,0.0679549419611582,
B11,0.18031374427022118,0.37817401794418487,
cn12,0.04644630457947485,0.27322974828458374,
B54,0.3318893923514683,0.35148489907558467,
