,job482_scenario0_949,job489_scenario0_960,job498_scenario1_982,job499_scenario3_985,job500_scenario3_990,job501_scenario1_992,
in27,0.5904580456209303,0.5063122900028277,0.5477110820628408,0.5701468067263482,0.6111694384423145,0.4032181570111876,
B14,0.5904580456209303,0.5600114482450061,0.5642127590002102,0.7399642123502792,0.7311785588440539,0.6116698701351586,
B11,0.3607793878506207,0.3226365650898898,0.3103361989077244,0.29149425842282933,0.5227268457200829,0.13651079733910865,
cn12,0.18930516036924805,0.1378375674716934,0.2161305864264319,0.2332386118747215,0.18581865086845617,0.0,
B54,0.8330038723781434,0.8165313659858544,0.7544227145814973,0.6199550919485399,0.6262342891844528,0.6551815864461062,
