,job373_scenario1_711,job374_scenario2_717,job377_scenario4_725,job378_scenario2_729,job379_scenario2_734,job380_scenario0_735,job381_scenario3_737,
in27,0.5905127369821448,0.4871917966652032,0.582150975385717,0.35291525233203225,0.2323001669968398,0.035250423313380574,0.21800380427815674,
B14,0.7105218573838842,0.8472191578704215,0.6137175030652248,0.7129426135372505,0.6892174822502058,0.3195800888374256,0.3380129246798962,
B11,0.4705036165804054,0.40313264219664846,0.5323426901635254,0.28271441715248447,0.10034585796366047,0.0,0.21800380427815674,
cn12,0.6252561714621981,0.5868083671095865,0.6754709769188563,0.4342900652337316,0.2905558135449476,0.08693047339127824,0.21800380427815674,
B54,0.6070144139195142,0.43205581222779377,0.6523518105652648,0.5227326579559632,0.2323001669968397,0.0946266987760851,0.04818639865422569,
