,job260_scenario0_481,job261_scenario0_484,job271_scenario1_501,job276_scenario0_511,job279_scenario1_514,job280_scenario1_516,job281_scenario0_519,job282_scenario2_521,job283_scenario1_522,job285_scenario1_526,job286_scenario4_527,job287_scenario2_534,job288_scenario1_535,
in27,0.5628975249735497,0.554828866899524,0.6818254868834767,0.450461191237545,0.6596820465677715,0.48282987779596437,0.3900392467429206,0.5629888520239692,0.5352893871256723,0.6098472871539837,0.5643136624181504,0.2678700305537248,0.18176259425537106,
B14,0.526947559040365,0.48024459346629933,0.5435746089390534,0.36742955647840403,0.5165537598124407,0.4191632732847657,0.27656435700953047,0.48649144793317756,0.41528026672393287,0.4084633538505449,0.32429542161467156,0.29943655823323256,0.181762594255371,
B11,0.2167284830573385,0.18197070611471267,0.28705469119820526,0.13585867700084153,0.25614296905160566,0.19300335177029387,0.05777306085239026,0.12646408672795934,0.15876034898308472,0.14805256308970988,0.2358528288924398,0.027851789750245937,0.0,
cn12,0.34791158118122945,0.29590423601793114,0.37814064156879934,0.203908719765717,0.3579103319106612,0.3203810975293649,0.15002100593944184,0.2660945461777667,0.26370461864268574,0.23331824901139603,0.24473357358072484,0.05941831742975373,0.028137968853749862,
B54,0.6967649646642962,0.6620071877216703,0.7835928497425323,0.5456943234282514,0.6596820465677715,0.7930489537789909,0.5037517982334161,0.528245417543916,0.5187877101883029,0.6484815946540237,0.5376245435495501,0.419445678634972,0.3986616687052583,
