,job175_scenario0_329,job184_scenario0_342,job186_scenario0_345,job188_scenario3_347,job189_scenario0_348,job195_scenario3_360,job196_scenario2_361,job197_scenario0_362,job199_scenario1_367,job200_scenario1_368,job201_scenario1_371,job202_scenario4_372,job203_scenario4_373,job204_scenario1_374,job205_scenario1_377,job206_scenario1_379,job207_scenario4_381,
in27,0.4396492876441588,0.4113496398036506,0.36685518373976933,0.5263176644017364,0.4273162048751572,0.5922181729041041,0.4650591661025324,0.3464140862707935,0.43103249261529486,0.5605741137976545,0.4519254742654952,0.5066863999713794,0.39253609562299296,0.1747036531742333,0.1976398095305849,0.09606352497131598,0.11449636081378656,
B14,0.7681101211698692,0.7259521540403541,0.7013916077640009,0.8397136471853086,0.6357679179991282,0.7691033583485676,0.6917526367691872,0.6205693281397043,0.7412515685983214,0.6286241565625299,0.6603771873894664,0.556494685193571,0.5076678072138249,0.7281178767612841,0.3674572151545159,0.3543235233174786,0.2731397887155661,
B11,0.9118737721716815,0.7961529892199019,0.8214007281657404,1.1499327231683352,0.8086497675662143,0.9326241950612545,0.8819625923504745,0.7196933333503974,0.8114524037778692,0.8188341121438172,0.8505871429707534,0.83514723349709,1.0080968387781386,0.6783095915390926,0.6278680059153509,0.5445334788987659,0.5833588646985927,
cn12,0.32436543495138825,0.25126938570664015,0.25261275712149167,0.5880711382553679,0.24329035534772347,0.45570737556499535,0.3467901263061075,0.15229975826887587,0.24471341005399427,0.26541988855676635,0.2452138417468387,0.3701756026322707,0.35291525233203214,0.16625629184831714,0.07619386293361441,0.0,0.21800380427815658,
B54,0.9019775608606156,0.8802121436884567,0.9182906822138883,1.1001244379461435,0.8788506027457621,0.8254458742391083,0.9023551423078306,0.9446467234117379,0.9700958316796487,0.8392266621011735,0.9207879781503012,0.83514723349709,0.9378960035985908,0.7983187119408321,0.7163105986375826,0.9249533900613403,0.5131580295190449,
