,job535_scenario4_1081,job540_scenario1_1090,job541_scenario2_1095,job542_scenario0_1096,job543_scenario1_1097,job544_scenario0_1098,
in27,0.8609326262194968,0.533573116759134,0.43159283468108844,0.26021971246104836,0.22884426308132744,0.1428928869055196,
B14,1.142704836633714,1.087380386060648,0.9667653007254554,0.7537223578940806,0.9524689380067723,0.7440172248828014,
B11,0.7991791523658652,0.5104539504055424,0.3547745100853186,0.2544286521216581,0.20572509672773587,0.127469945936735,
cn12,0.7289783171863174,0.40791537663719857,0.34427817143902817,0.08798997877926151,0.2933964785406792,0.0,
B54,1.0005630856693042,0.8585361229793207,0.7850027064700844,0.5504392842011819,0.6738163897032536,0.4199398296107679,
