,job338_scenario0_637,job347_scenario0_653,job352_scenario2_663,job355_scenario0_666,job356_scenario2_668,job357_scenario4_669,job358_scenario2_670,job360_scenario4_675,job361_scenario2_677,job362_scenario1_678,job363_scenario0_681,job364_scenario2_688,job365_scenario2_692,job366_scenario1_693,
in27,0.8238321864045516,0.786896492284969,1.005149315916289,0.7570597909964782,0.8197878303586578,1.2826681321254134,0.8462030965437484,0.8418484962906401,0.7432133330887022,0.7232592870867989,0.6237867509591071,0.6541358366457658,0.38671648007381837,0.38671648007381837,
B14,0.8881634234511805,0.838855569921833,0.9349484807367411,0.8558419667518791,1.009997785939945,0.972449056142387,1.0364130521250356,0.9036019701442716,0.983231573892181,1.0235821517587596,0.701055365959187,0.7158893104993973,0.38671648007381837,0.4800364816069576,
B11,0.6979534678698933,0.6244477120183697,0.72649676761277,0.5390886601005032,0.6415230634088105,0.9724490561423869,0.7261939761420091,0.7133920145629844,0.5761225438610065,0.5435456701518018,0.4557094259404904,0.39372504588493085,0.22807305217203888,0.1578722169924911,
cn12,0.39261180069777424,0.33987538834266884,0.4211551004406511,0.2570494695827046,0.47170565778487944,0.4888426220204206,0.5092949016921215,0.7835928497425322,0.417479115959227,0.33401522105924614,0.17393721552627306,0.22535649024614945,0.0,0.0,
B54,0.4761769846090984,0.48321164697029184,0.48647852680929127,0.43947208965612,0.4983947766534796,0.5737873874371286,0.48617573533853015,0.6902728482093929,0.37785827266826616,0.4466557161036539,0.3522019824761204,0.24214939780368372,0.0062965689112439716,0.19650652449253125,
